latitude,longitude,brightness,scan,track,acq_date,acq_time,satellite,instrument,confidence,version,bright_t31,frp,daynight,type,label,cluster_id,distinct_days,distance_to_industrial_m,distance_to_farmland_m,historical_mean_frp,historical_max_frp,historical_std_frp,frp_deviation,night_detection_ratio,class_label,ndvi,ndbi,ndwi,alert_high_frp,alert_new_cluster
30.20249,75.99736,332.01,0.43,0.38,2025-10-01,748,N20,VIIRS,n,2,298.99,2.75,D,0,unclassified,-1,0,6116.3,4408.4,,,,,,Natural Fire,unavailable,unavailable,unavailable,0,0
29.60012,76.00414,341.04,0.45,0.39,2025-10-05,813,N20,VIIRS,n,2,300.03,5.12,D,0,unclassified,-1,0,9725.0,7321.6,,,,,,Natural Fire,unavailable,unavailable,unavailable,0,0
29.7611,76.00002,330.6,0.45,0.39,2025-10-05,813,N20,VIIRS,n,2,298.17,4.52,D,0,unclassified,-1,0,9298.9,2551.4,,,,,,Natural Fire,unavailable,unavailable,unavailable,0,0
29.78485,75.98659,334.48,0.45,0.39,2025-10-05,813,N20,VIIRS,n,2,298.02,4.55,D,0,unclassified,-1,0,6378.3,1547.9,,,,,,Agricultural Burning,unavailable,unavailable,unavailable,0,0
29.81153,75.96793,331.64,0.45,0.39,2025-10-05,813,N20,VIIRS,n,2,297.91,2.7,D,0,unclassified,-1,0,2918.3,286.5,,,,,,Agricultural Burning,unavailable,unavailable,unavailable,0,0
29.89064,76.1143,333.97,0.46,0.39,2025-10-05,813,N20,VIIRS,n,2,298.19,3.03,D,0,unclassified,-1,0,6969.1,12318.4,,,,,,Natural Fire,unavailable,unavailable,unavailable,0,0
30.19914,75.99145,339.58,0.46,0.39,2025-10-05,813,N20,VIIRS,n,2,298.55,3.94,D,0,unclassified,-1,0,6245.5,3892.3,,,,,,Natural Fire,unavailable,unavailable,unavailable,0,0
30.05647,75.06976,347.23,0.41,0.37,2025-10-06,755,N20,VIIRS,n,2,294.9,6.05,D,0,unclassified,0,1,2758.6,38407.8,4.04,6.05,2.842569260369921,1.4975,0.0,Natural Fire,unavailable,unavailable,unavailable,0,0
29.78987,75.05584,347.73,0.42,0.37,2025-10-06,755,N20,VIIRS,n,2,294.82,7.42,D,0,unclassified,-1,0,2708.6,27654.8,,,,,,Natural Fire,unavailable,unavailable,unavailable,0,0
29.78574,75.05235,356.52,0.42,0.37,2025-10-06,755,N20,VIIRS,l,2,296.65,7.42,D,0,unclassified,1,1,3030.4,28019.4,7.0375,13.41,4.603262430059793,1.0544,0.0,Natural Fire,unavailable,unavailable,unavailable,0,0
29.78502,75.04807,356.25,0.42,0.38,2025-10-06,755,N20,VIIRS,n,2,296.15,13.41,D,0,unclassified,1,1,3447.7,28437.7,7.0375,13.41,4.603262430059793,1.9055,0.0,Natural Fire,unavailable,unavailable,unavailable,0,0
29.78812,75.08717,354.69,0.42,0.37,2025-10-06,755,N20,VIIRS,n,2,295.83,6.97,D,0,industrial_direct,2,1,0.0,24643.8,6.97,6.97,0.0,1.0,0.0,Unknown,unavailable,unavailable,unavailable,0,0
29.78307,75.05737,342.88,0.42,0.37,2025-10-06,755,N20,VIIRS,n,2,294.51,3.66,D,0,unclassified,1,1,2577.8,27557.7,7.0375,13.41,4.603262430059793,0.5201,0.0,Natural Fire,unavailable,unavailable,unavailable,0,0
30.05986,75.06899,331.96,0.41,0.37,2025-10-06,755,N20,VIIRS,n,2,294.36,2.03,D,0,unclassified,0,1,2783.9,38732.8,4.04,6.05,2.842569260369921,0.5025,0.0,Natural Fire,unavailable,unavailable,unavailable,0,0
29.78472,75.08794,340.64,0.42,0.37,2025-10-06,755,N20,VIIRS,n,2,294.12,6.97,D,0,industrial_nearby,2,1,62.9,24597.8,6.97,6.97,0.0,1.0,0.0,Unknown,unavailable,unavailable,unavailable,0,0
29.78234,75.05311,342.85,0.42,0.37,2025-10-06,755,N20,VIIRS,n,2,294.17,3.66,D,0,unclassified,1,1,2997.3,27974.7,7.0375,13.41,4.603262430059793,0.5201,0.0,Natural Fire,unavailable,unavailable,unavailable,0,0
30.49711,75.93646,346.49,0.38,0.36,2025-10-11,801,N20,VIIRS,n,2,302.34,4.88,D,0,unclassified,-1,0,1601.2,9886.6,,,,,,Natural Fire,unavailable,unavailable,unavailable,0,0
29.63078,75.98431,333.61,0.38,0.36,2025-10-11,801,N20,VIIRS,n,2,301.78,1.9,D,0,unclassified,3,2,6134.5,4539.6,3.6733333333333333,5.06,1.615095456415296,0.5172,0.0,Natural Fire,unavailable,unavailable,unavailable,0,0
29.65539,75.35033,330.34,0.39,0.36,2025-10-11,801,N20,VIIRS,n,2,298.72,1.93,D,0,unclassified,-1,0,7996.1,12121.8,,,,,,Natural Fire,unavailable,unavailable,unavailable,0,0
30.10147,75.95094,338.76,0.62,0.54,2025-10-13,723,N20,VIIRS,n,2,301.18,10.49,D,0,unclassified,-1,0,8294.2,4622.7,,,,,,Natural Fire,unavailable,unavailable,unavailable,0,0
30.21504,75.31666,340.18,0.38,0.59,2025-10-14,845,N20,VIIRS,n,2,297.48,3.05,D,0,unclassified,-1,0,10301.6,21825.1,,,,,,Natural Fire,unavailable,unavailable,unavailable,0,0
29.85327,76.1269,344.44,0.44,0.46,2025-10-15,826,N20,VIIRS,n,2,303.14,6.56,D,0,unclassified,-1,0,3769.5,10392.6,,,,,,Natural Fire,unavailable,unavailable,unavailable,0,0
29.84515,76.14574,334.12,0.4,0.37,2025-10-16,807,N20,VIIRS,n,2,303.05,5.13,D,0,unclassified,4,2,4725.3,11572.0,3.8975,5.13,0.9792301397866934,1.3162,0.0,Natural Fire,unavailable,unavailable,unavailable,0,0
29.84457,76.14159,333.38,0.4,0.37,2025-10-16,807,N20,VIIRS,l,2,304.81,3.11,D,0,unclassified,4,2,4334.2,11180.0,3.8975,5.13,0.9792301397866934,0.7979,0.0,Natural Fire,unavailable,unavailable,unavailable,0,0
29.84795,76.14098,334.23,0.4,0.37,2025-10-16,807,N20,VIIRS,n,2,303.33,3.11,D,0,unclassified,4,2,4456.7,11287.7,3.8975,5.13,0.9792301397866934,0.7979,0.0,Natural Fire,unavailable,unavailable,unavailable,0,0
29.80225,76.00471,337.39,0.44,0.38,2025-10-17,748,N20,VIIRS,n,2,304.39,4.16,D,0,unclassified,5,2,6248.3,51.5,3.41,4.16,1.0606601717798212,1.2199,0.0,Agricultural Burning,unavailable,unavailable,unavailable,0,0
29.8292,75.89053,344.52,0.44,0.39,2025-10-17,748,N20,VIIRS,n,2,306.95,16.34,D,0,unclassified,-1,0,1252.9,3473.9,,,,,,Natural Fire,unavailable,unavailable,unavailable,0,0
30.08471,76.46263,338.88,0.42,0.38,2025-10-17,748,N20,VIIRS,n,2,306.07,3.6,D,0,unclassified,-1,0,12151.0,5360.5,,,,,,Natural Fire,unavailable,unavailable,unavailable,0,0
30.43985,76.29572,330.35,0.42,0.38,2025-10-17,748,N20,VIIRS,n,2,303.46,1.7,D,0,unclassified,-1,0,4524.5,13851.9,,,,,,Natural Fire,unavailable,unavailable,unavailable,0,0
30.45531,76.09606,330.36,0.43,0.38,2025-10-17,748,N20,VIIRS,n,2,304.6,1.92,D,0,unclassified,-1,0,6305.0,18624.7,,,,,,Natural Fire,unavailable,unavailable,unavailable,0,0
29.61365,75.90078,332.13,0.52,0.5,2025-10-18,729,N20,VIIRS,n,2,301.49,1.84,D,0,unclassified,-1,0,5718.2,3162.4,,,,,,Natural Fire,unavailable,unavailable,unavailable,0,0
30.52236,76.49075,330.35,0.56,0.69,2025-10-19,851,N20,VIIRS,l,2,301.89,7.26,D,0,unclassified,6,1,1629.8,17279.4,6.08,7.26,1.6687720036002518,1.1941,0.0,Natural Fire,unavailable,unavailable,unavailable,0,0
30.54702,76.47131,339.83,0.56,0.69,2025-10-19,851,N20,VIIRS,n,2,301.12,4.87,D,0,unclassified,7,1,2471.4,19595.0,4.365,4.87,0.7141778489984133,1.1157,0.0,Natural Fire,unavailable,unavailable,unavailable,0,0
30.54483,76.47221,337.26,0.56,0.69,2025-10-19,851,N20,VIIRS,n,2,300.74,3.86,D,0,unclassified,7,1,2299.2,19366.4,4.365,4.87,0.7141778489984133,0.8843,0.0,Natural Fire,unavailable,unavailable,unavailable,0,0
30.52027,76.49154,333.7,0.56,0.69,2025-10-19,851,N20,VIIRS,n,2,302.33,4.9,D,0,unclassified,6,1,1841.6,17076.0,6.08,7.26,1.6687720036002518,0.8059,0.0,Natural Fire,unavailable,unavailable,unavailable,0,0
29.81916,75.75153,343.74,0.5,0.66,2025-10-19,851,N20,VIIRS,n,2,301.31,5.31,D,0,unclassified,-1,0,6013.4,6555.9,,,,,,Natural Fire,unavailable,unavailable,unavailable,0,0
29.62736,75.94775,332.69,0.51,0.66,2025-10-19,851,N20,VIIRS,n,2,299.11,3.25,D,0,unclassified,-1,0,3980.2,1087.3,,,,,,Agricultural Burning,unavailable,unavailable,unavailable,0,0
29.92689,76.165,338.33,0.47,0.64,2025-10-19,711,N20,VIIRS,n,2,301.35,4.97,D,0,unclassified,8,2,8491.4,12082.7,5.04,5.33,0.26210684844162313,0.9861,0.0,Natural Fire,unavailable,unavailable,unavailable,0,0
29.92807,76.16788,350.98,0.47,0.64,2025-10-19,711,N20,VIIRS,n,2,301.2,4.82,D,0,unclassified,8,2,8685.7,11775.4,5.04,5.33,0.26210684844162313,0.9563,0.0,Natural Fire,unavailable,unavailable,unavailable,0,0
30.40948,75.97054,330.6,0.54,0.51,2025-10-20,832,N20,VIIRS,n,2,303.68,3.35,D,0,unclassified,-1,0,8138.6,5915.1,,,,,,Natural Fire,unavailable,unavailable,unavailable,0,0
30.06583,75.12061,337.72,0.48,0.48,2025-10-20,832,N20,VIIRS,n,2,300.47,3.63,D,0,unclassified,-1,0,7056.6,36059.9,,,,,,Natural Fire,unavailable,unavailable,unavailable,0,0
29.70117,75.91295,342.43,0.53,0.5,2025-10-20,832,N20,VIIRS,n,2,301.73,5.26,D,0,industrial_nearby,-1,0,532.3,80.9,,,,,,Unknown,unavailable,unavailable,unavailable,0,0
30.35181,75.83276,335.95,0.53,0.5,2025-10-20,832,N20,VIIRS,n,2,302.09,3.48,D,0,unclassified,9,3,3337.6,9368.6,4.9275,6.34,1.1693694882285923,0.7062,0.0,Natural Fire,unavailable,unavailable,unavailable,0,0
29.63499,76.19781,331.66,0.55,0.51,2025-10-20,832,N20,VIIRS,n,2,300.4,3.35,D,0,unclassified,-1,0,9602.5,23668.5,,,,,,Natural Fire,unavailable,unavailable,unavailable,0,0
29.61888,76.1256,332.26,0.54,0.51,2025-10-20,832,N20,VIIRS,n,2,300.96,2.5,D,0,unclassified,-1,0,2617.4,18270.9,,,,,,Natural Fire,unavailable,unavailable,unavailable,0,0
29.6208,75.25886,343.53,0.48,0.48,2025-10-20,832,N20,VIIRS,n,2,303.74,5.66,D,0,unclassified,-1,0,3525.8,20925.6,,,,,,Natural Fire,unavailable,unavailable,unavailable,0,0
30.35337,75.9839,333.66,0.45,0.39,2025-10-21,813,N20,VIIRS,n,2,300.55,4.84,D,0,unclassified,10,1,10715.8,9597.8,6.425,8.01,2.2415284963613558,0.7533,0.0,Natural Fire,unavailable,unavailable,unavailable,0,0
29.8433,75.01755,300.77,0.4,0.37,2025-10-21,2038,N20,VIIRS,n,2,288.36,1.16,N,0,unclassified,-1,0,7548.4,31621.9,,,,,,Natural Fire,unavailable,unavailable,unavailable,0,0
29.90365,75.71961,328.9,0.39,0.36,2025-10-21,2038,N20,VIIRS,n,2,291.15,4.63,N,0,unclassified,11,2,1337.2,5556.3,2.74,4.63,2.1833689564523904,1.6898,0.6666666666666666,Natural Fire,unavailable,unavailable,unavailable,0,0
30.30668,76.42312,300.56,0.38,0.36,2025-10-21,2038,N20,VIIRS,n,2,290.51,0.26,N,0,industrial_direct,-1,0,0.0,1476.1,,,,,,Unknown,unavailable,unavailable,unavailable,0,0
30.59003,76.47472,338.6,0.48,0.4,2025-10-21,814,N20,VIIRS,n,2,302.46,3.84,D,0,unclassified,-1,0,1915.3,24365.2,,,,,,Natural Fire,unavailable,unavailable,unavailable,0,0
30.46714,75.75323,332.01,0.45,0.39,2025-10-21,814,N20,VIIRS,n,2,297.89,17.28,D,0,unclassified,-1,0,12346.1,15780.8,,,,,,Natural Fire,unavailable,unavailable,unavailable,0,0
30.35505,75.98095,335.02,0.46,0.39,2025-10-21,814,N20,VIIRS,n,2,301.37,8.01,D,0,unclassified,10,1,10866.5,9261.2,6.425,8.01,2.2415284963613558,1.2467,0.0,Natural Fire,unavailable,unavailable,unavailable,0,0
29.86161,76.08742,334.16,0.45,0.39,2025-10-21,813,N20,VIIRS,n,2,300.41,9.11,D,0,unclassified,-1,0,3764.1,8185.8,,,,,,Natural Fire,unavailable,unavailable,unavailable,0,0
29.77246,76.06223,333.23,0.45,0.39,2025-10-21,813,N20,VIIRS,n,2,300.28,5.23,D,0,unclassified,12,2,6966.7,3608.6,3.1166666666666667,5.23,1.8946591602009408,1.6781,0.0,Natural Fire,unavailable,unavailable,unavailable,0,0
29.84782,76.12331,333.13,0.46,0.39,2025-10-21,813,N20,VIIRS,n,2,300.7,4.54,D,0,unclassified,-1,0,3090.3,9780.2,,,,,,Natural Fire,unavailable,unavailable,unavailable,0,0
29.78554,76.05053,343.37,0.45,0.39,2025-10-21,813,N20,VIIRS,n,2,300.16,11.81,D,0,unclassified,-1,0,6500.3,1856.1,,,,,,Agricultural Burning,unavailable,unavailable,unavailable,0,0
29.60539,75.28342,332.49,0.42,0.38,2025-10-21,813,N20,VIIRS,n,2,298.78,12.41,D,0,unclassified,-1,0,5498.8,18791.3,,,,,,Natural Fire,unavailable,unavailable,unavailable,0,0
29.71776,76.4572,341.87,0.47,0.4,2025-10-21,813,N20,VIIRS,n,2,298.96,5.77,D,0,unclassified,13,1,7475.4,12178.3,4.26,5.77,2.1354624791833734,1.3545,0.0,Natural Fire,unavailable,unavailable,unavailable,0,0
29.71413,76.45778,330.37,0.47,0.4,2025-10-21,813,N20,VIIRS,n,2,298.8,2.75,D,0,unclassified,13,1,7803.4,12547.8,4.26,5.77,2.1354624791833734,0.6455,0.0,Natural Fire,unavailable,unavailable,unavailable,0,0
29.68876,76.43228,334.6,0.47,0.4,2025-10-21,813,N20,VIIRS,n,2,297.94,3.28,D,0,unclassified,-1,0,8741.3,14071.0,,,,,,Natural Fire,unavailable,unavailable,unavailable,0,0
29.87589,76.11387,335.71,0.46,0.39,2025-10-21,813,N20,VIIRS,n,2,299.03,5.25,D,0,unclassified,-1,0,5371.3,11042.3,,,,,,Natural Fire,unavailable,unavailable,unavailable,0,0
29.96214,75.16142,344.5,0.41,0.37,2025-10-22,755,N20,VIIRS,n,2,305.65,4.75,D,0,industrial_direct,14,1,0.0,24748.2,4.75,4.75,0.0,1.0,0.0,Unknown,unavailable,unavailable,unavailable,0,0
29.95946,75.16642,336.03,0.41,0.37,2025-10-22,755,N20,VIIRS,n,2,303.39,4.75,D,0,industrial_nearby,14,1,101.6,24197.7,4.75,4.75,0.0,1.0,0.0,Unknown,unavailable,unavailable,unavailable,0,0
29.95875,75.16218,347.81,0.41,0.37,2025-10-22,755,N20,VIIRS,n,2,304.85,4.75,D,0,industrial_direct,14,1,0.0,24431.2,4.75,4.75,0.0,1.0,0.0,Unknown,unavailable,unavailable,unavailable,0,0
29.96409,75.1522,334.26,0.41,0.37,2025-10-22,755,N20,VIIRS,n,2,302.81,4.7,D,0,industrial_nearby,-1,0,64.2,25533.5,,,,,,Unknown,unavailable,unavailable,unavailable,0,0
29.91372,75.08418,349.69,0.42,0.37,2025-10-22,755,N20,VIIRS,n,2,305.51,3.36,D,0,industrial_direct,15,2,0.0,27713.6,4.43,6.53,1.1056672193747994,0.7585,0.0,Unknown,unavailable,unavailable,unavailable,0,0
30.30909,76.0415,333.41,0.39,0.36,2025-10-22,755,N20,VIIRS,n,2,304.45,2.96,D,0,unclassified,-1,0,5282.7,11788.7,,,,,,Natural Fire,unavailable,unavailable,unavailable,0,0
30.4047,76.23431,331.5,0.39,0.36,2025-10-22,755,N20,VIIRS,n,2,300.03,1.7,D,0,unclassified,-1,0,2526.6,13972.5,,,,,,Natural Fire,unavailable,unavailable,unavailable,0,0
29.90166,75.71896,300.65,0.39,0.44,2025-10-22,2019,N20,VIIRS,n,2,289.47,0.35,N,0,unclassified,11,2,1108.6,5642.0,2.74,4.63,2.1833689564523904,0.1277,0.6666666666666666,Natural Fire,unavailable,unavailable,unavailable,0,0
30.36901,76.45713,332.38,0.39,0.36,2025-10-22,755,N20,VIIRS,n,2,301.46,3.86,D,0,unclassified,-1,0,2242.6,1201.4,,,,,,Agricultural Burning,unavailable,unavailable,unavailable,0,0
29.9096,75.08067,349.33,0.42,0.37,2025-10-22,755,N20,VIIRS,n,2,304.28,6.53,D,0,industrial_direct,15,2,0.0,27822.1,4.43,6.53,1.1056672193747994,1.474,0.0,Unknown,unavailable,unavailable,unavailable,0,0
29.96285,75.16565,337.93,0.41,0.37,2025-10-22,755,N20,VIIRS,n,2,302.46,4.75,D,0,industrial_nearby,14,1,82.7,24518.3,4.75,4.75,0.0,1.0,0.0,Unknown,unavailable,unavailable,unavailable,0,0
29.9062,75.08144,355.81,0.42,0.37,2025-10-22,755,N20,VIIRS,l,2,306.08,4.67,D,0,industrial_direct,15,2,0.0,27597.2,4.43,6.53,1.1056672193747994,1.0542,0.0,Unknown,unavailable,unavailable,unavailable,0,0
29.64232,76.19769,345.02,0.39,0.36,2025-10-22,755,N20,VIIRS,n,2,304.32,7.84,D,0,unclassified,-1,0,9921.8,23064.8,,,,,,Natural Fire,unavailable,unavailable,unavailable,0,0
29.90176,75.72305,337.04,0.4,0.37,2025-10-22,755,N20,VIIRS,n,2,304.33,3.24,D,0,unclassified,11,2,1310.1,5248.9,2.74,4.63,2.1833689564523904,1.1825,0.6666666666666666,Natural Fire,unavailable,unavailable,unavailable,0,0
29.95806,75.77026,332.74,0.4,0.37,2025-10-22,755,N20,VIIRS,n,2,302.05,2.73,D,0,industrial_nearby,-1,0,406.7,5348.5,,,,,,Unknown,unavailable,unavailable,unavailable,0,0
29.89113,75.07599,346.54,0.42,0.37,2025-10-22,755,N20,VIIRS,n,2,306.43,5.48,D,0,industrial_nearby,16,1,68.9,27443.0,5.486666666666667,5.49,0.005773502691896071,0.9988,0.0,Unknown,unavailable,unavailable,unavailable,0,0
29.86014,76.02709,332.6,0.4,0.37,2025-10-22,755,N20,VIIRS,n,2,303.16,3.11,D,0,unclassified,-1,0,6226.1,4150.4,,,,,,Natural Fire,unavailable,unavailable,unavailable,0,0
29.91033,75.08494,339.86,0.42,0.37,2025-10-22,755,N20,VIIRS,n,2,306.65,3.36,D,0,industrial_nearby,15,2,92.1,27483.8,4.43,6.53,1.1056672193747994,0.7585,0.0,Unknown,unavailable,unavailable,unavailable,0,0
29.89793,75.07446,348.68,0.42,0.37,2025-10-22,755,N20,VIIRS,n,2,305.18,5.49,D,0,industrial_direct,16,1,0.0,27855.4,5.486666666666667,5.49,0.005773502691896071,1.0006,0.0,Unknown,unavailable,unavailable,unavailable,0,0
29.9028,75.08221,345.34,0.42,0.37,2025-10-22,755,N20,VIIRS,n,2,306.59,4.67,D,0,industrial_nearby,15,2,83.9,27375.9,4.43,6.53,1.1056672193747994,1.0542,0.0,Unknown,unavailable,unavailable,unavailable,0,0
29.90547,75.07719,342.38,0.42,0.37,2025-10-22,755,N20,VIIRS,n,2,304.85,4.67,D,0,industrial_nearby,15,2,20.2,27938.7,4.43,6.53,1.1056672193747994,1.0542,0.0,Unknown,unavailable,unavailable,unavailable,0,0
29.89453,75.07523,349.68,0.42,0.37,2025-10-22,755,N20,VIIRS,n,2,309.84,5.49,D,0,industrial_direct,16,1,0.0,27646.9,5.486666666666667,5.49,0.005773502691896071,1.0006,0.0,Unknown,unavailable,unavailable,unavailable,0,0
30.19373,75.98875,338.54,0.4,0.45,2025-10-23,736,N20,VIIRS,n,2,303.79,3.63,D,0,unclassified,-1,0,6741.6,3800.7,,,,,,Natural Fire,unavailable,unavailable,unavailable,0,0
30.24935,76.17947,331.63,0.39,0.44,2025-10-23,736,N20,VIIRS,l,2,302.54,1.51,D,0,unclassified,17,3,2317.5,17539.3,10.33,25.5,13.195525756861679,0.1462,0.0,Natural Fire,unavailable,unavailable,unavailable,0,0
30.24629,76.03957,339.05,0.4,0.44,2025-10-23,736,N20,VIIRS,n,2,303.09,3.93,D,0,unclassified,-1,0,2964.2,9055.3,,,,,,Natural Fire,unavailable,unavailable,unavailable,0,0
30.25198,76.17417,338.69,0.67,0.74,2025-10-24,858,N20,VIIRS,n,2,299.68,6.5,D,0,unclassified,18,1,1826.3,17871.4,7.125,7.75,0.8838834764831844,0.9123,0.0,Natural Fire,unavailable,unavailable,unavailable,0,0
30.24271,75.91494,339.38,0.65,0.73,2025-10-24,858,N20,VIIRS,n,2,298.05,7.94,D,0,unclassified,19,1,1042.4,898.8,6.94,7.94,0.9267685795278133,1.1441,0.0,Agricultural Burning,unavailable,unavailable,unavailable,0,0
30.25302,76.17268,341.51,0.67,0.74,2025-10-24,858,N20,VIIRS,n,2,299.79,7.75,D,0,unclassified,18,1,1667.8,17953.2,7.125,7.75,0.8838834764831844,1.0877,0.0,Natural Fire,unavailable,unavailable,unavailable,0,0
30.24694,75.91629,344.15,0.65,0.73,2025-10-24,858,N20,VIIRS,n,2,298.33,6.77,D,0,industrial_nearby,19,1,570.1,776.2,6.94,7.94,0.9267685795278133,0.9755,0.0,Unknown,unavailable,unavailable,unavailable,0,0
30.24504,75.91579,353.94,0.38,0.59,2025-10-24,717,N20,VIIRS,n,2,301.21,6.11,D,0,industrial_nearby,19,1,780.5,807.1,6.94,7.94,0.9267685795278133,0.8804,0.0,Unknown,unavailable,unavailable,unavailable,0,0
30.10234,75.70455,330.76,0.4,0.6,2025-10-24,717,N20,VIIRS,n,2,298.76,1.77,D,0,unclassified,-1,0,2581.8,11259.5,,,,,,Natural Fire,unavailable,unavailable,unavailable,0,0
29.80418,75.86497,367.0,0.39,0.6,2025-10-24,717,N20,VIIRS,h,2,300.96,17.42,D,0,unclassified,20,1,3448.8,207.7,11.88,17.42,4.797780736965792,1.4663,0.0,Agricultural Burning,unavailable,unavailable,unavailable,0,0
29.80216,75.86321,341.54,0.39,0.6,2025-10-24,717,N20,VIIRS,n,2,298.52,9.11,D,0,unclassified,20,1,3717.8,0.7,11.88,17.42,4.797780736965792,0.7668,0.0,Agricultural Burning,unavailable,unavailable,unavailable,0,0
29.80311,75.86716,367.0,0.39,0.6,2025-10-24,717,N20,VIIRS,h,2,297.05,9.11,D,0,unclassified,20,1,3497.4,23.4,11.88,17.42,4.797780736965792,0.7668,0.0,Agricultural Burning,unavailable,unavailable,unavailable,0,0
29.85132,76.13932,330.07,0.38,0.59,2025-10-24,717,N20,VIIRS,n,2,299.73,4.24,D,0,unclassified,4,2,4523.4,11317.1,3.8975,5.13,0.9792301397866934,1.0879,0.0,Natural Fire,unavailable,unavailable,unavailable,0,0
30.26677,76.16926,330.49,0.37,0.58,2025-10-24,717,N20,VIIRS,n,2,301.94,1.72,D,0,industrial_nearby,-1,0,224.7,17685.7,,,,,,Unknown,unavailable,unavailable,unavailable,0,0
30.07974,75.63971,367.0,0.32,0.55,2025-10-25,839,N20,VIIRS,h,2,302.03,6.07,D,0,unclassified,21,1,6471.4,17908.9,6.625,7.18,0.6408587988004842,0.9162,0.0,Natural Fire,unavailable,unavailable,unavailable,0,0
30.07889,75.64005,367.0,0.32,0.55,2025-10-25,839,N20,VIIRS,h,2,300.9,7.18,D,0,unclassified,21,1,6438.2,17901.5,6.625,7.18,0.6408587988004842,1.0838,0.0,Natural Fire,unavailable,unavailable,unavailable,0,0
30.07863,75.6367,353.14,0.32,0.55,2025-10-25,839,N20,VIIRS,n,2,303.24,7.18,D,0,unclassified,21,1,6761.0,18220.8,6.625,7.18,0.6408587988004842,1.0838,0.0,Natural Fire,unavailable,unavailable,unavailable,0,0
30.57525,75.03024,343.23,0.6,0.53,2025-10-25,839,N20,VIIRS,n,2,300.35,10.12,D,0,unclassified,22,1,33088.5,22460.6,7.140000000000001,10.12,2.5807557032776267,1.4174,0.0,Natural Fire,unavailable,unavailable,unavailable,0,0
30.15049,75.96117,347.05,0.34,0.56,2025-10-25,839,N20,VIIRS,n,2,301.49,4.22,D,0,unclassified,-1,0,9842.1,5995.4,,,,,,Natural Fire,unavailable,unavailable,unavailable,0,0
30.24567,75.19806,335.31,0.6,0.53,2025-10-25,839,N20,VIIRS,n,2,302.36,5.3,D,0,unclassified,23,1,1946.4,25040.2,7.275,9.25,2.7930717856868625,0.7285,0.0,Natural Fire,unavailable,unavailable,unavailable,0,0
30.2489,75.19943,341.25,0.6,0.53,2025-10-25,839,N20,VIIRS,n,2,302.81,9.25,D,0,unclassified,23,1,1885.2,24668.8,7.275,9.25,2.7930717856868625,1.2715,0.0,Natural Fire,unavailable,unavailable,unavailable,0,0
30.42245,76.32781,340.95,0.36,0.57,2025-10-25,839,N20,VIIRS,n,2,301.3,4.88,D,0,unclassified,-1,0,2270.8,11203.9,,,,,,Natural Fire,unavailable,unavailable,unavailable,0,0
30.57273,75.03302,340.27,0.6,0.53,2025-10-25,839,N20,VIIRS,n,2,299.8,5.65,D,0,unclassified,22,1,32731.8,22088.2,7.140000000000001,10.12,2.5807557032776267,0.7913,0.0,Natural Fire,unavailable,unavailable,unavailable,0,0
30.57762,75.0325,331.72,0.6,0.53,2025-10-25,839,N20,VIIRS,n,2,299.01,5.65,D,0,unclassified,22,1,32998.9,22413.7,7.140000000000001,10.12,2.5807557032776267,0.7913,0.0,Natural Fire,unavailable,unavailable,unavailable,0,0
30.2746,75.92745,336.27,0.33,0.56,2025-10-25,839,N20,VIIRS,n,2,300.2,2.48,D,0,unclassified,-1,0,2458.2,2357.1,,,,,,Natural Fire,unavailable,unavailable,unavailable,0,0
30.07469,75.64024,349.58,0.32,0.55,2025-10-25,839,N20,VIIRS,n,2,300.73,6.07,D,0,unclassified,21,1,6432.9,18010.8,6.625,7.18,0.6408587988004842,0.9162,0.0,Natural Fire,unavailable,unavailable,unavailable,0,0
30.15718,76.046,341.14,0.34,0.56,2025-10-25,839,N20,VIIRS,n,2,300.19,2.34,D,0,unclassified,-1,0,11712.3,10527.0,,,,,,Natural Fire,unavailable,unavailable,unavailable,0,0
30.02078,76.2032,333.4,0.35,0.56,2025-10-25,839,N20,VIIRS,n,2,298.47,2.57,D,0,unclassified,24,2,10679.3,8329.7,12.18,17.66,8.349832333645987,0.211,0.0,Natural Fire,unavailable,unavailable,unavailable,0,0
30.09829,75.84077,367.0,0.73,0.76,2025-10-25,658,N20,VIIRS,h,2,298.3,22.32,D,0,unclassified,-1,0,3924.2,3151.8,,,,,,Natural Fire,unavailable,unavailable,unavailable,0,0
30.09622,75.8335,335.08,0.73,0.76,2025-10-25,658,N20,VIIRS,n,2,299.16,18.23,D,0,unclassified,-1,0,3745.8,2974.1,,,,,,Natural Fire,unavailable,unavailable,unavailable,0,0
29.64262,75.73102,353.91,0.32,0.55,2025-10-25,839,N20,VIIRS,n,2,302.01,5.4,D,0,industrial_nearby,-1,0,872.1,0.0,,,,,,Unknown,unavailable,unavailable,unavailable,0,0
29.67232,75.96066,339.02,0.33,0.55,2025-10-25,839,N20,VIIRS,n,2,299.75,3.14,D,0,unclassified,25,1,3108.4,4174.0,3.915,4.69,1.096015510839149,0.802,0.0,Natural Fire,unavailable,unavailable,unavailable,0,0
29.68766,75.74946,332.72,0.76,0.77,2025-10-25,658,N20,VIIRS,n,2,297.67,5.83,D,0,unclassified,-1,0,1468.7,1533.2,,,,,,Agricultural Burning,unavailable,unavailable,unavailable,0,0
29.67744,75.96014,355.64,0.33,0.55,2025-10-25,839,N20,VIIRS,n,2,299.24,14.06,D,0,unclassified,26,2,3309.6,4632.1,11.533333333333333,17.72,7.764697890667308,1.2191,0.0,Natural Fire,unavailable,unavailable,unavailable,0,0
29.67715,75.95669,351.18,0.33,0.55,2025-10-25,839,N20,VIIRS,n,2,306.73,17.72,D,0,unclassified,26,2,3008.9,4449.6,11.533333333333333,17.72,7.764697890667308,1.5364,0.0,Natural Fire,unavailable,unavailable,unavailable,0,0
29.83964,75.98256,353.01,0.33,0.56,2025-10-25,839,N20,VIIRS,n,2,299.2,4.64,D,0,unclassified,-1,0,3127.7,1.7,,,,,,Agricultural Burning,unavailable,unavailable,unavailable,0,0
29.96058,75.85046,337.23,0.33,0.55,2025-10-25,839,N20,VIIRS,n,2,301.26,3.29,D,0,unclassified,-1,0,3971.7,3214.6,,,,,,Natural Fire,unavailable,unavailable,unavailable,0,0
29.67203,75.95721,349.04,0.33,0.55,2025-10-25,839,N20,VIIRS,n,2,301.36,4.69,D,0,unclassified,25,1,2786.5,3970.8,3.915,4.69,1.096015510839149,1.198,0.0,Natural Fire,unavailable,unavailable,unavailable,0,0
30.06126,75.84692,332.48,0.33,0.55,2025-10-25,839,N20,VIIRS,n,2,299.56,2.73,D,0,unclassified,-1,0,7809.9,7046.4,,,,,,Natural Fire,unavailable,unavailable,unavailable,0,0
30.2478,76.05528,342.85,0.54,0.42,2025-10-26,820,N20,VIIRS,n,2,306.48,10.5,D,0,unclassified,-1,0,1955.1,10532.8,,,,,,Natural Fire,unavailable,unavailable,unavailable,0,0
30.27397,76.19479,302.92,0.39,0.36,2025-10-26,2044,N20,VIIRS,n,2,289.19,0.61,N,0,unclassified,-1,0,2734.9,15104.5,,,,,,Natural Fire,unavailable,unavailable,unavailable,0,0
30.59568,75.46747,333.21,0.51,0.41,2025-10-26,820,N20,VIIRS,l,2,303.75,2.87,D,0,unclassified,27,1,12055.9,24783.3,2.64,2.87,0.3252691193458118,1.0871,0.0,Natural Fire,unavailable,unavailable,unavailable,0,0
30.59266,75.47051,331.71,0.51,0.41,2025-10-26,820,N20,VIIRS,l,2,302.77,2.41,D,0,unclassified,27,1,11627.0,24375.9,2.64,2.87,0.3252691193458118,0.9129,0.0,Natural Fire,unavailable,unavailable,unavailable,0,0
30.57997,75.89602,332.19,0.54,0.42,2025-10-26,820,N20,VIIRS,n,2,303.91,1.67,D,0,unclassified,28,3,2498.8,18736.8,1.9425,4.29,1.0458318630230605,0.8597,0.75,Natural Fire,unavailable,unavailable,unavailable,0,0
30.41232,75.18552,340.3,0.49,0.41,2025-10-26,820,N20,VIIRS,n,2,302.98,7.77,D,0,unclassified,-1,0,15305.3,7700.7,,,,,,Natural Fire,unavailable,unavailable,unavailable,0,0
30.45914,76.05954,330.02,0.55,0.42,2025-10-26,820,N20,VIIRS,l,2,302.51,3.88,D,0,unclassified,-1,0,8405.8,15410.9,,,,,,Natural Fire,unavailable,unavailable,unavailable,0,0
30.31577,75.67078,330.36,0.52,0.42,2025-10-26,820,N20,VIIRS,n,2,302.63,1.75,D,0,unclassified,29,2,6478.8,12395.1,3.995,6.24,3.1749094475275985,0.438,0.0,Natural Fire,unavailable,unavailable,unavailable,0,0
30.26376,76.16291,335.39,0.55,0.43,2025-10-26,820,N20,VIIRS,n,2,305.77,6.41,D,0,industrial_nearby,30,1,374.1,18373.4,6.41,6.41,0.0,1.0,0.0,Unknown,unavailable,unavailable,unavailable,0,0
30.25983,76.16349,338.89,0.55,0.43,2025-10-26,820,N20,VIIRS,n,2,308.23,6.41,D,0,industrial_nearby,30,1,806.4,18474.4,6.41,6.41,0.0,1.0,0.0,Unknown,unavailable,unavailable,unavailable,0,0
30.22658,75.94654,344.74,0.54,0.42,2025-10-26,820,N20,VIIRS,n,2,307.4,13.28,D,0,unclassified,31,2,3322.8,1085.5,10.996666666666668,14.5,5.048389182039489,1.2076,0.0,Agricultural Burning,unavailable,unavailable,unavailable,0,0
29.97401,75.15631,337.55,0.49,0.4,2025-10-26,820,N20,VIIRS,n,2,303.89,6.45,D,0,industrial_nearby,-1,0,936.9,26034.4,,,,,,Unknown,unavailable,unavailable,unavailable,0,0
30.03304,75.78163,331.34,0.52,0.42,2025-10-26,820,N20,VIIRS,n,2,304.79,3.64,D,0,unclassified,-1,0,7803.7,10383.5,,,,,,Natural Fire,unavailable,unavailable,unavailable,0,0
29.87055,75.09864,332.91,0.48,0.4,2025-10-26,820,N20,VIIRS,l,2,307.55,4.33,D,0,unclassified,32,1,3206.8,24627.8,4.33,4.33,0.0,1.0,0.0,Natural Fire,unavailable,unavailable,unavailable,0,0
29.87117,75.10365,335.27,0.48,0.4,2025-10-26,820,N20,VIIRS,n,2,306.57,4.33,D,0,unclassified,32,1,3508.8,24188.2,4.33,4.33,0.0,1.0,0.0,Natural Fire,unavailable,unavailable,unavailable,0,0
29.92136,76.16327,330.88,0.55,0.42,2025-10-26,820,N20,VIIRS,l,2,304.81,2.7,D,0,unclassified,-1,0,8631.4,12505.8,,,,,,Natural Fire,unavailable,unavailable,unavailable,0,0
29.80065,75.9712,334.79,0.53,0.42,2025-10-26,820,N20,VIIRS,n,2,302.92,4.92,D,0,unclassified,33,1,4109.6,323.1,4.99,5.06,0.09899494936611612,0.986,0.0,Agricultural Burning,unavailable,unavailable,unavailable,0,0
29.79949,75.97468,332.51,0.53,0.42,2025-10-26,820,N20,VIIRS,n,2,301.72,5.06,D,0,unclassified,33,1,4391.3,375.3,4.99,5.06,0.09899494936611612,1.014,0.0,Agricultural Burning,unavailable,unavailable,unavailable,0,0
29.6584,75.37521,330.29,0.5,0.41,2025-10-26,820,N20,VIIRS,n,2,302.78,1.64,D,0,unclassified,-1,0,9656.5,9813.0,,,,,,Natural Fire,unavailable,unavailable,unavailable,0,0
30.22747,75.94412,343.05,0.54,0.42,2025-10-26,820,N20,VIIRS,n,2,306.85,14.5,D,0,unclassified,31,2,3356.6,969.7,10.996666666666668,14.5,5.048389182039489,1.3186,0.0,Agricultural Burning,unavailable,unavailable,unavailable,0,0
30.12268,75.79216,333.25,0.38,0.36,2025-10-27,801,N20,VIIRS,n,2,303.84,1.7,D,0,unclassified,-1,0,2218.7,2630.0,,,,,,Natural Fire,unavailable,unavailable,unavailable,0,0
30.24077,75.9443,336.02,0.38,0.36,2025-10-27,801,N20,VIIRS,n,2,304.23,2.8,D,0,unclassified,34,2,2284.5,298.4,4.136666666666667,6.23,1.8359284662898319,0.6769,0.0,Agricultural Burning,unavailable,unavailable,unavailable,0,0
30.38556,76.48602,333.63,0.39,0.36,2025-10-27,801,N20,VIIRS,n,2,304.78,4.28,D,0,industrial_nearby,35,1,669.6,4319.4,4.28,4.28,0.0,1.0,0.0,Unknown,unavailable,unavailable,unavailable,0,0
30.38497,76.48201,333.12,0.39,0.36,2025-10-27,801,N20,VIIRS,n,2,306.44,4.28,D,0,unclassified,35,1,1059.4,3936.4,4.28,4.28,0.0,1.0,0.0,Natural Fire,unavailable,unavailable,unavailable,0,0
30.43544,75.7707,335.35,0.38,0.36,2025-10-27,801,N20,VIIRS,n,2,304.97,5.76,D,0,unclassified,-1,0,9849.1,13111.2,,,,,,Natural Fire,unavailable,unavailable,unavailable,0,0
30.52856,75.71165,330.33,0.38,0.36,2025-10-27,801,N20,VIIRS,n,2,302.29,2.13,D,0,unclassified,36,1,13439.3,22603.4,2.13,2.13,0.0,1.0,0.0,Natural Fire,unavailable,unavailable,unavailable,0,0
30.37935,75.25006,333.21,0.38,0.36,2025-10-27,801,N20,VIIRS,n,2,303.0,3.74,D,0,unclassified,-1,0,12283.5,10187.6,,,,,,Natural Fire,unavailable,unavailable,unavailable,0,0
30.52527,75.71231,337.3,0.38,0.36,2025-10-27,801,N20,VIIRS,n,2,302.77,2.13,D,0,unclassified,36,1,13524.7,22357.3,2.13,2.13,0.0,1.0,0.0,Natural Fire,unavailable,unavailable,unavailable,0,0
30.56629,75.96217,344.68,0.38,0.36,2025-10-27,801,N20,VIIRS,n,2,306.06,6.63,D,0,unclassified,37,2,4631.9,17937.6,7.9,9.17,1.7960512242138305,0.8392,0.0,Natural Fire,unavailable,unavailable,unavailable,0,0
29.64717,75.56622,299.8,0.49,0.4,2025-10-27,2026,N20,VIIRS,n,2,287.17,0.59,N,0,industrial_nearby,-1,0,783.6,0.0,,,,,,Unknown,unavailable,unavailable,unavailable,0,0
30.14664,75.9505,340.43,0.38,0.36,2025-10-27,801,N20,VIIRS,n,2,305.13,2.69,D,0,unclassified,-1,0,9236.4,6220.1,,,,,,Natural Fire,unavailable,unavailable,unavailable,0,0
30.40394,75.51939,336.02,0.38,0.36,2025-10-27,801,N20,VIIRS,n,2,303.71,5.0,D,0,unclassified,-1,0,3401.7,3509.8,,,,,,Natural Fire,unavailable,unavailable,unavailable,0,0
30.13408,75.9122,333.04,0.38,0.36,2025-10-27,801,N20,VIIRS,l,2,303.22,4.13,D,0,unclassified,38,3,7889.0,7272.3,3.783333333333333,4.13,0.397156560229506,1.0916,0.0,Natural Fire,unavailable,unavailable,unavailable,0,0
30.15225,75.05898,333.66,0.39,0.36,2025-10-27,801,N20,VIIRS,n,2,303.52,6.47,D,0,unclassified,-1,0,3988.1,38867.5,,,,,,Natural Fire,unavailable,unavailable,unavailable,0,0
29.98227,75.29868,332.56,0.39,0.36,2025-10-27,801,N20,VIIRS,l,2,303.01,6.54,D,0,unclassified,-1,0,3180.8,20146.3,,,,,,Natural Fire,unavailable,unavailable,unavailable,0,0
29.66699,75.56965,332.27,0.38,0.36,2025-10-27,801,N20,VIIRS,n,2,305.11,2.43,D,0,industrial_direct,-1,0,0.0,51.0,,,,,,Unknown,unavailable,unavailable,unavailable,0,0
29.62678,75.28893,334.42,0.39,0.36,2025-10-27,801,N20,VIIRS,n,2,302.94,3.15,D,0,unclassified,-1,0,3634.3,17975.0,,,,,,Natural Fire,unavailable,unavailable,unavailable,0,0
29.8048,76.00473,335.08,0.38,0.36,2025-10-27,801,N20,VIIRS,n,2,305.21,2.66,D,0,unclassified,5,2,6099.9,198.1,3.41,4.16,1.0606601717798212,0.7801,0.0,Agricultural Burning,unavailable,unavailable,unavailable,0,0
29.85777,76.33624,333.91,0.39,0.36,2025-10-27,801,N20,VIIRS,n,2,305.49,1.19,D,0,unclassified,-1,0,4177.2,7111.6,,,,,,Natural Fire,unavailable,unavailable,unavailable,0,0
29.91147,76.17142,344.73,0.38,0.36,2025-10-27,801,N20,VIIRS,n,2,305.93,7.73,D,0,unclassified,-1,0,9860.4,12389.0,,,,,,Natural Fire,unavailable,unavailable,unavailable,0,0
29.84443,76.15556,339.86,0.38,0.36,2025-10-27,801,N20,VIIRS,n,2,305.72,4.05,D,0,unclassified,-1,0,5578.1,12414.4,,,,,,Natural Fire,unavailable,unavailable,unavailable,0,0
29.95326,75.81741,334.1,0.38,0.36,2025-10-27,801,N20,VIIRS,n,2,304.43,2.06,D,0,unclassified,-1,0,2203.7,4761.7,,,,,,Natural Fire,unavailable,unavailable,unavailable,0,0
30.07099,76.10355,337.94,0.38,0.36,2025-10-27,801,N20,VIIRS,n,2,304.92,4.71,D,0,unclassified,39,2,8503.1,16204.6,6.883333333333333,9.13,2.2109123305398914,0.6843,0.0,Natural Fire,unavailable,unavailable,unavailable,0,0
30.14106,76.25386,333.31,0.39,0.36,2025-10-27,801,N20,VIIRS,n,2,304.99,2.52,D,0,unclassified,-1,0,4212.5,11658.7,,,,,,Natural Fire,unavailable,unavailable,unavailable,0,0
30.07244,75.90822,332.89,0.38,0.36,2025-10-27,801,N20,VIIRS,n,2,304.22,2.25,D,0,unclassified,-1,0,10305.8,2100.0,,,,,,Natural Fire,unavailable,unavailable,unavailable,0,0
29.93465,75.0177,344.17,0.39,0.36,2025-10-27,801,N20,VIIRS,n,2,308.99,11.27,D,0,unclassified,-1,0,1480.7,34503.8,,,,,,Natural Fire,unavailable,unavailable,unavailable,0,0
29.89412,75.89812,333.24,0.38,0.36,2025-10-27,801,N20,VIIRS,l,2,304.75,8.37,D,0,unclassified,-1,0,4642.2,4380.9,,,,,,Natural Fire,unavailable,unavailable,unavailable,0,0
30.17941,75.30119,332.43,0.54,0.42,2025-10-28,742,N20,VIIRS,n,2,300.87,4.46,D,0,unclassified,-1,0,11886.8,25226.2,,,,,,Natural Fire,unavailable,unavailable,unavailable,0,0
29.69912,75.53395,302.52,0.61,0.53,2025-10-28,2007,N20,VIIRS,n,2,288.62,1.11,N,0,unclassified,-1,0,4140.4,1091.9,,,,,,Agricultural Burning,unavailable,unavailable,unavailable,0,0
30.49652,76.05996,332.04,0.49,0.41,2025-10-28,742,N20,VIIRS,l,2,303.27,4.08,D,0,unclassified,-1,0,11867.6,17318.9,,,,,,Natural Fire,unavailable,unavailable,unavailable,0,0
30.18281,75.82574,332.37,0.51,0.41,2025-10-28,742,N20,VIIRS,n,2,300.43,2.82,D,0,unclassified,-1,0,4588.8,6686.3,,,,,,Natural Fire,unavailable,unavailable,unavailable,0,0
30.08067,76.05669,337.21,0.5,0.41,2025-10-28,742,N20,VIIRS,n,2,299.39,7.4,D,0,unclassified,-1,0,5068.4,11930.1,,,,,,Natural Fire,unavailable,unavailable,unavailable,0,0
29.92825,75.03806,331.42,0.57,0.43,2025-10-28,742,N20,VIIRS,n,2,298.44,2.77,D,0,unclassified,-1,0,3403.2,32423.3,,,,,,Natural Fire,unavailable,unavailable,unavailable,0,0
29.84449,75.48749,335.03,0.54,0.42,2025-10-28,742,N20,VIIRS,n,2,296.79,10.25,D,0,industrial_nearby,-1,0,495.1,8444.7,,,,,,Unknown,unavailable,unavailable,unavailable,0,0
29.87872,76.01804,335.74,0.51,0.41,2025-10-28,742,N20,VIIRS,n,2,282.12,5.52,D,0,unclassified,-1,0,4405.1,4569.3,,,,,,Natural Fire,unavailable,unavailable,unavailable,0,0
30.0753,75.73413,331.71,0.52,0.41,2025-10-28,742,N20,VIIRS,n,2,299.8,3.94,D,0,unclassified,-1,0,2483.8,9647.2,,,,,,Natural Fire,unavailable,unavailable,unavailable,0,0
29.82815,75.60455,367.0,0.77,0.77,2025-10-29,904,N20,VIIRS,h,2,296.02,22.82,D,0,industrial_nearby,40,1,251.2,9229.6,24.83,26.84,2.8425692603699217,0.919,0.0,Unknown,unavailable,unavailable,unavailable,0,0
30.29899,75.75141,343.11,0.79,0.78,2025-10-29,904,N20,VIIRS,n,2,296.34,12.64,D,0,unclassified,41,1,9172.4,17356.3,10.46,12.64,3.0829855659733485,1.2084,0.0,Natural Fire,unavailable,unavailable,unavailable,0,0
30.29768,75.75187,338.43,0.79,0.78,2025-10-29,904,N20,VIIRS,n,2,295.97,8.28,D,0,unclassified,41,1,9025.3,17270.3,10.46,12.64,3.0829855659733485,0.7916,0.0,Natural Fire,unavailable,unavailable,unavailable,0,0
30.29797,75.76027,329.81,0.79,0.78,2025-10-29,904,N20,VIIRS,n,2,295.11,8.28,D,0,unclassified,-1,0,8660.9,16511.2,,,,,,Natural Fire,unavailable,unavailable,unavailable,0,0
30.16111,75.24487,338.67,0.73,0.76,2025-10-29,904,N20,VIIRS,n,2,296.16,6.98,D,0,unclassified,-1,0,11598.6,30844.0,,,,,,Natural Fire,unavailable,unavailable,unavailable,0,0
30.15874,75.77969,346.3,0.79,0.78,2025-10-29,904,N20,VIIRS,n,2,296.32,16.34,D,0,unclassified,42,1,4825.9,5535.5,13.844999999999999,16.34,3.5284628381208716,1.1802,0.0,Natural Fire,unavailable,unavailable,unavailable,0,0
30.15747,75.78046,346.15,0.79,0.78,2025-10-29,904,N20,VIIRS,n,2,296.66,11.35,D,0,unclassified,42,1,4673.8,5382.8,13.844999999999999,16.34,3.5284628381208716,0.8198,0.0,Natural Fire,unavailable,unavailable,unavailable,0,0
29.93051,75.01273,340.1,0.71,0.75,2025-10-29,904,N20,VIIRS,n,2,297.5,7.37,D,0,unclassified,-1,0,1717.1,34751.4,,,,,,Natural Fire,unavailable,unavailable,unavailable,0,0
29.84027,75.16959,336.93,0.72,0.76,2025-10-29,904,N20,VIIRS,n,2,296.14,5.65,D,0,unclassified,-1,0,2860.8,17118.5,,,,,,Natural Fire,unavailable,unavailable,unavailable,0,0
29.8253,75.60292,367.0,0.77,0.77,2025-10-29,904,N20,VIIRS,h,2,297.7,26.84,D,0,industrial_nearby,40,1,64.9,8922.6,24.83,26.84,2.8425692603699217,1.081,0.0,Unknown,unavailable,unavailable,unavailable,0,0
30.1123,75.03275,331.39,0.71,0.75,2025-10-29,904,N20,VIIRS,n,2,296.99,5.87,D,0,unclassified,-1,0,2726.9,43949.7,,,,,,Natural Fire,unavailable,unavailable,unavailable,0,0
30.38672,75.46746,340.66,0.32,0.55,2025-10-29,724,N20,VIIRS,n,2,299.66,3.13,D,0,unclassified,-1,0,5689.4,4845.6,,,,,,Natural Fire,unavailable,unavailable,unavailable,0,0
30.58822,75.5186,350.47,0.32,0.54,2025-10-29,724,N20,VIIRS,n,2,300.34,12.32,D,0,unclassified,-1,0,7826.2,22922.0,,,,,,Natural Fire,unavailable,unavailable,unavailable,0,0
29.80417,75.87996,353.52,0.63,0.54,2025-10-29,724,N20,VIIRS,n,2,302.08,36.24,D,0,unclassified,43,3,3251.5,1057.7,22.1275,36.24,13.776454248705164,1.6378,0.0,Agricultural Burning,unavailable,unavailable,unavailable,0,0
29.86218,75.93,355.01,0.63,0.54,2025-10-29,724,N20,VIIRS,n,2,302.26,19.23,D,0,unclassified,-1,0,3537.5,816.0,,,,,,Agricultural Burning,unavailable,unavailable,unavailable,0,0
30.08263,75.87461,341.15,0.62,0.54,2025-10-29,724,N20,VIIRS,n,2,300.5,7.39,D,0,unclassified,44,1,7444.2,5490.5,8.825,10.26,2.029396462005392,0.8374,0.0,Natural Fire,unavailable,unavailable,unavailable,0,0
30.13132,75.90678,333.12,0.62,0.54,2025-10-29,724,N20,VIIRS,n,2,299.53,3.87,D,0,unclassified,38,3,7940.9,7679.4,3.783333333333333,4.13,0.397156560229506,1.0229,0.0,Natural Fire,unavailable,unavailable,unavailable,0,0
30.0807,75.87589,341.47,0.62,0.54,2025-10-29,724,N20,VIIRS,n,2,300.39,10.26,D,0,unclassified,44,1,7677.6,5291.2,8.825,10.26,2.029396462005392,1.1626,0.0,Natural Fire,unavailable,unavailable,unavailable,0,0
30.15412,75.75855,338.74,0.63,0.54,2025-10-29,724,N20,VIIRS,n,2,300.66,4.1,D,0,unclassified,-1,0,6161.1,6823.5,,,,,,Natural Fire,unavailable,unavailable,unavailable,0,0
30.27433,75.91542,349.23,0.61,0.54,2025-10-29,724,N20,VIIRS,n,2,302.56,11.65,D,0,unclassified,45,2,2093.5,2578.0,7.76,11.65,5.50129075763134,1.5013,0.0,Natural Fire,unavailable,unavailable,unavailable,0,0
30.4056,75.93928,335.65,0.61,0.53,2025-10-29,724,N20,VIIRS,n,2,299.78,4.1,D,0,unclassified,-1,0,5515.2,2971.1,,,,,,Natural Fire,unavailable,unavailable,unavailable,0,0
30.16085,75.99064,333.04,0.61,0.53,2025-10-29,724,N20,VIIRS,n,2,299.28,8.44,D,0,unclassified,-1,0,10333.9,6118.0,,,,,,Natural Fire,unavailable,unavailable,unavailable,0,0
30.24781,76.13867,342.66,0.43,0.62,2025-10-30,845,N20,VIIRS,n,2,295.48,6.77,D,0,unclassified,46,1,3200.7,18307.7,6.015,6.77,1.0677312395916867,1.1255,0.0,Natural Fire,unavailable,unavailable,unavailable,0,0
30.21547,75.9379,341.2,0.42,0.61,2025-10-30,845,N20,VIIRS,n,2,295.77,6.09,D,0,unclassified,-1,0,4198.9,0.0,,,,,,Agricultural Burning,unavailable,unavailable,unavailable,0,0
30.2522,76.13753,348.65,0.43,0.62,2025-10-30,845,N20,VIIRS,n,2,295.37,5.26,D,0,unclassified,46,1,2968.8,18297.6,6.015,6.77,1.0677312395916867,0.8745,0.0,Natural Fire,unavailable,unavailable,unavailable,0,0
30.19173,75.37299,349.77,0.39,0.59,2025-10-30,845,N20,VIIRS,n,2,297.41,6.98,D,0,unclassified,-1,0,10288.1,19060.5,,,,,,Natural Fire,unavailable,unavailable,unavailable,0,0
30.18625,75.37347,336.31,0.39,0.59,2025-10-30,845,N20,VIIRS,n,2,296.36,5.19,D,0,unclassified,-1,0,9777.5,19461.7,,,,,,Natural Fire,unavailable,unavailable,unavailable,0,0
30.15913,75.22998,336.12,0.38,0.59,2025-10-30,845,N20,VIIRS,n,2,297.87,3.02,D,0,unclassified,47,2,11680.0,32170.0,3.23,3.44,0.2969848480983499,0.935,0.0,Natural Fire,unavailable,unavailable,unavailable,0,0
30.10191,75.43023,331.56,0.39,0.59,2025-10-30,845,N20,VIIRS,n,2,297.65,2.13,D,0,unclassified,-1,0,1758.7,24726.4,,,,,,Natural Fire,unavailable,unavailable,unavailable,0,0
30.16924,75.9284,341.07,0.42,0.61,2025-10-30,845,N20,VIIRS,n,2,297.57,5.47,D,0,unclassified,-1,0,6066.2,3272.9,,,,,,Natural Fire,unavailable,unavailable,unavailable,0,0
30.18586,76.27196,330.84,0.44,0.62,2025-10-30,845,N20,VIIRS,n,2,297.29,2.98,D,0,unclassified,-1,0,3362.5,11428.8,,,,,,Natural Fire,unavailable,unavailable,unavailable,0,0
30.53699,75.06702,338.55,0.37,0.58,2025-10-30,845,N20,VIIRS,n,2,299.06,2.72,D,0,unclassified,-1,0,28247.5,17341.5,,,,,,Natural Fire,unavailable,unavailable,unavailable,0,0
30.27361,75.91575,342.74,0.42,0.61,2025-10-30,845,N20,VIIRS,n,2,297.47,3.87,D,0,unclassified,45,2,2015.9,2492.4,7.76,11.65,5.50129075763134,0.4987,0.0,Natural Fire,unavailable,unavailable,unavailable,0,0
30.13999,75.72429,331.44,0.41,0.6,2025-10-30,845,N20,VIIRS,n,2,297.47,1.79,D,0,unclassified,-1,0,6913.6,9366.0,,,,,,Natural Fire,unavailable,unavailable,unavailable,0,0
30.10584,75.41632,343.89,0.39,0.59,2025-10-30,845,N20,VIIRS,n,2,298.15,4.24,D,0,unclassified,48,1,2284.7,24788.3,4.175000000000001,4.24,0.09192388155425142,1.0156,0.0,Natural Fire,unavailable,unavailable,unavailable,0,0
30.13778,75.39002,330.5,0.39,0.59,2025-10-30,845,N20,VIIRS,n,2,296.21,1.92,D,0,unclassified,-1,0,5023.4,22763.9,,,,,,Natural Fire,unavailable,unavailable,unavailable,0,0
30.27927,75.91527,367.0,0.42,0.61,2025-10-30,845,N20,VIIRS,h,2,297.89,15.12,D,0,unclassified,-1,0,2638.8,3107.4,,,,,,Natural Fire,unavailable,unavailable,unavailable,0,0
30.35012,75.86964,367.0,0.42,0.61,2025-10-30,845,N20,VIIRS,h,2,295.56,14.21,D,0,unclassified,49,1,2612.7,7363.3,13.65,14.21,0.7919595949289339,1.041,0.0,Natural Fire,unavailable,unavailable,unavailable,0,0
30.29379,75.71292,367.0,0.41,0.6,2025-10-30,845,N20,VIIRS,h,2,297.75,9.28,D,0,unclassified,-1,0,10978.1,17016.3,,,,,,Natural Fire,unavailable,unavailable,unavailable,0,0
30.30964,75.85973,341.7,0.42,0.61,2025-10-30,845,N20,VIIRS,n,2,297.06,3.56,D,0,unclassified,-1,0,7128.0,8849.3,,,,,,Natural Fire,unavailable,unavailable,unavailable,0,0
30.33319,76.03625,346.33,0.43,0.62,2025-10-30,845,N20,VIIRS,n,2,297.62,6.23,D,0,unclassified,-1,0,7869.0,12981.0,,,,,,Natural Fire,unavailable,unavailable,unavailable,0,0
30.34751,75.86927,367.0,0.42,0.61,2025-10-30,845,N20,VIIRS,h,2,297.06,13.09,D,0,unclassified,49,1,2900.8,7638.4,13.65,14.21,0.7919595949289339,0.959,0.0,Natural Fire,unavailable,unavailable,unavailable,0,0
30.38975,75.90567,335.02,0.42,0.61,2025-10-30,845,N20,VIIRS,n,2,295.45,7.91,D,0,unclassified,50,2,3805.5,2182.6,6.463333333333334,9.73,4.182072851270448,1.2238,0.0,Natural Fire,unavailable,unavailable,unavailable,0,0
30.38945,75.90124,347.99,0.42,0.61,2025-10-30,845,N20,VIIRS,n,2,296.17,9.73,D,0,unclassified,50,2,3511.4,2237.3,6.463333333333334,9.73,4.182072851270448,1.5054,0.0,Natural Fire,unavailable,unavailable,unavailable,0,0
30.42402,75.50932,367.0,0.4,0.6,2025-10-30,845,N20,VIIRS,h,2,296.99,7.21,D,0,unclassified,51,1,5790.8,5804.0,7.994999999999999,8.78,1.1101576464628795,0.9018,0.0,Natural Fire,unavailable,unavailable,unavailable,0,0
30.42352,75.50956,352.24,0.4,0.6,2025-10-30,845,N20,VIIRS,n,2,296.48,8.78,D,0,unclassified,51,1,5731.2,5746.2,7.994999999999999,8.78,1.1101576464628795,1.0982,0.0,Natural Fire,unavailable,unavailable,unavailable,0,0
30.45892,75.79011,335.05,0.41,0.61,2025-10-30,845,N20,VIIRS,n,2,296.85,2.26,D,0,unclassified,52,2,8732.1,12179.9,2.0549999999999997,2.26,0.2899137802864841,1.0998,0.0,Natural Fire,unavailable,unavailable,unavailable,0,0
30.41936,75.12862,344.85,0.38,0.59,2025-10-30,845,N20,VIIRS,n,2,297.95,4.02,D,0,unclassified,-1,0,16364.9,11266.7,,,,,,Natural Fire,unavailable,unavailable,unavailable,0,0
30.53751,75.77922,342.54,0.41,0.61,2025-10-30,845,N20,VIIRS,n,2,298.69,5.45,D,0,unclassified,-1,0,9642.4,18453.2,,,,,,Natural Fire,unavailable,unavailable,unavailable,0,0
30.53743,75.72408,339.02,0.41,0.61,2025-10-30,845,N20,VIIRS,n,2,297.3,2.89,D,0,unclassified,-1,0,14114.4,22257.0,,,,,,Natural Fire,unavailable,unavailable,unavailable,0,0
30.52321,75.18038,331.15,0.38,0.59,2025-10-30,845,N20,VIIRS,n,2,297.4,2.35,D,0,unclassified,-1,0,17597.8,7589.8,,,,,,Natural Fire,unavailable,unavailable,unavailable,0,0
30.11325,75.74374,367.0,0.41,0.6,2025-10-30,845,N20,VIIRS,h,2,298.64,7.57,D,0,unclassified,53,2,5079.4,7343.5,6.165,7.57,1.9869700551341989,1.2279,0.0,Natural Fire,unavailable,unavailable,unavailable,0,0
30.30542,76.22616,367.0,0.44,0.62,2025-10-30,845,N20,VIIRS,h,2,297.44,11.79,D,0,unclassified,-1,0,6552.7,11310.7,,,,,,Natural Fire,unavailable,unavailable,unavailable,0,0
30.10673,75.73139,334.69,0.41,0.6,2025-10-30,845,N20,VIIRS,n,2,296.77,2.29,D,0,unclassified,-1,0,3768.8,8628.0,,,,,,Natural Fire,unavailable,unavailable,unavailable,0,0
30.10628,75.41338,342.37,0.39,0.59,2025-10-30,845,N20,VIIRS,n,2,298.54,4.11,D,0,unclassified,48,1,2504.9,24851.5,4.175000000000001,4.24,0.09192388155425142,0.9844,0.0,Natural Fire,unavailable,unavailable,unavailable,0,0
30.05598,75.33902,351.16,0.38,0.59,2025-10-30,845,N20,VIIRS,n,2,297.18,8.32,D,0,unclassified,54,1,7677.1,27828.8,7.645,8.32,0.9545941546018393,1.0883,0.0,Natural Fire,unavailable,unavailable,unavailable,0,0
30.05568,75.33498,337.14,0.38,0.59,2025-10-30,845,N20,VIIRS,n,2,297.57,6.97,D,0,unclassified,54,1,7649.7,27806.0,7.645,8.32,0.9545941546018393,0.9117,0.0,Natural Fire,unavailable,unavailable,unavailable,0,0
29.9976,76.06009,330.41,0.58,0.69,2025-10-30,705,N20,VIIRS,n,2,292.13,3.63,D,0,unclassified,55,1,4564.7,13340.0,3.76,3.89,0.18384776310850268,0.9654,0.0,Natural Fire,unavailable,unavailable,unavailable,0,0
30.00052,76.05848,333.22,0.58,0.69,2025-10-30,705,N20,VIIRS,n,2,293.29,3.89,D,0,unclassified,55,1,4676.2,13058.3,3.76,3.89,0.18384776310850268,1.0346,0.0,Natural Fire,unavailable,unavailable,unavailable,0,0
29.98627,75.78204,330.3,0.6,0.7,2025-10-30,705,N20,VIIRS,n,2,294.39,4.51,D,0,unclassified,-1,0,2660.3,8328.3,,,,,,Natural Fire,unavailable,unavailable,unavailable,0,0
30.10068,75.74587,339.14,0.6,0.7,2025-10-30,705,N20,VIIRS,n,2,294.43,3.77,D,0,unclassified,-1,0,4317.4,7433.8,,,,,,Natural Fire,unavailable,unavailable,unavailable,0,0
30.16514,75.88414,331.51,0.58,0.7,2025-10-30,705,N20,VIIRS,n,2,294.78,5.84,D,0,unclassified,56,1,3673.6,5407.4,4.825,5.84,1.4354267658086914,1.2104,0.0,Natural Fire,unavailable,unavailable,unavailable,0,0
30.16754,75.88281,332.1,0.58,0.7,2025-10-30,705,N20,VIIRS,n,2,294.49,3.81,D,0,unclassified,56,1,3383.9,5241.2,4.825,5.84,1.4354267658086914,0.7896,0.0,Natural Fire,unavailable,unavailable,unavailable,0,0
30.0272,75.17516,353.92,0.65,0.73,2025-10-30,705,N20,VIIRS,n,2,295.52,10.47,D,0,unclassified,-1,0,6965.4,29542.1,,,,,,Natural Fire,unavailable,unavailable,unavailable,0,0
30.25557,75.88338,340.18,0.58,0.7,2025-10-30,705,N20,VIIRS,n,2,295.53,6.68,D,0,unclassified,-1,0,1744.3,3861.6,,,,,,Natural Fire,unavailable,unavailable,unavailable,0,0
30.32948,75.01635,350.77,0.65,0.73,2025-10-30,705,N20,VIIRS,n,2,297.84,8.3,D,0,unclassified,-1,0,12340.6,25788.4,,,,,,Natural Fire,unavailable,unavailable,unavailable,0,0
29.63841,75.47865,349.1,0.39,0.59,2025-10-30,845,N20,VIIRS,n,2,297.99,4.5,D,0,unclassified,-1,0,8176.5,0.0,,,,,,Agricultural Burning,unavailable,unavailable,unavailable,0,0
29.67809,75.7161,338.78,0.4,0.6,2025-10-30,845,N20,VIIRS,n,2,296.32,4.79,D,0,unclassified,-1,0,1056.7,490.5,,,,,,Agricultural Burning,unavailable,unavailable,unavailable,0,0
29.75581,75.96089,367.0,0.42,0.61,2025-10-30,845,N20,VIIRS,h,2,298.22,13.82,D,0,unclassified,-1,0,7504.0,3171.6,,,,,,Natural Fire,unavailable,unavailable,unavailable,0,0
29.7621,75.27898,347.71,0.38,0.59,2025-10-30,845,N20,VIIRS,n,2,297.57,4.26,D,0,unclassified,-1,0,3674.8,7549.6,,,,,,Natural Fire,unavailable,unavailable,unavailable,0,0
29.75901,75.16853,343.63,0.37,0.58,2025-10-30,845,N20,VIIRS,n,2,298.29,2.71,D,0,unclassified,-1,0,8148.6,17419.3,,,,,,Natural Fire,unavailable,unavailable,unavailable,0,0
29.98213,75.84199,333.98,0.59,0.7,2025-10-30,705,N20,VIIRS,n,2,293.6,4.92,D,0,unclassified,-1,0,5209.7,5738.6,,,,,,Natural Fire,unavailable,unavailable,unavailable,0,0
29.83294,75.84988,334.68,0.41,0.61,2025-10-30,845,N20,VIIRS,n,2,296.94,7.27,D,0,unclassified,57,1,1789.2,1201.4,5.365,7.27,2.694076836320746,1.3551,0.0,Agricultural Burning,unavailable,unavailable,unavailable,0,0
29.82764,75.85464,355.21,0.41,0.61,2025-10-30,845,N20,VIIRS,n,2,297.82,7.21,D,0,unclassified,58,1,2230.6,1650.3,6.9399999999999995,7.21,0.38183766184073537,1.0389,0.0,Agricultural Burning,unavailable,unavailable,unavailable,0,0
30.08776,75.86304,331.4,0.41,0.61,2025-10-30,845,N20,VIIRS,n,2,296.37,2.82,D,0,unclassified,-1,0,6235.0,5486.2,,,,,,Natural Fire,unavailable,unavailable,unavailable,0,0
30.08435,75.73328,349.74,0.41,0.6,2025-10-30,845,N20,VIIRS,n,2,297.46,7.33,D,0,unclassified,-1,0,2452.6,9235.9,,,,,,Natural Fire,unavailable,unavailable,unavailable,0,0
30.07619,75.85965,367.0,0.41,0.61,2025-10-30,845,N20,VIIRS,h,2,298.25,19.7,D,0,unclassified,59,1,6975.1,6201.8,19.515,19.7,0.26162950903902454,1.0095,0.0,Natural Fire,unavailable,unavailable,unavailable,0,0
30.00392,75.54125,367.0,0.4,0.6,2025-10-30,845,N20,VIIRS,h,2,295.59,8.3,D,0,unclassified,60,1,5482.6,25104.0,8.440000000000001,8.58,0.19798989873223224,0.9834,0.0,Natural Fire,unavailable,unavailable,unavailable,0,0
30.00421,75.54123,367.0,0.4,0.6,2025-10-30,845,N20,VIIRS,h,2,296.59,8.58,D,0,unclassified,60,1,5514.8,25119.0,8.440000000000001,8.58,0.19798989873223224,1.0166,0.0,Natural Fire,unavailable,unavailable,unavailable,0,0
30.01969,75.90783,349.09,0.42,0.61,2025-10-30,845,N20,VIIRS,n,2,297.09,6.52,D,0,unclassified,-1,0,9563.9,3815.4,,,,,,Natural Fire,unavailable,unavailable,unavailable,0,0
30.07589,75.85531,352.57,0.41,0.61,2025-10-30,845,N20,VIIRS,n,2,301.29,19.33,D,0,unclassified,59,1,6758.8,5982.9,19.515,19.7,0.26162950903902454,0.9905,0.0,Natural Fire,unavailable,unavailable,unavailable,0,0
30.0021,76.06463,353.52,0.43,0.62,2025-10-30,845,N20,VIIRS,n,2,295.71,7.29,D,0,unclassified,-1,0,4816.6,13524.0,,,,,,Natural Fire,unavailable,unavailable,unavailable,0,0
29.95285,76.37812,339.15,0.44,0.63,2025-10-30,845,N20,VIIRS,n,2,294.2,2.48,D,0,unclassified,-1,0,6599.9,5956.8,,,,,,Natural Fire,unavailable,unavailable,unavailable,0,0
29.88276,76.11297,336.65,0.43,0.62,2025-10-30,845,N20,VIIRS,n,2,297.3,3.58,D,0,unclassified,-1,0,6088.7,11557.1,,,,,,Natural Fire,unavailable,unavailable,unavailable,0,0
29.82938,75.58453,334.76,0.4,0.6,2025-10-30,845,N20,VIIRS,n,2,295.6,4.72,D,0,industrial_nearby,-1,0,864.6,8055.0,,,,,,Unknown,unavailable,unavailable,unavailable,0,0
29.83072,75.84798,340.36,0.41,0.61,2025-10-30,845,N20,VIIRS,n,2,298.56,3.46,D,0,unclassified,57,1,2090.5,1263.2,5.365,7.27,2.694076836320746,0.6449,0.0,Agricultural Burning,unavailable,unavailable,unavailable,0,0
29.9996,75.62974,367.0,0.4,0.6,2025-10-30,845,N20,VIIRS,h,2,297.42,7.6,D,0,unclassified,-1,0,7990.7,17408.2,,,,,,Natural Fire,unavailable,unavailable,unavailable,0,0
29.82538,75.85276,355.85,0.41,0.61,2025-10-30,845,N20,VIIRS,n,2,298.5,6.67,D,0,unclassified,58,1,2506.8,1420.9,6.9399999999999995,7.21,0.38183766184073537,0.9611,0.0,Agricultural Burning,unavailable,unavailable,unavailable,0,0
30.18995,75.09313,338.19,0.39,0.44,2025-10-31,826,N20,VIIRS,n,2,305.88,9.07,D,0,unclassified,-1,0,3243.2,33712.1,,,,,,Natural Fire,unavailable,unavailable,unavailable,0,0
30.24284,75.50253,339.46,0.41,0.45,2025-10-31,826,N20,VIIRS,n,2,303.37,4.72,D,0,unclassified,-1,0,5431.4,7845.9,,,,,,Natural Fire,unavailable,unavailable,unavailable,0,0
30.30607,76.06057,342.75,0.44,0.46,2025-10-31,826,N20,VIIRS,n,2,303.72,2.93,D,0,unclassified,-1,0,4557.7,13247.2,,,,,,Natural Fire,unavailable,unavailable,unavailable,0,0
30.23076,75.31432,341.43,0.4,0.44,2025-10-31,826,N20,VIIRS,n,2,302.31,4.96,D,0,unclassified,-1,0,9282.4,21131.2,,,,,,Natural Fire,unavailable,unavailable,unavailable,0,0
30.29707,75.77094,333.36,0.43,0.46,2025-10-31,826,N20,VIIRS,n,2,303.25,2.04,D,0,unclassified,61,1,8157.4,15505.9,2.395,2.75,0.5020458146424487,0.8518,0.0,Natural Fire,unavailable,unavailable,unavailable,0,0
30.30517,75.76249,332.71,0.43,0.46,2025-10-31,827,N20,VIIRS,n,2,303.81,1.93,D,0,unclassified,-1,0,9294.0,16573.6,,,,,,Natural Fire,unavailable,unavailable,unavailable,0,0
30.29249,75.5146,344.33,0.41,0.45,2025-10-31,827,N20,VIIRS,n,2,306.31,15.12,D,0,industrial_nearby,62,2,888.2,2275.2,9.135,15.12,8.464068170802973,1.6552,0.0,Unknown,unavailable,unavailable,unavailable,0,0
30.33953,75.8904,332.54,0.44,0.46,2025-10-31,827,N20,VIIRS,n,2,301.92,3.86,D,0,unclassified,-1,0,4324.9,7863.4,,,,,,Natural Fire,unavailable,unavailable,unavailable,0,0
30.36262,75.90579,332.67,0.44,0.46,2025-10-31,827,N20,VIIRS,l,2,302.96,3.34,D,0,unclassified,-1,0,3776.5,5187.8,,,,,,Natural Fire,unavailable,unavailable,unavailable,0,0
30.39191,76.10818,343.4,0.45,0.47,2025-10-31,827,N20,VIIRS,n,2,303.95,5.42,D,0,unclassified,-1,0,1031.6,19252.9,,,,,,Natural Fire,unavailable,unavailable,unavailable,0,0
30.29765,75.77255,332.69,0.43,0.46,2025-10-31,827,N20,VIIRS,n,2,303.73,2.75,D,0,unclassified,61,1,8164.9,15380.2,2.395,2.75,0.5020458146424487,1.1482,0.0,Natural Fire,unavailable,unavailable,unavailable,0,0
30.26998,75.87943,349.76,0.43,0.46,2025-10-31,826,N20,VIIRS,n,2,303.93,11.07,D,0,unclassified,-1,0,3022.8,4686.6,,,,,,Natural Fire,unavailable,unavailable,unavailable,0,0
30.23701,75.89302,340.28,0.43,0.46,2025-10-31,826,N20,VIIRS,n,2,301.92,5.56,D,0,unclassified,63,1,1468.0,3046.5,6.14,6.72,0.8202438661763952,0.9055,0.0,Natural Fire,unavailable,unavailable,unavailable,0,0
30.26716,75.89359,340.11,0.43,0.46,2025-10-31,826,N20,VIIRS,n,2,300.87,6.79,D,0,unclassified,64,2,2063.3,3332.0,6.095,6.79,0.8223746105030242,1.114,0.0,Natural Fire,unavailable,unavailable,unavailable,0,0
30.26198,75.8851,341.13,0.43,0.46,2025-10-31,826,N20,VIIRS,n,2,301.85,4.57,D,0,unclassified,-1,0,2003.3,3859.6,,,,,,Natural Fire,unavailable,unavailable,unavailable,0,0
30.24927,75.88678,340.49,0.43,0.46,2025-10-31,826,N20,VIIRS,n,2,302.49,3.29,D,0,unclassified,-1,0,1273.3,3506.4,,,,,,Natural Fire,unavailable,unavailable,unavailable,0,0
30.19022,75.36269,337.5,0.41,0.45,2025-10-31,826,N20,VIIRS,n,2,301.24,3.23,D,0,unclassified,-1,0,10779.8,19889.7,,,,,,Natural Fire,unavailable,unavailable,unavailable,0,0
30.23656,75.88848,338.87,0.43,0.46,2025-10-31,826,N20,VIIRS,n,2,305.79,6.72,D,0,unclassified,63,1,1668.7,3486.1,6.14,6.72,0.8202438661763952,1.0945,0.0,Natural Fire,unavailable,unavailable,unavailable,0,0
30.23508,75.91628,332.52,0.44,0.46,2025-10-31,826,N20,VIIRS,n,2,302.54,2.2,D,0,unclassified,-1,0,1787.3,954.4,,,,,,Agricultural Burning,unavailable,unavailable,unavailable,0,0
30.25213,76.12904,338.83,0.45,0.47,2025-10-31,826,N20,VIIRS,n,2,302.62,4.65,D,0,unclassified,-1,0,3659.1,17498.7,,,,,,Natural Fire,unavailable,unavailable,unavailable,0,0
30.21607,75.81358,342.07,0.43,0.46,2025-10-31,826,N20,VIIRS,n,2,306.16,12.78,D,0,industrial_nearby,-1,0,834.4,9407.6,,,,,,Unknown,unavailable,unavailable,unavailable,0,0
30.25296,76.1813,348.3,0.45,0.47,2025-10-31,826,N20,VIIRS,n,2,312.02,25.5,D,0,unclassified,17,3,2097.4,17204.9,10.33,25.5,13.195525756861679,2.4685,0.0,Natural Fire,unavailable,unavailable,unavailable,0,0
30.13283,75.1344,336.72,0.39,0.44,2025-10-31,826,N20,VIIRS,n,2,301.56,6.04,D,0,unclassified,65,1,5193.8,38474.9,5.4,6.04,0.9050966799187813,1.1185,0.0,Natural Fire,unavailable,unavailable,unavailable,0,0
30.3599,75.71442,337.91,0.43,0.46,2025-10-31,827,N20,VIIRS,n,2,303.49,5.67,D,0,unclassified,66,1,8584.5,16118.3,4.92,5.67,1.0606601717798212,1.1524,0.0,Natural Fire,unavailable,unavailable,unavailable,0,0
30.27565,75.93398,354.2,0.44,0.46,2025-10-31,826,N20,VIIRS,n,2,305.24,13.25,D,0,unclassified,-1,0,2902.3,2366.7,,,,,,Natural Fire,unavailable,unavailable,unavailable,0,0
30.35943,75.70998,335.71,0.43,0.46,2025-10-31,827,N20,VIIRS,n,2,301.7,4.17,D,0,unclassified,66,1,8157.3,15688.8,4.92,5.67,1.0606601717798212,0.8476,0.0,Natural Fire,unavailable,unavailable,unavailable,0,0
30.44542,75.08726,349.94,0.39,0.44,2025-10-31,827,N20,VIIRS,n,2,302.13,8.67,D,0,unclassified,-1,0,20239.1,14011.3,,,,,,Natural Fire,unavailable,unavailable,unavailable,0,0
30.39221,75.77802,343.33,0.43,0.46,2025-10-31,827,N20,VIIRS,n,2,304.08,9.8,D,0,unclassified,-1,0,7035.0,12256.5,,,,,,Natural Fire,unavailable,unavailable,unavailable,0,0
30.13326,75.13851,336.79,0.39,0.44,2025-10-31,826,N20,VIIRS,n,2,299.51,4.76,D,0,unclassified,65,1,5589.7,38335.5,5.4,6.04,0.9050966799187813,0.8815,0.0,Natural Fire,unavailable,unavailable,unavailable,0,0
29.90507,75.38285,302.85,0.41,0.37,2025-10-31,2051,N20,VIIRS,n,2,289.89,0.53,N,0,unclassified,-1,0,2490.6,11680.9,,,,,,Natural Fire,unavailable,unavailable,unavailable,0,0
30.54664,75.03145,339.58,0.39,0.44,2025-10-31,827,N20,VIIRS,n,2,299.61,3.9,D,0,unclassified,-1,0,31821.7,20889.5,,,,,,Natural Fire,unavailable,unavailable,unavailable,0,0
30.58743,75.42318,341.38,0.41,0.45,2025-10-31,827,N20,VIIRS,n,2,303.77,5.92,D,0,unclassified,-1,0,15372.1,22523.5,,,,,,Natural Fire,unavailable,unavailable,unavailable,0,0
30.52601,75.07167,333.37,0.39,0.44,2025-10-31,827,N20,VIIRS,n,2,302.15,3.29,D,0,unclassified,-1,0,27447.2,16444.6,,,,,,Natural Fire,unavailable,unavailable,unavailable,0,0
30.58668,75.71253,337.0,0.43,0.46,2025-10-31,827,N20,VIIRS,n,2,302.09,3.01,D,0,unclassified,67,3,13773.3,26785.5,2.5233333333333334,3.01,0.7250747087944341,1.1929,0.0,Natural Fire,unavailable,unavailable,unavailable,0,0
30.53887,75.30325,334.52,0.41,0.45,2025-10-31,827,N20,VIIRS,n,2,299.81,2.45,D,0,unclassified,-1,0,10277.4,10270.5,,,,,,Natural Fire,unavailable,unavailable,unavailable,0,0
30.56656,75.72434,330.84,0.43,0.46,2025-10-31,827,N20,VIIRS,n,2,301.01,2.86,D,0,unclassified,-1,0,12979.8,24398.2,,,,,,Natural Fire,unavailable,unavailable,unavailable,0,0
30.59317,76.11292,334.04,0.45,0.47,2025-10-31,827,N20,VIIRS,n,2,301.17,2.29,D,0,unclassified,-1,0,10335.2,28117.7,,,,,,Natural Fire,unavailable,unavailable,unavailable,0,0
30.56111,75.92324,337.29,0.44,0.46,2025-10-31,827,N20,VIIRS,n,2,301.78,2.74,D,0,unclassified,-1,0,3456.4,16671.1,,,,,,Natural Fire,unavailable,unavailable,unavailable,0,0
30.56468,76.17918,340.61,0.46,0.47,2025-10-31,827,N20,VIIRS,n,2,303.36,4.01,D,0,unclassified,-1,0,4999.6,31026.7,,,,,,Natural Fire,unavailable,unavailable,unavailable,0,0
30.43168,75.19021,342.33,0.4,0.44,2025-10-31,827,N20,VIIRS,n,2,306.66,17.94,D,0,unclassified,-1,0,15071.6,5731.3,,,,,,Natural Fire,unavailable,unavailable,unavailable,0,0
30.54431,76.34167,340.18,0.46,0.47,2025-10-31,827,N20,VIIRS,n,2,303.58,4.38,D,0,unclassified,-1,0,3779.1,21439.4,,,,,,Natural Fire,unavailable,unavailable,unavailable,0,0
30.54241,76.45615,344.61,0.47,0.48,2025-10-31,827,N20,VIIRS,n,2,302.58,6.71,D,0,unclassified,-1,0,3406.5,18943.3,,,,,,Natural Fire,unavailable,unavailable,unavailable,0,0
30.45898,75.6795,336.56,0.43,0.46,2025-10-31,827,N20,VIIRS,n,2,302.85,2.91,D,0,unclassified,-1,0,12202.5,15259.6,,,,,,Natural Fire,unavailable,unavailable,unavailable,0,0
30.49979,76.24951,337.77,0.46,0.47,2025-10-31,827,N20,VIIRS,n,2,302.46,6.89,D,0,unclassified,-1,0,1242.4,21698.7,,,,,,Natural Fire,unavailable,unavailable,unavailable,0,0
30.43479,75.65128,348.39,0.42,0.45,2025-10-31,827,N20,VIIRS,n,2,303.19,7.15,D,0,unclassified,-1,0,8704.4,11539.5,,,,,,Natural Fire,unavailable,unavailable,unavailable,0,0
30.5088,76.38577,346.28,0.47,0.48,2025-10-31,827,N20,VIIRS,n,2,303.07,6.09,D,0,industrial_nearby,-1,0,841.9,16144.8,,,,,,Unknown,unavailable,unavailable,unavailable,0,0
30.43272,75.75544,336.95,0.43,0.46,2025-10-31,827,N20,VIIRS,n,2,303.82,3.52,D,0,unclassified,-1,0,10862.2,14495.7,,,,,,Natural Fire,unavailable,unavailable,unavailable,0,0
30.45798,76.04881,331.71,0.45,0.47,2025-10-31,827,N20,VIIRS,n,2,303.46,2.97,D,0,unclassified,-1,0,9010.1,14401.7,,,,,,Natural Fire,unavailable,unavailable,unavailable,0,0
30.43342,75.84682,336.2,0.43,0.46,2025-10-31,827,N20,VIIRS,n,2,302.32,2.8,D,0,unclassified,-1,0,2618.8,6049.9,,,,,,Natural Fire,unavailable,unavailable,unavailable,0,0
30.40024,75.68744,340.13,0.43,0.46,2025-10-31,827,N20,VIIRS,n,2,302.34,5.71,D,0,unclassified,68,1,7520.2,13591.2,5.35,5.71,0.5091168824543137,1.0673,0.0,Natural Fire,unavailable,unavailable,unavailable,0,0
30.4608,76.34752,343.04,0.46,0.47,2025-10-31,827,N20,VIIRS,n,2,307.21,15.85,D,0,unclassified,69,1,1922.8,13238.3,12.71,15.85,4.440630585851519,1.247,0.0,Natural Fire,unavailable,unavailable,unavailable,0,0
30.3995,75.68657,345.53,0.42,0.46,2025-10-31,827,N20,VIIRS,n,2,302.81,4.99,D,0,unclassified,68,1,7404.1,13496.8,5.35,5.71,0.5091168824543137,0.9327,0.0,Natural Fire,unavailable,unavailable,unavailable,0,0
30.46004,76.3458,341.97,0.46,0.47,2025-10-31,827,N20,VIIRS,n,2,306.94,9.57,D,0,unclassified,69,1,1818.9,13278.4,12.71,15.85,4.440630585851519,0.753,0.0,Natural Fire,unavailable,unavailable,unavailable,0,0
30.37853,75.6894,353.17,0.42,0.46,2025-10-31,827,N20,VIIRS,n,2,310.16,30.32,D,0,unclassified,-1,0,6539.4,13642.6,,,,,,Natural Fire,unavailable,unavailable,unavailable,0,0
30.19065,75.73114,337.34,0.43,0.46,2025-10-31,826,N20,VIIRS,n,2,304.14,3.03,D,0,unclassified,-1,0,6697.1,11361.3,,,,,,Natural Fire,unavailable,unavailable,unavailable,0,0
30.26669,75.88906,338.38,0.43,0.46,2025-10-31,826,N20,VIIRS,n,2,303.65,6.79,D,0,unclassified,64,2,2188.1,3693.3,6.095,6.79,0.8223746105030242,1.114,0.0,Natural Fire,unavailable,unavailable,unavailable,0,0
30.16847,75.72876,342.7,0.42,0.46,2025-10-31,826,N20,VIIRS,n,2,303.41,4.56,D,0,unclassified,70,1,8266.1,10102.5,5.779999999999999,7.0,1.7253405460951765,0.7889,0.0,Natural Fire,unavailable,unavailable,unavailable,0,0
29.95041,75.28,340.71,0.4,0.44,2025-10-31,826,N20,VIIRS,n,2,300.16,5.74,D,0,unclassified,-1,0,3025.4,17284.1,,,,,,Natural Fire,unavailable,unavailable,unavailable,0,0
30.01528,75.90148,355.06,0.43,0.46,2025-10-31,826,N20,VIIRS,n,2,304.77,10.92,D,0,unclassified,-1,0,9307.9,4527.6,,,,,,Natural Fire,unavailable,unavailable,unavailable,0,0
30.04071,76.15331,336.61,0.45,0.47,2025-10-31,826,N20,VIIRS,n,2,302.57,3.53,D,0,unclassified,-1,0,8495.0,13101.0,,,,,,Natural Fire,unavailable,unavailable,unavailable,0,0
29.9449,75.30603,337.79,0.4,0.44,2025-10-31,826,N20,VIIRS,n,2,303.85,8.4,D,0,unclassified,71,2,3421.1,15952.2,8.363333333333333,8.4,0.06350852961085952,1.0044,0.0,Natural Fire,unavailable,unavailable,unavailable,0,0
29.94534,75.31019,331.1,0.4,0.44,2025-10-31,826,N20,VIIRS,n,2,298.79,8.4,D,0,unclassified,71,2,3140.6,15911.3,8.363333333333333,8.4,0.06350852961085952,1.0044,0.0,Natural Fire,unavailable,unavailable,unavailable,0,0
29.95869,75.55697,338.93,0.41,0.45,2025-10-31,826,N20,VIIRS,n,2,301.15,2.77,D,0,unclassified,-1,0,1406.0,20643.1,,,,,,Natural Fire,unavailable,unavailable,unavailable,0,0
30.01954,76.20345,351.36,0.45,0.47,2025-10-31,826,N20,VIIRS,n,2,305.58,17.66,D,0,unclassified,24,2,10818.6,8241.3,12.18,17.66,8.349832333645987,1.4499,0.0,Natural Fire,unavailable,unavailable,unavailable,0,0
30.02172,76.20289,353.98,0.45,0.47,2025-10-31,826,N20,VIIRS,n,2,306.89,16.31,D,0,unclassified,24,2,10571.1,8387.9,12.18,17.66,8.349832333645987,1.3391,0.0,Natural Fire,unavailable,unavailable,unavailable,0,0
29.99202,76.16889,345.71,0.45,0.47,2025-10-31,826,N20,VIIRS,n,2,304.47,12.6,D,0,unclassified,-1,0,8667.6,10561.5,,,,,,Natural Fire,unavailable,unavailable,unavailable,0,0
29.97912,76.12823,332.33,0.44,0.46,2025-10-31,826,N20,VIIRS,n,2,303.12,2.24,D,0,unclassified,72,2,4503.0,14393.4,2.27,2.3,0.042426406871192576,0.9868,0.0,Natural Fire,unavailable,unavailable,unavailable,0,0
29.93615,75.83955,334.21,0.43,0.46,2025-10-31,826,N20,VIIRS,n,2,302.69,3.52,D,0,unclassified,-1,0,3677.6,2084.9,,,,,,Natural Fire,unavailable,unavailable,unavailable,0,0
29.87217,76.0057,340.94,0.44,0.46,2025-10-31,826,N20,VIIRS,n,2,301.91,4.04,D,0,unclassified,-1,0,5566.3,3185.5,,,,,,Natural Fire,unavailable,unavailable,unavailable,0,0
29.81543,75.59303,336.24,0.41,0.45,2025-10-31,826,N20,VIIRS,n,2,300.57,2.63,D,0,industrial_nearby,-1,0,214.0,7579.0,,,,,,Unknown,unavailable,unavailable,unavailable,0,0
29.84056,75.82819,331.67,0.43,0.46,2025-10-31,826,N20,VIIRS,n,2,301.49,2.47,D,0,unclassified,-1,0,1577.0,0.0,,,,,,Agricultural Burning,unavailable,unavailable,unavailable,0,0
29.78932,75.39056,344.05,0.4,0.44,2025-10-31,826,N20,VIIRS,n,2,299.79,5.04,D,0,unclassified,-1,0,2524.4,4579.2,,,,,,Natural Fire,unavailable,unavailable,unavailable,0,0
29.83871,75.89156,340.36,0.43,0.46,2025-10-31,826,N20,VIIRS,n,2,301.86,3.48,D,0,unclassified,-1,0,1358.3,2770.4,,,,,,Natural Fire,unavailable,unavailable,unavailable,0,0
29.8145,75.74248,336.52,0.42,0.45,2025-10-31,826,N20,VIIRS,n,2,299.97,4.2,D,0,unclassified,-1,0,7027.9,5930.9,,,,,,Natural Fire,unavailable,unavailable,unavailable,0,0
29.80793,75.80125,351.16,0.42,0.46,2025-10-31,826,N20,VIIRS,n,2,302.4,8.22,D,0,unclassified,-1,0,2577.7,4394.8,,,,,,Natural Fire,unavailable,unavailable,unavailable,0,0
29.80689,75.87321,343.91,0.43,0.46,2025-10-31,826,N20,VIIRS,n,2,307.11,31.33,D,0,unclassified,43,3,2969.8,594.7,22.1275,36.24,13.776454248705164,1.4159,0.0,Agricultural Burning,unavailable,unavailable,unavailable,0,0
29.80442,75.93241,340.36,0.43,0.46,2025-10-31,826,N20,VIIRS,n,2,301.04,5.46,D,0,unclassified,-1,0,3599.4,2766.5,,,,,,Natural Fire,unavailable,unavailable,unavailable,0,0
29.79517,75.88382,332.61,0.43,0.46,2025-10-31,826,N20,VIIRS,n,2,300.56,2.7,D,0,unclassified,-1,0,4276.5,1631.7,,,,,,Agricultural Burning,unavailable,unavailable,unavailable,0,0
29.70675,75.3134,338.16,0.4,0.44,2025-10-31,826,N20,VIIRS,n,2,298.72,6.75,D,0,unclassified,-1,0,2131.1,10988.5,,,,,,Natural Fire,unavailable,unavailable,unavailable,0,0
29.75667,76.04743,334.21,0.44,0.46,2025-10-31,826,N20,VIIRS,n,2,299.9,3.22,D,0,unclassified,-1,0,9207.8,4251.8,,,,,,Natural Fire,unavailable,unavailable,unavailable,0,0
29.68812,75.92425,331.6,0.43,0.46,2025-10-31,826,N20,VIIRS,n,2,298.55,2.7,D,0,unclassified,-1,0,1131.0,1406.3,,,,,,Agricultural Burning,unavailable,unavailable,unavailable,0,0
29.64831,75.91442,336.02,0.43,0.46,2025-10-31,826,N20,VIIRS,n,2,302.13,8.01,D,0,unclassified,73,2,1797.9,1406.3,8.05,8.09,0.05656854249492323,0.995,0.0,Agricultural Burning,unavailable,unavailable,unavailable,0,0
29.94952,75.27173,331.03,0.4,0.44,2025-10-31,826,N20,VIIRS,n,2,299.9,1.89,D,0,unclassified,74,1,2296.4,17496.9,2.54,3.19,0.9192388155425117,0.7441,0.0,Natural Fire,unavailable,unavailable,unavailable,0,0
29.95359,75.27116,339.97,0.4,0.44,2025-10-31,826,N20,VIIRS,n,2,300.34,3.19,D,0,unclassified,74,1,2547.8,17932.5,2.54,3.19,0.9192388155425117,1.2559,0.0,Natural Fire,unavailable,unavailable,unavailable,0,0
30.18597,75.853,346.49,0.43,0.46,2025-10-31,826,N20,VIIRS,n,2,305.7,12.08,D,0,unclassified,-1,0,2163.8,6102.1,,,,,,Natural Fire,unavailable,unavailable,unavailable,0,0
30.0373,75.94889,342.55,0.44,0.46,2025-10-31,826,N20,VIIRS,n,2,304.31,7.84,D,0,unclassified,-1,0,5964.3,1974.0,,,,,,Agricultural Burning,unavailable,unavailable,unavailable,0,0
30.02427,75.86384,342.81,0.43,0.46,2025-10-31,826,N20,VIIRS,n,2,306.54,12.63,D,0,unclassified,-1,0,9825.8,6531.9,,,,,,Natural Fire,unavailable,unavailable,unavailable,0,0
30.13119,75.42191,341.25,0.41,0.45,2025-10-31,826,N20,VIIRS,n,2,306.21,18.95,D,0,unclassified,-1,0,2101.9,21990.5,,,,,,Natural Fire,unavailable,unavailable,unavailable,0,0
30.16428,75.72932,346.36,0.42,0.46,2025-10-31,826,N20,VIIRS,n,2,302.78,7.0,D,0,unclassified,70,1,8537.2,9829.9,5.779999999999999,7.0,1.7253405460951765,1.2111,0.0,Natural Fire,unavailable,unavailable,unavailable,0,0
30.09608,75.21441,331.5,0.4,0.44,2025-10-31,826,N20,VIIRS,n,2,300.53,1.96,D,0,unclassified,-1,0,13052.7,34620.4,,,,,,Natural Fire,unavailable,unavailable,unavailable,0,0
30.20395,76.2774,334.48,0.46,0.47,2025-10-31,826,N20,VIIRS,n,2,303.7,5.21,D,0,unclassified,75,1,2797.5,11526.9,5.79,6.37,0.8202438661763952,0.8998,0.0,Natural Fire,unavailable,unavailable,unavailable,0,0
30.20444,76.28216,340.38,0.46,0.47,2025-10-31,826,N20,VIIRS,n,2,302.3,6.37,D,0,unclassified,75,1,3233.1,11126.7,5.79,6.37,0.8202438661763952,1.1002,0.0,Natural Fire,unavailable,unavailable,unavailable,0,0
30.15635,75.93944,333.43,0.44,0.46,2025-10-31,826,N20,VIIRS,n,2,303.97,2.75,D,0,unclassified,-1,0,7739.7,4865.8,,,,,,Natural Fire,unavailable,unavailable,unavailable,0,0
30.15628,76.02283,348.69,0.44,0.46,2025-10-31,826,N20,VIIRS,n,2,304.27,6.41,D,0,unclassified,76,2,11794.3,8713.3,5.274,7.68,1.743439129995653,1.2154,0.0,Natural Fire,unavailable,unavailable,unavailable,0,0
30.14123,75.95988,345.77,0.44,0.46,2025-10-31,826,N20,VIIRS,n,2,304.15,11.28,D,0,unclassified,77,1,10318.6,6992.6,11.28,11.28,0.0,1.0,0.0,Natural Fire,unavailable,unavailable,unavailable,0,0
30.14169,75.96443,339.46,0.44,0.46,2025-10-31,826,N20,VIIRS,n,2,303.4,11.28,D,0,unclassified,77,1,10642.6,7011.0,11.28,11.28,0.0,1.0,0.0,Natural Fire,unavailable,unavailable,unavailable,0,0
30.04573,75.12988,339.88,0.39,0.44,2025-10-31,826,N20,VIIRS,n,2,302.22,3.74,D,0,unclassified,-1,0,8529.4,33742.5,,,,,,Natural Fire,unavailable,unavailable,unavailable,0,0
30.06031,75.26562,340.73,0.4,0.44,2025-10-31,826,N20,VIIRS,n,2,302.41,5.78,D,0,unclassified,78,1,10717.1,29307.8,4.365,5.78,2.0011121907579295,1.3242,0.0,Natural Fire,unavailable,unavailable,unavailable,0,0
30.15201,76.02338,339.54,0.44,0.46,2025-10-31,826,N20,VIIRS,n,2,304.06,3.32,D,0,unclassified,76,2,11353.5,9048.3,5.274,7.68,1.743439129995653,0.6295,0.0,Natural Fire,unavailable,unavailable,unavailable,0,0
30.03039,75.84035,343.69,0.43,0.46,2025-10-31,826,N20,VIIRS,n,2,309.52,18.03,D,0,unclassified,-1,0,9050.4,8401.7,,,,,,Natural Fire,unavailable,unavailable,unavailable,0,0
30.03219,75.89921,342.03,0.43,0.46,2025-10-31,826,N20,VIIRS,n,2,306.6,11.66,D,0,unclassified,-1,0,10787.6,3188.3,,,,,,Natural Fire,unavailable,unavailable,unavailable,0,0
30.17581,76.39283,336.26,0.46,0.47,2025-10-31,826,N20,VIIRS,n,2,303.37,3.67,D,0,unclassified,-1,0,2874.3,1299.1,,,,,,Agricultural Burning,unavailable,unavailable,unavailable,0,0
30.07125,76.15404,354.79,0.45,0.47,2025-10-31,826,N20,VIIRS,n,2,307.15,10.94,D,0,unclassified,-1,0,5280.7,13468.3,,,,,,Natural Fire,unavailable,unavailable,unavailable,0,0
30.04161,75.86607,338.82,0.43,0.46,2025-10-31,826,N20,VIIRS,n,2,304.77,3.66,D,0,unclassified,-1,0,10563.3,5700.5,,,,,,Natural Fire,unavailable,unavailable,unavailable,0,0
30.08403,75.7431,343.65,0.42,0.46,2025-10-31,826,N20,VIIRS,n,2,303.25,3.98,D,0,unclassified,79,1,3373.7,8412.5,5.373333333333334,6.07,1.2066620626063178,0.7407,0.0,Natural Fire,unavailable,unavailable,unavailable,0,0
30.08927,75.74393,341.78,0.42,0.46,2025-10-31,826,N20,VIIRS,n,2,303.93,6.07,D,0,unclassified,79,1,3590.2,8074.5,5.373333333333334,6.07,1.2066620626063178,1.1297,0.0,Natural Fire,unavailable,unavailable,unavailable,0,0
30.08508,75.7445,342.36,0.42,0.46,2025-10-31,826,N20,VIIRS,n,2,304.54,6.07,D,0,unclassified,79,1,3526.8,8238.1,5.373333333333334,6.07,1.2066620626063178,1.1297,0.0,Natural Fire,unavailable,unavailable,unavailable,0,0
30.02739,75.11182,342.56,0.39,0.44,2025-10-31,826,N20,VIIRS,n,2,305.59,13.21,D,0,unclassified,-1,0,7280.6,33290.8,,,,,,Natural Fire,unavailable,unavailable,unavailable,0,0
30.13148,76.07755,345.38,0.44,0.46,2025-10-31,826,N20,VIIRS,n,2,306.67,5.68,D,0,unclassified,-1,0,8951.6,14606.8,,,,,,Natural Fire,unavailable,unavailable,unavailable,0,0
30.11586,75.92184,338.93,0.43,0.46,2025-10-31,826,N20,VIIRS,n,2,302.07,3.39,D,0,unclassified,80,2,10109.2,5931.0,3.4450000000000003,3.5,0.07778174593051998,0.984,0.0,Natural Fire,unavailable,unavailable,unavailable,0,0
30.05624,75.26619,340.26,0.4,0.44,2025-10-31,826,N20,VIIRS,n,2,300.82,2.95,D,0,unclassified,78,1,10339.2,28858.1,4.365,5.78,2.0011121907579295,0.6758,0.0,Natural Fire,unavailable,unavailable,unavailable,0,0
30.09391,75.7478,341.78,0.42,0.46,2025-10-31,826,N20,VIIRS,n,2,303.88,3.76,D,0,unclassified,-1,0,4122.1,7521.6,,,,,,Natural Fire,unavailable,unavailable,unavailable,0,0
30.27962,75.97532,336.54,0.41,0.37,2025-11-01,808,N20,VIIRS,n,2,301.86,7.16,D,0,unclassified,-1,0,2502.0,4674.0,,,,,,Natural Fire,unavailable,unavailable,unavailable,0,0
30.136,75.05498,336.09,0.39,0.36,2025-11-01,808,N20,VIIRS,n,2,304.42,5.84,D,0,unclassified,-1,0,2968.2,40664.0,,,,,,Natural Fire,unavailable,unavailable,unavailable,0,0
30.28967,76.12493,337.92,0.41,0.37,2025-11-01,808,N20,VIIRS,n,2,303.23,4.68,D,0,unclassified,-1,0,4283.9,18493.9,,,,,,Natural Fire,unavailable,unavailable,unavailable,0,0
30.24168,75.75113,333.49,0.4,0.37,2025-11-01,808,N20,VIIRS,n,2,303.61,2.5,D,0,unclassified,-1,0,4467.5,14737.3,,,,,,Natural Fire,unavailable,unavailable,unavailable,0,0
30.20322,75.23698,333.46,0.39,0.36,2025-11-01,808,N20,VIIRS,n,2,303.41,3.62,D,0,unclassified,-1,0,6871.0,28971.2,,,,,,Natural Fire,unavailable,unavailable,unavailable,0,0
30.28228,75.5117,330.27,0.4,0.37,2025-11-01,808,N20,VIIRS,l,2,303.3,1.96,D,0,unclassified,81,1,1229.2,3408.5,2.12,2.28,0.22627416997969493,0.9245,0.0,Natural Fire,unavailable,unavailable,unavailable,0,0
30.28763,75.73414,332.75,0.4,0.37,2025-11-01,808,N20,VIIRS,n,2,302.86,4.7,D,0,unclassified,-1,0,9129.8,18631.2,,,,,,Natural Fire,unavailable,unavailable,unavailable,0,0
30.28413,75.70927,346.61,0.4,0.37,2025-11-01,808,N20,VIIRS,n,2,304.35,7.72,D,0,unclassified,-1,0,10494.1,17102.3,,,,,,Natural Fire,unavailable,unavailable,unavailable,0,0
30.29319,75.72462,338.87,0.4,0.37,2025-11-01,808,N20,VIIRS,n,2,313.45,24.6,D,0,unclassified,-1,0,10181.5,18095.7,,,,,,Natural Fire,unavailable,unavailable,unavailable,0,0
30.3404,75.98259,333.58,0.41,0.37,2025-11-01,808,N20,VIIRS,n,2,302.83,2.78,D,0,unclassified,-1,0,9272.9,10498.4,,,,,,Natural Fire,unavailable,unavailable,unavailable,0,0
30.21648,75.62009,334.77,0.4,0.37,2025-11-01,808,N20,VIIRS,n,2,304.09,3.08,D,0,unclassified,-1,0,4983.4,14813.1,,,,,,Natural Fire,unavailable,unavailable,unavailable,0,0
30.32874,76.10484,335.29,0.41,0.37,2025-11-01,808,N20,VIIRS,n,2,301.85,3.23,D,0,unclassified,-1,0,2617.5,18176.5,,,,,,Natural Fire,unavailable,unavailable,unavailable,0,0
30.14446,75.16095,334.22,0.39,0.36,2025-11-01,808,N20,VIIRS,n,2,306.11,3.27,D,0,unclassified,-1,0,8012.2,36675.1,,,,,,Natural Fire,unavailable,unavailable,unavailable,0,0
30.14951,75.94246,331.64,0.4,0.37,2025-11-01,808,N20,VIIRS,l,2,302.59,6.3,D,0,unclassified,82,1,8430.5,5673.1,6.3,6.3,0.0,1.0,0.0,Natural Fire,unavailable,unavailable,unavailable,0,0
30.19416,75.63271,343.76,0.4,0.37,2025-11-01,808,N20,VIIRS,n,2,305.63,7.2,D,0,unclassified,-1,0,5210.1,17460.4,,,,,,Natural Fire,unavailable,unavailable,unavailable,0,0
30.09379,75.04206,337.84,0.39,0.36,2025-11-01,808,N20,VIIRS,n,2,303.9,4.31,D,0,unclassified,83,2,4524.8,43258.0,4.38,4.52,0.12124355652982126,0.984,0.0,Natural Fire,unavailable,unavailable,unavailable,0,0
30.24372,76.19772,333.18,0.41,0.37,2025-11-01,808,N20,VIIRS,n,2,301.14,2.05,D,0,unclassified,-1,0,3941.5,16304.3,,,,,,Natural Fire,unavailable,unavailable,unavailable,0,0
30.15777,75.63046,334.91,0.4,0.37,2025-11-01,808,N20,VIIRS,n,2,301.65,2.76,D,0,unclassified,-1,0,6066.1,18614.8,,,,,,Natural Fire,unavailable,unavailable,unavailable,0,0
30.07894,75.12753,331.02,0.39,0.36,2025-11-01,808,N20,VIIRS,l,2,303.05,1.69,D,0,unclassified,-1,0,6341.5,36859.5,,,,,,Natural Fire,unavailable,unavailable,unavailable,0,0
30.16454,75.75198,343.21,0.4,0.37,2025-11-01,808,N20,VIIRS,n,2,305.72,10.18,D,0,unclassified,-1,0,7086.4,7985.0,,,,,,Natural Fire,unavailable,unavailable,unavailable,0,0
30.2329,76.40143,336.61,0.42,0.37,2025-11-01,808,N20,VIIRS,n,2,304.79,2.66,D,0,unclassified,-1,0,4905.2,6378.9,,,,,,Natural Fire,unavailable,unavailable,unavailable,0,0
30.10933,75.55522,331.15,0.4,0.37,2025-11-01,808,N20,VIIRS,n,2,302.12,1.39,D,0,unclassified,-1,0,9131.8,22924.2,,,,,,Natural Fire,unavailable,unavailable,unavailable,0,0
30.12724,75.68261,333.45,0.4,0.37,2025-11-01,808,N20,VIIRS,n,2,304.22,1.9,D,0,unclassified,-1,0,5820.9,13192.9,,,,,,Natural Fire,unavailable,unavailable,unavailable,0,0
30.15346,75.94602,341.57,0.4,0.37,2025-11-01,808,N20,VIIRS,n,2,304.62,8.05,D,0,unclassified,-1,0,8441.9,5360.3,,,,,,Natural Fire,unavailable,unavailable,unavailable,0,0
30.14893,75.93828,345.09,0.4,0.37,2025-11-01,808,N20,VIIRS,n,2,307.04,6.3,D,0,unclassified,82,1,8162.5,5643.2,6.3,6.3,0.0,1.0,0.0,Natural Fire,unavailable,unavailable,unavailable,0,0
30.28563,75.51108,332.58,0.4,0.37,2025-11-01,808,N20,VIIRS,n,2,303.07,2.28,D,0,industrial_nearby,81,1,890.9,3041.8,2.12,2.28,0.22627416997969493,1.0755,0.0,Unknown,unavailable,unavailable,unavailable,0,0
30.15124,75.95501,333.71,0.4,0.37,2025-11-01,808,N20,VIIRS,l,2,303.87,5.2,D,0,unclassified,-1,0,9296.8,5842.3,,,,,,Natural Fire,unavailable,unavailable,unavailable,0,0
30.28177,76.14374,342.35,0.41,0.37,2025-11-01,808,N20,VIIRS,n,2,302.58,3.65,D,0,unclassified,-1,0,2302.5,19587.4,,,,,,Natural Fire,unavailable,unavailable,unavailable,0,0
30.30096,75.5715,341.16,0.4,0.37,2025-11-01,808,N20,VIIRS,n,2,307.12,15.33,D,0,unclassified,84,1,6380.2,5692.9,15.33,15.33,0.0,1.0,0.0,Natural Fire,unavailable,unavailable,unavailable,0,0
30.44585,75.86069,339.25,0.4,0.37,2025-11-01,808,N20,VIIRS,n,2,302.42,3.76,D,0,unclassified,-1,0,2446.5,5691.7,,,,,,Natural Fire,unavailable,unavailable,unavailable,0,0
30.37066,75.89951,334.19,0.4,0.37,2025-11-01,808,N20,VIIRS,n,2,303.51,2.46,D,0,unclassified,-1,0,2987.3,4325.4,,,,,,Natural Fire,unavailable,unavailable,unavailable,0,0
30.58539,75.56248,333.08,0.4,0.37,2025-11-01,808,N20,VIIRS,n,2,302.85,1.96,D,0,unclassified,-1,0,5730.2,22499.2,,,,,,Natural Fire,unavailable,unavailable,unavailable,0,0
30.56584,75.84414,343.71,0.4,0.37,2025-11-01,808,N20,VIIRS,n,2,301.37,4.14,D,0,unclassified,-1,0,3244.2,18099.1,,,,,,Natural Fire,unavailable,unavailable,unavailable,0,0
30.11178,75.74474,337.56,0.4,0.37,2025-11-01,808,N20,VIIRS,n,2,303.06,4.76,D,0,unclassified,53,2,5025.7,7268.5,6.165,7.57,1.9869700551341989,0.7721,0.0,Natural Fire,unavailable,unavailable,unavailable,0,0
30.40177,75.1797,333.44,0.39,0.36,2025-11-01,808,N20,VIIRS,n,2,303.82,2.19,D,0,unclassified,-1,0,14098.4,8984.4,,,,,,Natural Fire,unavailable,unavailable,unavailable,0,0
30.37821,75.06358,332.69,0.39,0.36,2025-11-01,808,N20,VIIRS,n,2,301.66,2.29,D,0,unclassified,-1,0,14846.1,18974.0,,,,,,Natural Fire,unavailable,unavailable,unavailable,0,0
30.47644,75.75641,331.08,0.4,0.37,2025-11-01,808,N20,VIIRS,n,2,305.02,2.24,D,0,unclassified,-1,0,12094.6,15941.2,,,,,,Natural Fire,unavailable,unavailable,unavailable,0,0
30.56653,76.41646,339.82,0.42,0.38,2025-11-01,808,N20,VIIRS,n,2,305.34,16.98,D,0,unclassified,-1,0,1033.8,21729.7,,,,,,Natural Fire,unavailable,unavailable,unavailable,0,0
30.51715,76.0771,341.16,0.41,0.37,2025-11-01,808,N20,VIIRS,n,2,302.96,8.58,D,0,unclassified,85,1,13389.2,19971.9,8.58,8.58,0.0,1.0,0.0,Natural Fire,unavailable,unavailable,unavailable,0,0
30.51375,76.07772,343.95,0.41,0.37,2025-11-01,808,N20,VIIRS,n,2,306.35,8.58,D,0,unclassified,85,1,13011.2,19801.2,8.58,8.58,0.0,1.0,0.0,Natural Fire,unavailable,unavailable,unavailable,0,0
30.55906,76.41333,338.72,0.42,0.38,2025-11-01,808,N20,VIIRS,n,2,302.53,10.29,D,0,industrial_nearby,-1,0,359.0,20946.9,,,,,,Unknown,unavailable,unavailable,unavailable,0,0
30.46064,75.74222,334.96,0.4,0.37,2025-11-01,808,N20,VIIRS,n,2,302.35,2.29,D,0,unclassified,-1,0,13104.6,16504.6,,,,,,Natural Fire,unavailable,unavailable,unavailable,0,0
30.49898,76.07169,333.75,0.41,0.37,2025-11-01,808,N20,VIIRS,n,2,301.82,2.97,D,0,unclassified,-1,0,11657.9,18414.7,,,,,,Natural Fire,unavailable,unavailable,unavailable,0,0
30.38923,75.30739,331.18,0.39,0.36,2025-11-01,808,N20,VIIRS,n,2,302.86,1.48,D,0,unclassified,-1,0,7975.1,11537.8,,,,,,Natural Fire,unavailable,unavailable,unavailable,0,0
30.45746,75.79417,332.85,0.4,0.37,2025-11-01,808,N20,VIIRS,l,2,303.43,1.85,D,0,unclassified,52,2,8310.4,11758.6,2.0549999999999997,2.26,0.2899137802864841,0.9002,0.0,Natural Fire,unavailable,unavailable,unavailable,0,0
30.51176,76.19177,333.51,0.41,0.37,2025-11-01,808,N20,VIIRS,n,2,301.68,3.63,D,0,unclassified,-1,0,4640.5,25637.2,,,,,,Natural Fire,unavailable,unavailable,unavailable,0,0
30.36301,75.19542,341.35,0.39,0.36,2025-11-01,808,N20,VIIRS,n,2,304.58,6.04,D,0,unclassified,-1,0,10049.7,12311.7,,,,,,Natural Fire,unavailable,unavailable,unavailable,0,0
30.40697,75.50584,332.5,0.4,0.37,2025-11-01,808,N20,VIIRS,n,2,302.34,2.49,D,0,unclassified,-1,0,4139.3,4740.6,,,,,,Natural Fire,unavailable,unavailable,unavailable,0,0
30.51146,76.37286,334.3,0.42,0.38,2025-11-01,808,N20,VIIRS,n,2,300.63,3.03,D,0,industrial_nearby,-1,0,278.3,16875.1,,,,,,Unknown,unavailable,unavailable,unavailable,0,0
30.4248,75.78305,336.15,0.4,0.37,2025-11-01,808,N20,VIIRS,n,2,303.62,3.3,D,0,unclassified,-1,0,8201.7,11743.3,,,,,,Natural Fire,unavailable,unavailable,unavailable,0,0
30.33914,75.19579,333.2,0.39,0.36,2025-11-01,808,N20,VIIRS,n,2,301.61,2.47,D,0,unclassified,-1,0,7511.1,14865.8,,,,,,Natural Fire,unavailable,unavailable,unavailable,0,0
30.45389,76.07467,330.14,0.41,0.37,2025-11-01,808,N20,VIIRS,n,2,303.58,1.59,D,0,unclassified,-1,0,7067.0,16606.3,,,,,,Natural Fire,unavailable,unavailable,unavailable,0,0
30.40621,75.78149,335.5,0.4,0.37,2025-11-01,808,N20,VIIRS,n,2,302.81,4.19,D,0,unclassified,-1,0,7227.4,11777.4,,,,,,Natural Fire,unavailable,unavailable,unavailable,0,0
30.42979,76.00092,348.37,0.41,0.37,2025-11-01,808,N20,VIIRS,n,2,304.11,6.49,D,0,unclassified,-1,0,10736.8,9072.0,,,,,,Natural Fire,unavailable,unavailable,unavailable,0,0
30.42465,75.98887,348.54,0.41,0.37,2025-11-01,808,N20,VIIRS,n,2,303.69,5.02,D,0,unclassified,-1,0,9597.0,7820.4,,,,,,Natural Fire,unavailable,unavailable,unavailable,0,0
30.4011,75.89394,336.25,0.4,0.37,2025-11-01,808,N20,VIIRS,n,2,310.43,23.21,D,0,unclassified,-1,0,2119.4,1343.8,,,,,,Agricultural Burning,unavailable,unavailable,unavailable,0,0
30.44192,76.21661,334.16,0.41,0.37,2025-11-01,808,N20,VIIRS,n,2,303.0,3.73,D,0,industrial_nearby,-1,0,696.9,18080.5,,,,,,Unknown,unavailable,unavailable,unavailable,0,0
30.44499,76.29081,335.27,0.41,0.37,2025-11-01,808,N20,VIIRS,n,2,302.55,6.27,D,0,unclassified,-1,0,4990.2,14551.3,,,,,,Natural Fire,unavailable,unavailable,unavailable,0,0
30.30432,75.57087,341.74,0.4,0.37,2025-11-01,808,N20,VIIRS,n,2,304.45,15.33,D,0,unclassified,84,1,6373.7,5329.2,15.33,15.33,0.0,1.0,0.0,Natural Fire,unavailable,unavailable,unavailable,0,0
30.1044,75.71645,344.61,0.4,0.37,2025-11-01,808,N20,VIIRS,n,2,303.3,3.81,D,0,unclassified,-1,0,2902.8,10090.5,,,,,,Natural Fire,unavailable,unavailable,unavailable,0,0
30.55793,75.83698,333.75,0.4,0.37,2025-11-01,808,N20,VIIRS,n,2,302.51,2.49,D,0,unclassified,-1,0,4323.7,17512.3,,,,,,Natural Fire,unavailable,unavailable,unavailable,0,0
30.09875,75.70057,344.09,0.4,0.37,2025-11-01,808,N20,VIIRS,n,2,307.08,10.4,D,0,unclassified,-1,0,2257.2,11713.5,,,,,,Natural Fire,unavailable,unavailable,unavailable,0,0
29.83546,75.46764,334.62,0.39,0.36,2025-11-01,808,N20,VIIRS,n,2,302.89,2.86,D,0,unclassified,-1,0,2484.8,8513.2,,,,,,Natural Fire,unavailable,unavailable,unavailable,0,0
29.90136,75.9653,330.55,0.4,0.37,2025-11-01,808,N20,VIIRS,l,2,301.86,3.66,D,0,unclassified,-1,0,6812.2,5172.9,,,,,,Natural Fire,unavailable,unavailable,unavailable,0,0
29.88846,75.88149,336.75,0.4,0.37,2025-11-01,808,N20,VIIRS,n,2,305.9,5.86,D,0,unclassified,-1,0,4889.9,4907.3,,,,,,Natural Fire,unavailable,unavailable,unavailable,0,0
29.78264,75.16625,334.62,0.39,0.36,2025-11-01,808,N20,VIIRS,n,2,302.95,1.54,D,0,unclassified,-1,0,7395.3,17094.6,,,,,,Natural Fire,unavailable,unavailable,unavailable,0,0
29.89731,75.96926,341.02,0.4,0.37,2025-11-01,808,N20,VIIRS,n,2,304.92,45.37,D,0,unclassified,-1,0,6569.2,4679.9,,,,,,Natural Fire,unavailable,unavailable,unavailable,0,0
29.79905,75.37388,330.1,0.39,0.36,2025-11-01,808,N20,VIIRS,l,2,302.75,2.59,D,0,industrial_nearby,-1,0,947.0,2746.5,,,,,,Unknown,unavailable,unavailable,unavailable,0,0
29.83474,75.6718,333.79,0.4,0.37,2025-11-01,808,N20,VIIRS,n,2,302.93,2.17,D,0,unclassified,86,1,3983.7,8907.0,11.825,21.48,13.654231944712233,0.1835,0.0,Natural Fire,unavailable,unavailable,unavailable,0,0
29.83139,75.67242,348.24,0.4,0.37,2025-11-01,808,N20,VIIRS,n,2,309.85,21.48,D,0,unclassified,86,1,4356.1,8538.9,11.825,21.48,13.654231944712233,1.8165,0.0,Natural Fire,unavailable,unavailable,unavailable,0,0
29.89049,76.09462,331.89,0.41,0.37,2025-11-01,808,N20,VIIRS,n,2,303.89,1.92,D,0,unclassified,87,1,5924.7,11242.5,1.92,1.92,0.0,1.0,0.0,Natural Fire,unavailable,unavailable,unavailable,0,0
29.89107,76.09882,331.12,0.41,0.37,2025-11-01,808,N20,VIIRS,n,2,302.1,1.92,D,0,unclassified,87,1,6255.7,11505.8,1.92,1.92,0.0,1.0,0.0,Natural Fire,unavailable,unavailable,unavailable,0,0
29.92831,76.39559,336.61,0.41,0.37,2025-11-01,808,N20,VIIRS,n,2,307.05,7.15,D,0,unclassified,-1,0,9288.0,8807.0,,,,,,Natural Fire,unavailable,unavailable,unavailable,0,0
29.89298,76.16302,334.97,0.41,0.37,2025-11-01,808,N20,VIIRS,l,2,307.41,8.38,D,0,unclassified,-1,0,9382.1,14258.2,,,,,,Natural Fire,unavailable,unavailable,unavailable,0,0
29.8728,76.04208,331.52,0.41,0.37,2025-11-01,808,N20,VIIRS,n,2,302.77,1.6,D,0,unclassified,-1,0,4782.9,6129.6,,,,,,Natural Fire,unavailable,unavailable,unavailable,0,0
29.8646,76.13367,333.22,0.41,0.37,2025-11-01,808,N20,VIIRS,n,2,301.92,4.47,D,0,unclassified,88,1,5154.9,11641.6,3.6233333333333335,4.47,0.7332348418708244,1.2337,0.0,Natural Fire,unavailable,unavailable,unavailable,0,0
29.86122,76.13428,332.81,0.41,0.37,2025-11-01,808,N20,VIIRS,l,2,303.4,3.2,D,0,unclassified,88,1,4902.0,11473.6,3.6233333333333335,4.47,0.7332348418708244,0.8832,0.0,Natural Fire,unavailable,unavailable,unavailable,0,0
29.86179,76.13848,333.93,0.41,0.37,2025-11-01,808,N20,VIIRS,n,2,303.8,3.2,D,0,unclassified,88,1,5222.0,11845.3,3.6233333333333335,4.47,0.7332348418708244,0.8832,0.0,Natural Fire,unavailable,unavailable,unavailable,0,0
29.80604,75.76124,336.32,0.4,0.37,2025-11-01,808,N20,VIIRS,n,2,305.02,2.86,D,0,unclassified,-1,0,5878.9,5441.9,,,,,,Natural Fire,unavailable,unavailable,unavailable,0,0
29.81952,75.93232,339.31,0.4,0.37,2025-11-01,808,N20,VIIRS,n,2,306.03,6.27,D,0,unclassified,-1,0,2265.1,2415.8,,,,,,Natural Fire,unavailable,unavailable,unavailable,0,0
29.85183,76.26982,331.65,0.41,0.37,2025-11-01,808,N20,VIIRS,n,2,302.79,2.29,D,0,unclassified,-1,0,5719.1,12164.0,,,,,,Natural Fire,unavailable,unavailable,unavailable,0,0
29.77346,75.72514,334.75,0.4,0.37,2025-11-01,808,N20,VIIRS,l,2,306.41,10.86,D,0,unclassified,-1,0,9347.4,1799.1,,,,,,Agricultural Burning,unavailable,unavailable,unavailable,0,0
29.77445,76.06355,330.25,0.4,0.37,2025-11-01,808,N20,VIIRS,n,2,301.12,2.55,D,0,unclassified,12,2,6711.9,3575.3,3.1166666666666667,5.23,1.8946591602009408,0.8182,0.0,Natural Fire,unavailable,unavailable,unavailable,0,0
29.77107,76.06416,334.21,0.4,0.37,2025-11-01,808,N20,VIIRS,n,2,302.85,1.57,D,0,unclassified,12,2,7008.1,3850.6,3.1166666666666667,5.23,1.8946591602009408,0.5037,0.0,Natural Fire,unavailable,unavailable,unavailable,0,0
29.75998,76.13467,336.62,0.41,0.37,2025-11-01,808,N20,VIIRS,n,2,304.04,3.02,D,0,unclassified,-1,0,8056.7,10406.9,,,,,,Natural Fire,unavailable,unavailable,unavailable,0,0
29.60104,75.91972,330.08,0.4,0.37,2025-11-01,807,N20,VIIRS,n,2,301.53,3.87,D,0,unclassified,89,1,6526.9,3388.2,4.205,4.54,0.4737615433949868,0.9203,0.0,Natural Fire,unavailable,unavailable,unavailable,0,0
29.60161,75.92384,331.9,0.4,0.37,2025-11-01,807,N20,VIIRS,n,2,300.38,4.54,D,0,unclassified,89,1,6427.8,3249.9,4.205,4.54,0.4737615433949868,1.0797,0.0,Natural Fire,unavailable,unavailable,unavailable,0,0
29.6162,76.1552,331.18,0.41,0.37,2025-11-01,807,N20,VIIRS,n,2,300.77,1.82,D,0,unclassified,-1,0,4982.6,21151.5,,,,,,Natural Fire,unavailable,unavailable,unavailable,0,0
30.13139,75.91151,332.36,0.4,0.37,2025-11-01,808,N20,VIIRS,n,2,302.35,3.35,D,0,unclassified,38,3,8124.7,7577.5,3.783333333333333,4.13,0.397156560229506,0.8855,0.0,Natural Fire,unavailable,unavailable,unavailable,0,0
29.84213,75.46638,332.45,0.39,0.36,2025-11-01,808,N20,VIIRS,l,2,303.87,2.7,D,0,unclassified,90,2,2236.5,9185.1,10.093333333333334,16.12,4.5168912613286,0.2675,0.0,Natural Fire,unavailable,unavailable,unavailable,0,0
29.80438,75.15462,330.42,0.39,0.36,2025-11-01,808,N20,VIIRS,n,2,301.28,1.75,D,0,unclassified,91,2,6474.1,18069.0,4.425,7.1,3.783021279348029,0.3955,0.0,Natural Fire,unavailable,unavailable,unavailable,0,0
29.73441,75.75288,330.33,0.4,0.37,2025-11-01,808,N20,VIIRS,n,2,304.52,1.74,D,0,unclassified,-1,0,5291.6,3218.7,,,,,,Natural Fire,unavailable,unavailable,unavailable,0,0
29.97945,76.30912,332.75,0.41,0.37,2025-11-01,808,N20,VIIRS,l,2,306.66,6.86,D,0,industrial_nearby,-1,0,882.4,191.0,,,,,,Unknown,unavailable,unavailable,unavailable,0,0
29.93239,75.98954,334.02,0.4,0.37,2025-11-01,808,N20,VIIRS,l,2,304.39,2.25,D,0,unclassified,-1,0,3472.3,8662.4,,,,,,Natural Fire,unavailable,unavailable,unavailable,0,0
30.06205,75.46341,334.8,0.39,0.37,2025-11-01,808,N20,VIIRS,n,2,304.92,2.21,D,0,unclassified,-1,0,6603.8,28223.6,,,,,,Natural Fire,unavailable,unavailable,unavailable,0,0
30.10593,75.85213,346.86,0.4,0.37,2025-11-01,808,N20,VIIRS,n,2,306.81,5.42,D,0,unclassified,-1,0,4154.3,3463.5,,,,,,Natural Fire,unavailable,unavailable,unavailable,0,0
30.07909,75.68307,337.78,0.4,0.37,2025-11-01,808,N20,VIIRS,n,2,306.92,3.68,D,0,unclassified,92,1,2292.2,13932.7,2.49,3.68,1.6829141392239833,1.4779,0.0,Natural Fire,unavailable,unavailable,unavailable,0,0
30.07734,75.68314,332.15,0.4,0.37,2025-11-01,808,N20,VIIRS,n,2,305.13,1.3,D,0,unclassified,92,1,2288.1,13992.0,2.49,3.68,1.6829141392239833,0.5221,0.0,Natural Fire,unavailable,unavailable,unavailable,0,0
30.11232,75.93176,333.11,0.4,0.37,2025-11-01,808,N20,VIIRS,n,2,302.55,1.46,D,0,unclassified,-1,0,10460.0,5481.3,,,,,,Natural Fire,unavailable,unavailable,unavailable,0,0
30.07631,75.70023,330.1,0.4,0.37,2025-11-01,808,N20,VIIRS,n,2,301.72,1.6,D,0,industrial_nearby,-1,0,677.7,12503.6,,,,,,Unknown,unavailable,unavailable,unavailable,0,0
30.12364,76.06285,345.01,0.41,0.37,2025-11-01,808,N20,VIIRS,n,2,304.49,4.88,D,0,unclassified,-1,0,9266.0,13981.9,,,,,,Natural Fire,unavailable,unavailable,unavailable,0,0
29.95706,75.05996,343.34,0.39,0.36,2025-11-01,808,N20,VIIRS,n,2,308.68,12.29,D,0,unclassified,-1,0,4933.1,32096.3,,,,,,Natural Fire,unavailable,unavailable,unavailable,0,0
30.10455,76.10082,333.22,0.41,0.37,2025-11-01,808,N20,VIIRS,n,2,302.54,2.41,D,0,unclassified,-1,0,7254.4,16727.7,,,,,,Natural Fire,unavailable,unavailable,unavailable,0,0
29.98111,75.24953,339.02,0.39,0.36,2025-11-01,808,N20,VIIRS,n,2,306.22,8.15,D,0,unclassified,-1,0,4763.4,21570.0,,,,,,Natural Fire,unavailable,unavailable,unavailable,0,0
30.09843,76.13219,332.41,0.41,0.37,2025-11-01,808,N20,VIIRS,l,2,302.64,2.08,D,0,unclassified,-1,0,4559.7,16440.8,,,,,,Natural Fire,unavailable,unavailable,unavailable,0,0
30.00317,75.49935,307.63,0.4,0.37,2025-11-01,808,N20,VIIRS,l,2,313.01,19.05,D,0,unclassified,93,1,6736.4,25492.2,19.05,19.05,0.0,1.0,0.0,Natural Fire,unavailable,unavailable,unavailable,0,0
30.00375,75.50343,334.01,0.4,0.37,2025-11-01,808,N20,VIIRS,n,2,302.05,19.05,D,0,unclassified,93,1,6563.1,25528.2,19.05,19.05,0.0,1.0,0.0,Natural Fire,unavailable,unavailable,unavailable,0,0
30.09483,75.80703,330.22,0.4,0.37,2025-11-01,808,N20,VIIRS,n,2,302.98,1.64,D,0,unclassified,-1,0,3569.1,3118.4,,,,,,Natural Fire,unavailable,unavailable,unavailable,0,0
29.9799,75.52882,346.76,0.4,0.37,2025-11-01,808,N20,VIIRS,n,2,304.53,5.78,D,0,unclassified,-1,0,3064.4,22837.1,,,,,,Natural Fire,unavailable,unavailable,unavailable,0,0
29.97412,76.19279,342.93,0.41,0.37,2025-11-01,808,N20,VIIRS,n,2,307.92,15.89,D,0,unclassified,-1,0,10382.2,8174.8,,,,,,Natural Fire,unavailable,unavailable,unavailable,0,0
29.99985,75.62165,338.22,0.4,0.37,2025-11-01,808,N20,VIIRS,n,2,305.55,3.18,D,0,unclassified,-1,0,8500.7,18071.1,,,,,,Natural Fire,unavailable,unavailable,unavailable,0,0
30.01357,76.30302,333.52,0.41,0.37,2025-11-01,808,N20,VIIRS,n,2,303.06,2.46,D,0,unclassified,-1,0,2926.1,1961.7,,,,,,Agricultural Burning,unavailable,unavailable,unavailable,0,0
30.00571,76.14385,332.65,0.41,0.37,2025-11-01,808,N20,VIIRS,n,2,301.76,2.67,D,0,unclassified,-1,0,7413.5,13189.5,,,,,,Natural Fire,unavailable,unavailable,unavailable,0,0
30.00437,76.08374,343.63,0.41,0.37,2025-11-01,808,N20,VIIRS,n,2,305.78,9.97,D,0,unclassified,94,1,4695.2,15139.7,8.21,9.97,2.489015869776648,1.2144,0.0,Natural Fire,unavailable,unavailable,unavailable,0,0
30.00776,76.08312,348.07,0.41,0.37,2025-11-01,808,N20,VIIRS,n,2,304.43,6.45,D,0,unclassified,94,1,5071.4,14957.8,8.21,9.97,2.489015869776648,0.7856,0.0,Natural Fire,unavailable,unavailable,unavailable,0,0
29.9683,76.1247,331.53,0.41,0.37,2025-11-01,808,N20,VIIRS,l,2,303.25,2.86,D,0,unclassified,-1,0,3793.0,14769.1,,,,,,Natural Fire,unavailable,unavailable,unavailable,0,0
30.03332,76.13962,336.09,0.41,0.37,2025-11-01,808,N20,VIIRS,n,2,307.0,17.63,D,0,unclassified,95,1,9482.6,14422.9,17.63,17.63,0.0,1.0,0.0,Natural Fire,unavailable,unavailable,unavailable,0,0
30.03671,76.139,343.98,0.41,0.37,2025-11-01,808,N20,VIIRS,n,2,308.76,17.63,D,0,unclassified,95,1,9368.9,14481.8,17.63,17.63,0.0,1.0,0.0,Natural Fire,unavailable,unavailable,unavailable,0,0
30.02357,76.04226,331.98,0.41,0.37,2025-11-01,808,N20,VIIRS,n,2,301.21,3.36,D,0,unclassified,-1,0,1804.0,10669.1,,,,,,Natural Fire,unavailable,unavailable,unavailable,0,0
29.98861,75.76295,333.71,0.4,0.37,2025-11-01,808,N20,VIIRS,n,2,304.56,2.36,D,0,unclassified,-1,0,2981.3,8802.4,,,,,,Natural Fire,unavailable,unavailable,unavailable,0,0
29.89793,75.3063,332.39,0.39,0.36,2025-11-01,808,N20,VIIRS,n,2,301.3,1.44,D,0,unclassified,-1,0,1107.0,10948.4,,,,,,Natural Fire,unavailable,unavailable,unavailable,0,0
29.9415,75.30678,343.83,0.39,0.36,2025-11-01,808,N20,VIIRS,n,2,303.71,8.29,D,0,unclassified,71,2,3677.7,15568.9,8.363333333333333,8.4,0.06350852961085952,0.9912,0.0,Natural Fire,unavailable,unavailable,unavailable,0,0
30.19672,75.81721,338.43,0.44,0.38,2025-11-02,749,N20,VIIRS,n,2,304.07,3.21,D,0,unclassified,96,1,2851.7,8207.8,15.3,27.39,17.09784196909072,0.2098,0.0,Natural Fire,unavailable,unavailable,unavailable,0,0
30.31605,75.66875,335.45,0.44,0.38,2025-11-02,749,N20,VIIRS,n,2,304.11,6.24,D,0,unclassified,29,2,6325.0,12199.2,3.995,6.24,3.1749094475275985,1.562,0.0,Natural Fire,unavailable,unavailable,unavailable,0,0
30.38616,76.06957,330.56,0.43,0.38,2025-11-02,749,N20,VIIRS,n,2,302.46,1.33,D,0,unclassified,-1,0,4656.1,15671.2,,,,,,Natural Fire,unavailable,unavailable,unavailable,0,0
30.29323,75.56043,330.06,0.45,0.39,2025-11-02,749,N20,VIIRS,n,2,302.23,1.81,D,0,unclassified,-1,0,5275.6,5006.9,,,,,,Natural Fire,unavailable,unavailable,unavailable,0,0
30.42137,76.3771,338.93,0.42,0.37,2025-11-02,749,N20,VIIRS,n,2,310.08,23.24,D,0,industrial_nearby,-1,0,334.9,8074.2,,,,,,Unknown,unavailable,unavailable,unavailable,0,0
30.19914,75.18057,345.62,0.46,0.39,2025-11-02,749,N20,VIIRS,n,2,306.93,12.14,D,0,unclassified,-1,0,5972.8,30382.7,,,,,,Natural Fire,unavailable,unavailable,unavailable,0,0
30.31646,75.85578,343.17,0.43,0.38,2025-11-02,749,N20,VIIRS,n,2,305.59,14.13,D,0,unclassified,-1,0,6420.6,9660.1,,,,,,Natural Fire,unavailable,unavailable,unavailable,0,0
30.30778,75.90874,335.47,0.43,0.38,2025-11-02,749,N20,VIIRS,n,2,303.68,3.8,D,0,unclassified,-1,0,5797.1,6325.4,,,,,,Natural Fire,unavailable,unavailable,unavailable,0,0
30.39526,76.47192,331.35,0.41,0.37,2025-11-02,749,N20,VIIRS,n,2,301.29,2.35,D,0,unclassified,-1,0,2268.1,3736.9,,,,,,Natural Fire,unavailable,unavailable,unavailable,0,0
30.29754,75.95264,336.3,0.43,0.38,2025-11-02,749,N20,VIIRS,n,2,303.86,4.15,D,0,unclassified,-1,0,4519.0,5030.6,,,,,,Natural Fire,unavailable,unavailable,unavailable,0,0
30.32572,76.18684,337.84,0.42,0.38,2025-11-02,749,N20,VIIRS,n,2,305.64,5.31,D,0,unclassified,-1,0,6322.8,14984.6,,,,,,Natural Fire,unavailable,unavailable,unavailable,0,0
30.32629,76.12775,330.19,0.43,0.38,2025-11-02,749,N20,VIIRS,n,2,302.64,2.39,D,0,unclassified,97,1,2161.4,20056.1,2.305,2.39,0.12020815280171303,1.0369,0.0,Natural Fire,unavailable,unavailable,unavailable,0,0
30.27525,75.95653,336.49,0.43,0.38,2025-11-02,749,N20,VIIRS,n,2,303.71,4.28,D,0,unclassified,-1,0,2045.5,3016.4,,,,,,Natural Fire,unavailable,unavailable,unavailable,0,0
30.29957,76.13847,330.08,0.43,0.38,2025-11-02,749,N20,VIIRS,n,2,303.19,1.97,D,0,unclassified,-1,0,4121.4,19757.2,,,,,,Natural Fire,unavailable,unavailable,unavailable,0,0
30.23606,75.79401,339.48,0.44,0.38,2025-11-02,749,N20,VIIRS,n,2,306.53,20.7,D,0,unclassified,98,1,1088.8,11637.2,11.775,20.7,12.621856044179873,1.758,0.0,Natural Fire,unavailable,unavailable,unavailable,0,0
30.20151,75.61853,333.61,0.44,0.39,2025-11-02,749,N20,VIIRS,n,2,304.31,3.67,D,0,unclassified,99,1,4050.9,15958.2,3.45,3.67,0.31112698372208103,1.0638,0.0,Natural Fire,unavailable,unavailable,unavailable,0,0
30.23259,75.79484,342.96,0.44,0.38,2025-11-02,749,N20,VIIRS,n,2,303.57,2.85,D,0,industrial_nearby,98,1,749.8,11468.7,11.775,20.7,12.621856044179873,0.242,0.0,Unknown,unavailable,unavailable,unavailable,0,0
30.21947,75.80256,332.07,0.44,0.38,2025-11-02,749,N20,VIIRS,n,2,303.11,2.09,D,0,industrial_nearby,100,2,16.8,10497.7,25.54,48.99,33.16330803764908,0.0818,0.0,Unknown,unavailable,unavailable,unavailable,0,0
30.22911,75.93958,333.8,0.43,0.38,2025-11-02,749,N20,VIIRS,l,2,304.49,5.21,D,0,unclassified,31,2,2944.1,751.0,10.996666666666668,14.5,5.048389182039489,0.4738,0.0,Agricultural Burning,unavailable,unavailable,unavailable,0,0
30.34877,75.83429,337.91,0.44,0.38,2025-11-02,749,N20,VIIRS,n,2,305.25,4.87,D,0,unclassified,9,3,3572.4,9497.4,4.9275,6.34,1.1693694882285923,0.9883,0.0,Natural Fire,unavailable,unavailable,unavailable,0,0
30.32507,76.1292,330.37,0.43,0.38,2025-11-02,749,N20,VIIRS,n,2,302.42,2.22,D,0,unclassified,97,1,2318.2,20131.3,2.305,2.39,0.12020815280171303,0.9631,0.0,Natural Fire,unavailable,unavailable,unavailable,0,0
30.29563,75.51215,333.52,0.45,0.39,2025-11-02,749,N20,VIIRS,n,2,303.38,3.15,D,0,industrial_nearby,62,2,646.3,1929.1,9.135,15.12,8.464068170802973,0.3448,0.0,Unknown,unavailable,unavailable,unavailable,0,0
30.58223,75.93922,333.05,0.43,0.38,2025-11-02,749,N20,VIIRS,n,2,302.55,3.67,D,0,unclassified,-1,0,5646.8,19178.6,,,,,,Natural Fire,unavailable,unavailable,unavailable,0,0
30.40653,75.95949,330.65,0.43,0.38,2025-11-02,749,N20,VIIRS,l,2,304.65,2.93,D,0,unclassified,101,1,7235.1,4876.6,2.935,2.94,0.007071067811865324,0.9983,0.0,Natural Fire,unavailable,unavailable,unavailable,0,0
30.19324,75.81803,345.82,0.44,0.38,2025-11-02,749,N20,VIIRS,n,2,310.61,27.39,D,0,unclassified,96,1,3238.2,7820.5,15.3,27.39,17.09784196909072,1.7902,0.0,Natural Fire,unavailable,unavailable,unavailable,0,0
30.56265,75.04426,337.16,0.46,0.39,2025-11-02,749,N20,VIIRS,n,2,303.78,5.98,D,0,unclassified,-1,0,31301.1,20593.6,,,,,,Natural Fire,unavailable,unavailable,unavailable,0,0
30.56796,75.25938,340.28,0.45,0.39,2025-11-02,749,N20,VIIRS,n,2,303.54,3.38,D,0,unclassified,102,1,15118.0,11164.7,3.38,3.38,0.0,1.0,0.0,Natural Fire,unavailable,unavailable,unavailable,0,0
30.56443,75.26024,332.11,0.45,0.39,2025-11-02,749,N20,VIIRS,n,2,304.9,3.38,D,0,unclassified,102,1,14745.7,10806.2,3.38,3.38,0.0,1.0,0.0,Natural Fire,unavailable,unavailable,unavailable,0,0
30.52308,75.11331,335.71,0.46,0.39,2025-11-02,749,N20,VIIRS,n,2,305.1,4.93,D,0,unclassified,-1,0,23546.9,12677.3,,,,,,Natural Fire,unavailable,unavailable,unavailable,0,0
30.59089,75.48994,333.21,0.44,0.39,2025-11-02,749,N20,VIIRS,n,2,307.7,8.23,D,0,unclassified,-1,0,10008.4,23692.7,,,,,,Natural Fire,unavailable,unavailable,unavailable,0,0
30.53492,75.19899,336.52,0.46,0.39,2025-11-02,749,N20,VIIRS,n,2,303.3,2.95,D,0,unclassified,-1,0,16676.1,7782.3,,,,,,Natural Fire,unavailable,unavailable,unavailable,0,0
30.51083,75.22924,332.42,0.46,0.39,2025-11-02,749,N20,VIIRS,n,2,301.85,2.27,D,0,unclassified,-1,0,12809.4,4504.8,,,,,,Natural Fire,unavailable,unavailable,unavailable,0,0
30.58096,75.82874,340.12,0.43,0.38,2025-11-02,749,N20,VIIRS,n,2,308.16,16.68,D,0,unclassified,-1,0,2981.6,20177.1,,,,,,Natural Fire,unavailable,unavailable,unavailable,0,0
30.58642,75.90141,337.82,0.43,0.38,2025-11-02,749,N20,VIIRS,n,2,302.7,2.27,D,0,unclassified,-1,0,2468.3,19429.6,,,,,,Natural Fire,unavailable,unavailable,unavailable,0,0
30.56885,75.96531,343.0,0.43,0.38,2025-11-02,749,N20,VIIRS,n,2,306.31,9.17,D,0,unclassified,37,2,5033.1,18296.9,7.9,9.17,1.7960512242138305,1.1608,0.0,Natural Fire,unavailable,unavailable,unavailable,0,0
30.56202,76.04919,336.77,0.43,0.38,2025-11-02,749,N20,VIIRS,n,2,303.57,4.82,D,0,unclassified,-1,0,11335.9,21474.1,,,,,,Natural Fire,unavailable,unavailable,unavailable,0,0
30.37336,75.09766,340.17,0.46,0.39,2025-11-02,749,N20,VIIRS,n,2,303.87,4.29,D,0,unclassified,-1,0,12552.4,16644.6,,,,,,Natural Fire,unavailable,unavailable,unavailable,0,0
30.47512,75.69976,341.78,0.44,0.38,2025-11-02,749,N20,VIIRS,n,2,305.19,6.25,D,0,unclassified,-1,0,13921.4,17875.2,,,,,,Natural Fire,unavailable,unavailable,unavailable,0,0
30.43126,75.74221,335.16,0.44,0.38,2025-11-02,749,N20,VIIRS,l,2,306.44,22.61,D,0,unclassified,-1,0,11859.4,15726.5,,,,,,Natural Fire,unavailable,unavailable,unavailable,0,0
30.46525,75.95679,333.74,0.43,0.38,2025-11-02,749,N20,VIIRS,n,2,304.77,10.46,D,0,unclassified,-1,0,5404.8,7561.9,,,,,,Natural Fire,unavailable,unavailable,unavailable,0,0
30.45758,75.95398,338.55,0.43,0.38,2025-11-02,749,N20,VIIRS,n,2,304.78,6.21,D,0,unclassified,-1,0,5940.7,6729.9,,,,,,Natural Fire,unavailable,unavailable,unavailable,0,0
30.31931,75.21809,334.09,0.46,0.39,2025-11-02,749,N20,VIIRS,n,2,305.07,3.72,D,0,unclassified,-1,0,5802.2,16727.9,,,,,,Natural Fire,unavailable,unavailable,unavailable,0,0
30.30326,75.23177,344.67,0.46,0.39,2025-11-02,749,N20,VIIRS,n,2,307.6,12.34,D,0,unclassified,-1,0,4027.6,18459.8,,,,,,Natural Fire,unavailable,unavailable,unavailable,0,0
30.43239,76.01488,341.5,0.43,0.38,2025-11-02,749,N20,VIIRS,n,2,304.41,3.82,D,0,unclassified,-1,0,10287.3,10443.1,,,,,,Natural Fire,unavailable,unavailable,unavailable,0,0
30.40429,75.95719,332.04,0.43,0.38,2025-11-02,749,N20,VIIRS,n,2,305.63,2.94,D,0,unclassified,101,1,7124.1,4689.9,2.935,2.94,0.007071067811865324,1.0017,0.0,Natural Fire,unavailable,unavailable,unavailable,0,0
30.37969,75.97034,332.88,0.43,0.38,2025-11-02,749,N20,VIIRS,n,2,303.85,3.8,D,0,unclassified,-1,0,9563.8,6839.8,,,,,,Natural Fire,unavailable,unavailable,unavailable,0,0
30.04887,75.12053,332.45,0.47,0.4,2025-11-02,749,N20,VIIRS,n,2,304.01,1.92,D,0,unclassified,-1,0,7608.7,34570.4,,,,,,Natural Fire,unavailable,unavailable,unavailable,0,0
30.20071,75.61398,331.94,0.44,0.39,2025-11-02,749,N20,VIIRS,n,2,303.45,3.23,D,0,unclassified,99,1,3609.1,15755.1,3.45,3.67,0.31112698372208103,0.9362,0.0,Natural Fire,unavailable,unavailable,unavailable,0,0
30.19295,75.93875,343.14,0.43,0.38,2025-11-02,749,N20,VIIRS,n,2,307.14,12.66,D,0,unclassified,103,1,6232.0,1169.4,7.27,12.66,7.622611101190983,1.7414,0.0,Agricultural Burning,unavailable,unavailable,unavailable,0,0
30.02697,76.07529,333.96,0.43,0.38,2025-11-02,749,N20,VIIRS,n,2,302.46,4.15,D,0,unclassified,104,1,4755.3,13669.5,3.2750000000000004,4.15,1.2374368670764586,1.2672,0.0,Natural Fire,unavailable,unavailable,unavailable,0,0
30.0212,76.06288,334.47,0.43,0.38,2025-11-02,749,N20,VIIRS,n,2,303.09,3.06,D,0,unclassified,105,1,3726.0,12652.8,2.305,3.06,1.067731239591687,1.3275,0.0,Natural Fire,unavailable,unavailable,unavailable,0,0
30.01775,76.06367,330.2,0.43,0.38,2025-11-02,749,N20,VIIRS,n,2,301.86,1.55,D,0,unclassified,105,1,3936.6,12832.2,2.305,3.06,1.067731239591687,0.6725,0.0,Natural Fire,unavailable,unavailable,unavailable,0,0
30.02279,76.15384,330.06,0.43,0.38,2025-11-02,749,N20,VIIRS,n,2,303.38,1.7,D,0,unclassified,-1,0,9420.0,12759.5,,,,,,Natural Fire,unavailable,unavailable,unavailable,0,0
29.87741,75.58036,339.87,0.45,0.39,2025-11-02,749,N20,VIIRS,n,2,304.15,14.37,D,0,unclassified,-1,0,3229.0,12439.3,,,,,,Natural Fire,unavailable,unavailable,unavailable,0,0
29.79314,75.13081,333.03,0.47,0.4,2025-11-02,749,N20,VIIRS,n,2,303.55,1.71,D,0,unclassified,-1,0,3998.6,20400.1,,,,,,Natural Fire,unavailable,unavailable,unavailable,0,0
29.96408,76.15736,333.57,0.43,0.38,2025-11-02,749,N20,VIIRS,l,2,304.9,15.54,D,0,unclassified,-1,0,6875.1,11669.8,,,,,,Natural Fire,unavailable,unavailable,unavailable,0,0
29.89593,75.95263,332.22,0.44,0.38,2025-11-02,749,N20,VIIRS,l,2,304.2,2.21,D,0,unclassified,-1,0,6755.9,4944.8,,,,,,Natural Fire,unavailable,unavailable,unavailable,0,0
29.92619,76.16604,334.96,0.43,0.38,2025-11-02,749,N20,VIIRS,l,2,306.9,5.33,D,0,unclassified,8,2,8615.8,12025.8,5.04,5.33,0.26210684844162313,1.0575,0.0,Natural Fire,unavailable,unavailable,unavailable,0,0
30.0262,76.0709,332.53,0.43,0.38,2025-11-02,749,N20,VIIRS,n,2,302.29,2.4,D,0,unclassified,104,1,4347.3,13272.5,3.2750000000000004,4.15,1.2374368670764586,0.7328,0.0,Natural Fire,unavailable,unavailable,unavailable,0,0
29.85421,75.79909,331.17,0.44,0.38,2025-11-02,749,N20,VIIRS,n,2,303.64,1.73,D,0,industrial_nearby,-1,0,437.5,2816.8,,,,,,Unknown,unavailable,unavailable,unavailable,0,0
29.75977,75.73946,334.07,0.45,0.39,2025-11-02,749,N20,VIIRS,n,2,306.88,3.1,D,0,unclassified,-1,0,7803.9,128.1,,,,,,Agricultural Burning,unavailable,unavailable,unavailable,0,0
29.78693,75.89277,340.63,0.44,0.38,2025-11-02,749,N20,VIIRS,n,2,304.94,4.5,D,0,unclassified,106,2,5339.4,2857.8,3.725,4.5,1.0960155108391485,1.2081,0.0,Natural Fire,unavailable,unavailable,unavailable,0,0
29.79546,76.04372,333.59,0.43,0.38,2025-11-02,749,N20,VIIRS,n,2,303.2,2.27,D,0,unclassified,-1,0,6299.7,777.5,,,,,,Agricultural Burning,unavailable,unavailable,unavailable,0,0
29.79171,76.2802,332.16,0.43,0.38,2025-11-02,749,N20,VIIRS,n,2,302.31,2.1,D,0,unclassified,-1,0,4952.3,10453.8,,,,,,Natural Fire,unavailable,unavailable,unavailable,0,0
29.66507,75.74066,332.79,0.45,0.39,2025-11-02,749,N20,VIIRS,n,2,304.54,3.51,D,0,industrial_nearby,-1,0,316.9,4.7,,,,,,Unknown,unavailable,unavailable,unavailable,0,0
29.74255,76.40842,352.19,0.42,0.38,2025-11-02,749,N20,VIIRS,n,2,309.21,28.48,D,0,unclassified,-1,0,2350.6,7699.9,,,,,,Natural Fire,unavailable,unavailable,unavailable,0,0
29.68613,76.38421,330.69,0.42,0.38,2025-11-02,749,N20,VIIRS,n,2,302.45,2.12,D,0,unclassified,-1,0,8492.4,13701.0,,,,,,Natural Fire,unavailable,unavailable,unavailable,0,0
29.66332,76.3759,333.15,0.42,0.38,2025-11-02,749,N20,VIIRS,n,2,301.9,5.87,D,0,unclassified,-1,0,11117.2,16260.2,,,,,,Natural Fire,unavailable,unavailable,unavailable,0,0
29.63276,76.40527,333.45,0.42,0.38,2025-11-02,749,N20,VIIRS,n,2,302.82,3.19,D,0,unclassified,-1,0,14329.9,19682.7,,,,,,Natural Fire,unavailable,unavailable,unavailable,0,0
29.81479,75.88631,333.73,0.44,0.38,2025-11-02,749,N20,VIIRS,n,2,305.15,3.05,D,0,unclassified,-1,0,2203.8,2121.7,,,,,,Natural Fire,unavailable,unavailable,unavailable,0,0
30.02228,76.0075,334.41,0.43,0.38,2025-11-02,749,N20,VIIRS,n,2,302.97,2.73,D,0,unclassified,-1,0,1883.1,7582.2,,,,,,Natural Fire,unavailable,unavailable,unavailable,0,0
29.98869,76.09236,333.75,0.43,0.38,2025-11-02,749,N20,VIIRS,n,2,303.76,5.15,D,0,unclassified,-1,0,3067.3,16573.8,,,,,,Natural Fire,unavailable,unavailable,unavailable,0,0
29.89885,75.3151,344.19,0.46,0.39,2025-11-02,749,N20,VIIRS,n,2,309.5,19.68,D,0,unclassified,-1,0,1873.7,10790.9,,,,,,Natural Fire,unavailable,unavailable,unavailable,0,0
30.2163,76.07114,332.69,0.43,0.38,2025-11-02,749,N20,VIIRS,l,2,302.72,6.08,D,0,unclassified,-1,0,5387.7,11485.8,,,,,,Natural Fire,unavailable,unavailable,unavailable,0,0
30.17863,75.91897,345.09,0.43,0.38,2025-11-02,749,N20,VIIRS,n,2,315.26,44.38,D,0,unclassified,107,1,4774.1,2309.3,33.025000000000006,44.38,16.058395000746497,1.3438,0.0,Natural Fire,unavailable,unavailable,unavailable,0,0
30.18054,75.91676,343.99,0.43,0.38,2025-11-02,749,N20,VIIRS,n,2,304.44,21.67,D,0,unclassified,107,1,4492.1,2180.0,33.025000000000006,44.38,16.058395000746497,0.6562,0.0,Natural Fire,unavailable,unavailable,unavailable,0,0
30.19202,76.0247,330.42,0.43,0.38,2025-11-02,749,N20,VIIRS,n,2,304.01,2.59,D,0,unclassified,-1,0,8500.5,7186.2,,,,,,Natural Fire,unavailable,unavailable,unavailable,0,0
30.01216,75.94984,336.16,0.43,0.38,2025-11-02,749,N20,VIIRS,n,2,309.25,16.04,D,0,unclassified,-1,0,6226.7,4535.6,,,,,,Natural Fire,unavailable,unavailable,unavailable,0,0
30.13985,76.01383,340.34,0.43,0.38,2025-11-02,749,N20,VIIRS,n,2,306.31,12.59,D,0,unclassified,108,2,9994.0,9335.7,10.11,12.59,2.155272604567692,1.2453,0.0,Natural Fire,unavailable,unavailable,unavailable,0,0
30.11236,75.91872,336.23,0.43,0.38,2025-11-02,749,N20,VIIRS,n,2,303.55,3.5,D,0,unclassified,80,2,10016.5,5597.7,3.4450000000000003,3.5,0.07778174593051998,1.016,0.0,Natural Fire,unavailable,unavailable,unavailable,0,0
30.06509,75.67236,343.27,0.44,0.39,2025-11-02,749,N20,VIIRS,n,2,306.78,9.01,D,0,unclassified,-1,0,3635.5,15462.7,,,,,,Natural Fire,unavailable,unavailable,unavailable,0,0
30.09045,75.83553,345.57,0.44,0.38,2025-11-02,749,N20,VIIRS,n,2,305.1,6.23,D,0,unclassified,-1,0,4406.4,3637.1,,,,,,Natural Fire,unavailable,unavailable,unavailable,0,0
30.06133,75.69215,333.87,0.44,0.39,2025-11-02,749,N20,VIIRS,l,2,304.42,2.77,D,0,unclassified,-1,0,2358.1,13928.2,,,,,,Natural Fire,unavailable,unavailable,unavailable,0,0
30.11369,75.98769,330.29,0.43,0.38,2025-11-02,749,N20,VIIRS,n,2,305.26,4.8,D,0,unclassified,109,1,7597.3,7709.5,4.654999999999999,4.8,0.2050609665440985,1.0311,0.0,Natural Fire,unavailable,unavailable,unavailable,0,0
30.08447,75.65833,334.25,0.44,0.39,2025-11-02,749,N20,VIIRS,l,2,305.81,6.12,D,0,unclassified,-1,0,4713.8,16040.2,,,,,,Natural Fire,unavailable,unavailable,unavailable,0,0
30.15996,76.27299,337.0,0.42,0.38,2025-11-02,749,N20,VIIRS,n,2,306.38,4.59,D,0,unclassified,-1,0,4912.9,11008.3,,,,,,Natural Fire,unavailable,unavailable,unavailable,0,0
30.11447,75.99211,332.94,0.43,0.38,2025-11-02,749,N20,VIIRS,n,2,303.12,4.51,D,0,unclassified,109,1,7537.5,8062.7,4.654999999999999,4.8,0.2050609665440985,0.9689,0.0,Natural Fire,unavailable,unavailable,unavailable,0,0
30.04038,76.04927,344.92,0.43,0.38,2025-11-02,749,N20,VIIRS,n,2,304.22,10.96,D,0,unclassified,110,2,2360.0,10957.7,7.130000000000001,10.96,5.416437943888955,1.5372,0.0,Natural Fire,unavailable,unavailable,unavailable,0,0
30.03807,76.03604,354.48,0.43,0.38,2025-11-02,749,N20,VIIRS,n,2,303.94,6.87,D,0,unclassified,111,1,1093.5,9726.6,5.8500000000000005,6.87,0.883345911860128,1.1744,0.0,Natural Fire,unavailable,unavailable,unavailable,0,0
30.0373,76.03163,341.32,0.43,0.38,2025-11-02,749,N20,VIIRS,n,2,301.64,5.34,D,0,industrial_nearby,111,1,700.2,9320.5,5.8500000000000005,6.87,0.883345911860128,0.9128,0.0,Unknown,unavailable,unavailable,unavailable,0,0
30.04229,76.03966,333.91,0.43,0.38,2025-11-02,749,N20,VIIRS,l,2,304.44,6.87,D,0,unclassified,-1,0,1648.3,10013.8,,,,,,Natural Fire,unavailable,unavailable,unavailable,0,0
30.19641,75.93794,330.75,0.43,0.38,2025-11-02,749,N20,VIIRS,l,2,301.69,1.88,D,0,unclassified,103,1,6137.1,814.1,7.27,12.66,7.622611101190983,0.2586,0.0,Agricultural Burning,unavailable,unavailable,unavailable,0,0
30.0622,75.90578,337.84,0.44,0.38,2025-11-02,749,N20,VIIRS,n,2,303.28,3.89,D,0,unclassified,-1,0,10254.9,1893.0,,,,,,Agricultural Burning,unavailable,unavailable,unavailable,0,0
30.09771,76.06024,334.41,0.43,0.38,2025-11-02,749,N20,VIIRS,n,2,303.94,6.3,D,0,unclassified,-1,0,6700.4,12768.4,,,,,,Natural Fire,unavailable,unavailable,unavailable,0,0
30.06214,75.7579,341.8,0.44,0.38,2025-11-02,749,N20,VIIRS,n,2,305.1,4.3,D,0,unclassified,-1,0,5075.1,8803.1,,,,,,Natural Fire,unavailable,unavailable,unavailable,0,0
30.04075,76.03083,337.76,0.43,0.38,2025-11-02,749,N20,VIIRS,n,2,303.15,5.34,D,0,industrial_nearby,111,1,963.3,9187.6,5.8500000000000005,6.87,0.883345911860128,0.9128,0.0,Unknown,unavailable,unavailable,unavailable,0,0
29.92933,75.16381,343.82,0.55,0.51,2025-11-03,730,N20,VIIRS,n,2,305.99,8.91,D,0,unclassified,-1,0,3155.7,22137.4,,,,,,Natural Fire,unavailable,unavailable,unavailable,0,0
30.15988,76.10894,337.17,0.48,0.48,2025-11-03,730,N20,VIIRS,n,2,304.64,3.71,D,0,unclassified,-1,0,5698.9,15964.1,,,,,,Natural Fire,unavailable,unavailable,unavailable,0,0
30.12694,75.95543,340.83,0.49,0.49,2025-11-03,730,N20,VIIRS,n,2,305.5,8.4,D,0,unclassified,-1,0,10252.6,7429.0,,,,,,Natural Fire,unavailable,unavailable,unavailable,0,0
30.01823,75.38973,340.05,0.54,0.51,2025-11-03,730,N20,VIIRS,n,2,303.0,7.72,D,0,unclassified,-1,0,5426.8,24027.1,,,,,,Natural Fire,unavailable,unavailable,unavailable,0,0
29.94782,75.02621,340.31,0.56,0.52,2025-11-03,730,N20,VIIRS,n,2,303.81,6.47,D,0,unclassified,112,2,1553.0,34413.4,4.359999999999999,6.47,2.98399061660723,1.4839,0.0,Natural Fire,unavailable,unavailable,unavailable,0,0
30.10833,75.5625,336.45,0.52,0.5,2025-11-03,730,N20,VIIRS,n,2,304.24,3.09,D,0,unclassified,-1,0,9092.1,23165.7,,,,,,Natural Fire,unavailable,unavailable,unavailable,0,0
30.2169,75.7756,348.59,0.5,0.49,2025-11-03,730,N20,VIIRS,n,2,304.85,7.39,D,0,unclassified,-1,0,1600.2,11263.1,,,,,,Natural Fire,unavailable,unavailable,unavailable,0,0
30.27791,76.08195,337.67,0.48,0.48,2025-11-03,730,N20,VIIRS,n,2,304.78,3.91,D,0,unclassified,-1,0,2329.4,14159.3,,,,,,Natural Fire,unavailable,unavailable,unavailable,0,0
30.08147,75.04392,336.99,0.56,0.51,2025-11-03,730,N20,VIIRS,n,2,304.26,5.0,D,0,unclassified,-1,0,3214.8,42132.1,,,,,,Natural Fire,unavailable,unavailable,unavailable,0,0
30.2335,75.72184,335.53,0.51,0.49,2025-11-03,730,N20,VIIRS,n,2,303.21,3.67,D,0,unclassified,-1,0,6844.2,15464.9,,,,,,Natural Fire,unavailable,unavailable,unavailable,0,0
30.51602,75.7591,330.97,0.5,0.49,2025-11-03,730,N20,VIIRS,n,2,302.98,1.5,D,0,unclassified,-1,0,11251.5,18154.4,,,,,,Natural Fire,unavailable,unavailable,unavailable,0,0
30.55422,75.82833,345.5,0.49,0.49,2025-11-03,730,N20,VIIRS,n,2,306.48,7.96,D,0,unclassified,-1,0,5086.8,17460.9,,,,,,Natural Fire,unavailable,unavailable,unavailable,0,0
30.10362,75.55998,341.28,0.52,0.5,2025-11-03,730,N20,VIIRS,n,2,305.19,4.67,D,0,unclassified,-1,0,9649.3,23629.9,,,,,,Natural Fire,unavailable,unavailable,unavailable,0,0
30.54222,76.48061,345.93,0.45,0.47,2025-11-03,730,N20,VIIRS,n,2,303.55,4.68,D,0,unclassified,-1,0,1443.0,19211.3,,,,,,Natural Fire,unavailable,unavailable,unavailable,0,0
30.0908,75.98151,343.61,0.49,0.49,2025-11-03,730,N20,VIIRS,n,2,307.92,16.08,D,0,unclassified,113,1,5524.5,5567.7,9.856666666666667,16.08,5.775208509944323,1.6314,0.0,Natural Fire,unavailable,unavailable,unavailable,0,0
30.08785,75.98436,347.94,0.49,0.49,2025-11-03,730,N20,VIIRS,n,2,304.2,4.67,D,0,unclassified,113,1,5102.5,5619.9,9.856666666666667,16.08,5.775208509944323,0.4738,0.0,Natural Fire,unavailable,unavailable,unavailable,0,0
30.09223,75.98311,345.83,0.49,0.49,2025-11-03,730,N20,VIIRS,n,2,305.66,8.82,D,0,unclassified,113,1,5582.7,5785.1,9.856666666666667,16.08,5.775208509944323,0.8948,0.0,Natural Fire,unavailable,unavailable,unavailable,0,0
29.93598,76.13509,341.74,0.49,0.48,2025-11-03,730,N20,VIIRS,n,2,305.09,3.85,D,0,unclassified,-1,0,5466.6,14419.0,,,,,,Natural Fire,unavailable,unavailable,unavailable,0,0
29.98923,76.12537,338.62,0.49,0.48,2025-11-03,730,N20,VIIRS,n,2,303.79,5.48,D,0,unclassified,114,1,4872.5,14708.4,5.48,5.48,0.0,1.0,0.0,Natural Fire,unavailable,unavailable,unavailable,0,0
29.98819,76.12045,340.55,0.49,0.48,2025-11-03,730,N20,VIIRS,n,2,306.68,5.48,D,0,unclassified,114,1,4436.4,15174.2,5.48,5.48,0.0,1.0,0.0,Natural Fire,unavailable,unavailable,unavailable,0,0
30.03728,76.0514,341.25,0.49,0.49,2025-11-03,730,N20,VIIRS,n,2,304.73,3.3,D,0,unclassified,110,2,2465.1,11204.6,7.130000000000001,10.96,5.416437943888955,0.4628,0.0,Natural Fire,unavailable,unavailable,unavailable,0,0
30.01696,75.93522,336.76,0.5,0.49,2025-11-03,730,N20,VIIRS,n,2,304.18,3.35,D,0,unclassified,115,2,7481.6,3810.7,2.5500000000000003,3.35,0.7,1.3137,0.0,Natural Fire,unavailable,unavailable,unavailable,0,0
29.98261,76.13767,338.5,0.49,0.48,2025-11-03,730,N20,VIIRS,n,2,303.56,4.36,D,0,unclassified,-1,0,5491.6,13487.0,,,,,,Natural Fire,unavailable,unavailable,unavailable,0,0
30.05579,76.05147,330.34,0.49,0.49,2025-11-03,730,N20,VIIRS,n,2,304.86,2.42,D,0,unclassified,-1,0,3294.0,11090.9,,,,,,Natural Fire,unavailable,unavailable,unavailable,0,0
29.91932,75.41982,343.25,0.54,0.51,2025-11-03,730,N20,VIIRS,n,2,304.7,6.14,D,0,unclassified,-1,0,1782.6,14584.6,,,,,,Natural Fire,unavailable,unavailable,unavailable,0,0
29.89177,75.2942,335.25,0.55,0.51,2025-11-03,730,N20,VIIRS,n,2,302.4,5.63,D,0,unclassified,-1,0,1208.4,10780.9,,,,,,Natural Fire,unavailable,unavailable,unavailable,0,0
29.93075,75.42802,330.58,0.54,0.5,2025-11-03,730,N20,VIIRS,n,2,301.99,3.33,D,0,industrial_nearby,-1,0,921.9,16077.0,,,,,,Unknown,unavailable,unavailable,unavailable,0,0
30.06955,75.94168,337.25,0.5,0.49,2025-11-03,730,N20,VIIRS,n,2,306.08,3.52,D,0,unclassified,-1,0,7134.5,1107.8,,,,,,Agricultural Burning,unavailable,unavailable,unavailable,0,0
29.9873,75.77606,337.03,0.51,0.49,2025-11-03,730,N20,VIIRS,n,2,304.46,4.92,D,0,unclassified,-1,0,2707.9,8474.6,,,,,,Natural Fire,unavailable,unavailable,unavailable,0,0
30.11558,75.86665,334.48,0.52,0.67,2025-11-04,852,N20,VIIRS,n,2,296.9,3.75,D,0,unclassified,-1,0,5023.7,4496.6,,,,,,Natural Fire,unavailable,unavailable,unavailable,0,0
30.19564,75.75978,367.0,0.51,0.66,2025-11-04,852,N20,VIIRS,h,2,294.31,13.65,D,0,unclassified,116,1,4051.7,9919.8,18.296666666666667,24.73,5.752019935060494,0.746,0.0,Natural Fire,unavailable,unavailable,unavailable,0,0
30.18948,75.76022,332.12,0.51,0.66,2025-11-04,852,N20,VIIRS,n,2,295.35,13.65,D,0,unclassified,117,1,4456.8,9345.9,9.175,13.65,6.3286056916196,1.4877,0.0,Natural Fire,unavailable,unavailable,unavailable,0,0
30.17832,75.66926,342.2,0.51,0.66,2025-11-04,852,N20,VIIRS,n,2,291.7,3.36,D,0,unclassified,-1,0,8784.9,15724.8,,,,,,Natural Fire,unavailable,unavailable,unavailable,0,0
30.18058,75.94241,355.71,0.53,0.67,2025-11-04,852,N20,VIIRS,n,2,297.31,8.84,D,0,unclassified,-1,0,6819.1,2470.3,,,,,,Natural Fire,unavailable,unavailable,unavailable,0,0
30.19596,75.75755,355.7,0.51,0.66,2025-11-04,852,N20,VIIRS,n,2,298.93,24.73,D,0,unclassified,116,1,4207.3,10074.3,18.296666666666667,24.73,5.752019935060494,1.3516,0.0,Natural Fire,unavailable,unavailable,unavailable,0,0
30.19014,75.76334,342.86,0.51,0.66,2025-11-04,852,N20,VIIRS,n,2,295.29,4.7,D,0,unclassified,117,1,4191.4,9224.8,9.175,13.65,6.3286056916196,0.5123,0.0,Natural Fire,unavailable,unavailable,unavailable,0,0
30.17613,75.94566,339.69,0.53,0.67,2025-11-04,852,N20,VIIRS,n,2,296.69,5.41,D,0,unclassified,-1,0,7263.8,3054.0,,,,,,Natural Fire,unavailable,unavailable,unavailable,0,0
30.15409,75.99736,345.63,0.53,0.67,2025-11-04,852,N20,VIIRS,n,2,297.05,5.77,D,0,unclassified,-1,0,11203.3,7107.5,,,,,,Natural Fire,unavailable,unavailable,unavailable,0,0
30.05933,75.31031,330.12,0.48,0.65,2025-11-04,852,N20,VIIRS,n,2,298.13,2.34,D,0,unclassified,-1,0,8485.3,28387.0,,,,,,Natural Fire,unavailable,unavailable,unavailable,0,0
30.04626,75.94432,367.0,0.52,0.67,2025-11-04,852,N20,VIIRS,h,2,299.47,8.14,D,0,unclassified,-1,0,6353.8,956.2,,,,,,Agricultural Burning,unavailable,unavailable,unavailable,0,0
30.03243,75.05794,335.26,0.46,0.64,2025-11-04,852,N20,VIIRS,n,2,296.21,4.77,D,0,unclassified,-1,0,2486.3,37343.6,,,,,,Natural Fire,unavailable,unavailable,unavailable,0,0
30.07137,75.85323,342.45,0.52,0.67,2025-11-04,852,N20,VIIRS,n,2,298.64,5.24,D,0,unclassified,-1,0,7075.5,6299.7,,,,,,Natural Fire,unavailable,unavailable,unavailable,0,0
30.09405,76.01368,367.0,0.53,0.67,2025-11-04,852,N20,VIIRS,h,2,299.73,11.36,D,0,unclassified,-1,0,4921.0,8440.3,,,,,,Natural Fire,unavailable,unavailable,unavailable,0,0
30.05449,76.08952,348.15,0.54,0.68,2025-11-04,852,N20,VIIRS,n,2,297.76,13.03,D,0,unclassified,-1,0,6543.2,14759.3,,,,,,Natural Fire,unavailable,unavailable,unavailable,0,0
30.19534,75.75438,346.51,0.51,0.66,2025-11-04,852,N20,VIIRS,n,2,290.6,16.51,D,0,unclassified,116,1,4500.2,10203.6,18.296666666666667,24.73,5.752019935060494,0.9024,0.0,Natural Fire,unavailable,unavailable,unavailable,0,0
30.01119,75.65861,336.89,0.5,0.66,2025-11-04,852,N20,VIIRS,n,2,298.65,2.94,D,0,unclassified,-1,0,6861.6,16064.6,,,,,,Natural Fire,unavailable,unavailable,unavailable,0,0
29.97304,75.2226,348.91,0.47,0.64,2025-11-04,852,N20,VIIRS,n,2,295.28,6.01,D,0,unclassified,-1,0,3879.7,22023.0,,,,,,Natural Fire,unavailable,unavailable,unavailable,0,0
29.98217,75.37364,345.86,0.48,0.65,2025-11-04,852,N20,VIIRS,n,2,298.74,4.82,D,0,unclassified,-1,0,2060.6,19834.6,,,,,,Natural Fire,unavailable,unavailable,unavailable,0,0
30.00558,76.11537,342.9,0.54,0.68,2025-11-04,852,N20,VIIRS,n,2,297.62,6.33,D,0,unclassified,118,1,5638.3,15894.6,5.645,6.33,0.9687362902255698,1.1213,0.0,Natural Fire,unavailable,unavailable,unavailable,0,0
30.00809,76.11539,344.25,0.54,0.68,2025-11-04,852,N20,VIIRS,n,2,298.36,4.96,D,0,unclassified,118,1,5881.9,15937.8,5.645,6.33,0.9687362902255698,0.8787,0.0,Natural Fire,unavailable,unavailable,unavailable,0,0
30.09855,76.01225,367.0,0.53,0.67,2025-11-04,852,N20,VIIRS,h,2,299.78,10.43,D,0,unclassified,-1,0,5426.6,8542.4,,,,,,Natural Fire,unavailable,unavailable,unavailable,0,0
30.2012,75.74855,330.48,0.51,0.66,2025-11-04,852,N20,VIIRS,n,2,287.99,2.18,D,0,unclassified,-1,0,4667.1,11060.9,,,,,,Natural Fire,unavailable,unavailable,unavailable,0,0
30.27978,75.72012,337.07,0.51,0.66,2025-11-04,852,N20,VIIRS,n,2,295.6,3.44,D,0,unclassified,119,1,9394.9,18251.8,3.13,3.44,0.4384062043356595,1.099,0.0,Natural Fire,unavailable,unavailable,unavailable,0,0
30.25401,76.02729,330.64,0.53,0.67,2025-11-04,852,N20,VIIRS,n,2,296.2,3.19,D,0,unclassified,-1,0,3556.7,8351.6,,,,,,Natural Fire,unavailable,unavailable,unavailable,0,0
29.94623,75.70643,340.94,0.51,0.66,2025-11-04,852,N20,VIIRS,n,2,298.35,5.15,D,0,unclassified,120,2,1630.0,7986.7,3.375,5.15,2.5102290732122436,1.5259,0.0,Natural Fire,unavailable,unavailable,unavailable,0,0
30.58178,75.72776,333.81,0.52,0.66,2025-11-04,852,N20,VIIRS,n,2,294.71,7.5,D,0,unclassified,-1,0,12363.9,25396.4,,,,,,Natural Fire,unavailable,unavailable,unavailable,0,0
30.58808,75.71927,338.84,0.51,0.66,2025-11-04,852,N20,VIIRS,n,2,294.21,2.87,D,0,unclassified,67,3,13119.0,26460.1,2.5233333333333334,3.01,0.7250747087944341,1.1374,0.0,Natural Fire,unavailable,unavailable,unavailable,0,0
30.52635,75.3979,332.34,0.49,0.65,2025-11-04,852,N20,VIIRS,n,2,296.13,4.49,D,0,unclassified,-1,0,9449.2,17146.7,,,,,,Natural Fire,unavailable,unavailable,unavailable,0,0
30.52029,75.39832,349.91,0.49,0.65,2025-11-04,852,N20,VIIRS,n,2,290.47,4.49,D,0,unclassified,-1,0,8904.8,16952.9,,,,,,Natural Fire,unavailable,unavailable,unavailable,0,0
30.5154,75.84393,341.3,0.52,0.67,2025-11-04,852,N20,VIIRS,n,2,294.25,4.4,D,0,unclassified,-1,0,3136.5,12934.2,,,,,,Natural Fire,unavailable,unavailable,unavailable,0,0
30.43711,75.35667,337.54,0.49,0.65,2025-11-04,852,N20,VIIRS,n,2,294.41,3.55,D,0,unclassified,-1,0,2022.6,12566.6,,,,,,Natural Fire,unavailable,unavailable,unavailable,0,0
30.4432,75.66799,345.72,0.51,0.66,2025-11-04,852,N20,VIIRS,n,2,294.7,5.32,D,0,unclassified,-1,0,10149.9,13395.1,,,,,,Natural Fire,unavailable,unavailable,unavailable,0,0
30.3964,75.18091,349.73,0.48,0.64,2025-11-04,852,N20,VIIRS,n,2,296.34,10.03,D,0,unclassified,-1,0,13511.7,9430.7,,,,,,Natural Fire,unavailable,unavailable,unavailable,0,0
30.42486,76.26022,338.08,0.55,0.68,2025-11-04,852,N20,VIIRS,n,2,295.58,4.71,D,0,unclassified,-1,0,4234.1,13977.7,,,,,,Natural Fire,unavailable,unavailable,unavailable,0,0
30.38533,75.62355,337.34,0.51,0.66,2025-11-04,852,N20,VIIRS,n,2,297.25,5.82,D,0,unclassified,-1,0,2828.0,7316.0,,,,,,Natural Fire,unavailable,unavailable,unavailable,0,0
30.36656,75.13638,336.6,0.47,0.64,2025-11-04,852,N20,VIIRS,n,2,296.36,3.15,D,0,unclassified,-1,0,10486.6,14584.9,,,,,,Natural Fire,unavailable,unavailable,unavailable,0,0
30.42844,76.25692,331.13,0.55,0.68,2025-11-04,852,N20,VIIRS,n,2,296.49,6.23,D,0,unclassified,-1,0,3850.1,14484.5,,,,,,Natural Fire,unavailable,unavailable,unavailable,0,0
30.3681,75.75216,350.55,0.51,0.66,2025-11-04,852,N20,VIIRS,n,2,292.79,6.36,D,0,unclassified,-1,0,9415.1,15296.0,,,,,,Natural Fire,unavailable,unavailable,unavailable,0,0
30.31175,75.12037,334.74,0.47,0.64,2025-11-04,852,N20,VIIRS,n,2,297.67,3.01,D,0,unclassified,-1,0,5705.5,20467.1,,,,,,Natural Fire,unavailable,unavailable,unavailable,0,0
30.25708,75.10453,342.18,0.47,0.64,2025-11-04,852,N20,VIIRS,n,2,298.3,4.86,D,0,unclassified,-1,0,3618.1,26504.8,,,,,,Natural Fire,unavailable,unavailable,unavailable,0,0
30.31256,76.22911,330.75,0.55,0.68,2025-11-04,852,N20,VIIRS,n,2,297.5,10.43,D,0,unclassified,121,1,7118.7,10940.6,8.94,10.43,2.107178207935911,1.1667,0.0,Natural Fire,unavailable,unavailable,unavailable,0,0
30.29158,76.1898,335.99,0.55,0.68,2025-11-04,852,N20,VIIRS,n,2,295.73,5.04,D,0,unclassified,122,1,3364.3,15027.0,4.42,5.04,0.876812408671319,1.1403,0.0,Natural Fire,unavailable,unavailable,unavailable,0,0
30.27992,75.72156,338.67,0.51,0.66,2025-11-04,852,N20,VIIRS,n,2,295.42,2.82,D,0,unclassified,119,1,9304.4,18371.6,3.13,3.44,0.4384062043356595,0.901,0.0,Natural Fire,unavailable,unavailable,unavailable,0,0
30.30952,76.23026,340.64,0.55,0.68,2025-11-04,852,N20,VIIRS,n,2,298.4,7.45,D,0,unclassified,121,1,6767.1,10861.9,8.94,10.43,2.107178207935911,0.8333,0.0,Natural Fire,unavailable,unavailable,unavailable,0,0
30.29461,76.19056,332.6,0.55,0.68,2025-11-04,852,N20,VIIRS,n,2,295.93,3.8,D,0,unclassified,122,1,3670.6,14887.9,4.42,5.04,0.876812408671319,0.8597,0.0,Natural Fire,unavailable,unavailable,unavailable,0,0
30.21966,75.74728,335.15,0.51,0.66,2025-11-04,852,N20,VIIRS,n,2,294.68,4.11,D,0,unclassified,-1,0,4280.8,12798.7,,,,,,Natural Fire,unavailable,unavailable,unavailable,0,0
29.91921,75.66564,331.64,0.5,0.66,2025-11-04,852,N20,VIIRS,n,2,296.92,2.75,D,0,unclassified,-1,0,3989.6,10816.9,,,,,,Natural Fire,unavailable,unavailable,unavailable,0,0
29.87729,75.372,349.82,0.48,0.65,2025-11-04,852,N20,VIIRS,n,2,301.21,27.49,D,0,unclassified,123,1,2647.2,8429.5,29.795,32.1,3.259762261269985,0.9226,0.0,Natural Fire,unavailable,unavailable,unavailable,0,0
29.8776,75.37708,367.0,0.48,0.65,2025-11-04,852,N20,VIIRS,h,2,298.7,32.1,D,0,unclassified,123,1,2898.3,8625.1,29.795,32.1,3.259762261269985,1.0774,0.0,Natural Fire,unavailable,unavailable,unavailable,0,0
30.05754,75.46398,349.58,0.5,0.66,2025-11-04,711,N20,VIIRS,n,2,298.64,6.24,D,0,unclassified,-1,0,7086.4,28707.0,,,,,,Natural Fire,unavailable,unavailable,unavailable,0,0
30.14986,75.91776,356.24,0.47,0.64,2025-11-04,711,N20,VIIRS,n,2,300.53,7.39,D,0,unclassified,-1,0,6712.3,5460.8,,,,,,Natural Fire,unavailable,unavailable,unavailable,0,0
30.04275,75.57719,330.16,0.49,0.65,2025-11-04,711,N20,VIIRS,n,2,298.48,4.38,D,0,unclassified,124,1,10316.1,24317.7,4.165,4.38,0.30405591591021525,1.0516,0.0,Natural Fire,unavailable,unavailable,unavailable,0,0
30.15924,76.02596,340.51,0.46,0.64,2025-11-04,711,N20,VIIRS,n,2,300.26,4.48,D,0,unclassified,76,2,11634.7,8766.0,5.274,7.68,1.743439129995653,0.8495,0.0,Natural Fire,unavailable,unavailable,unavailable,0,0
30.16043,76.0306,331.14,0.46,0.64,2025-11-04,711,N20,VIIRS,n,2,298.29,4.48,D,0,unclassified,76,2,11732.5,9067.8,5.274,7.68,1.743439129995653,0.8495,0.0,Natural Fire,unavailable,unavailable,unavailable,0,0
30.10508,75.84039,367.0,0.48,0.64,2025-11-04,711,N20,VIIRS,h,2,302.87,26.21,D,0,unclassified,125,1,3332.1,2579.7,18.43,26.21,6.737677641442933,1.4221,0.0,Natural Fire,unavailable,unavailable,unavailable,0,0
30.14315,76.0112,356.01,0.46,0.64,2025-11-04,711,N20,VIIRS,n,2,300.22,8.69,D,0,unclassified,108,2,10367.7,8893.3,10.11,12.59,2.155272604567692,0.8595,0.0,Natural Fire,unavailable,unavailable,unavailable,0,0
30.04625,75.57894,336.65,0.49,0.65,2025-11-04,711,N20,VIIRS,n,2,297.85,3.95,D,0,unclassified,124,1,10737.5,24420.4,4.165,4.38,0.30405591591021525,0.9484,0.0,Natural Fire,unavailable,unavailable,unavailable,0,0
30.15995,76.02898,355.39,0.46,0.64,2025-11-04,711,N20,VIIRS,n,2,299.58,7.68,D,0,unclassified,76,2,11702.6,8964.7,5.274,7.68,1.743439129995653,1.4562,0.0,Natural Fire,unavailable,unavailable,unavailable,0,0
30.10575,75.83813,352.04,0.48,0.64,2025-11-04,711,N20,VIIRS,n,2,304.71,14.54,D,0,unclassified,125,1,3127.6,2369.0,18.43,26.21,6.737677641442933,0.7889,0.0,Natural Fire,unavailable,unavailable,unavailable,0,0
30.10695,75.8429,346.54,0.48,0.64,2025-11-04,711,N20,VIIRS,n,2,297.9,14.54,D,0,unclassified,125,1,3370.5,2642.7,18.43,26.21,6.737677641442933,0.7889,0.0,Natural Fire,unavailable,unavailable,unavailable,0,0
30.14397,76.01419,350.29,0.46,0.64,2025-11-04,711,N20,VIIRS,n,2,298.02,9.05,D,0,unclassified,108,2,10449.9,9017.2,10.11,12.59,2.155272604567692,0.8952,0.0,Natural Fire,unavailable,unavailable,unavailable,0,0
30.19901,76.23383,344.54,0.45,0.63,2025-11-04,711,N20,VIIRS,n,2,298.14,5.13,D,0,unclassified,-1,0,1118.5,15338.4,,,,,,Natural Fire,unavailable,unavailable,unavailable,0,0
30.05684,75.79237,335.6,0.48,0.65,2025-11-04,711,N20,VIIRS,n,2,298.66,3.92,D,0,unclassified,-1,0,7997.4,7550.1,,,,,,Natural Fire,unavailable,unavailable,unavailable,0,0
30.07369,75.93124,335.8,0.47,0.64,2025-11-04,711,N20,VIIRS,n,2,298.81,10.29,D,0,unclassified,-1,0,8236.3,1201.3,,,,,,Agricultural Burning,unavailable,unavailable,unavailable,0,0
30.18021,76.3754,332.93,0.44,0.62,2025-11-04,711,N20,VIIRS,n,2,299.24,2.78,D,0,unclassified,-1,0,2361.2,2159.1,,,,,,Natural Fire,unavailable,unavailable,unavailable,0,0
30.068,75.93314,367.0,0.47,0.64,2025-11-04,711,N20,VIIRS,h,2,302.2,10.29,D,0,unclassified,-1,0,7867.3,570.2,,,,,,Agricultural Burning,unavailable,unavailable,unavailable,0,0
30.05373,76.06954,334.23,0.46,0.64,2025-11-04,711,N20,VIIRS,n,2,299.16,2.71,D,0,unclassified,-1,0,4759.2,12834.0,,,,,,Natural Fire,unavailable,unavailable,unavailable,0,0
29.79032,75.13795,332.68,0.53,0.67,2025-11-04,711,N20,VIIRS,n,2,296.94,4.75,D,0,unclassified,126,1,4670.5,19730.8,3.7350000000000003,4.75,1.4354267658086914,1.2718,0.0,Natural Fire,unavailable,unavailable,unavailable,0,0
29.79029,75.13927,336.47,0.53,0.67,2025-11-04,711,N20,VIIRS,n,2,297.37,2.72,D,0,unclassified,126,1,4798.0,19603.8,3.7350000000000003,4.75,1.4354267658086914,0.7282,0.0,Natural Fire,unavailable,unavailable,unavailable,0,0
29.98735,75.90569,350.48,0.47,0.64,2025-11-04,711,N20,VIIRS,n,2,299.78,5.5,D,0,unclassified,127,1,6490.4,7279.8,5.395,5.5,0.14849242404917465,1.0195,0.0,Natural Fire,unavailable,unavailable,unavailable,0,0
30.17287,75.7656,367.0,0.48,0.65,2025-11-04,711,N20,VIIRS,h,2,301.3,6.46,D,0,unclassified,128,1,5609.1,7605.5,8.716666666666667,13.23,3.9086613224137667,0.7411,0.0,Natural Fire,unavailable,unavailable,unavailable,0,0
30.17409,75.77039,330.72,0.48,0.65,2025-11-04,711,N20,VIIRS,n,2,297.23,6.46,D,0,unclassified,128,1,5278.4,7402.2,8.716666666666667,13.23,3.9086613224137667,0.7411,0.0,Natural Fire,unavailable,unavailable,unavailable,0,0
29.98618,75.90413,344.42,0.47,0.64,2025-11-04,711,N20,VIIRS,n,2,299.6,5.29,D,0,unclassified,127,1,6312.1,7135.4,5.395,5.5,0.14849242404917465,0.9805,0.0,Natural Fire,unavailable,unavailable,unavailable,0,0
30.27324,75.84614,330.98,0.47,0.64,2025-11-04,711,N20,VIIRS,n,2,298.24,5.33,D,0,unclassified,-1,0,4041.4,7809.7,,,,,,Natural Fire,unavailable,unavailable,unavailable,0,0
29.84448,75.03143,339.03,0.46,0.64,2025-11-04,852,N20,VIIRS,n,2,290.54,2.79,D,0,unclassified,-1,0,6581.9,30314.0,,,,,,Natural Fire,unavailable,unavailable,unavailable,0,0
29.87435,75.85174,340.32,0.52,0.67,2025-11-04,852,N20,VIIRS,n,2,297.97,3.76,D,0,unclassified,-1,0,2899.4,3179.0,,,,,,Natural Fire,unavailable,unavailable,unavailable,0,0
29.84626,75.46141,341.58,0.49,0.65,2025-11-04,852,N20,VIIRS,n,2,298.45,8.81,D,0,unclassified,90,2,2601.1,9835.2,10.093333333333334,16.12,4.5168912613286,0.8729,0.0,Natural Fire,unavailable,unavailable,unavailable,0,0
29.84656,75.46655,346.01,0.49,0.65,2025-11-04,852,N20,VIIRS,n,2,300.29,8.81,D,0,unclassified,90,2,2104.2,9584.6,10.093333333333334,16.12,4.5168912613286,0.8729,0.0,Natural Fire,unavailable,unavailable,unavailable,0,0
29.84863,75.50261,343.84,0.49,0.65,2025-11-04,852,N20,VIIRS,n,2,298.74,4.65,D,0,unclassified,-1,0,1026.2,8461.1,,,,,,Natural Fire,unavailable,unavailable,unavailable,0,0
29.84892,75.50778,331.07,0.49,0.65,2025-11-04,852,N20,VIIRS,n,2,297.55,4.65,D,0,unclassified,-1,0,1524.3,8406.5,,,,,,Natural Fire,unavailable,unavailable,unavailable,0,0
29.83971,75.02903,337.84,0.46,0.64,2025-11-04,852,N20,VIIRS,n,2,296.62,6.01,D,0,unclassified,-1,0,7146.2,30469.3,,,,,,Natural Fire,unavailable,unavailable,unavailable,0,0
29.85308,75.50388,353.22,0.49,0.65,2025-11-04,852,N20,VIIRS,n,2,298.76,6.07,D,0,unclassified,-1,0,1168.6,8922.0,,,,,,Natural Fire,unavailable,unavailable,unavailable,0,0
29.84474,75.4683,354.54,0.49,0.65,2025-11-04,852,N20,VIIRS,n,2,302.66,12.06,D,0,unclassified,90,2,1974.8,9323.5,10.093333333333334,16.12,4.5168912613286,1.1948,0.0,Natural Fire,unavailable,unavailable,unavailable,0,0
29.84507,75.47343,339.19,0.49,0.65,2025-11-04,852,N20,VIIRS,n,2,297.73,12.06,D,0,unclassified,90,2,1487.1,9097.9,10.093333333333334,16.12,4.5168912613286,1.1948,0.0,Natural Fire,unavailable,unavailable,unavailable,0,0
29.84686,75.47169,367.0,0.49,0.65,2025-11-04,852,N20,VIIRS,h,2,298.78,16.12,D,0,unclassified,90,2,1607.8,9353.7,10.093333333333334,16.12,4.5168912613286,1.5971,0.0,Natural Fire,unavailable,unavailable,unavailable,0,0
29.79769,75.49228,345.81,0.49,0.65,2025-11-04,852,N20,VIIRS,n,2,299.56,4.83,D,0,unclassified,-1,0,1909.0,3780.9,,,,,,Natural Fire,unavailable,unavailable,unavailable,0,0
30.23305,75.33668,330.34,0.5,0.66,2025-11-04,711,N20,VIIRS,n,2,290.02,2.22,D,0,unclassified,-1,0,11200.2,19176.0,,,,,,Natural Fire,unavailable,unavailable,unavailable,0,0
29.84126,76.02061,330.13,0.53,0.67,2025-11-04,852,N20,VIIRS,n,2,295.69,2.51,D,0,unclassified,-1,0,6791.3,2300.4,,,,,,Natural Fire,unavailable,unavailable,unavailable,0,0
30.42145,75.75156,367.0,0.47,0.64,2025-11-04,711,N20,VIIRS,h,2,297.85,9.16,D,0,unclassified,129,1,10552.8,14705.5,8.25,9.16,1.2869343417595167,1.1103,0.0,Natural Fire,unavailable,unavailable,unavailable,0,0
30.42045,75.75012,367.0,0.47,0.64,2025-11-04,712,N20,VIIRS,h,2,298.38,7.34,D,0,unclassified,129,1,10627.0,14833.8,8.25,9.16,1.2869343417595167,0.8897,0.0,Natural Fire,unavailable,unavailable,unavailable,0,0
30.30808,75.52782,335.78,0.49,0.65,2025-11-04,711,N20,VIIRS,n,2,291.93,7.32,D,0,unclassified,-1,0,2426.5,1470.4,,,,,,Agricultural Burning,unavailable,unavailable,unavailable,0,0
29.64407,75.91143,339.0,0.52,0.67,2025-11-04,852,N20,VIIRS,n,2,298.69,11.12,D,0,unclassified,-1,0,2335.9,1439.9,,,,,,Agricultural Burning,unavailable,unavailable,unavailable,0,0
29.64981,75.91512,340.24,0.52,0.67,2025-11-04,852,N20,VIIRS,n,2,296.63,8.09,D,0,unclassified,73,2,1635.8,1469.4,8.05,8.09,0.05656854249492323,1.005,0.0,Agricultural Burning,unavailable,unavailable,unavailable,0,0
29.67607,75.94064,332.86,0.52,0.67,2025-11-04,852,N20,VIIRS,n,2,296.89,3.32,D,0,unclassified,-1,0,1805.7,3478.9,,,,,,Natural Fire,unavailable,unavailable,unavailable,0,0
30.25675,75.02972,345.57,0.53,0.67,2025-11-04,712,N20,VIIRS,n,2,295.96,5.5,D,0,unclassified,-1,0,4486.7,30494.0,,,,,,Natural Fire,unavailable,unavailable,unavailable,0,0
30.172,75.76673,367.0,0.48,0.65,2025-11-04,711,N20,VIIRS,h,2,302.18,13.23,D,0,unclassified,128,1,5642.6,7460.8,8.716666666666667,13.23,3.9086613224137667,1.5178,0.0,Natural Fire,unavailable,unavailable,unavailable,0,0
30.21857,75.8018,343.37,0.53,0.5,2025-11-05,833,N20,VIIRS,n,2,311.73,48.99,D,0,industrial_nearby,100,2,116.1,10560.7,25.54,48.99,33.16330803764908,1.9182,0.0,Unknown,unavailable,unavailable,unavailable,0,0
29.68958,75.13159,303.93,0.45,0.39,2025-11-05,2057,N20,VIIRS,n,2,283.14,0.79,N,0,unclassified,130,2,9444.4,23870.5,1.97,2.85,1.06226173799116,0.401,0.3333333333333333,Natural Fire,unavailable,unavailable,unavailable,0,0
30.3427,76.0448,295.82,0.48,0.4,2025-11-05,2057,N20,VIIRS,n,2,283.63,0.48,N,0,unclassified,-1,0,6741.8,14299.9,,,,,,Natural Fire,unavailable,unavailable,unavailable,0,0
30.59477,75.85209,310.25,0.47,0.4,2025-11-05,2057,N20,VIIRS,n,2,284.94,0.84,N,0,industrial_nearby,-1,0,363.5,20967.2,,,,,,Unknown,unavailable,unavailable,unavailable,0,0
30.52888,75.34491,342.54,0.51,0.49,2025-11-05,833,N20,VIIRS,n,2,301.84,11.13,D,0,unclassified,-1,0,8351.6,12686.7,,,,,,Natural Fire,unavailable,unavailable,unavailable,0,0
30.48672,75.686,330.2,0.53,0.5,2025-11-05,833,N20,VIIRS,n,2,300.2,3.52,D,0,unclassified,-1,0,12162.1,17626.0,,,,,,Natural Fire,unavailable,unavailable,unavailable,0,0
30.48054,75.66994,332.79,0.53,0.5,2025-11-05,833,N20,VIIRS,n,2,300.33,3.26,D,0,unclassified,-1,0,11142.6,16020.7,,,,,,Natural Fire,unavailable,unavailable,unavailable,0,0
30.39846,76.47768,338.45,0.59,0.53,2025-11-05,833,N20,VIIRS,n,2,299.76,5.36,D,0,unclassified,-1,0,1922.0,4383.3,,,,,,Natural Fire,unavailable,unavailable,unavailable,0,0
30.21807,75.79621,331.91,0.53,0.5,2025-11-05,833,N20,VIIRS,l,2,303.71,48.99,D,0,industrial_direct,-1,0,0.0,10805.4,,,,,,Unknown,unavailable,unavailable,unavailable,0,0
30.1583,75.39267,344.44,0.5,0.49,2025-11-05,833,N20,VIIRS,n,2,301.39,9.43,D,0,unclassified,131,1,6219.1,20713.2,8.025,9.43,1.9869700551341987,1.1751,0.0,Natural Fire,unavailable,unavailable,unavailable,0,0
30.16055,75.76627,340.26,0.53,0.5,2025-11-05,833,N20,VIIRS,n,2,300.64,8.85,D,0,unclassified,-1,0,5927.0,6622.6,,,,,,Natural Fire,unavailable,unavailable,unavailable,0,0
30.08633,75.087,342.55,0.48,0.48,2025-11-05,833,N20,VIIRS,n,2,300.32,10.66,D,0,unclassified,-1,0,3705.9,39830.9,,,,,,Natural Fire,unavailable,unavailable,unavailable,0,0
30.08557,75.56018,340.73,0.51,0.5,2025-11-05,833,N20,VIIRS,n,2,302.63,7.88,D,0,unclassified,-1,0,11616.9,25286.5,,,,,,Natural Fire,unavailable,unavailable,unavailable,0,0
30.06678,75.55701,340.16,0.51,0.5,2025-11-05,833,N20,VIIRS,n,2,301.97,3.65,D,0,unclassified,-1,0,12515.8,25990.1,,,,,,Natural Fire,unavailable,unavailable,unavailable,0,0
30.03611,75.52999,339.07,0.51,0.49,2025-11-05,833,N20,VIIRS,n,2,304.71,12.14,D,0,unclassified,-1,0,9122.6,27706.1,,,,,,Natural Fire,unavailable,unavailable,unavailable,0,0
30.01482,75.50027,340.72,0.51,0.49,2025-11-05,833,N20,VIIRS,n,2,301.43,7.8,D,0,unclassified,132,2,7766.0,26772.7,3.83,7.8,3.440392419477755,2.0366,0.0,Natural Fire,unavailable,unavailable,unavailable,0,0
29.90282,75.94722,336.13,0.54,0.51,2025-11-05,833,N20,VIIRS,n,2,300.37,4.02,D,0,unclassified,133,1,7369.0,5427.3,4.8,5.58,1.1030865786510144,0.8375,0.0,Natural Fire,unavailable,unavailable,unavailable,0,0
29.90504,75.94855,337.19,0.54,0.51,2025-11-05,833,N20,VIIRS,n,2,299.98,5.58,D,0,unclassified,133,1,7315.7,5704.8,4.8,5.58,1.1030865786510144,1.1625,0.0,Natural Fire,unavailable,unavailable,unavailable,0,0
29.63019,76.42375,331.44,0.57,0.52,2025-11-05,833,N20,VIIRS,n,2,298.29,4.98,D,0,unclassified,134,2,14802.7,20194.2,4.135,4.98,1.1950104602052651,1.2044,0.0,Natural Fire,unavailable,unavailable,unavailable,0,0
30.15751,75.39563,341.29,0.5,0.49,2025-11-05,833,N20,VIIRS,n,2,301.53,6.62,D,0,unclassified,131,1,5963.5,20627.8,8.025,9.43,1.9869700551341987,0.8249,0.0,Natural Fire,unavailable,unavailable,unavailable,0,0
30.32753,75.66909,347.49,0.45,0.39,2025-11-06,814,N20,VIIRS,n,2,306.31,6.11,D,0,unclassified,-1,0,5463.9,11926.0,,,,,,Natural Fire,unavailable,unavailable,unavailable,0,0
30.28945,75.85703,335.05,0.45,0.39,2025-11-06,814,N20,VIIRS,l,2,307.83,5.05,D,0,unclassified,-1,0,5299.0,7621.7,,,,,,Natural Fire,unavailable,unavailable,unavailable,0,0
30.15183,75.09757,343.91,0.43,0.38,2025-11-06,814,N20,VIIRS,n,2,308.41,10.84,D,0,unclassified,-1,0,3679.4,37488.6,,,,,,Natural Fire,unavailable,unavailable,unavailable,0,0
30.2552,76.18329,334.78,0.47,0.4,2025-11-06,814,N20,VIIRS,n,2,305.29,3.98,D,0,unclassified,17,3,2058.9,16925.4,10.33,25.5,13.195525756861679,0.3853,0.0,Natural Fire,unavailable,unavailable,unavailable,0,0
30.20668,75.99965,336.79,0.46,0.39,2025-11-06,814,N20,VIIRS,n,2,308.59,31.92,D,0,unclassified,-1,0,5804.1,4616.5,,,,,,Natural Fire,unavailable,unavailable,unavailable,0,0
30.18202,75.74413,342.71,0.45,0.39,2025-11-06,814,N20,VIIRS,n,2,309.97,13.34,D,0,unclassified,-1,0,6167.2,9791.6,,,,,,Natural Fire,unavailable,unavailable,unavailable,0,0
30.10218,75.15132,335.28,0.43,0.38,2025-11-06,814,N20,VIIRS,n,2,305.62,4.72,D,0,unclassified,-1,0,7001.2,37846.9,,,,,,Natural Fire,unavailable,unavailable,unavailable,0,0
30.37247,75.93519,332.17,0.46,0.39,2025-11-06,814,N20,VIIRS,l,2,303.5,9.85,D,0,unclassified,-1,0,6398.0,4869.2,,,,,,Natural Fire,unavailable,unavailable,unavailable,0,0
30.1142,75.40934,336.11,0.44,0.38,2025-11-06,814,N20,VIIRS,n,2,305.46,9.42,D,0,unclassified,135,1,2616.6,24203.2,8.41,9.42,1.4283556979968257,1.1201,0.0,Natural Fire,unavailable,unavailable,unavailable,0,0
30.11026,75.10481,330.84,0.43,0.38,2025-11-06,814,N20,VIIRS,l,2,303.98,1.56,D,0,unclassified,-1,0,2509.1,40960.6,,,,,,Natural Fire,unavailable,unavailable,unavailable,0,0
30.28697,75.24777,346.72,0.43,0.38,2025-11-06,814,N20,VIIRS,n,2,306.46,7.74,D,0,unclassified,-1,0,3011.2,20326.2,,,,,,Natural Fire,unavailable,unavailable,unavailable,0,0
30.3063,75.00491,331.35,0.42,0.38,2025-11-06,814,N20,VIIRS,l,2,304.64,2.9,D,0,unclassified,136,1,10416.8,28250.5,3.295,3.69,0.5586143571373726,0.8801,0.0,Natural Fire,unavailable,unavailable,unavailable,0,0
30.2959,75.14228,339.72,0.43,0.38,2025-11-06,814,N20,VIIRS,n,2,305.59,3.96,D,0,unclassified,137,1,2998.1,21058.7,3.5949999999999998,3.96,0.5161879502661795,1.1015,0.0,Natural Fire,unavailable,unavailable,unavailable,0,0
30.41323,75.89582,333.61,0.46,0.39,2025-11-06,814,N20,VIIRS,n,2,302.42,1.9,D,0,unclassified,-1,0,1608.9,847.8,,,,,,Agricultural Burning,unavailable,unavailable,unavailable,0,0
30.30688,75.00932,333.65,0.42,0.38,2025-11-06,814,N20,VIIRS,n,2,304.78,3.69,D,0,unclassified,136,1,10277.7,27885.1,3.295,3.69,0.5586143571373726,1.1199,0.0,Natural Fire,unavailable,unavailable,unavailable,0,0
30.50635,76.0814,335.35,0.47,0.39,2025-11-06,814,N20,VIIRS,n,2,302.93,4.18,D,0,unclassified,-1,0,12124.3,19638.6,,,,,,Natural Fire,unavailable,unavailable,unavailable,0,0
30.4965,75.27812,332.45,0.43,0.38,2025-11-06,814,N20,VIIRS,n,2,303.79,3.07,D,0,unclassified,-1,0,8004.5,5348.8,,,,,,Natural Fire,unavailable,unavailable,unavailable,0,0
30.52412,75.35206,334.45,0.44,0.38,2025-11-06,814,N20,VIIRS,l,2,308.12,3.04,D,0,unclassified,-1,0,7841.1,13030.3,,,,,,Natural Fire,unavailable,unavailable,unavailable,0,0
30.58839,75.71607,331.75,0.45,0.39,2025-11-06,814,N20,VIIRS,n,2,304.61,1.69,D,0,unclassified,67,3,13423.3,26692.4,2.5233333333333334,3.01,0.7250747087944341,0.6697,0.0,Natural Fire,unavailable,unavailable,unavailable,0,0
30.5949,75.73901,334.35,0.45,0.39,2025-11-06,814,N20,VIIRS,n,2,305.15,2.3,D,0,unclassified,-1,0,11202.8,25819.9,,,,,,Natural Fire,unavailable,unavailable,unavailable,0,0
30.5986,75.62347,332.62,0.45,0.39,2025-11-06,814,N20,VIIRS,n,2,304.64,1.65,D,0,unclassified,-1,0,8690.7,25020.2,,,,,,Natural Fire,unavailable,unavailable,unavailable,0,0
30.1133,75.40774,344.31,0.44,0.38,2025-11-06,814,N20,VIIRS,n,2,305.89,7.4,D,0,unclassified,135,1,2782.4,24357.9,8.41,9.42,1.4283556979968257,0.8799,0.0,Natural Fire,unavailable,unavailable,unavailable,0,0
30.29424,75.14175,335.18,0.43,0.38,2025-11-06,814,N20,VIIRS,n,2,305.38,3.23,D,0,unclassified,137,1,2887.0,21247.6,3.5949999999999998,3.96,0.5161879502661795,0.8985,0.0,Natural Fire,unavailable,unavailable,unavailable,0,0
30.17683,76.09509,336.87,0.46,0.39,2025-11-06,814,N20,VIIRS,n,2,304.2,3.51,D,0,unclassified,-1,0,7431.1,14167.6,,,,,,Natural Fire,unavailable,unavailable,unavailable,0,0
29.9079,75.93671,335.71,0.45,0.39,2025-11-06,814,N20,VIIRS,n,2,304.52,3.83,D,0,unclassified,-1,0,6209.8,5581.3,,,,,,Natural Fire,unavailable,unavailable,unavailable,0,0
30.02807,75.33059,331.39,0.43,0.38,2025-11-06,814,N20,VIIRS,n,2,305.02,2.77,D,0,unclassified,-1,0,4642.3,24767.6,,,,,,Natural Fire,unavailable,unavailable,unavailable,0,0
30.14614,75.99769,339.22,0.46,0.39,2025-11-06,814,N20,VIIRS,l,2,309.38,29.45,D,0,unclassified,-1,0,10832.6,7829.0,,,,,,Natural Fire,unavailable,unavailable,unavailable,0,0
29.62883,76.41106,342.19,0.47,0.4,2025-11-06,814,N20,VIIRS,n,2,305.25,8.65,D,0,unclassified,-1,0,14800.7,20170.8,,,,,,Natural Fire,unavailable,unavailable,unavailable,0,0
29.65884,75.67834,333.56,0.44,0.38,2025-11-06,814,N20,VIIRS,n,2,301.3,3.9,D,0,industrial_nearby,138,1,706.9,0.0,3.9,3.9,0.0,1.0,0.0,Unknown,unavailable,unavailable,unavailable,0,0
29.65584,75.51727,338.13,0.44,0.38,2025-11-06,814,N20,VIIRS,n,2,302.19,3.81,D,0,unclassified,-1,0,4300.3,2863.1,,,,,,Natural Fire,unavailable,unavailable,unavailable,0,0
29.76369,75.76545,335.19,0.45,0.39,2025-11-06,814,N20,VIIRS,n,2,305.44,3.22,D,0,unclassified,-1,0,8568.9,2614.5,,,,,,Natural Fire,unavailable,unavailable,unavailable,0,0
29.85,76.33525,331.13,0.47,0.4,2025-11-06,814,N20,VIIRS,n,2,300.67,2.54,D,0,unclassified,-1,0,3354.8,6584.3,,,,,,Natural Fire,unavailable,unavailable,unavailable,0,0
29.80749,75.881,336.19,0.45,0.39,2025-11-06,814,N20,VIIRS,n,2,308.2,13.09,D,0,unclassified,43,3,2890.5,1256.8,22.1275,36.24,13.776454248705164,0.5916,0.0,Agricultural Burning,unavailable,unavailable,unavailable,0,0
29.8069,75.87634,331.35,0.45,0.39,2025-11-06,814,N20,VIIRS,l,2,306.32,7.85,D,0,unclassified,43,3,2946.9,827.9,22.1275,36.24,13.776454248705164,0.3548,0.0,Agricultural Burning,unavailable,unavailable,unavailable,0,0
29.86443,76.12647,341.38,0.46,0.39,2025-11-06,814,N20,VIIRS,n,2,303.74,5.59,D,0,unclassified,-1,0,4720.0,11075.6,,,,,,Natural Fire,unavailable,unavailable,unavailable,0,0
29.85217,75.94513,330.1,0.45,0.39,2025-11-06,814,N20,VIIRS,l,2,303.41,1.82,D,0,unclassified,-1,0,1940.4,209.1,,,,,,Agricultural Burning,unavailable,unavailable,unavailable,0,0
29.89084,76.1524,341.36,0.46,0.39,2025-11-06,814,N20,VIIRS,n,2,304.51,13.42,D,0,unclassified,-1,0,8558.7,14871.9,,,,,,Natural Fire,unavailable,unavailable,unavailable,0,0
29.65531,75.67894,333.13,0.44,0.38,2025-11-06,814,N20,VIIRS,n,2,302.17,3.9,D,0,unclassified,138,1,1083.0,0.0,3.9,3.9,0.0,1.0,0.0,Agricultural Burning,unavailable,unavailable,unavailable,0,0
29.98862,75.24635,337.24,0.43,0.38,2025-11-06,814,N20,VIIRS,n,2,307.04,3.62,D,0,unclassified,139,1,5504.0,22453.7,3.3200000000000003,3.62,0.42426406871192873,1.0904,0.0,Natural Fire,unavailable,unavailable,unavailable,0,0
29.86935,75.46935,339.42,0.44,0.38,2025-11-06,814,N20,VIIRS,n,2,308.07,17.91,D,0,industrial_nearby,-1,0,714.6,11670.5,,,,,,Unknown,unavailable,unavailable,unavailable,0,0
29.95998,76.08745,336.85,0.46,0.39,2025-11-06,814,N20,VIIRS,n,2,303.46,4.42,D,0,industrial_nearby,-1,0,157.6,15670.3,,,,,,Unknown,unavailable,unavailable,unavailable,0,0
29.89404,75.54819,335.84,0.44,0.38,2025-11-06,814,N20,VIIRS,n,2,302.82,5.38,D,0,unclassified,-1,0,1506.1,13429.4,,,,,,Natural Fire,unavailable,unavailable,unavailable,0,0
29.98165,76.11314,334.92,0.46,0.39,2025-11-06,814,N20,VIIRS,n,2,305.27,2.21,D,0,unclassified,-1,0,3428.3,15851.1,,,,,,Natural Fire,unavailable,unavailable,unavailable,0,0
29.91982,75.52249,331.8,0.44,0.38,2025-11-06,814,N20,VIIRS,n,2,301.68,3.82,D,0,unclassified,-1,0,1632.1,16176.9,,,,,,Natural Fire,unavailable,unavailable,unavailable,0,0
29.9805,75.97489,339.66,0.46,0.39,2025-11-06,814,N20,VIIRS,n,2,307.29,7.3,D,0,unclassified,-1,0,1979.5,8689.2,,,,,,Natural Fire,unavailable,unavailable,unavailable,0,0
30.01762,75.50127,335.04,0.44,0.38,2025-11-06,814,N20,VIIRS,n,2,303.27,1.72,D,0,unclassified,132,2,7988.6,27075.5,3.83,7.8,3.440392419477755,0.4491,0.0,Natural Fire,unavailable,unavailable,unavailable,0,0
30.01743,75.49799,333.69,0.44,0.38,2025-11-06,814,N20,VIIRS,n,2,304.79,1.97,D,0,unclassified,132,2,8126.8,27077.8,3.83,7.8,3.440392419477755,0.5144,0.0,Natural Fire,unavailable,unavailable,unavailable,0,0
29.98513,75.24694,334.89,0.43,0.38,2025-11-06,814,N20,VIIRS,n,2,305.97,3.02,D,0,unclassified,139,1,5135.7,22079.4,3.3200000000000003,3.62,0.42426406871192873,0.9096,0.0,Natural Fire,unavailable,unavailable,unavailable,0,0
29.92852,76.30879,330.93,0.47,0.4,2025-11-06,814,N20,VIIRS,n,2,301.65,3.39,D,0,unclassified,-1,0,4800.0,5236.3,,,,,,Natural Fire,unavailable,unavailable,unavailable,0,0
30.13649,75.27863,334.6,0.41,0.37,2025-11-07,755,N20,VIIRS,n,2,306.36,25.62,D,0,unclassified,-1,0,15062.3,29889.7,,,,,,Natural Fire,unavailable,unavailable,unavailable,0,0
30.19815,75.56526,346.69,0.4,0.37,2025-11-07,755,N20,VIIRS,n,2,313.57,9.83,D,0,unclassified,-1,0,1623.3,13666.8,,,,,,Natural Fire,unavailable,unavailable,unavailable,0,0
30.2674,75.96767,332.8,0.39,0.36,2025-11-07,755,N20,VIIRS,n,2,305.11,2.1,D,0,unclassified,-1,0,1072.8,3337.4,,,,,,Natural Fire,unavailable,unavailable,unavailable,0,0
30.14496,75.88464,337.5,0.39,0.37,2025-11-07,755,N20,VIIRS,n,2,303.62,14.0,D,0,unclassified,140,1,5869.8,6669.9,14.0,14.0,0.0,1.0,0.0,Natural Fire,unavailable,unavailable,unavailable,0,0
30.12726,75.11996,334.96,0.41,0.37,2025-11-07,755,N20,VIIRS,n,2,306.15,2.48,D,0,unclassified,-1,0,3703.8,39425.7,,,,,,Natural Fire,unavailable,unavailable,unavailable,0,0
30.22708,75.72006,309.69,0.4,0.37,2025-11-07,755,N20,VIIRS,l,2,317.04,20.58,D,0,unclassified,141,1,6921.0,15015.0,15.895,20.58,6.625590539717948,1.2947,0.0,Natural Fire,unavailable,unavailable,unavailable,0,0
30.18008,75.56071,333.37,0.4,0.37,2025-11-07,755,N20,VIIRS,l,2,305.34,3.05,D,0,unclassified,-1,0,2002.7,15414.2,,,,,,Natural Fire,unavailable,unavailable,unavailable,0,0
30.22775,75.72414,334.3,0.4,0.37,2025-11-07,755,N20,VIIRS,l,2,306.25,11.21,D,0,unclassified,141,1,6536.2,14825.9,15.895,20.58,6.625590539717948,0.7053,0.0,Natural Fire,unavailable,unavailable,unavailable,0,0
30.22639,75.69485,333.9,0.4,0.37,2025-11-07,755,N20,VIIRS,l,2,305.49,3.53,D,0,unclassified,-1,0,9337.4,16614.5,,,,,,Natural Fire,unavailable,unavailable,unavailable,0,0
30.07749,75.15724,339.35,0.41,0.37,2025-11-07,755,N20,VIIRS,n,2,305.25,5.11,D,0,unclassified,-1,0,8693.7,35189.6,,,,,,Natural Fire,unavailable,unavailable,unavailable,0,0
30.22575,75.85933,342.48,0.39,0.37,2025-11-07,755,N20,VIIRS,n,2,308.84,9.74,D,0,industrial_nearby,-1,0,344.1,5287.2,,,,,,Unknown,unavailable,unavailable,unavailable,0,0
30.11443,75.20988,342.41,0.41,0.37,2025-11-07,755,N20,VIIRS,n,2,307.4,3.89,D,0,unclassified,-1,0,12333.8,36578.8,,,,,,Natural Fire,unavailable,unavailable,unavailable,0,0
30.24873,76.0218,341.45,0.39,0.36,2025-11-07,755,N20,VIIRS,n,2,305.25,2.35,D,0,unclassified,-1,0,4262.8,7607.5,,,,,,Natural Fire,unavailable,unavailable,unavailable,0,0
30.08548,75.14238,332.31,0.41,0.37,2025-11-07,755,N20,VIIRS,l,2,304.87,1.95,D,0,unclassified,-1,0,7010.2,36688.0,,,,,,Natural Fire,unavailable,unavailable,unavailable,0,0
30.21749,76.20687,334.33,0.39,0.36,2025-11-07,755,N20,VIIRS,l,2,308.82,1.54,D,0,unclassified,-1,0,3698.2,17315.5,,,,,,Natural Fire,unavailable,unavailable,unavailable,0,0
30.16814,75.92156,334.69,0.39,0.36,2025-11-07,755,N20,VIIRS,n,2,307.96,1.88,D,0,unclassified,-1,0,5579.2,3405.0,,,,,,Natural Fire,unavailable,unavailable,unavailable,0,0
30.10075,75.55187,332.58,0.4,0.37,2025-11-07,755,N20,VIIRS,n,2,307.04,1.8,D,0,unclassified,-1,0,10133.3,23808.7,,,,,,Natural Fire,unavailable,unavailable,unavailable,0,0
30.10012,75.56905,343.85,0.4,0.37,2025-11-07,755,N20,VIIRS,n,2,307.21,4.56,D,0,unclassified,-1,0,9909.7,24188.7,,,,,,Natural Fire,unavailable,unavailable,unavailable,0,0
30.16989,75.3532,335.63,0.4,0.37,2025-11-07,755,N20,VIIRS,n,2,306.83,3.38,D,0,unclassified,-1,0,9926.7,22121.3,,,,,,Natural Fire,unavailable,unavailable,unavailable,0,0
30.19634,75.65908,337.8,0.4,0.37,2025-11-07,755,N20,VIIRS,n,2,307.19,2.96,D,0,unclassified,-1,0,7760.0,17468.9,,,,,,Natural Fire,unavailable,unavailable,unavailable,0,0
30.23972,75.69195,334.67,0.4,0.37,2025-11-07,755,N20,VIIRS,n,2,308.17,1.69,D,0,unclassified,-1,0,9799.1,17858.8,,,,,,Natural Fire,unavailable,unavailable,unavailable,0,0
30.53679,76.05236,333.76,0.39,0.36,2025-11-07,755,N20,VIIRS,l,2,304.5,5.97,D,0,unclassified,142,2,11103.6,19589.4,12.299999999999999,18.63,8.95197184982169,0.4854,0.0,Natural Fire,unavailable,unavailable,unavailable,0,0
30.3399,75.78435,334.92,0.4,0.37,2025-11-07,755,N20,VIIRS,l,2,307.73,5.42,D,0,unclassified,-1,0,7561.5,13847.5,,,,,,Natural Fire,unavailable,unavailable,unavailable,0,0
30.05716,75.3731,335.84,0.4,0.37,2025-11-07,755,N20,VIIRS,n,2,307.86,2.8,D,0,unclassified,-1,0,8212.8,28082.6,,,,,,Natural Fire,unavailable,unavailable,unavailable,0,0
29.92633,75.8267,308.55,0.57,0.43,2025-11-07,2020,N20,VIIRS,n,2,282.77,1.4,N,0,unclassified,143,1,4600.1,3311.2,3.0250000000000004,4.65,2.29809703885628,0.4628,0.5,Natural Fire,unavailable,unavailable,unavailable,0,0
30.59044,75.0892,334.63,0.41,0.37,2025-11-07,755,N20,VIIRS,l,2,306.86,7.2,D,0,unclassified,144,2,28864.7,19004.7,7.013333333333333,7.56,0.6601010023726165,1.0266,0.0,Natural Fire,unavailable,unavailable,unavailable,0,0
30.56548,75.00303,330.28,0.41,0.37,2025-11-07,755,N20,VIIRS,n,2,303.73,1.8,D,0,unclassified,-1,0,35092.6,24240.2,,,,,,Natural Fire,unavailable,unavailable,unavailable,0,0
30.57414,75.07542,332.26,0.41,0.37,2025-11-07,755,N20,VIIRS,n,2,304.94,1.43,D,0,unclassified,-1,0,29127.3,18812.5,,,,,,Natural Fire,unavailable,unavailable,unavailable,0,0
30.5557,75.04901,332.63,0.41,0.37,2025-11-07,755,N20,VIIRS,n,2,305.76,1.49,D,0,unclassified,-1,0,30588.7,19820.6,,,,,,Natural Fire,unavailable,unavailable,unavailable,0,0
30.52978,75.18543,338.55,0.41,0.37,2025-11-07,755,N20,VIIRS,n,2,305.76,3.78,D,0,unclassified,-1,0,17502.8,7890.9,,,,,,Natural Fire,unavailable,unavailable,unavailable,0,0
30.58503,75.97186,331.04,0.39,0.36,2025-11-07,755,N20,VIIRS,l,2,304.54,1.22,D,0,unclassified,-1,0,6893.1,20195.9,,,,,,Natural Fire,unavailable,unavailable,unavailable,0,0
30.52685,75.6776,335.97,0.4,0.37,2025-11-07,755,N20,VIIRS,n,2,306.61,2.6,D,0,unclassified,-1,0,10191.0,20308.7,,,,,,Natural Fire,unavailable,unavailable,unavailable,0,0
30.29131,75.7401,332.76,0.4,0.37,2025-11-07,755,N20,VIIRS,l,2,303.95,13.91,D,0,unclassified,145,2,9110.5,18167.7,11.375,13.91,3.585031380615796,1.2229,0.0,Natural Fire,unavailable,unavailable,unavailable,0,0
30.43001,75.13751,336.35,0.41,0.37,2025-11-07,755,N20,VIIRS,n,2,306.84,3.08,D,0,unclassified,-1,0,17381.4,9957.2,,,,,,Natural Fire,unavailable,unavailable,unavailable,0,0
30.58704,76.39021,331.2,0.39,0.36,2025-11-07,755,N20,VIIRS,n,2,304.17,2.03,D,0,unclassified,-1,0,2136.7,24387.8,,,,,,Natural Fire,unavailable,unavailable,unavailable,0,0
30.35931,75.03423,330.03,0.41,0.37,2025-11-07,755,N20,VIIRS,l,2,304.61,1.67,D,0,unclassified,-1,0,15023.9,22478.9,,,,,,Natural Fire,unavailable,unavailable,unavailable,0,0
30.56527,76.29556,330.48,0.39,0.36,2025-11-07,755,N20,VIIRS,n,2,304.48,2.05,D,0,unclassified,-1,0,2396.6,25591.5,,,,,,Natural Fire,unavailable,unavailable,unavailable,0,0
30.48782,76.06703,337.09,0.39,0.36,2025-11-07,755,N20,VIIRS,n,2,304.87,2.08,D,0,unclassified,-1,0,10702.4,17400.0,,,,,,Natural Fire,unavailable,unavailable,unavailable,0,0
30.461,75.94335,335.55,0.39,0.36,2025-11-07,755,N20,VIIRS,n,2,306.9,4.89,D,0,unclassified,-1,0,5112.2,6445.5,,,,,,Natural Fire,unavailable,unavailable,unavailable,0,0
30.31718,75.09619,332.61,0.41,0.37,2025-11-07,755,N20,VIIRS,n,2,303.61,2.21,D,0,unclassified,146,1,7846.6,21276.6,2.21,2.21,0.0,1.0,0.0,Natural Fire,unavailable,unavailable,unavailable,0,0
30.3179,75.1004,330.9,0.41,0.37,2025-11-07,755,N20,VIIRS,n,2,301.89,2.21,D,0,unclassified,146,1,7578.4,20969.7,2.21,2.21,0.0,1.0,0.0,Natural Fire,unavailable,unavailable,unavailable,0,0
30.43656,75.8774,337.53,0.39,0.36,2025-11-07,755,N20,VIIRS,n,2,307.4,2.9,D,0,industrial_nearby,-1,0,602.6,3828.1,,,,,,Unknown,unavailable,unavailable,unavailable,0,0
30.49294,76.3973,330.66,0.39,0.36,2025-11-07,755,N20,VIIRS,l,2,303.13,0.96,D,0,industrial_nearby,-1,0,126.2,14123.1,,,,,,Unknown,unavailable,unavailable,unavailable,0,0
30.53565,76.00252,338.47,0.39,0.36,2025-11-07,755,N20,VIIRS,n,2,303.04,2.54,D,0,unclassified,-1,0,6327.8,16472.6,,,,,,Natural Fire,unavailable,unavailable,unavailable,0,0
30.14164,75.88535,334.8,0.39,0.37,2025-11-07,755,N20,VIIRS,n,2,308.41,14.0,D,0,unclassified,140,1,6244.0,6607.4,14.0,14.0,0.0,1.0,0.0,Natural Fire,unavailable,unavailable,unavailable,0,0
30.06222,76.06872,334.02,0.39,0.36,2025-11-07,755,N20,VIIRS,l,2,305.17,7.93,D,0,unclassified,-1,0,5080.4,12776.7,,,,,,Natural Fire,unavailable,unavailable,unavailable,0,0
30.1498,76.105,339.95,0.39,0.36,2025-11-07,755,N20,VIIRS,n,2,310.2,12.48,D,0,unclassified,-1,0,6021.7,16003.1,,,,,,Natural Fire,unavailable,unavailable,unavailable,0,0
29.93318,76.00827,342.56,0.39,0.36,2025-11-07,755,N20,VIIRS,n,2,310.95,11.13,D,0,unclassified,-1,0,2675.7,9160.8,,,,,,Natural Fire,unavailable,unavailable,unavailable,0,0
29.88279,75.80527,333.46,0.4,0.37,2025-11-07,755,N20,VIIRS,n,2,304.24,1.5,D,0,unclassified,147,1,1631.1,2627.6,1.56,1.62,0.08485281374238578,0.9615,0.0,Natural Fire,unavailable,unavailable,unavailable,0,0
29.82158,75.45752,330.12,0.4,0.37,2025-11-07,755,N20,VIIRS,n,2,302.19,1.03,D,0,unclassified,-1,0,4240.5,8046.3,,,,,,Natural Fire,unavailable,unavailable,unavailable,0,0
29.87946,75.80599,334.43,0.4,0.37,2025-11-07,755,N20,VIIRS,n,2,304.45,1.62,D,0,unclassified,147,1,1262.4,2979.6,1.56,1.62,0.08485281374238578,1.0385,0.0,Natural Fire,unavailable,unavailable,unavailable,0,0
29.89279,75.88719,335.76,0.4,0.37,2025-11-07,755,N20,VIIRS,n,2,307.54,3.14,D,0,unclassified,-1,0,4475.4,4865.3,,,,,,Natural Fire,unavailable,unavailable,unavailable,0,0
29.8748,75.81963,331.87,0.4,0.37,2025-11-07,755,N20,VIIRS,n,2,305.6,0.92,D,0,unclassified,-1,0,1373.8,2870.7,,,,,,Natural Fire,unavailable,unavailable,unavailable,0,0
29.77941,75.29015,332.84,0.41,0.37,2025-11-07,755,N20,VIIRS,n,2,301.81,14.85,D,0,unclassified,-1,0,4270.7,5608.8,,,,,,Natural Fire,unavailable,unavailable,unavailable,0,0
29.89472,75.98308,333.7,0.39,0.36,2025-11-07,755,N20,VIIRS,l,2,306.52,7.61,D,0,unclassified,-1,0,5438.1,4442.5,,,,,,Natural Fire,unavailable,unavailable,unavailable,0,0
29.72931,75.01733,342.32,0.42,0.37,2025-11-07,755,N20,VIIRS,n,2,305.58,10.13,D,0,unclassified,-1,0,8988.7,32389.6,,,,,,Natural Fire,unavailable,unavailable,unavailable,0,0
29.89477,75.77319,332.33,0.4,0.37,2025-11-07,755,N20,VIIRS,n,2,303.15,1.25,D,0,unclassified,-1,0,4236.3,1433.6,,,,,,Agricultural Burning,unavailable,unavailable,unavailable,0,0
29.90315,76.09802,339.65,0.39,0.36,2025-11-07,755,N20,VIIRS,n,2,305.41,3.7,D,0,unclassified,-1,0,5716.7,12446.3,,,,,,Natural Fire,unavailable,unavailable,unavailable,0,0
29.7358,75.55653,330.94,0.4,0.37,2025-11-07,755,N20,VIIRS,l,2,303.46,1.96,D,0,industrial_nearby,-1,0,808.4,325.7,,,,,,Unknown,unavailable,unavailable,unavailable,0,0
29.74743,75.62638,331.74,0.4,0.37,2025-11-07,755,N20,VIIRS,n,2,305.07,2.71,D,0,unclassified,-1,0,4846.2,177.7,,,,,,Agricultural Burning,unavailable,unavailable,unavailable,0,0
29.68777,75.67339,337.71,0.4,0.37,2025-11-07,755,N20,VIIRS,n,2,301.09,3.51,D,0,unclassified,-1,0,2368.1,35.5,,,,,,Agricultural Burning,unavailable,unavailable,unavailable,0,0
29.70325,75.78848,335.85,0.4,0.37,2025-11-07,755,N20,VIIRS,n,2,307.33,8.85,D,0,unclassified,-1,0,2454.5,1781.3,,,,,,Agricultural Burning,unavailable,unavailable,unavailable,0,0
29.67451,75.76093,336.62,0.4,0.37,2025-11-07,755,N20,VIIRS,n,2,306.14,2.83,D,0,unclassified,-1,0,1882.7,0.0,,,,,,Agricultural Burning,unavailable,unavailable,unavailable,0,0
29.69584,75.97486,336.4,0.4,0.37,2025-11-07,755,N20,VIIRS,n,2,303.8,3.35,D,0,unclassified,-1,0,5399.4,5936.1,,,,,,Natural Fire,unavailable,unavailable,unavailable,0,0
29.63201,75.60902,341.18,0.4,0.37,2025-11-07,755,N20,VIIRS,n,2,304.99,5.84,D,0,unclassified,-1,0,2218.0,0.0,,,,,,Agricultural Burning,unavailable,unavailable,unavailable,0,0
29.73727,76.31503,338.21,0.39,0.36,2025-11-07,755,N20,VIIRS,n,2,303.58,4.06,D,0,unclassified,-1,0,7464.5,10601.6,,,,,,Natural Fire,unavailable,unavailable,unavailable,0,0
30.07553,75.62968,333.94,0.4,0.37,2025-11-07,755,N20,VIIRS,l,2,306.97,2.97,D,0,unclassified,-1,0,7444.3,18963.7,,,,,,Natural Fire,unavailable,unavailable,unavailable,0,0
29.94859,76.44348,334.15,0.39,0.36,2025-11-07,755,N20,VIIRS,n,2,302.35,6.35,D,0,unclassified,-1,0,12827.4,12085.7,,,,,,Natural Fire,unavailable,unavailable,unavailable,0,0
29.863,75.5809,333.25,0.4,0.37,2025-11-07,755,N20,VIIRS,n,2,304.35,3.77,D,0,unclassified,-1,0,3053.2,11005.7,,,,,,Natural Fire,unavailable,unavailable,unavailable,0,0
29.81449,75.86538,337.91,0.4,0.37,2025-11-07,755,N20,VIIRS,n,2,306.57,5.86,D,0,unclassified,-1,0,2385.0,815.7,,,,,,Agricultural Burning,unavailable,unavailable,unavailable,0,0
29.95571,76.02014,337.08,0.39,0.36,2025-11-07,755,N20,VIIRS,n,2,305.23,2.89,D,0,unclassified,-1,0,3474.5,11895.0,,,,,,Natural Fire,unavailable,unavailable,unavailable,0,0
29.9444,76.03506,334.24,0.39,0.36,2025-11-07,755,N20,VIIRS,l,2,307.54,6.22,D,0,unclassified,-1,0,2255.1,11343.3,,,,,,Natural Fire,unavailable,unavailable,unavailable,0,0
30.02624,75.37563,343.48,0.4,0.37,2025-11-07,755,N20,VIIRS,n,2,306.45,3.2,D,0,unclassified,-1,0,5195.5,24702.3,,,,,,Natural Fire,unavailable,unavailable,unavailable,0,0
30.03291,75.4985,332.69,0.4,0.37,2025-11-07,755,N20,VIIRS,n,2,304.71,1.6,D,0,unclassified,-1,0,9621.0,28784.4,,,,,,Natural Fire,unavailable,unavailable,unavailable,0,0
30.0643,75.68723,332.25,0.4,0.37,2025-11-07,755,N20,VIIRS,n,2,305.85,2.05,D,0,unclassified,-1,0,2451.0,14199.1,,,,,,Natural Fire,unavailable,unavailable,unavailable,0,0
30.09114,75.89204,338.92,0.39,0.37,2025-11-07,755,N20,VIIRS,n,2,307.38,4.8,D,0,unclassified,-1,0,8302.7,4625.7,,,,,,Natural Fire,unavailable,unavailable,unavailable,0,0
30.10302,75.98577,338.07,0.39,0.36,2025-11-07,755,N20,VIIRS,n,2,309.08,2.69,D,0,unclassified,148,1,6548.6,6738.2,2.81,2.93,0.16970562748477155,0.9573,0.0,Natural Fire,unavailable,unavailable,unavailable,0,0
29.9857,75.34898,333.25,0.41,0.37,2025-11-07,755,N20,VIIRS,n,2,303.46,2.73,D,0,industrial_nearby,-1,0,221.4,20038.0,,,,,,Unknown,unavailable,unavailable,unavailable,0,0
30.0873,76.09667,339.74,0.39,0.36,2025-11-07,755,N20,VIIRS,n,2,309.01,7.63,D,0,unclassified,-1,0,8188.5,15849.2,,,,,,Natural Fire,unavailable,unavailable,unavailable,0,0
29.90483,75.07569,340.69,0.41,0.37,2025-11-07,755,N20,VIIRS,n,2,303.8,3.75,D,0,industrial_direct,15,2,0.0,28042.7,4.43,6.53,1.1056672193747994,0.8465,0.0,Unknown,unavailable,unavailable,unavailable,0,0
30.06033,76.03579,334.39,0.39,0.36,2025-11-07,755,N20,VIIRS,n,2,305.86,1.91,D,0,unclassified,-1,0,2079.8,9595.4,,,,,,Natural Fire,unavailable,unavailable,unavailable,0,0
30.10025,75.98548,336.93,0.39,0.36,2025-11-07,755,N20,VIIRS,n,2,308.32,2.93,D,0,unclassified,148,1,6276.9,6513.6,2.81,2.93,0.16970562748477155,1.0427,0.0,Natural Fire,unavailable,unavailable,unavailable,0,0
29.92742,75.8251,336.92,0.4,0.37,2025-11-07,755,N20,VIIRS,n,2,306.84,4.65,D,0,unclassified,143,1,4407.4,3447.9,3.0250000000000004,4.65,2.29809703885628,1.5372,0.5,Natural Fire,unavailable,unavailable,unavailable,0,0
30.06346,76.0976,336.17,0.39,0.36,2025-11-07,755,N20,VIIRS,n,2,305.62,1.84,D,0,unclassified,-1,0,7657.4,15564.0,,,,,,Natural Fire,unavailable,unavailable,unavailable,0,0
30.04707,76.03862,342.88,0.39,0.36,2025-11-07,755,N20,VIIRS,n,2,302.87,3.73,D,0,unclassified,-1,0,1959.7,9874.2,,,,,,Natural Fire,unavailable,unavailable,unavailable,0,0
30.02529,75.98902,333.61,0.39,0.36,2025-11-07,755,N20,VIIRS,n,2,303.65,1.92,D,0,unclassified,-1,0,2943.6,5845.2,,,,,,Natural Fire,unavailable,unavailable,unavailable,0,0
29.95391,75.65942,343.4,0.4,0.37,2025-11-07,755,N20,VIIRS,n,2,305.53,6.57,D,0,unclassified,-1,0,3898.8,12432.8,,,,,,Natural Fire,unavailable,unavailable,unavailable,0,0
29.96205,75.82603,330.83,0.4,0.37,2025-11-07,755,N20,VIIRS,l,2,305.63,2.73,D,0,unclassified,-1,0,3007.9,4656.8,,,,,,Natural Fire,unavailable,unavailable,unavailable,0,0
29.838,75.15975,332.62,0.41,0.37,2025-11-07,755,N20,VIIRS,n,2,301.01,2.69,D,0,unclassified,-1,0,3737.9,17987.6,,,,,,Natural Fire,unavailable,unavailable,unavailable,0,0
29.92208,75.70811,337.49,0.4,0.37,2025-11-07,755,N20,VIIRS,l,2,310.91,21.58,D,0,unclassified,-1,0,3338.9,6826.2,,,,,,Natural Fire,unavailable,unavailable,unavailable,0,0
29.97723,76.13216,336.07,0.39,0.36,2025-11-07,755,N20,VIIRS,n,2,306.2,2.3,D,0,unclassified,72,2,4767.1,14013.9,2.27,2.3,0.042426406871192576,1.0132,0.0,Natural Fire,unavailable,unavailable,unavailable,0,0
30.55705,75.93237,334.62,0.4,0.44,2025-11-08,737,N20,VIIRS,n,2,303.06,2.09,D,0,unclassified,-1,0,2843.7,16321.8,,,,,,Natural Fire,unavailable,unavailable,unavailable,0,0
30.45144,75.82709,333.16,0.4,0.44,2025-11-08,737,N20,VIIRS,n,2,305.18,1.89,D,0,unclassified,-1,0,5206.2,8659.4,,,,,,Natural Fire,unavailable,unavailable,unavailable,0,0
30.49243,76.17978,330.27,0.38,0.44,2025-11-08,737,N20,VIIRS,n,2,301.87,2.01,D,0,unclassified,-1,0,5742.9,24625.7,,,,,,Natural Fire,unavailable,unavailable,unavailable,0,0
30.35071,75.83112,339.06,0.4,0.45,2025-11-08,737,N20,VIIRS,n,2,310.13,6.34,D,0,unclassified,9,3,3521.5,9567.0,4.9275,6.34,1.1693694882285923,1.2867,0.0,Natural Fire,unavailable,unavailable,unavailable,0,0
30.35153,75.83524,335.39,0.4,0.44,2025-11-08,737,N20,VIIRS,n,2,304.42,5.02,D,0,unclassified,9,3,3256.4,9217.4,4.9275,6.34,1.1693694882285923,1.0188,0.0,Natural Fire,unavailable,unavailable,unavailable,0,0
30.25626,75.57404,331.31,0.42,0.45,2025-11-08,737,N20,VIIRS,l,2,304.62,1.79,D,0,unclassified,-1,0,7431.5,8566.1,,,,,,Natural Fire,unavailable,unavailable,unavailable,0,0
30.31959,75.86546,336.71,0.4,0.44,2025-11-08,737,N20,VIIRS,n,2,310.43,8.13,D,0,unclassified,149,1,6000.3,9332.5,7.210000000000001,8.13,1.3010764773832482,1.1276,0.0,Natural Fire,unavailable,unavailable,unavailable,0,0
30.32041,75.86954,339.07,0.4,0.44,2025-11-08,737,N20,VIIRS,n,2,304.99,6.29,D,0,unclassified,149,1,5904.1,9177.4,7.210000000000001,8.13,1.3010764773832482,0.8724,0.0,Natural Fire,unavailable,unavailable,unavailable,0,0
30.33776,75.99768,353.49,0.4,0.44,2025-11-08,737,N20,VIIRS,n,2,305.95,6.18,D,0,unclassified,-1,0,9235.2,10959.4,,,,,,Natural Fire,unavailable,unavailable,unavailable,0,0
30.16035,75.1087,332.0,0.45,0.47,2025-11-08,737,N20,VIIRS,n,2,303.05,3.08,D,0,unclassified,-1,0,5016.8,36242.6,,,,,,Natural Fire,unavailable,unavailable,unavailable,0,0
30.56345,75.94344,333.3,0.39,0.44,2025-11-08,737,N20,VIIRS,n,2,302.61,2.15,D,0,unclassified,-1,0,3641.9,17198.8,,,,,,Natural Fire,unavailable,unavailable,unavailable,0,0
30.33406,75.87452,340.02,0.4,0.44,2025-11-08,737,N20,VIIRS,n,2,304.99,5.16,D,0,unclassified,-1,0,4427.2,8827.7,,,,,,Natural Fire,unavailable,unavailable,unavailable,0,0
30.58005,75.90067,341.09,0.4,0.44,2025-11-08,737,N20,VIIRS,n,2,306.44,4.29,D,0,unclassified,28,3,2810.7,18726.8,1.9425,4.29,1.0458318630230605,2.2085,0.75,Natural Fire,unavailable,unavailable,unavailable,0,0
29.95482,76.11671,301.1,0.35,0.56,2025-11-08,2001,N20,VIIRS,n,2,283.77,13.86,N,0,unclassified,150,2,3023.8,15695.4,13.149285714285714,22.01,5.526099562406235,1.054,0.7857142857142857,Natural Fire,unavailable,unavailable,unavailable,0,0
30.53516,75.02554,348.45,0.44,0.46,2025-11-08,737,N20,VIIRS,n,2,303.86,6.65,D,0,unclassified,151,2,31697.9,20939.4,14.3825,22.92,9.629559958793548,0.4624,0.0,Natural Fire,unavailable,unavailable,unavailable,0,0
30.53479,75.02599,348.64,0.44,0.46,2025-11-08,737,N20,VIIRS,n,2,304.24,5.46,D,0,unclassified,151,2,31642.8,20884.8,14.3825,22.92,9.629559958793548,0.3796,0.0,Natural Fire,unavailable,unavailable,unavailable,0,0
29.95586,76.11217,351.07,0.35,0.57,2025-11-08,2001,N20,VIIRS,n,2,306.14,14.25,N,0,unclassified,150,2,2571.1,16111.9,13.149285714285714,22.01,5.526099562406235,1.0837,0.7857142857142857,Natural Fire,unavailable,unavailable,unavailable,0,0
29.95614,76.10854,313.16,0.35,0.57,2025-11-08,2001,N20,VIIRS,n,2,282.98,14.25,N,0,unclassified,150,2,2222.9,16454.5,13.149285714285714,22.01,5.526099562406235,1.0837,0.7857142857142857,Natural Fire,unavailable,unavailable,unavailable,0,0
29.95558,76.1158,307.01,0.35,0.57,2025-11-08,2001,N20,VIIRS,n,2,284.65,16.61,N,0,unclassified,150,2,2920.1,15769.7,13.149285714285714,22.01,5.526099562406235,1.2632,0.7857142857142857,Natural Fire,unavailable,unavailable,unavailable,0,0
29.95065,76.11157,297.11,0.35,0.57,2025-11-08,2001,N20,VIIRS,n,2,282.16,14.25,N,0,unclassified,-1,0,2702.2,16260.4,,,,,,Natural Fire,unavailable,unavailable,unavailable,0,0
29.95543,76.10944,325.08,0.35,0.57,2025-11-08,2001,N20,VIIRS,n,2,283.01,22.01,N,0,unclassified,150,2,2326.6,16379.5,13.149285714285714,22.01,5.526099562406235,1.6739,0.7857142857142857,Natural Fire,unavailable,unavailable,unavailable,0,0
29.95513,76.11307,335.93,0.35,0.56,2025-11-08,2001,N20,VIIRS,n,2,308.22,22.01,N,0,unclassified,150,2,2674.1,16037.6,13.149285714285714,22.01,5.526099562406235,1.6739,0.7857142857142857,Natural Fire,unavailable,unavailable,unavailable,0,0
29.95707,76.11429,355.17,0.7,0.75,2025-11-08,2141,N20,VIIRS,n,2,288.74,12.8,N,0,unclassified,150,2,2747.2,15890.8,13.149285714285714,22.01,5.526099562406235,0.9734,0.7857142857142857,Natural Fire,unavailable,unavailable,unavailable,0,0
29.95906,76.10739,319.05,0.7,0.75,2025-11-08,2141,N20,VIIRS,n,2,282.32,12.8,N,0,unclassified,150,2,2058.4,16523.9,13.149285714285714,22.01,5.526099562406235,0.9734,0.7857142857142857,Natural Fire,unavailable,unavailable,unavailable,0,0
29.9556,76.11187,367.0,0.7,0.75,2025-11-08,2141,N20,VIIRS,h,2,289.0,11.4,N,0,unclassified,150,2,2549.3,16144.7,13.149285714285714,22.01,5.526099562406235,0.867,0.7857142857142857,Natural Fire,unavailable,unavailable,unavailable,0,0
30.08854,75.04181,331.87,0.45,0.47,2025-11-08,737,N20,VIIRS,n,2,305.71,3.26,D,0,unclassified,-1,0,3945.3,42844.4,,,,,,Natural Fire,unavailable,unavailable,unavailable,0,0
29.95364,76.11877,295.85,0.7,0.75,2025-11-08,2141,N20,VIIRS,n,2,283.31,11.4,N,0,unclassified,150,2,3247.8,15519.6,13.149285714285714,22.01,5.526099562406235,0.867,0.7857142857142857,Natural Fire,unavailable,unavailable,unavailable,0,0
30.5896,75.90664,332.75,0.4,0.44,2025-11-08,737,N20,VIIRS,n,2,303.93,1.37,D,0,unclassified,-1,0,2802.9,19770.5,,,,,,Natural Fire,unavailable,unavailable,unavailable,0,0
30.26685,75.89674,340.68,0.4,0.44,2025-11-08,737,N20,VIIRS,n,2,305.36,5.62,D,0,unclassified,64,2,1887.4,3054.6,6.095,6.79,0.8223746105030242,0.9221,0.0,Natural Fire,unavailable,unavailable,unavailable,0,0
30.03059,75.52483,339.01,0.43,0.46,2025-11-08,737,N20,VIIRS,n,2,301.25,4.68,D,0,unclassified,152,2,8591.3,27839.9,11.49,18.3,9.630794359760777,0.4073,0.0,Natural Fire,unavailable,unavailable,unavailable,0,0
30.1687,75.49258,333.25,0.42,0.46,2025-11-08,737,N20,VIIRS,l,2,304.45,2.61,D,0,unclassified,-1,0,7876.9,16116.7,,,,,,Natural Fire,unavailable,unavailable,unavailable,0,0
30.2666,75.89621,341.92,0.4,0.44,2025-11-08,737,N20,VIIRS,n,2,306.43,5.18,D,0,unclassified,64,2,1905.1,3083.4,6.095,6.79,0.8223746105030242,0.8499,0.0,Natural Fire,unavailable,unavailable,unavailable,0,0
29.66155,76.21069,339.87,0.4,0.44,2025-11-08,736,N20,VIIRS,n,2,298.65,10.11,D,0,unclassified,153,1,12065.9,22511.0,14.495,18.88,6.201326471006022,0.6975,0.0,Natural Fire,unavailable,unavailable,unavailable,0,0
29.66076,76.20666,335.5,0.4,0.44,2025-11-08,736,N20,VIIRS,n,2,310.33,18.88,D,0,unclassified,153,1,11690.8,22273.2,14.495,18.88,6.201326471006022,1.3025,0.0,Natural Fire,unavailable,unavailable,unavailable,0,0
29.75516,76.36129,342.13,0.39,0.44,2025-11-08,736,N20,VIIRS,n,2,303.35,5.59,D,0,unclassified,-1,0,3495.3,6526.3,,,,,,Natural Fire,unavailable,unavailable,unavailable,0,0
29.72101,76.10543,339.05,0.4,0.44,2025-11-08,736,N20,VIIRS,n,2,300.98,3.5,D,0,unclassified,-1,0,11700.2,10604.0,,,,,,Natural Fire,unavailable,unavailable,unavailable,0,0
29.75062,76.16996,347.32,0.4,0.44,2025-11-08,736,N20,VIIRS,n,2,303.5,6.25,D,0,unclassified,-1,0,10727.0,13954.4,,,,,,Natural Fire,unavailable,unavailable,unavailable,0,0
29.82653,76.08309,337.26,0.4,0.44,2025-11-08,736,N20,VIIRS,n,2,303.99,2.72,D,0,unclassified,-1,0,1409.6,5234.4,,,,,,Natural Fire,unavailable,unavailable,unavailable,0,0
29.74551,75.48718,335.53,0.43,0.46,2025-11-08,736,N20,VIIRS,n,2,302.21,3.1,D,0,unclassified,-1,0,5536.0,3832.5,,,,,,Natural Fire,unavailable,unavailable,unavailable,0,0
29.79172,75.62247,340.97,0.42,0.46,2025-11-08,736,N20,VIIRS,n,2,304.47,4.9,D,0,unclassified,-1,0,3489.0,5099.9,,,,,,Natural Fire,unavailable,unavailable,unavailable,0,0
29.73582,75.28983,338.17,0.44,0.46,2025-11-08,736,N20,VIIRS,n,2,301.36,2.81,D,0,unclassified,-1,0,1153.3,8953.3,,,,,,Natural Fire,unavailable,unavailable,unavailable,0,0
29.81627,75.55214,340.56,0.43,0.46,2025-11-08,736,N20,VIIRS,n,2,301.57,8.21,D,0,unclassified,-1,0,1644.1,5137.9,,,,,,Natural Fire,unavailable,unavailable,unavailable,0,0
29.93554,75.99488,337.76,0.4,0.44,2025-11-08,736,N20,VIIRS,n,2,306.25,3.48,D,0,unclassified,-1,0,3254.7,9097.7,,,,,,Natural Fire,unavailable,unavailable,unavailable,0,0
29.97957,75.89799,330.39,0.41,0.45,2025-11-08,737,N20,VIIRS,n,2,302.66,0.6,D,0,unclassified,-1,0,5414.5,6196.8,,,,,,Natural Fire,unavailable,unavailable,unavailable,0,0
29.6431,75.43578,337.45,0.44,0.46,2025-11-08,736,N20,VIIRS,n,2,300.14,2.86,D,0,unclassified,-1,0,12239.9,3743.2,,,,,,Natural Fire,unavailable,unavailable,unavailable,0,0
30.02287,76.05012,341.01,0.4,0.44,2025-11-08,737,N20,VIIRS,n,2,305.24,2.87,D,0,unclassified,-1,0,2512.0,11418.0,,,,,,Natural Fire,unavailable,unavailable,unavailable,0,0
30.12367,75.39935,332.56,0.43,0.46,2025-11-08,737,N20,VIIRS,l,2,304.33,3.75,D,0,unclassified,-1,0,3639.1,23682.2,,,,,,Natural Fire,unavailable,unavailable,unavailable,0,0
29.92744,75.64201,354.18,0.42,0.45,2025-11-08,737,N20,VIIRS,n,2,304.7,11.24,D,0,unclassified,-1,0,5078.5,13202.9,,,,,,Natural Fire,unavailable,unavailable,unavailable,0,0
30.15838,75.59046,338.19,0.42,0.45,2025-11-08,737,N20,VIIRS,n,2,303.93,2.56,D,0,unclassified,-1,0,3588.0,18666.3,,,,,,Natural Fire,unavailable,unavailable,unavailable,0,0
30.17345,75.98102,331.49,0.4,0.44,2025-11-08,737,N20,VIIRS,n,2,305.46,1.69,D,0,unclassified,-1,0,8810.5,4452.2,,,,,,Natural Fire,unavailable,unavailable,unavailable,0,0
29.89025,75.18326,330.91,0.45,0.47,2025-11-08,737,N20,VIIRS,n,2,300.33,1.52,D,0,unclassified,-1,0,2766.0,18080.7,,,,,,Natural Fire,unavailable,unavailable,unavailable,0,0
30.00101,75.72959,339.82,0.42,0.45,2025-11-08,737,N20,VIIRS,n,2,305.78,3.56,D,0,unclassified,-1,0,5290.5,11091.9,,,,,,Natural Fire,unavailable,unavailable,unavailable,0,0
30.14425,76.3362,332.01,0.38,0.43,2025-11-08,737,N20,VIIRS,n,2,306.52,2.38,D,0,unclassified,-1,0,3433.9,5061.0,,,,,,Natural Fire,unavailable,unavailable,unavailable,0,0
30.07154,76.08401,333.26,0.4,0.44,2025-11-08,737,N20,VIIRS,n,2,306.73,3.46,D,0,unclassified,154,1,6806.2,14340.9,3.4699999999999998,3.48,0.01414213562373112,0.9971,0.0,Natural Fire,unavailable,unavailable,unavailable,0,0
30.07234,76.08804,340.83,0.4,0.44,2025-11-08,737,N20,VIIRS,n,2,304.52,3.48,D,0,unclassified,154,1,7201.0,14737.4,3.4699999999999998,3.48,0.01414213562373112,1.0029,0.0,Natural Fire,unavailable,unavailable,unavailable,0,0
30.03534,75.94388,336.91,0.4,0.44,2025-11-08,737,N20,VIIRS,n,2,304.4,1.47,D,0,unclassified,-1,0,6473.9,1919.2,,,,,,Agricultural Burning,unavailable,unavailable,unavailable,0,0
30.02084,75.93476,331.26,0.4,0.45,2025-11-08,737,N20,VIIRS,n,2,304.59,2.25,D,0,unclassified,115,2,7731.9,3380.3,2.5500000000000003,3.35,0.7,0.8824,0.0,Natural Fire,unavailable,unavailable,unavailable,0,0
30.01683,75.93582,337.14,0.4,0.45,2025-11-08,737,N20,VIIRS,n,2,304.75,2.05,D,0,unclassified,115,2,7434.1,3825.8,2.5500000000000003,3.35,0.7,0.8039,0.0,Natural Fire,unavailable,unavailable,unavailable,0,0
30.06756,76.10104,335.62,0.67,0.74,2025-11-09,858,N20,VIIRS,n,2,299.99,6.81,D,0,unclassified,39,2,8159.5,15927.3,6.883333333333333,9.13,2.2109123305398914,0.9893,0.0,Natural Fire,unavailable,unavailable,unavailable,0,0
30.03029,75.38404,350.67,0.61,0.71,2025-11-09,858,N20,VIIRS,n,2,301.64,7.74,D,0,unclassified,155,1,6026.2,25255.6,8.325,8.91,0.8273149339882612,0.9297,0.0,Natural Fire,unavailable,unavailable,unavailable,0,0
30.01232,75.57421,341.72,0.62,0.72,2025-11-09,858,N20,VIIRS,n,2,300.97,7.81,D,0,unclassified,-1,0,7072.7,22695.2,,,,,,Natural Fire,unavailable,unavailable,unavailable,0,0
30.03192,75.38635,339.41,0.61,0.71,2025-11-09,858,N20,VIIRS,n,2,300.34,8.91,D,0,unclassified,155,1,6304.5,25468.1,8.325,8.91,0.8273149339882612,1.0703,0.0,Natural Fire,unavailable,unavailable,unavailable,0,0
30.06723,76.09399,342.09,0.67,0.74,2025-11-09,858,N20,VIIRS,n,2,304.1,6.81,D,0,unclassified,156,1,7547.6,15247.1,7.515000000000001,8.22,0.9970205614730324,0.9062,0.0,Natural Fire,unavailable,unavailable,unavailable,0,0
30.06846,76.09919,344.68,0.67,0.74,2025-11-09,858,N20,VIIRS,n,2,300.08,9.13,D,0,unclassified,39,2,8050.6,15758.5,6.883333333333333,9.13,2.2109123305398914,1.3264,0.0,Natural Fire,unavailable,unavailable,unavailable,0,0
29.92952,75.31528,343.59,0.6,0.71,2025-11-09,858,N20,VIIRS,n,2,301.53,6.4,D,0,unclassified,157,1,3396.8,14095.0,7.495,8.59,1.5485638507985389,0.8539,0.0,Natural Fire,unavailable,unavailable,unavailable,0,0
29.93888,76.01501,343.71,0.66,0.73,2025-11-09,858,N20,VIIRS,n,2,302.77,8.95,D,0,unclassified,158,1,2457.0,9973.8,10.53,12.11,2.2344574285494905,0.85,0.0,Natural Fire,unavailable,unavailable,unavailable,0,0
29.94067,76.01529,350.25,0.66,0.73,2025-11-09,858,N20,VIIRS,n,2,302.86,12.11,D,0,unclassified,158,1,2574.9,10168.9,10.53,12.11,2.2344574285494905,1.15,0.0,Natural Fire,unavailable,unavailable,unavailable,0,0
29.93032,75.31583,345.39,0.6,0.71,2025-11-09,858,N20,VIIRS,n,2,301.21,8.59,D,0,unclassified,157,1,3500.1,14171.4,7.495,8.59,1.5485638507985389,1.1461,0.0,Natural Fire,unavailable,unavailable,unavailable,0,0
29.95066,76.12032,349.61,0.67,0.74,2025-11-09,858,N20,VIIRS,n,2,301.36,6.58,D,0,unclassified,150,2,3486.1,15429.4,13.149285714285714,22.01,5.526099562406235,0.5004,0.7857142857142857,Natural Fire,unavailable,unavailable,unavailable,0,0
29.88595,75.47859,335.49,0.61,0.71,2025-11-09,858,N20,VIIRS,n,2,299.96,3.81,D,0,industrial_nearby,-1,0,742.5,13058.7,,,,,,Unknown,unavailable,unavailable,unavailable,0,0
29.88723,75.50447,338.41,0.62,0.71,2025-11-09,858,N20,VIIRS,n,2,298.81,3.52,D,0,unclassified,-1,0,2653.6,12657.0,,,,,,Natural Fire,unavailable,unavailable,unavailable,0,0
30.06816,76.09209,331.08,0.67,0.74,2025-11-09,858,N20,VIIRS,n,2,303.16,8.22,D,0,unclassified,156,1,7427.4,15074.0,7.515000000000001,8.22,0.9970205614730324,1.0938,0.0,Natural Fire,unavailable,unavailable,unavailable,0,0
29.95185,76.12066,344.94,0.67,0.74,2025-11-09,858,N20,VIIRS,n,2,301.1,8.89,D,0,unclassified,150,2,3476.8,15373.4,13.149285714285714,22.01,5.526099562406235,0.6761,0.7857142857142857,Natural Fire,unavailable,unavailable,unavailable,0,0
30.08958,75.65659,344.34,0.63,0.72,2025-11-09,858,N20,VIIRS,n,2,300.43,4.95,D,0,unclassified,-1,0,4980.6,16070.7,,,,,,Natural Fire,unavailable,unavailable,unavailable,0,0
30.37775,76.13395,301.93,0.37,0.58,2025-11-09,2122,N20,VIIRS,n,2,283.84,0.67,N,0,industrial_direct,159,1,0.0,21043.9,0.6799999999999999,0.69,0.014142135623730925,0.9853,1.0,Unknown,unavailable,unavailable,unavailable,0,0
30.11309,75.58878,330.66,0.63,0.72,2025-11-09,858,N20,VIIRS,n,2,300.1,4.23,D,0,unclassified,-1,0,8481.9,22240.6,,,,,,Natural Fire,unavailable,unavailable,unavailable,0,0
29.89627,75.83054,332.89,0.64,0.72,2025-11-09,858,N20,VIIRS,n,2,302.39,6.28,D,0,unclassified,-1,0,3900.9,3916.9,,,,,,Natural Fire,unavailable,unavailable,unavailable,0,0
29.65534,75.02351,304.0,0.33,0.55,2025-11-09,2122,N20,VIIRS,n,2,282.35,0.64,N,0,unclassified,160,1,15597.1,34833.5,0.65,0.66,0.014142135623730963,0.9846,1.0,Natural Fire,unavailable,unavailable,unavailable,0,0
29.95614,76.11427,307.99,0.37,0.58,2025-11-09,2122,N20,VIIRS,n,2,282.59,0.99,N,0,unclassified,150,2,2763.1,15906.9,13.149285714285714,22.01,5.526099562406235,0.0753,0.7857142857142857,Natural Fire,unavailable,unavailable,unavailable,0,0
30.37774,76.13355,303.42,0.37,0.58,2025-11-09,2122,N20,VIIRS,n,2,283.63,0.69,N,0,industrial_nearby,159,1,12.4,21080.2,0.6799999999999999,0.69,0.014142135623730925,1.0147,1.0,Unknown,unavailable,unavailable,unavailable,0,0
30.59083,76.0983,323.66,0.36,0.57,2025-11-09,2122,N20,VIIRS,n,2,283.28,1.67,N,0,unclassified,-1,0,11737.0,26967.3,,,,,,Natural Fire,unavailable,unavailable,unavailable,0,0
30.56531,75.11713,333.24,0.59,0.7,2025-11-09,858,N20,VIIRS,n,2,300.45,3.71,D,0,unclassified,-1,0,25142.1,15143.0,,,,,,Natural Fire,unavailable,unavailable,unavailable,0,0
30.56566,75.78226,339.39,0.65,0.73,2025-11-09,858,N20,VIIRS,n,2,301.49,4.85,D,0,unclassified,-1,0,7731.6,20754.1,,,,,,Natural Fire,unavailable,unavailable,unavailable,0,0
30.28059,75.16132,338.49,0.59,0.7,2025-11-09,858,N20,VIIRS,n,2,300.51,6.03,D,0,industrial_nearby,-1,0,674.1,22002.9,,,,,,Unknown,unavailable,unavailable,unavailable,0,0
30.31408,76.18405,340.12,0.68,0.74,2025-11-09,858,N20,VIIRS,n,2,303.29,8.55,D,0,unclassified,-1,0,5261.3,15255.8,,,,,,Natural Fire,unavailable,unavailable,unavailable,0,0
30.27189,75.83253,367.0,0.65,0.73,2025-11-09,858,N20,VIIRS,h,2,306.64,30.81,D,0,unclassified,161,1,4786.4,9022.0,16.823333333333334,30.81,14.439519844279218,1.8314,0.0,Natural Fire,unavailable,unavailable,unavailable,0,0
30.26947,75.83105,353.2,0.65,0.73,2025-11-09,858,N20,VIIRS,n,2,308.29,17.69,D,0,unclassified,161,1,4552.4,9095.6,16.823333333333334,30.81,14.439519844279218,1.0515,0.0,Natural Fire,unavailable,unavailable,unavailable,0,0
30.26981,75.83794,339.31,0.65,0.73,2025-11-09,858,N20,VIIRS,n,2,298.81,17.69,D,0,unclassified,-1,0,4250.0,8460.3,,,,,,Natural Fire,unavailable,unavailable,unavailable,0,0
30.18751,75.81439,344.24,0.65,0.73,2025-11-09,858,N20,VIIRS,n,2,303.35,9.67,D,0,unclassified,-1,0,3708.3,7200.9,,,,,,Natural Fire,unavailable,unavailable,unavailable,0,0
30.12863,75.39801,341.78,0.61,0.71,2025-11-09,858,N20,VIIRS,n,2,300.66,5.74,D,0,unclassified,162,1,3911.9,23257.9,6.0600000000000005,6.38,0.45254833995938987,0.9472,0.0,Natural Fire,unavailable,unavailable,unavailable,0,0
30.13008,75.39802,342.88,0.61,0.71,2025-11-09,858,N20,VIIRS,n,2,300.74,6.38,D,0,unclassified,162,1,3967.2,23116.3,6.0600000000000005,6.38,0.45254833995938987,1.0528,0.0,Natural Fire,unavailable,unavailable,unavailable,0,0
30.08941,75.24693,367.0,0.6,0.7,2025-11-09,858,N20,VIIRS,h,2,302.85,10.32,D,0,unclassified,-1,0,14361.9,32902.0,,,,,,Natural Fire,unavailable,unavailable,unavailable,0,0
29.89659,75.83734,344.71,0.65,0.73,2025-11-09,858,N20,VIIRS,n,2,300.19,6.28,D,0,unclassified,-1,0,4312.1,4423.1,,,,,,Natural Fire,unavailable,unavailable,unavailable,0,0
29.6552,75.02493,298.0,0.33,0.55,2025-11-09,2122,N20,VIIRS,n,2,283.01,0.66,N,0,unclassified,160,1,15560.5,34719.6,0.65,0.66,0.014142135623730963,1.0154,1.0,Natural Fire,unavailable,unavailable,unavailable,0,0
29.85555,75.82577,367.0,0.64,0.72,2025-11-09,858,N20,VIIRS,h,2,303.66,11.18,D,0,unclassified,163,1,1546.1,657.0,6.873333333333332,11.18,3.729682738964982,1.6266,0.0,Agricultural Burning,unavailable,unavailable,unavailable,0,0
29.94956,75.08868,340.99,0.43,0.62,2025-11-09,718,N20,VIIRS,n,2,301.48,4.39,D,0,unclassified,164,1,3705.5,29316.0,4.665,4.94,0.38890872965260165,0.9411,0.0,Natural Fire,unavailable,unavailable,unavailable,0,0
29.95081,75.08614,336.48,0.43,0.62,2025-11-09,718,N20,VIIRS,n,2,302.87,4.94,D,0,unclassified,164,1,3820.6,29596.8,4.665,4.94,0.38890872965260165,1.0589,0.0,Natural Fire,unavailable,unavailable,unavailable,0,0
29.99473,75.57212,338.63,0.4,0.6,2025-11-09,718,N20,VIIRS,n,2,304.12,3.55,D,0,unclassified,-1,0,5260.2,21973.6,,,,,,Natural Fire,unavailable,unavailable,unavailable,0,0
29.94953,75.5558,341.07,0.4,0.6,2025-11-09,718,N20,VIIRS,n,2,302.01,2.22,D,0,industrial_nearby,-1,0,925.8,19621.9,,,,,,Unknown,unavailable,unavailable,unavailable,0,0
30.05924,76.15163,367.0,0.37,0.58,2025-11-09,718,N20,VIIRS,h,2,306.48,4.99,D,0,unclassified,-1,0,6596.7,13424.2,,,,,,Natural Fire,unavailable,unavailable,unavailable,0,0
29.94709,75.71098,330.54,0.39,0.6,2025-11-09,718,N20,VIIRS,l,2,303.59,1.6,D,0,unclassified,120,2,1759.5,7659.5,3.375,5.15,2.5102290732122436,0.4741,0.0,Natural Fire,unavailable,unavailable,unavailable,0,0
29.99884,75.99371,345.15,0.38,0.59,2025-11-09,718,N20,VIIRS,n,2,303.5,4.29,D,0,unclassified,165,2,3891.4,8031.4,5.745,7.2,2.0576807332528535,0.7467,0.0,Natural Fire,unavailable,unavailable,unavailable,0,0
29.91903,75.91129,339.92,0.38,0.59,2025-11-09,718,N20,VIIRS,n,2,303.43,2.95,D,0,unclassified,-1,0,3463.5,4933.1,,,,,,Natural Fire,unavailable,unavailable,unavailable,0,0
29.95145,76.11687,367.0,0.37,0.58,2025-11-09,718,N20,VIIRS,h,2,310.3,16.24,D,0,unclassified,150,2,3142.9,15741.2,13.149285714285714,22.01,5.526099562406235,1.235,0.7857142857142857,Natural Fire,unavailable,unavailable,unavailable,0,0
29.70601,75.29994,336.76,0.42,0.61,2025-11-09,718,N20,VIIRS,n,2,302.56,2.81,D,0,unclassified,-1,0,2385.8,11458.2,,,,,,Natural Fire,unavailable,unavailable,unavailable,0,0
29.80468,76.15107,337.01,0.37,0.58,2025-11-09,718,N20,VIIRS,n,2,304.1,2.15,D,0,unclassified,-1,0,5402.3,11066.8,,,,,,Natural Fire,unavailable,unavailable,unavailable,0,0
29.79084,76.29979,336.0,0.37,0.58,2025-11-09,718,N20,VIIRS,n,2,300.32,3.18,D,0,unclassified,-1,0,3838.8,8627.1,,,,,,Natural Fire,unavailable,unavailable,unavailable,0,0
29.71951,76.09406,354.57,0.38,0.59,2025-11-09,718,N20,VIIRS,n,2,302.23,6.98,D,0,unclassified,-1,0,11870.0,10051.8,,,,,,Natural Fire,unavailable,unavailable,unavailable,0,0
29.61697,76.42793,332.8,0.36,0.58,2025-11-09,718,N20,VIIRS,n,2,300.03,1.81,D,0,unclassified,-1,0,16315.2,21707.4,,,,,,Natural Fire,unavailable,unavailable,unavailable,0,0
29.85006,75.70456,355.33,0.63,0.72,2025-11-09,858,N20,VIIRS,n,2,300.89,12.25,D,0,unclassified,166,1,3440.7,9450.6,11.065000000000001,12.25,1.6758430714121177,1.1071,0.0,Natural Fire,unavailable,unavailable,unavailable,0,0
30.24152,75.99064,348.12,0.37,0.58,2025-11-09,718,N20,VIIRS,n,2,305.98,3.94,D,0,unclassified,-1,0,2239.2,4632.4,,,,,,Natural Fire,unavailable,unavailable,unavailable,0,0
30.26525,75.83224,334.05,0.38,0.59,2025-11-09,718,N20,VIIRS,n,2,301.79,1.97,D,0,unclassified,161,1,4144.2,8889.4,16.823333333333334,30.81,14.439519844279218,0.1171,0.0,Natural Fire,unavailable,unavailable,unavailable,0,0
29.71617,75.52806,345.07,0.41,0.6,2025-11-09,718,N20,VIIRS,n,2,301.78,5.71,D,0,unclassified,-1,0,3723.5,725.6,,,,,,Agricultural Burning,unavailable,unavailable,unavailable,0,0
30.29108,75.73928,367.0,0.38,0.59,2025-11-09,718,N20,VIIRS,h,2,305.86,8.84,D,0,unclassified,145,2,9141.7,18238.0,11.375,13.91,3.585031380615796,0.7771,0.0,Natural Fire,unavailable,unavailable,unavailable,0,0
30.28528,75.76195,340.05,0.38,0.59,2025-11-09,718,N20,VIIRS,n,2,304.0,3.34,D,0,unclassified,-1,0,7348.2,15967.2,,,,,,Natural Fire,unavailable,unavailable,unavailable,0,0
29.85344,75.70631,346.47,0.63,0.72,2025-11-09,858,N20,VIIRS,n,2,299.35,9.88,D,0,unclassified,166,1,3206.8,9075.5,11.065000000000001,12.25,1.6758430714121177,0.8929,0.0,Natural Fire,unavailable,unavailable,unavailable,0,0
29.85965,75.82737,339.26,0.64,0.72,2025-11-09,858,N20,VIIRS,n,2,301.51,4.72,D,0,unclassified,163,1,1693.3,1052.1,6.873333333333332,11.18,3.729682738964982,0.6867,0.0,Agricultural Burning,unavailable,unavailable,unavailable,0,0
29.85291,75.82768,340.44,0.64,0.72,2025-11-09,858,N20,VIIRS,n,2,302.12,4.72,D,0,unclassified,163,1,1765.0,333.9,6.873333333333332,11.18,3.729682738964982,0.6867,0.0,Agricultural Burning,unavailable,unavailable,unavailable,0,0
29.63424,75.98588,339.37,0.66,0.73,2025-11-09,858,N20,VIIRS,n,2,297.18,5.06,D,0,unclassified,3,2,6070.9,4693.8,3.6733333333333333,5.06,1.615095456415296,1.3775,0.0,Natural Fire,unavailable,unavailable,unavailable,0,0
29.63239,75.98788,333.22,0.66,0.73,2025-11-09,858,N20,VIIRS,n,2,296.32,4.06,D,0,unclassified,3,2,6339.6,4883.5,3.6733333333333333,5.06,1.615095456415296,1.1053,0.0,Natural Fire,unavailable,unavailable,unavailable,0,0
30.39198,75.01619,354.99,0.42,0.61,2025-11-09,718,N20,VIIRS,n,2,304.03,11.81,D,0,unclassified,167,1,18954.7,22312.7,9.825,11.81,2.8072139213105936,1.202,0.0,Natural Fire,unavailable,unavailable,unavailable,0,0
29.6884,75.69816,339.64,0.63,0.72,2025-11-09,858,N20,VIIRS,n,2,298.33,3.89,D,0,unclassified,-1,0,3057.5,1337.0,,,,,,Agricultural Burning,unavailable,unavailable,unavailable,0,0
30.38655,75.01799,354.09,0.42,0.61,2025-11-09,718,N20,VIIRS,n,2,305.38,11.81,D,0,unclassified,168,1,18328.7,22395.3,14.933333333333332,25.15,9.067824068283047,0.7908,0.0,Natural Fire,unavailable,unavailable,unavailable,0,0
30.38761,75.02222,336.06,0.42,0.61,2025-11-09,718,N20,VIIRS,n,2,301.83,7.84,D,0,unclassified,168,1,18327.3,21976.8,14.933333333333332,25.15,9.067824068283047,0.525,0.0,Natural Fire,unavailable,unavailable,unavailable,0,0
30.38821,75.01997,367.0,0.42,0.61,2025-11-09,718,N20,VIIRS,h,2,306.59,25.15,D,0,unclassified,168,1,18457.9,22146.2,14.933333333333332,25.15,9.067824068283047,1.6842,0.0,Natural Fire,unavailable,unavailable,unavailable,0,0
30.45958,75.83874,330.14,0.38,0.58,2025-11-09,718,N20,VIIRS,n,2,304.73,1.28,D,0,unclassified,-1,0,4927.5,8278.6,,,,,,Natural Fire,unavailable,unavailable,unavailable,0,0
30.55482,76.44491,334.88,0.34,0.56,2025-11-09,718,N20,VIIRS,n,2,301.62,2.47,D,0,unclassified,-1,0,2030.2,20279.6,,,,,,Natural Fire,unavailable,unavailable,unavailable,0,0
30.22578,75.28268,343.18,0.41,0.61,2025-11-09,718,N20,VIIRS,n,2,301.43,2.93,D,0,unclassified,-1,0,6939.1,23925.0,,,,,,Natural Fire,unavailable,unavailable,unavailable,0,0
30.39305,75.0204,331.01,0.42,0.61,2025-11-09,718,N20,VIIRS,n,2,300.38,7.84,D,0,unclassified,167,1,18869.8,21894.0,9.825,11.81,2.8072139213105936,0.798,0.0,Natural Fire,unavailable,unavailable,unavailable,0,0
30.39877,76.0704,334.06,0.37,0.58,2025-11-09,718,N20,VIIRS,n,2,302.63,1.82,D,0,unclassified,-1,0,4352.5,15565.3,,,,,,Natural Fire,unavailable,unavailable,unavailable,0,0
30.27964,75.40256,337.36,0.63,0.54,2025-11-10,839,N20,VIIRS,n,2,301.57,5.51,D,0,unclassified,-1,0,8142.7,11131.8,,,,,,Natural Fire,unavailable,unavailable,unavailable,0,0
30.29259,75.25719,334.86,0.62,0.54,2025-11-10,839,N20,VIIRS,n,2,302.11,4.41,D,0,unclassified,169,1,4092.7,19798.4,4.025,4.41,0.5444722215136417,1.0957,0.0,Natural Fire,unavailable,unavailable,unavailable,0,0
30.2708,75.12318,339.54,0.61,0.53,2025-11-10,839,N20,VIIRS,n,2,304.66,6.53,D,0,unclassified,170,1,3530.2,24350.3,6.485,6.53,0.06363961030678918,1.0069,0.0,Natural Fire,unavailable,unavailable,unavailable,0,0
30.30446,75.75633,331.46,0.33,0.55,2025-11-10,839,N20,VIIRS,n,2,304.29,1.36,D,0,unclassified,-1,0,9473.7,17102.2,,,,,,Natural Fire,unavailable,unavailable,unavailable,0,0
30.14032,75.3066,330.71,0.62,0.54,2025-11-10,839,N20,VIIRS,l,2,303.64,3.27,D,0,unclassified,-1,0,12761.4,27614.1,,,,,,Natural Fire,unavailable,unavailable,unavailable,0,0
30.17422,75.12149,342.55,0.61,0.53,2025-11-10,839,N20,VIIRS,n,2,305.48,6.78,D,0,unclassified,171,1,5792.9,34397.2,6.125,6.78,0.9263098833543776,1.1069,0.0,Natural Fire,unavailable,unavailable,unavailable,0,0
30.18626,76.33751,337.16,0.36,0.57,2025-11-10,839,N20,VIIRS,n,2,303.42,1.62,D,0,unclassified,-1,0,4191.3,5445.3,,,,,,Natural Fire,unavailable,unavailable,unavailable,0,0
30.27219,75.12122,339.1,0.61,0.53,2025-11-10,839,N20,VIIRS,n,2,304.08,6.44,D,0,unclassified,170,1,3721.9,24291.6,6.485,6.53,0.06363961030678918,0.9931,0.0,Natural Fire,unavailable,unavailable,unavailable,0,0
30.05595,75.25672,339.8,0.62,0.54,2025-11-10,839,N20,VIIRS,n,2,304.94,9.21,D,0,unclassified,172,1,10941.0,29079.8,7.286666666666666,10.62,4.606672696571065,1.264,0.0,Natural Fire,unavailable,unavailable,unavailable,0,0
30.17603,75.1205,341.29,0.61,0.53,2025-11-10,839,N20,VIIRS,n,2,304.99,5.47,D,0,unclassified,171,1,5571.6,34235.4,6.125,6.78,0.9263098833543776,0.8931,0.0,Natural Fire,unavailable,unavailable,unavailable,0,0
30.2931,75.25538,333.94,0.62,0.54,2025-11-10,839,N20,VIIRS,n,2,300.98,3.64,D,0,unclassified,169,1,4008.1,19721.2,4.025,4.41,0.5444722215136417,0.9043,0.0,Natural Fire,unavailable,unavailable,unavailable,0,0
30.59062,75.94941,338.05,0.34,0.56,2025-11-10,840,N20,VIIRS,n,2,303.87,1.63,D,0,unclassified,-1,0,6706.0,20263.9,,,,,,Natural Fire,unavailable,unavailable,unavailable,0,0
30.53738,75.69631,353.72,0.33,0.55,2025-11-10,840,N20,VIIRS,n,2,304.63,3.87,D,0,unclassified,173,1,11957.6,22344.2,4.0600000000000005,4.25,0.26870057685088766,0.9532,0.0,Natural Fire,unavailable,unavailable,unavailable,0,0
30.53483,75.69709,342.74,0.33,0.55,2025-11-10,840,N20,VIIRS,n,2,304.54,4.25,D,0,unclassified,173,1,12027.6,22176.2,4.0600000000000005,4.25,0.26870057685088766,1.0468,0.0,Natural Fire,unavailable,unavailable,unavailable,0,0
30.50169,75.02816,338.34,0.6,0.53,2025-11-10,840,N20,VIIRS,n,2,305.12,3.69,D,0,unclassified,-1,0,28244.1,19726.0,,,,,,Natural Fire,unavailable,unavailable,unavailable,0,0
30.56483,75.75056,348.83,0.33,0.56,2025-11-10,840,N20,VIIRS,n,2,305.38,3.49,D,0,unclassified,-1,0,10609.1,22541.3,,,,,,Natural Fire,unavailable,unavailable,unavailable,0,0
30.56155,75.70848,334.27,0.33,0.55,2025-11-10,840,N20,VIIRS,n,2,304.18,1.48,D,0,unclassified,-1,0,13463.3,25126.8,,,,,,Natural Fire,unavailable,unavailable,unavailable,0,0
30.5821,75.90661,335.4,0.34,0.56,2025-11-10,840,N20,VIIRS,n,2,302.49,3.51,D,0,unclassified,-1,0,3138.0,18939.4,,,,,,Natural Fire,unavailable,unavailable,unavailable,0,0
30.56997,75.75005,332.89,0.33,0.56,2025-11-10,840,N20,VIIRS,l,2,304.85,1.74,D,0,unclassified,-1,0,10496.6,23006.3,,,,,,Natural Fire,unavailable,unavailable,unavailable,0,0
30.5219,75.03238,341.86,0.6,0.53,2025-11-10,840,N20,VIIRS,n,2,305.78,18.76,D,0,unclassified,-1,0,30088.6,19852.6,,,,,,Natural Fire,unavailable,unavailable,unavailable,0,0
30.57232,75.2749,335.33,0.63,0.54,2025-11-10,840,N20,VIIRS,n,2,301.62,4.4,D,0,unclassified,-1,0,14790.2,12065.0,,,,,,Natural Fire,unavailable,unavailable,unavailable,0,0
30.59402,75.00548,335.7,0.6,0.53,2025-11-10,840,N20,VIIRS,n,2,301.45,2.37,D,0,unclassified,-1,0,36114.9,25574.3,,,,,,Natural Fire,unavailable,unavailable,unavailable,0,0
30.06791,75.40675,341.37,0.63,0.54,2025-11-10,839,N20,VIIRS,n,2,304.26,14.23,D,0,unclassified,174,1,6130.0,29038.2,11.14,14.23,4.369919907732863,1.2774,0.0,Natural Fire,unavailable,unavailable,unavailable,0,0
30.35122,75.66289,352.58,0.33,0.55,2025-11-10,839,N20,VIIRS,n,2,307.74,4.5,D,0,unclassified,-1,0,3726.5,11119.0,,,,,,Natural Fire,unavailable,unavailable,unavailable,0,0
30.06013,75.2579,341.51,0.62,0.54,2025-11-10,839,N20,VIIRS,n,2,303.02,10.62,D,0,unclassified,172,1,11195.1,29490.8,7.286666666666666,10.62,4.606672696571065,1.4575,0.0,Natural Fire,unavailable,unavailable,unavailable,0,0
30.05885,75.59933,367.0,0.32,0.55,2025-11-10,839,N20,VIIRS,h,2,305.07,7.93,D,0,unclassified,-1,0,10586.9,22297.6,,,,,,Natural Fire,unavailable,unavailable,unavailable,0,0
30.06812,75.40821,345.8,0.63,0.54,2025-11-10,839,N20,VIIRS,n,2,303.4,8.05,D,0,unclassified,174,1,6044.8,28967.0,11.14,14.23,4.369919907732863,0.7226,0.0,Natural Fire,unavailable,unavailable,unavailable,0,0
30.05516,75.25844,331.93,0.62,0.54,2025-11-10,839,N20,VIIRS,n,2,302.87,2.03,D,0,unclassified,172,1,10762.0,28948.1,7.286666666666666,10.62,4.606672696571065,0.2786,0.0,Natural Fire,unavailable,unavailable,unavailable,0,0
30.03984,75.60125,344.01,0.75,0.77,2025-11-10,659,N20,VIIRS,n,2,302.86,7.87,D,0,unclassified,-1,0,10991.2,22302.0,,,,,,Natural Fire,unavailable,unavailable,unavailable,0,0
29.6351,76.44949,367.0,0.36,0.57,2025-11-10,839,N20,VIIRS,h,2,305.9,6.13,D,0,unclassified,175,1,14895.7,20244.3,6.5649999999999995,7.0,0.6151828996322967,0.9337,0.0,Natural Fire,unavailable,unavailable,unavailable,0,0
29.63402,76.45003,367.0,0.36,0.57,2025-11-10,839,N20,VIIRS,h,2,305.06,7.0,D,0,unclassified,175,1,15025.9,20374.1,6.5649999999999995,7.0,0.6151828996322967,1.0663,0.0,Natural Fire,unavailable,unavailable,unavailable,0,0
29.64404,76.02979,330.21,0.34,0.56,2025-11-10,839,N20,VIIRS,n,2,298.36,1.97,D,0,unclassified,-1,0,8552.5,8956.1,,,,,,Natural Fire,unavailable,unavailable,unavailable,0,0
29.63483,75.85084,367.0,0.33,0.55,2025-11-10,839,N20,VIIRS,h,2,301.21,8.23,D,0,unclassified,-1,0,4529.3,0.0,,,,,,Agricultural Burning,unavailable,unavailable,unavailable,0,0
29.78647,75.74043,348.77,0.33,0.55,2025-11-10,839,N20,VIIRS,n,2,304.93,3.18,D,0,unclassified,176,1,8659.4,2818.5,3.16,3.18,0.028284271247461926,1.0063,0.0,Natural Fire,unavailable,unavailable,unavailable,0,0
29.82385,75.56956,341.68,0.32,0.55,2025-11-10,839,N20,VIIRS,n,2,300.33,3.82,D,0,industrial_nearby,-1,0,386.8,6692.1,,,,,,Unknown,unavailable,unavailable,unavailable,0,0
29.88898,76.05116,353.65,0.34,0.56,2025-11-10,839,N20,VIIRS,n,2,305.99,5.57,D,0,unclassified,-1,0,3155.2,7868.4,,,,,,Natural Fire,unavailable,unavailable,unavailable,0,0
29.8769,75.9023,344.0,0.34,0.56,2025-11-10,839,N20,VIIRS,n,2,304.76,2.84,D,0,unclassified,-1,0,5239.0,2579.2,,,,,,Natural Fire,unavailable,unavailable,unavailable,0,0
29.88593,75.46441,341.36,0.63,0.54,2025-11-10,839,N20,VIIRS,n,2,303.1,7.49,D,0,unclassified,177,1,1236.4,13541.8,5.875,7.49,2.283954903232549,1.2749,0.0,Natural Fire,unavailable,unavailable,unavailable,0,0
29.78825,75.74052,348.03,0.33,0.55,2025-11-10,839,N20,VIIRS,n,2,304.18,3.14,D,0,unclassified,176,1,8552.3,3015.9,3.16,3.18,0.028284271247461926,0.9937,0.0,Natural Fire,unavailable,unavailable,unavailable,0,0
29.93337,76.00246,356.28,0.34,0.56,2025-11-10,839,N20,VIIRS,n,2,308.36,9.36,D,0,unclassified,-1,0,3208.6,9020.7,,,,,,Natural Fire,unavailable,unavailable,unavailable,0,0
30.07088,75.49988,339.81,0.32,0.54,2025-11-10,839,N20,VIIRS,n,2,304.78,1.62,D,0,unclassified,-1,0,7956.3,26862.3,,,,,,Natural Fire,unavailable,unavailable,unavailable,0,0
29.88557,75.46277,334.26,0.63,0.54,2025-11-10,839,N20,VIIRS,n,2,302.88,4.26,D,0,unclassified,177,1,1346.9,13569.3,5.875,7.49,2.283954903232549,0.7251,0.0,Natural Fire,unavailable,unavailable,unavailable,0,0
30.04981,75.80426,336.73,0.33,0.55,2025-11-10,839,N20,VIIRS,n,2,305.19,2.75,D,0,unclassified,-1,0,8539.3,7983.9,,,,,,Natural Fire,unavailable,unavailable,unavailable,0,0
30.05292,76.04304,332.43,0.34,0.56,2025-11-10,839,N20,VIIRS,n,2,300.22,2.7,D,0,unclassified,-1,0,2437.4,10281.4,,,,,,Natural Fire,unavailable,unavailable,unavailable,0,0
29.96275,75.59766,345.99,0.32,0.55,2025-11-10,839,N20,VIIRS,n,2,303.03,3.16,D,0,unclassified,-1,0,3889.3,18337.2,,,,,,Natural Fire,unavailable,unavailable,unavailable,0,0
30.05813,76.04251,343.52,0.34,0.56,2025-11-10,839,N20,VIIRS,n,2,304.07,2.7,D,0,unclassified,-1,0,2539.0,10231.8,,,,,,Natural Fire,unavailable,unavailable,unavailable,0,0
29.99561,75.9963,367.0,0.34,0.56,2025-11-10,839,N20,VIIRS,h,2,304.27,7.2,D,0,unclassified,165,2,3609.2,8463.3,5.745,7.2,2.0576807332528535,1.2533,0.0,Natural Fire,unavailable,unavailable,unavailable,0,0
29.9268,75.47176,335.35,0.63,0.54,2025-11-10,839,N20,VIIRS,n,2,301.88,2.46,D,0,unclassified,-1,0,2200.7,17584.8,,,,,,Natural Fire,unavailable,unavailable,unavailable,0,0
29.93008,75.63509,352.66,0.32,0.55,2025-11-10,839,N20,VIIRS,n,2,303.11,3.33,D,0,unclassified,-1,0,5221.5,13910.7,,,,,,Natural Fire,unavailable,unavailable,unavailable,0,0
29.92378,75.68367,354.87,0.33,0.55,2025-11-10,839,N20,VIIRS,n,2,307.01,8.93,D,0,unclassified,-1,0,3782.4,9172.9,,,,,,Natural Fire,unavailable,unavailable,unavailable,0,0
30.07295,75.58,330.55,0.52,0.41,2025-11-11,821,N20,VIIRS,n,2,303.05,2.2,D,0,unclassified,-1,0,12240.6,23676.7,,,,,,Natural Fire,unavailable,unavailable,unavailable,0,0
30.16304,75.66273,334.34,0.53,0.42,2025-11-11,821,N20,VIIRS,n,2,303.55,4.63,D,0,unclassified,-1,0,8579.6,15744.2,,,,,,Natural Fire,unavailable,unavailable,unavailable,0,0
30.06499,75.13237,336.6,0.49,0.41,2025-11-11,821,N20,VIIRS,n,2,302.57,5.05,D,0,unclassified,-1,0,7801.1,35322.5,,,,,,Natural Fire,unavailable,unavailable,unavailable,0,0
30.04075,75.08936,332.84,0.49,0.4,2025-11-11,821,N20,VIIRS,n,2,301.42,1.92,D,0,unclassified,-1,0,4755.4,35844.9,,,,,,Natural Fire,unavailable,unavailable,unavailable,0,0
30.1157,75.258,333.4,0.5,0.41,2025-11-11,821,N20,VIIRS,n,2,301.69,4.23,D,0,unclassified,-1,0,16247.6,32903.3,,,,,,Natural Fire,unavailable,unavailable,unavailable,0,0
30.00919,75.07877,337.79,0.49,0.4,2025-11-11,821,N20,VIIRS,n,2,300.8,3.39,D,0,unclassified,-1,0,5729.1,34125.7,,,,,,Natural Fire,unavailable,unavailable,unavailable,0,0
29.98267,75.0468,333.44,0.49,0.4,2025-11-11,821,N20,VIIRS,n,2,302.01,2.25,D,0,unclassified,-1,0,5288.8,34720.4,,,,,,Natural Fire,unavailable,unavailable,unavailable,0,0
30.10551,75.92743,331.95,0.54,0.42,2025-11-11,821,N20,VIIRS,n,2,301.44,2.28,D,0,unclassified,-1,0,10289.7,4737.7,,,,,,Natural Fire,unavailable,unavailable,unavailable,0,0
30.03695,75.47119,334.78,0.51,0.41,2025-11-11,821,N20,VIIRS,n,2,303.83,3.23,D,0,unclassified,-1,0,9464.6,28444.9,,,,,,Natural Fire,unavailable,unavailable,unavailable,0,0
30.02739,75.52145,333.55,0.52,0.41,2025-11-11,821,N20,VIIRS,n,2,301.79,18.3,D,0,unclassified,152,2,8310.4,27960.7,11.49,18.3,9.630794359760777,1.5927,0.0,Natural Fire,unavailable,unavailable,unavailable,0,0
30.03407,75.6464,332.5,0.52,0.42,2025-11-11,821,N20,VIIRS,n,2,304.89,3.03,D,0,unclassified,-1,0,7619.5,18701.1,,,,,,Natural Fire,unavailable,unavailable,unavailable,0,0
30.15995,75.60237,333.04,0.52,0.42,2025-11-11,821,N20,VIIRS,n,2,302.35,4.24,D,0,unclassified,-1,0,3949.8,18994.4,,,,,,Natural Fire,unavailable,unavailable,unavailable,0,0
30.0471,75.39423,335.02,0.51,0.41,2025-11-11,821,N20,VIIRS,n,2,303.29,3.39,D,0,unclassified,-1,0,8113.2,27252.6,,,,,,Natural Fire,unavailable,unavailable,unavailable,0,0
30.15932,75.59695,340.54,0.52,0.42,2025-11-11,821,N20,VIIRS,n,2,303.3,4.24,D,0,unclassified,-1,0,3736.9,18828.5,,,,,,Natural Fire,unavailable,unavailable,unavailable,0,0
30.50208,75.27598,333.73,0.51,0.41,2025-11-11,821,N20,VIIRS,n,2,302.06,4.54,D,0,unclassified,178,1,8545.6,5549.9,4.595000000000001,4.65,0.07778174593052013,0.988,0.0,Natural Fire,unavailable,unavailable,unavailable,0,0
30.15817,75.23023,331.44,0.5,0.41,2025-11-11,821,N20,VIIRS,n,2,302.17,3.44,D,0,unclassified,47,2,11787.1,32206.3,3.23,3.44,0.2969848480983499,1.065,0.0,Natural Fire,unavailable,unavailable,unavailable,0,0
30.15754,75.22504,330.25,0.5,0.41,2025-11-11,821,N20,VIIRS,n,2,304.17,2.98,D,0,unclassified,-1,0,11662.5,32666.8,,,,,,Natural Fire,unavailable,unavailable,unavailable,0,0
30.19421,75.46582,331.5,0.51,0.41,2025-11-11,821,N20,VIIRS,n,2,304.09,2.05,D,0,unclassified,-1,0,9010.4,13939.8,,,,,,Natural Fire,unavailable,unavailable,unavailable,0,0
30.35672,76.14114,346.93,0.56,0.43,2025-11-11,821,N20,VIIRS,n,2,304.66,19.71,D,0,unclassified,-1,0,1436.6,19782.7,,,,,,Natural Fire,unavailable,unavailable,unavailable,0,0
30.32927,75.83203,343.23,0.54,0.42,2025-11-11,821,N20,VIIRS,n,2,307.03,26.2,D,0,unclassified,-1,0,5672.8,11266.0,,,,,,Natural Fire,unavailable,unavailable,unavailable,0,0
30.33858,75.69332,332.91,0.53,0.42,2025-11-11,821,N20,VIIRS,n,2,304.32,3.15,D,0,unclassified,-1,0,6927.5,14077.6,,,,,,Natural Fire,unavailable,unavailable,unavailable,0,0
30.31525,75.25407,336.3,0.5,0.41,2025-11-11,821,N20,VIIRS,n,2,302.81,4.21,D,0,unclassified,-1,0,5955.7,17269.6,,,,,,Natural Fire,unavailable,unavailable,unavailable,0,0
30.35201,75.43703,333.67,0.51,0.41,2025-11-11,821,N20,VIIRS,n,2,302.84,3.14,D,0,unclassified,-1,0,7074.8,4984.6,,,,,,Natural Fire,unavailable,unavailable,unavailable,0,0
30.31307,75.07483,333.21,0.49,0.41,2025-11-11,821,N20,VIIRS,n,2,300.59,3.36,D,0,unclassified,-1,0,9347.3,22923.0,,,,,,Natural Fire,unavailable,unavailable,unavailable,0,0
30.37466,75.1757,333.49,0.5,0.41,2025-11-11,821,N20,VIIRS,n,2,301.28,2.92,D,0,unclassified,-1,0,11079.4,11789.5,,,,,,Natural Fire,unavailable,unavailable,unavailable,0,0
30.5021,75.27393,334.48,0.51,0.41,2025-11-11,821,N20,VIIRS,n,2,302.79,4.65,D,0,unclassified,178,1,8700.7,5401.2,4.595000000000001,4.65,0.07778174593052013,1.012,0.0,Natural Fire,unavailable,unavailable,unavailable,0,0
30.53136,75.03548,334.03,0.49,0.41,2025-11-11,821,N20,VIIRS,n,2,300.25,2.34,D,0,unclassified,-1,0,30929.4,19899.4,,,,,,Natural Fire,unavailable,unavailable,unavailable,0,0
29.99124,75.37611,334.43,0.51,0.41,2025-11-11,821,N20,VIIRS,n,2,300.87,4.26,D,0,unclassified,-1,0,2803.9,20863.2,,,,,,Natural Fire,unavailable,unavailable,unavailable,0,0
30.16132,75.2562,330.09,0.5,0.41,2025-11-11,821,N20,VIIRS,n,2,302.44,1.51,D,0,unclassified,-1,0,11796.5,29923.2,,,,,,Natural Fire,unavailable,unavailable,unavailable,0,0
29.97278,75.28329,333.44,0.5,0.41,2025-11-11,821,N20,VIIRS,n,2,300.54,4.7,D,0,unclassified,179,2,4387.4,19518.5,3.766666666666667,4.82,1.7215496894755413,1.2478,0.0,Natural Fire,unavailable,unavailable,unavailable,0,0
29.79116,75.89571,330.98,0.53,0.42,2025-11-11,820,N20,VIIRS,n,2,303.31,2.64,D,0,unclassified,-1,0,4975.4,2856.6,,,,,,Natural Fire,unavailable,unavailable,unavailable,0,0
29.98721,75.53557,338.71,0.52,0.41,2025-11-11,821,N20,VIIRS,n,2,312.26,39.51,D,0,unclassified,180,1,3679.2,23652.7,22.58,39.51,23.9426356109765,1.7498,0.0,Natural Fire,unavailable,unavailable,unavailable,0,0
29.9761,75.28544,343.98,0.5,0.41,2025-11-11,821,N20,VIIRS,n,2,300.36,4.82,D,0,unclassified,179,2,4219.8,19808.8,3.766666666666667,4.82,1.7215496894755413,1.2796,0.0,Natural Fire,unavailable,unavailable,unavailable,0,0
29.614,76.40018,333.09,0.56,0.43,2025-11-11,820,N20,VIIRS,n,2,299.81,3.3,D,0,unclassified,-1,0,16392.5,21723.0,,,,,,Natural Fire,unavailable,unavailable,unavailable,0,0
29.66484,76.07599,331.95,0.54,0.42,2025-11-11,820,N20,VIIRS,n,2,299.46,2.42,D,0,unclassified,-1,0,7396.1,13706.8,,,,,,Natural Fire,unavailable,unavailable,unavailable,0,0
29.65474,75.95258,333.41,0.54,0.42,2025-11-11,820,N20,VIIRS,n,2,298.59,2.88,D,0,unclassified,-1,0,2201.1,2161.8,,,,,,Natural Fire,unavailable,unavailable,unavailable,0,0
29.72137,76.11933,340.96,0.55,0.42,2025-11-11,820,N20,VIIRS,n,2,301.64,11.81,D,0,unclassified,-1,0,11785.4,11503.1,,,,,,Natural Fire,unavailable,unavailable,unavailable,0,0
29.75486,76.23627,331.8,0.56,0.43,2025-11-11,820,N20,VIIRS,n,2,299.33,2.41,D,0,unclassified,-1,0,10842.4,15738.1,,,,,,Natural Fire,unavailable,unavailable,unavailable,0,0
29.69191,75.70255,336.67,0.52,0.42,2025-11-11,820,N20,VIIRS,n,2,301.36,11.49,D,0,unclassified,181,1,2879.7,1827.1,15.156666666666666,22.49,6.350852961085883,0.7581,0.0,Agricultural Burning,unavailable,unavailable,unavailable,0,0
29.69573,75.70197,345.81,0.52,0.42,2025-11-11,820,N20,VIIRS,n,2,302.03,11.49,D,0,unclassified,181,1,3025.2,1935.8,15.156666666666666,22.49,6.350852961085883,0.7581,0.0,Agricultural Burning,unavailable,unavailable,unavailable,0,0
29.7701,76.2986,339.22,0.56,0.43,2025-11-11,820,N20,VIIRS,n,2,302.55,13.46,D,0,unclassified,182,1,5413.9,9560.5,7.083333333333333,13.46,5.5427460101770265,1.9002,0.0,Natural Fire,unavailable,unavailable,unavailable,0,0
29.6943,75.6993,336.42,0.52,0.42,2025-11-11,820,N20,VIIRS,n,2,305.26,22.49,D,0,unclassified,181,1,3245.2,1633.2,15.156666666666666,22.49,6.350852961085883,1.4838,0.0,Agricultural Burning,unavailable,unavailable,unavailable,0,0
29.7696,76.30203,333.09,0.56,0.43,2025-11-11,820,N20,VIIRS,n,2,301.56,3.42,D,0,unclassified,182,1,5192.3,9294.3,7.083333333333333,13.46,5.5427460101770265,0.4828,0.0,Natural Fire,unavailable,unavailable,unavailable,0,0
29.77355,76.30146,334.09,0.56,0.43,2025-11-11,820,N20,VIIRS,n,2,303.06,4.37,D,0,unclassified,182,1,4962.6,9141.0,7.083333333333333,13.46,5.5427460101770265,0.6169,0.0,Natural Fire,unavailable,unavailable,unavailable,0,0
29.74,75.14966,343.46,0.49,0.4,2025-11-11,820,N20,VIIRS,n,2,302.73,4.72,D,0,unclassified,183,1,7659.5,19817.6,4.525,4.72,0.2757716446627536,1.0431,0.0,Natural Fire,unavailable,unavailable,unavailable,0,0
29.74141,75.14666,339.66,0.49,0.4,2025-11-11,820,N20,VIIRS,n,2,302.11,4.33,D,0,unclassified,183,1,7338.4,20035.7,4.525,4.72,0.2757716446627536,0.9569,0.0,Natural Fire,unavailable,unavailable,unavailable,0,0
29.63716,75.25187,334.47,0.49,0.41,2025-11-11,820,N20,VIIRS,n,2,303.49,6.71,D,0,unclassified,-1,0,1961.8,20304.0,,,,,,Natural Fire,unavailable,unavailable,unavailable,0,0
29.80397,75.51694,331.98,0.51,0.41,2025-11-11,820,N20,VIIRS,n,2,299.02,3.71,D,0,industrial_nearby,-1,0,185.2,3354.2,,,,,,Unknown,unavailable,unavailable,unavailable,0,0
29.79649,75.48579,339.05,0.51,0.41,2025-11-11,820,N20,VIIRS,n,2,300.85,5.04,D,0,unclassified,-1,0,2543.9,4170.8,,,,,,Natural Fire,unavailable,unavailable,unavailable,0,0
30.0326,76.05542,334.01,0.55,0.43,2025-11-11,821,N20,VIIRS,n,2,304.17,2.66,D,0,unclassified,-1,0,2805.4,11670.0,,,,,,Natural Fire,unavailable,unavailable,unavailable,0,0
30.02217,76.03384,336.75,0.55,0.42,2025-11-11,821,N20,VIIRS,n,2,305.33,8.04,D,0,unclassified,-1,0,1317.9,9944.0,,,,,,Natural Fire,unavailable,unavailable,unavailable,0,0
30.00272,75.96785,338.56,0.54,0.42,2025-11-11,821,N20,VIIRS,n,2,304.38,6.52,D,0,unclassified,-1,0,4512.6,6188.7,,,,,,Natural Fire,unavailable,unavailable,unavailable,0,0
29.98341,75.53615,341.32,0.52,0.41,2025-11-11,821,N20,VIIRS,n,2,301.91,5.65,D,0,unclassified,180,1,3254.5,23232.9,22.58,39.51,23.9426356109765,0.2502,0.0,Natural Fire,unavailable,unavailable,unavailable,0,0
29.91268,75.49282,333.25,0.51,0.41,2025-11-11,821,N20,VIIRS,n,2,302.1,3.17,D,0,unclassified,-1,0,1755.5,15611.4,,,,,,Natural Fire,unavailable,unavailable,unavailable,0,0
29.86169,75.1566,331.79,0.49,0.4,2025-11-11,821,N20,VIIRS,n,2,298.79,1.92,D,0,unclassified,-1,0,3256.5,19010.2,,,,,,Natural Fire,unavailable,unavailable,unavailable,0,0
29.93668,75.46754,332.85,0.51,0.41,2025-11-11,821,N20,VIIRS,n,2,302.19,2.98,D,0,unclassified,-1,0,3022.5,18748.9,,,,,,Natural Fire,unavailable,unavailable,unavailable,0,0
29.86763,75.43734,335.53,0.51,0.41,2025-11-11,820,N20,VIIRS,n,2,299.63,4.0,D,0,unclassified,-1,0,3491.3,11294.6,,,,,,Natural Fire,unavailable,unavailable,unavailable,0,0
29.83239,75.17903,333.26,0.49,0.41,2025-11-11,820,N20,VIIRS,n,2,300.07,3.34,D,0,unclassified,184,2,3084.6,16036.6,3.36,3.37,0.01732050807568895,0.994,0.0,Natural Fire,unavailable,unavailable,unavailable,0,0
29.88239,75.72344,339.68,0.52,0.42,2025-11-11,820,N20,VIIRS,n,2,302.62,3.81,D,0,unclassified,-1,0,1282.1,5871.4,,,,,,Natural Fire,unavailable,unavailable,unavailable,0,0
29.8652,75.64346,332.45,0.52,0.42,2025-11-11,820,N20,VIIRS,n,2,301.98,3.42,D,0,unclassified,-1,0,1264.1,12501.0,,,,,,Natural Fire,unavailable,unavailable,unavailable,0,0
29.81185,75.32368,334.91,0.5,0.41,2025-11-11,820,N20,VIIRS,n,2,300.71,3.95,D,0,industrial_nearby,-1,0,708.8,1977.5,,,,,,Unknown,unavailable,unavailable,unavailable,0,0
30.33643,75.85976,334.74,0.38,0.36,2025-11-12,802,N20,VIIRS,n,2,305.93,1.36,D,0,unclassified,-1,0,4175.4,9146.8,,,,,,Natural Fire,unavailable,unavailable,unavailable,0,0
30.12934,75.28134,345.29,0.38,0.36,2025-11-12,802,N20,VIIRS,n,2,304.9,3.99,D,0,unclassified,-1,0,14992.5,30221.4,,,,,,Natural Fire,unavailable,unavailable,unavailable,0,0
30.23368,75.14151,334.41,0.39,0.36,2025-11-12,802,N20,VIIRS,n,2,303.46,2.41,D,0,unclassified,-1,0,3061.8,27534.9,,,,,,Natural Fire,unavailable,unavailable,unavailable,0,0
30.46726,76.2366,337.36,0.39,0.36,2025-11-12,802,N20,VIIRS,n,2,305.49,2.2,D,0,industrial_nearby,-1,0,323.8,19145.8,,,,,,Unknown,unavailable,unavailable,unavailable,0,0
30.44652,75.82242,344.65,0.38,0.36,2025-11-12,802,N20,VIIRS,n,2,308.81,11.34,D,0,unclassified,-1,0,5339.8,8789.6,,,,,,Natural Fire,unavailable,unavailable,unavailable,0,0
30.26551,75.6819,344.28,0.38,0.36,2025-11-12,802,N20,VIIRS,n,2,318.0,37.9,D,0,unclassified,-1,0,11610.0,15838.1,,,,,,Natural Fire,unavailable,unavailable,unavailable,0,0
30.41824,75.27986,332.25,0.38,0.36,2025-11-12,802,N20,VIIRS,l,2,303.65,1.61,D,0,unclassified,-1,0,7387.6,7375.2,,,,,,Natural Fire,unavailable,unavailable,unavailable,0,0
30.47218,75.18752,335.24,0.38,0.36,2025-11-12,802,N20,VIIRS,n,2,302.47,4.15,D,0,unclassified,185,1,15271.9,4126.7,4.15,4.15,0.0,1.0,0.0,Natural Fire,unavailable,unavailable,unavailable,0,0
30.51747,75.7304,335.44,0.38,0.36,2025-11-12,802,N20,VIIRS,n,2,308.36,3.75,D,0,unclassified,-1,0,14009.9,20438.7,,,,,,Natural Fire,unavailable,unavailable,unavailable,0,0
30.56323,75.89814,334.42,0.39,0.36,2025-11-12,802,N20,VIIRS,n,2,306.27,3.36,D,0,unclassified,-1,0,4159.5,16875.0,,,,,,Natural Fire,unavailable,unavailable,unavailable,0,0
30.54301,75.71777,334.42,0.38,0.36,2025-11-12,802,N20,VIIRS,n,2,306.2,1.67,D,0,unclassified,-1,0,14044.5,23116.7,,,,,,Natural Fire,unavailable,unavailable,unavailable,0,0
30.54032,75.67735,332.1,0.38,0.36,2025-11-12,802,N20,VIIRS,n,2,306.24,1.41,D,0,unclassified,-1,0,10156.0,21489.1,,,,,,Natural Fire,unavailable,unavailable,unavailable,0,0
30.46889,75.1882,332.2,0.38,0.36,2025-11-12,802,N20,VIIRS,n,2,301.91,4.15,D,0,unclassified,185,1,15162.2,4057.1,4.15,4.15,0.0,1.0,0.0,Natural Fire,unavailable,unavailable,unavailable,0,0
30.49534,75.29341,333.74,0.38,0.36,2025-11-12,802,N20,VIIRS,n,2,303.18,1.5,D,0,unclassified,-1,0,6792.3,6571.6,,,,,,Natural Fire,unavailable,unavailable,unavailable,0,0
30.09795,75.14481,343.41,0.39,0.36,2025-11-12,802,N20,VIIRS,n,2,303.81,3.92,D,0,unclassified,-1,0,6577.7,37751.2,,,,,,Natural Fire,unavailable,unavailable,unavailable,0,0
30.57968,75.15741,332.14,0.38,0.36,2025-11-12,802,N20,VIIRS,l,2,304.8,1.77,D,0,unclassified,-1,0,22801.2,14011.2,,,,,,Natural Fire,unavailable,unavailable,unavailable,0,0
30.53813,76.05022,333.83,0.39,0.36,2025-11-12,802,N20,VIIRS,l,2,304.36,18.63,D,0,unclassified,142,2,10910.1,19552.1,12.299999999999999,18.63,8.95197184982169,1.5146,0.0,Natural Fire,unavailable,unavailable,unavailable,0,0
30.14961,75.65668,334.53,0.38,0.36,2025-11-12,802,N20,VIIRS,n,2,305.63,1.48,D,0,unclassified,-1,0,8682.2,15960.8,,,,,,Natural Fire,unavailable,unavailable,unavailable,0,0
29.84922,75.56091,344.51,0.38,0.36,2025-11-12,802,N20,VIIRS,n,2,304.37,7.79,D,0,unclassified,-1,0,3290.5,8849.1,,,,,,Natural Fire,unavailable,unavailable,unavailable,0,0
30.044,75.08229,330.77,0.39,0.36,2025-11-12,802,N20,VIIRS,l,2,305.59,2.53,D,0,unclassified,-1,0,4008.2,36573.8,,,,,,Natural Fire,unavailable,unavailable,unavailable,0,0
29.62939,76.42522,334.53,0.39,0.36,2025-11-12,802,N20,VIIRS,n,2,306.25,3.29,D,0,unclassified,134,2,14914.1,20306.3,4.135,4.98,1.1950104602052651,0.7956,0.0,Natural Fire,unavailable,unavailable,unavailable,0,0
30.08,75.29146,337.36,0.38,0.36,2025-11-12,802,N20,VIIRS,n,2,302.2,2.89,D,0,unclassified,-1,0,11277.8,30911.3,,,,,,Natural Fire,unavailable,unavailable,unavailable,0,0
29.66335,76.21928,330.53,0.39,0.36,2025-11-12,802,N20,VIIRS,n,2,299.98,1.5,D,0,unclassified,186,1,12877.1,22912.5,1.5,1.5,0.0,1.0,0.0,Natural Fire,unavailable,unavailable,unavailable,0,0
29.64824,76.02726,335.54,0.38,0.36,2025-11-12,802,N20,VIIRS,n,2,299.98,3.02,D,0,unclassified,-1,0,9011.4,8751.7,,,,,,Natural Fire,unavailable,unavailable,unavailable,0,0
29.61663,75.22147,330.11,0.39,0.36,2025-11-12,802,N20,VIIRS,n,2,298.5,1.79,D,0,unclassified,-1,0,1130.4,23677.9,,,,,,Natural Fire,unavailable,unavailable,unavailable,0,0
29.81815,76.46277,331.19,0.39,0.36,2025-11-12,802,N20,VIIRS,n,2,303.15,1.46,D,0,unclassified,-1,0,2185.4,7184.3,,,,,,Natural Fire,unavailable,unavailable,unavailable,0,0
29.77694,75.46573,335.31,0.38,0.36,2025-11-12,802,N20,VIIRS,n,2,299.68,3.37,D,0,unclassified,-1,0,4921.4,5281.6,,,,,,Natural Fire,unavailable,unavailable,unavailable,0,0
29.75539,75.28288,340.98,0.39,0.36,2025-11-12,802,N20,VIIRS,n,2,303.41,4.9,D,0,unclassified,-1,0,2857.2,7735.6,,,,,,Natural Fire,unavailable,unavailable,unavailable,0,0
29.66005,76.21992,334.43,0.39,0.36,2025-11-12,802,N20,VIIRS,n,2,303.6,1.5,D,0,unclassified,186,1,12744.7,23130.4,1.5,1.5,0.0,1.0,0.0,Natural Fire,unavailable,unavailable,unavailable,0,0
29.79923,75.2373,332.04,0.39,0.36,2025-11-12,802,N20,VIIRS,n,2,299.86,2.39,D,0,unclassified,-1,0,6789.0,10087.9,,,,,,Natural Fire,unavailable,unavailable,unavailable,0,0
29.80697,75.15477,336.35,0.39,0.36,2025-11-12,802,N20,VIIRS,n,2,302.7,7.1,D,0,unclassified,91,2,6561.3,18058.6,4.425,7.1,3.783021279348029,1.6045,0.0,Natural Fire,unavailable,unavailable,unavailable,0,0
29.87911,75.46602,332.61,0.38,0.36,2025-11-12,802,N20,VIIRS,n,2,300.37,6.31,D,0,industrial_nearby,-1,0,845.3,12787.8,,,,,,Unknown,unavailable,unavailable,unavailable,0,0
29.91142,75.65478,335.07,0.38,0.36,2025-11-12,802,N20,VIIRS,n,2,304.64,3.35,D,0,unclassified,-1,0,3589.2,11800.1,,,,,,Natural Fire,unavailable,unavailable,unavailable,0,0
29.99532,75.25097,332.6,0.38,0.36,2025-11-12,802,N20,VIIRS,n,2,302.12,1.82,D,0,unclassified,-1,0,6322.5,22949.9,,,,,,Natural Fire,unavailable,unavailable,unavailable,0,0
30.05193,75.46378,332.98,0.38,0.36,2025-11-12,802,N20,VIIRS,n,2,303.5,2.72,D,0,unclassified,-1,0,7659.7,29323.4,,,,,,Natural Fire,unavailable,unavailable,unavailable,0,0
30.12286,75.88567,341.53,0.38,0.36,2025-11-12,802,N20,VIIRS,n,2,305.29,2.32,D,0,unclassified,-1,0,6721.9,6295.1,,,,,,Natural Fire,unavailable,unavailable,unavailable,0,0
29.78172,75.27749,333.0,0.39,0.36,2025-11-12,802,N20,VIIRS,n,2,300.72,1.98,D,0,unclassified,-1,0,5161.4,6622.9,,,,,,Natural Fire,unavailable,unavailable,unavailable,0,0
30.2402,75.94527,334.82,0.5,0.41,2025-11-13,743,N20,VIIRS,n,2,303.86,3.38,D,0,unclassified,34,2,2246.6,362.4,4.136666666666667,6.23,1.8359284662898319,0.8171,0.0,Agricultural Burning,unavailable,unavailable,unavailable,0,0
30.39005,75.90326,330.86,0.5,0.41,2025-11-13,743,N20,VIIRS,n,2,305.68,1.75,D,0,unclassified,50,2,3622.9,2155.9,6.463333333333334,9.73,4.182072851270448,0.2708,0.0,Natural Fire,unavailable,unavailable,unavailable,0,0
30.53987,76.25763,332.17,0.48,0.4,2025-11-13,743,N20,VIIRS,n,2,300.8,2.12,D,0,unclassified,-1,0,2455.1,25508.0,,,,,,Natural Fire,unavailable,unavailable,unavailable,0,0
30.5421,76.02657,332.84,0.49,0.4,2025-11-13,743,N20,VIIRS,n,2,303.17,1.8,D,0,unclassified,-1,0,8708.0,18396.1,,,,,,Natural Fire,unavailable,unavailable,unavailable,0,0
30.59656,75.92873,331.77,0.49,0.4,2025-11-13,743,N20,VIIRS,n,2,303.97,2.48,D,0,unclassified,-1,0,4806.9,20631.2,,,,,,Natural Fire,unavailable,unavailable,unavailable,0,0
30.55576,75.09798,331.6,0.54,0.42,2025-11-13,743,N20,VIIRS,n,2,304.06,3.35,D,0,unclassified,187,1,26284.1,15857.6,4.3566666666666665,6.37,1.74359781295267,0.7689,0.0,Natural Fire,unavailable,unavailable,unavailable,0,0
30.55786,75.117,337.78,0.54,0.42,2025-11-13,743,N20,VIIRS,n,2,303.65,4.35,D,0,unclassified,-1,0,24757.5,14590.0,,,,,,Natural Fire,unavailable,unavailable,unavailable,0,0
30.5547,75.10042,344.47,0.54,0.42,2025-11-13,743,N20,VIIRS,n,2,302.62,6.37,D,0,unclassified,187,1,26022.3,15599.9,4.3566666666666665,6.37,1.74359781295267,1.4621,0.0,Natural Fire,unavailable,unavailable,unavailable,0,0
30.53277,75.0223,338.75,0.55,0.42,2025-11-13,743,N20,VIIRS,n,2,306.17,22.92,D,0,unclassified,151,2,31586.9,21143.5,14.3825,22.92,9.629559958793548,1.5936,0.0,Natural Fire,unavailable,unavailable,unavailable,0,0
30.55685,75.1035,332.45,0.54,0.42,2025-11-13,743,N20,VIIRS,n,2,300.98,3.35,D,0,unclassified,187,1,25860.3,15510.8,4.3566666666666665,6.37,1.74359781295267,0.7689,0.0,Natural Fire,unavailable,unavailable,unavailable,0,0
30.09236,75.18728,332.31,0.54,0.42,2025-11-13,743,N20,VIIRS,n,2,305.63,9.43,D,0,unclassified,188,1,10632.9,35280.0,9.43,9.43,0.0,1.0,0.0,Natural Fire,unavailable,unavailable,unavailable,0,0
30.53215,75.02458,338.32,0.55,0.42,2025-11-13,743,N20,VIIRS,n,2,305.85,22.5,D,0,unclassified,151,2,31432.6,20914.3,14.3825,22.92,9.629559958793548,1.5644,0.0,Natural Fire,unavailable,unavailable,unavailable,0,0
30.23652,75.94619,335.69,0.5,0.41,2025-11-13,743,N20,VIIRS,n,2,306.33,6.23,D,0,unclassified,34,2,2454.3,419.7,4.136666666666667,6.23,1.8359284662898319,1.506,0.0,Agricultural Burning,unavailable,unavailable,unavailable,0,0
29.67874,75.95734,333.23,0.51,0.41,2025-11-13,743,N20,VIIRS,n,2,303.3,2.82,D,0,unclassified,26,2,3159.9,4635.7,11.533333333333333,17.72,7.764697890667308,0.2445,0.0,Natural Fire,unavailable,unavailable,unavailable,0,0
30.08568,75.44133,335.54,0.53,0.42,2025-11-13,743,N20,VIIRS,n,2,305.25,4.11,D,0,unclassified,-1,0,3484.4,26130.4,,,,,,Natural Fire,unavailable,unavailable,unavailable,0,0
30.08853,75.18826,345.49,0.54,0.42,2025-11-13,743,N20,VIIRS,n,2,307.63,9.43,D,0,unclassified,188,1,10858.1,34856.5,9.43,9.43,0.0,1.0,0.0,Natural Fire,unavailable,unavailable,unavailable,0,0
29.61424,75.69975,334.35,0.52,0.42,2025-11-13,743,N20,VIIRS,n,2,301.44,3.53,D,0,industrial_nearby,-1,0,190.0,0.0,,,,,,Unknown,unavailable,unavailable,unavailable,0,0
29.70246,75.26979,331.96,0.55,0.42,2025-11-13,743,N20,VIIRS,n,2,300.52,3.36,D,0,unclassified,-1,0,4218.1,13109.9,,,,,,Natural Fire,unavailable,unavailable,unavailable,0,0
29.75115,75.29233,331.67,0.55,0.42,2025-11-13,743,N20,VIIRS,l,2,303.54,3.89,D,0,unclassified,-1,0,1954.1,7447.3,,,,,,Natural Fire,unavailable,unavailable,unavailable,0,0
29.81854,75.53819,340.21,0.53,0.42,2025-11-13,743,N20,VIIRS,n,2,301.38,5.29,D,0,industrial_nearby,-1,0,456.3,5008.9,,,,,,Unknown,unavailable,unavailable,unavailable,0,0
29.71311,76.46755,333.23,0.48,0.4,2025-11-13,743,N20,VIIRS,n,2,301.9,2.34,D,0,unclassified,-1,0,8135.6,13166.6,,,,,,Natural Fire,unavailable,unavailable,unavailable,0,0
29.89384,75.35831,331.42,0.54,0.42,2025-11-13,743,N20,VIIRS,n,2,303.24,3.2,D,0,industrial_nearby,-1,0,453.5,9936.9,,,,,,Unknown,unavailable,unavailable,unavailable,0,0
29.88485,75.18671,330.39,0.55,0.43,2025-11-13,743,N20,VIIRS,n,2,301.16,2.25,D,0,unclassified,-1,0,2678.0,17483.1,,,,,,Natural Fire,unavailable,unavailable,unavailable,0,0
30.01255,75.59064,343.52,0.52,0.42,2025-11-13,743,N20,VIIRS,n,2,306.7,12.81,D,0,unclassified,-1,0,7895.3,21348.8,,,,,,Natural Fire,unavailable,unavailable,unavailable,0,0
30.01208,75.38235,345.06,0.53,0.42,2025-11-13,743,N20,VIIRS,n,2,302.48,8.47,D,0,unclassified,-1,0,4443.9,23236.4,,,,,,Natural Fire,unavailable,unavailable,unavailable,0,0
29.88274,75.48639,333.48,0.53,0.42,2025-11-13,743,N20,VIIRS,n,2,302.48,2.84,D,0,industrial_nearby,-1,0,905.8,12502.9,,,,,,Unknown,unavailable,unavailable,unavailable,0,0
29.81844,75.58019,367.0,0.78,0.78,2025-11-14,905,N20,VIIRS,h,2,297.01,16.1,D,0,industrial_nearby,-1,0,43.8,6873.4,,,,,,Unknown,unavailable,unavailable,unavailable,0,0
29.66708,75.14424,295.47,0.61,0.71,2025-11-14,1948,N20,VIIRS,n,2,280.44,0.35,N,0,unclassified,-1,0,6829.3,24299.8,,,,,,Natural Fire,unavailable,unavailable,unavailable,0,0
30.32528,75.269,338.19,0.75,0.77,2025-11-14,905,N20,VIIRS,n,2,300.12,7.83,D,0,unclassified,-1,0,7633.9,16422.8,,,,,,Natural Fire,unavailable,unavailable,unavailable,0,0
30.32554,75.277,340.95,0.75,0.77,2025-11-14,905,N20,VIIRS,n,2,298.81,7.83,D,0,unclassified,189,1,8097.1,16581.2,9.155000000000001,10.48,1.8738329701443506,0.8553,0.0,Natural Fire,unavailable,unavailable,unavailable,0,0
30.32189,75.27551,355.15,0.75,0.77,2025-11-14,905,N20,VIIRS,n,2,299.47,10.48,D,0,unclassified,189,1,7689.2,16935.2,9.155000000000001,10.48,1.8738329701443506,1.1447,0.0,Natural Fire,unavailable,unavailable,unavailable,0,0
29.99737,75.18455,333.17,0.74,0.76,2025-11-14,905,N20,VIIRS,n,2,300.78,5.14,D,0,unclassified,190,1,4123.1,26299.6,6.1,7.06,1.3576450198781713,0.8426,0.0,Natural Fire,unavailable,unavailable,unavailable,0,0
30.00042,75.18531,331.79,0.74,0.76,2025-11-14,905,N20,VIIRS,n,2,300.54,7.06,D,0,unclassified,190,1,4453.2,26533.9,6.1,7.06,1.3576450198781713,1.1574,0.0,Natural Fire,unavailable,unavailable,unavailable,0,0
29.96065,75.07813,342.67,0.73,0.76,2025-11-14,905,N20,VIIRS,n,2,298.38,7.41,D,0,unclassified,-1,0,4931.4,30846.7,,,,,,Natural Fire,unavailable,unavailable,unavailable,0,0
29.82365,75.58051,367.0,0.78,0.78,2025-11-14,905,N20,VIIRS,h,2,297.88,14.78,D,0,industrial_nearby,-1,0,181.6,7320.1,,,,,,Unknown,unavailable,unavailable,unavailable,0,0
30.23584,75.59656,332.01,0.63,0.54,2025-11-14,724,N20,VIIRS,l,2,303.28,3.39,D,0,unclassified,-1,0,5433.5,11698.6,,,,,,Natural Fire,unavailable,unavailable,unavailable,0,0
30.41701,76.04108,333.71,0.59,0.53,2025-11-14,724,N20,VIIRS,n,2,303.9,3.34,D,0,unclassified,-1,0,7380.7,12705.7,,,,,,Natural Fire,unavailable,unavailable,unavailable,0,0
30.4461,75.0298,337.09,0.34,0.56,2025-11-14,724,N20,VIIRS,n,2,303.11,1.76,D,0,unclassified,-1,0,22835.7,19442.2,,,,,,Natural Fire,unavailable,unavailable,unavailable,0,0
30.05462,75.56384,344.75,0.32,0.55,2025-11-14,724,N20,VIIRS,n,2,304.96,3.76,D,0,unclassified,191,1,11274.2,25703.4,2.5066666666666664,3.76,1.0854185060764965,1.5,0.0,Natural Fire,unavailable,unavailable,unavailable,0,0
30.05565,75.56582,333.18,0.32,0.55,2025-11-14,724,N20,VIIRS,n,2,303.02,1.88,D,0,unclassified,191,1,11421.4,25487.8,2.5066666666666664,3.76,1.0854185060764965,0.75,0.0,Natural Fire,unavailable,unavailable,unavailable,0,0
30.05489,75.56259,332.98,0.32,0.55,2025-11-14,724,N20,VIIRS,n,2,304.24,1.88,D,0,unclassified,191,1,11283.0,25810.3,2.5066666666666664,3.76,1.0854185060764965,0.75,0.0,Natural Fire,unavailable,unavailable,unavailable,0,0
29.85063,75.09659,334.21,0.34,0.56,2025-11-14,724,N20,VIIRS,n,2,300.81,1.92,D,0,unclassified,-1,0,4970.1,24246.9,,,,,,Natural Fire,unavailable,unavailable,unavailable,0,0
30.0666,75.15807,367.0,0.34,0.56,2025-11-14,724,N20,VIIRS,h,2,304.03,8.55,D,0,unclassified,192,1,9456.3,34113.8,8.02,8.55,0.7495331880577402,1.0661,0.0,Natural Fire,unavailable,unavailable,unavailable,0,0
30.06456,75.15704,367.0,0.34,0.56,2025-11-14,724,N20,VIIRS,h,2,304.92,7.49,D,0,unclassified,192,1,9521.1,33973.3,8.02,8.55,0.7495331880577402,0.9339,0.0,Natural Fire,unavailable,unavailable,unavailable,0,0
30.01611,75.3074,348.77,0.33,0.55,2025-11-14,724,N20,VIIRS,n,2,303.92,3.64,D,0,unclassified,-1,0,4376.3,23677.4,,,,,,Natural Fire,unavailable,unavailable,unavailable,0,0
30.27692,75.19592,338.72,0.38,0.59,2025-11-15,846,N20,VIIRS,n,2,302.0,4.48,D,0,unclassified,-1,0,1578.3,21638.9,,,,,,Natural Fire,unavailable,unavailable,unavailable,0,0
30.49454,75.05784,346.29,0.38,0.59,2025-11-15,846,N20,VIIRS,n,2,303.31,3.55,D,0,unclassified,-1,0,26337.9,16785.1,,,,,,Natural Fire,unavailable,unavailable,unavailable,0,0
30.50304,75.17472,332.72,0.39,0.59,2025-11-15,846,N20,VIIRS,n,2,303.66,4.16,D,0,unclassified,193,1,17253.4,6469.8,4.515000000000001,4.87,0.5020458146424484,0.9214,0.0,Natural Fire,unavailable,unavailable,unavailable,0,0
30.50334,75.17878,342.9,0.39,0.59,2025-11-15,846,N20,VIIRS,n,2,302.31,4.87,D,0,unclassified,193,1,16895.3,6171.3,4.515000000000001,4.87,0.5020458146424484,1.0786,0.0,Natural Fire,unavailable,unavailable,unavailable,0,0
30.51814,75.46546,353.45,0.4,0.6,2025-11-15,846,N20,VIIRS,n,2,306.65,13.99,D,0,unclassified,194,1,10298.9,16900.5,11.955,13.99,2.8779245994292486,1.1702,0.0,Natural Fire,unavailable,unavailable,unavailable,0,0
30.51257,75.46594,350.63,0.4,0.6,2025-11-15,846,N20,VIIRS,n,2,304.04,3.92,D,0,unclassified,-1,0,10378.3,16333.4,,,,,,Natural Fire,unavailable,unavailable,unavailable,0,0
30.42182,75.28354,332.04,0.39,0.59,2025-11-15,846,N20,VIIRS,n,2,301.28,1.7,D,0,unclassified,-1,0,6879.4,7309.6,,,,,,Natural Fire,unavailable,unavailable,unavailable,0,0
30.26021,75.27104,343.14,0.39,0.59,2025-11-15,846,N20,VIIRS,n,2,302.49,2.54,D,0,unclassified,-1,0,4341.5,23020.8,,,,,,Natural Fire,unavailable,unavailable,unavailable,0,0
30.51843,75.4697,336.82,0.4,0.6,2025-11-15,846,N20,VIIRS,n,2,303.29,9.92,D,0,unclassified,194,1,9892.7,16745.6,11.955,13.99,2.8779245994292486,0.8298,0.0,Natural Fire,unavailable,unavailable,unavailable,0,0
29.97733,75.2819,331.95,0.39,0.59,2025-11-15,846,N20,VIIRS,l,2,303.44,1.78,D,0,unclassified,179,2,4578.7,20039.6,3.766666666666667,4.82,1.7215496894755413,0.4726,0.0,Natural Fire,unavailable,unavailable,unavailable,0,0
29.84735,75.17268,350.51,0.38,0.59,2025-11-15,846,N20,VIIRS,n,2,304.03,3.55,D,0,unclassified,-1,0,2116.2,17036.6,,,,,,Natural Fire,unavailable,unavailable,unavailable,0,0
29.78707,75.8931,338.4,0.42,0.61,2025-11-15,846,N20,VIIRS,n,2,302.13,2.95,D,0,unclassified,106,2,5332.7,2874.2,3.725,4.5,1.0960155108391485,0.7919,0.0,Natural Fire,unavailable,unavailable,unavailable,0,0
29.6899,75.13647,337.7,0.38,0.58,2025-11-15,846,N20,VIIRS,n,2,303.36,2.85,D,0,unclassified,130,2,9157.4,23451.5,1.97,2.85,1.06226173799116,1.4467,0.3333333333333333,Natural Fire,unavailable,unavailable,unavailable,0,0
29.68792,75.13704,336.17,0.38,0.58,2025-11-15,846,N20,VIIRS,n,2,303.78,2.27,D,0,unclassified,130,2,8955.2,23523.1,1.97,2.85,1.06226173799116,1.1523,0.3333333333333333,Natural Fire,unavailable,unavailable,unavailable,0,0
29.66804,76.39079,341.86,0.45,0.63,2025-11-15,846,N20,VIIRS,n,2,300.38,3.79,D,0,unclassified,-1,0,10424.1,15704.5,,,,,,Natural Fire,unavailable,unavailable,unavailable,0,0
29.61243,75.76173,335.03,0.41,0.61,2025-11-15,846,N20,VIIRS,n,2,301.39,2.59,D,0,unclassified,-1,0,2247.3,0.0,,,,,,Agricultural Burning,unavailable,unavailable,unavailable,0,0
29.95399,75.18182,333.11,0.64,0.72,2025-11-15,706,N20,VIIRS,n,2,302.73,3.66,D,0,unclassified,-1,0,1701.3,22731.9,,,,,,Natural Fire,unavailable,unavailable,unavailable,0,0
30.27978,76.27269,367.0,0.45,0.63,2025-11-15,846,N20,VIIRS,h,2,306.01,10.36,D,0,unclassified,-1,0,2996.7,8071.9,,,,,,Natural Fire,unavailable,unavailable,unavailable,0,0
29.96011,75.00909,341.43,0.39,0.44,2025-11-16,827,N20,VIIRS,n,2,304.27,4.05,D,0,unclassified,195,1,1391.5,36511.5,4.213333333333334,4.78,0.5052062285179526,0.9612,0.0,Natural Fire,unavailable,unavailable,unavailable,0,0
29.95968,75.00503,333.86,0.39,0.44,2025-11-16,827,N20,VIIRS,n,2,306.64,3.81,D,0,unclassified,195,1,1411.4,36834.3,4.213333333333334,4.78,0.5052062285179526,0.9043,0.0,Natural Fire,unavailable,unavailable,unavailable,0,0
30.02727,75.1368,344.49,0.4,0.44,2025-11-16,827,N20,VIIRS,n,2,305.83,4.37,D,0,unclassified,-1,0,7018.4,31720.8,,,,,,Natural Fire,unavailable,unavailable,unavailable,0,0
30.5828,75.04836,341.04,0.4,0.44,2025-11-16,827,N20,VIIRS,n,2,305.29,3.87,D,0,unclassified,-1,0,31875.2,21468.1,,,,,,Natural Fire,unavailable,unavailable,unavailable,0,0
30.30545,75.07847,330.94,0.4,0.44,2025-11-16,827,N20,VIIRS,n,2,300.95,1.15,D,0,unclassified,-1,0,8669.7,23349.7,,,,,,Natural Fire,unavailable,unavailable,unavailable,0,0
30.37008,75.06521,341.45,0.4,0.44,2025-11-16,827,N20,VIIRS,n,2,307.47,5.08,D,0,unclassified,-1,0,14056.4,19343.1,,,,,,Natural Fire,unavailable,unavailable,unavailable,0,0
29.96487,75.05387,345.87,0.39,0.44,2025-11-16,827,N20,VIIRS,n,2,305.42,4.77,D,0,unclassified,196,2,4655.6,33056.0,6.69,10.9,3.650657475031039,0.713,0.0,Natural Fire,unavailable,unavailable,unavailable,0,0
30.37973,76.42519,301.86,0.44,0.38,2025-11-16,2051,N20,VIIRS,n,2,281.52,0.54,N,0,industrial_nearby,-1,0,317.7,1564.2,,,,,,Unknown,unavailable,unavailable,unavailable,0,0
30.09471,75.03581,335.57,0.39,0.44,2025-11-16,827,N20,VIIRS,n,2,305.48,4.31,D,0,unclassified,83,2,4587.7,43739.0,4.38,4.52,0.12124355652982126,0.984,0.0,Natural Fire,unavailable,unavailable,unavailable,0,0
29.96328,75.00883,341.14,0.39,0.44,2025-11-16,827,N20,VIIRS,n,2,302.94,4.78,D,0,unclassified,195,1,1743.4,36701.6,4.213333333333334,4.78,0.5052062285179526,1.1345,0.0,Natural Fire,unavailable,unavailable,unavailable,0,0
30.09515,75.03991,340.99,0.39,0.44,2025-11-16,827,N20,VIIRS,n,2,303.54,4.52,D,0,unclassified,83,2,4652.5,43508.7,4.38,4.52,0.12124355652982126,1.032,0.0,Natural Fire,unavailable,unavailable,unavailable,0,0
29.9674,75.34459,339.85,0.41,0.45,2025-11-16,827,N20,VIIRS,n,2,303.11,2.31,D,0,industrial_nearby,-1,0,212.8,18007.0,,,,,,Unknown,unavailable,unavailable,unavailable,0,0
29.96428,75.05409,344.78,0.39,0.44,2025-11-16,827,N20,VIIRS,n,2,305.43,4.4,D,0,unclassified,196,2,4647.9,33002.8,6.69,10.9,3.650657475031039,0.6577,0.0,Natural Fire,unavailable,unavailable,unavailable,0,0
29.84163,75.44331,338.71,0.41,0.45,2025-11-16,827,N20,VIIRS,n,2,303.68,2.2,D,0,unclassified,-1,0,3771.8,10309.3,,,,,,Natural Fire,unavailable,unavailable,unavailable,0,0
29.85652,75.12299,332.88,0.39,0.44,2025-11-16,827,N20,VIIRS,n,2,301.46,1.5,D,0,unclassified,-1,0,5983.4,21929.9,,,,,,Natural Fire,unavailable,unavailable,unavailable,0,0
29.90293,75.36641,343.58,0.41,0.45,2025-11-16,827,N20,VIIRS,n,2,304.25,7.96,D,0,industrial_nearby,-1,0,935.4,11054.7,,,,,,Unknown,unavailable,unavailable,unavailable,0,0
29.63441,76.12005,341.39,0.45,0.47,2025-11-16,827,N20,VIIRS,n,2,303.0,3.92,D,0,unclassified,-1,0,3757.0,17680.8,,,,,,Natural Fire,unavailable,unavailable,unavailable,0,0
29.936,75.1706,341.14,0.4,0.44,2025-11-16,827,N20,VIIRS,n,2,305.86,3.13,D,0,unclassified,-1,0,2540.8,22116.2,,,,,,Natural Fire,unavailable,unavailable,unavailable,0,0
29.92475,75.06792,331.29,0.39,0.44,2025-11-16,827,N20,VIIRS,n,2,305.33,5.65,D,0,unclassified,197,1,1664.0,29663.8,5.65,5.65,0.0,1.0,0.0,Natural Fire,unavailable,unavailable,unavailable,0,0
29.92879,75.06734,346.69,0.39,0.44,2025-11-16,827,N20,VIIRS,n,2,303.28,5.65,D,0,unclassified,197,1,2067.5,29918.8,5.65,5.65,0.0,1.0,0.0,Natural Fire,unavailable,unavailable,unavailable,0,0
29.96651,75.45284,331.31,0.41,0.45,2025-11-16,827,N20,VIIRS,n,2,305.32,1.8,D,0,unclassified,-1,0,4620.4,20706.2,,,,,,Natural Fire,unavailable,unavailable,unavailable,0,0
29.99093,75.9101,331.69,0.41,0.37,2025-11-17,808,N20,VIIRS,n,2,302.74,1.19,D,0,unclassified,-1,0,7027.4,6798.2,,,,,,Natural Fire,unavailable,unavailable,unavailable,0,0
30.50102,75.0629,335.17,0.39,0.36,2025-11-17,808,N20,VIIRS,l,2,308.39,2.83,D,0,unclassified,-1,0,26829.2,16439.5,,,,,,Natural Fire,unavailable,unavailable,unavailable,0,0
30.59938,76.29984,333.58,0.42,0.38,2025-11-17,808,N20,VIIRS,n,2,301.62,3.37,D,0,unclassified,-1,0,2162.2,28689.4,,,,,,Natural Fire,unavailable,unavailable,unavailable,0,0
30.01397,75.29018,334.17,0.39,0.36,2025-11-17,808,N20,VIIRS,n,2,304.51,2.27,D,0,unclassified,198,1,5466.2,23753.3,3.62,4.97,1.9091883092036779,0.6271,0.0,Natural Fire,unavailable,unavailable,unavailable,0,0
30.01152,75.29046,338.15,0.39,0.36,2025-11-17,808,N20,VIIRS,n,2,306.49,4.97,D,0,unclassified,198,1,5295.1,23482.6,3.62,4.97,1.9091883092036779,1.3729,0.0,Natural Fire,unavailable,unavailable,unavailable,0,0
30.06787,75.75998,336.37,0.4,0.37,2025-11-17,808,N20,VIIRS,n,2,307.96,2.97,D,0,unclassified,-1,0,5084.5,8203.5,,,,,,Natural Fire,unavailable,unavailable,unavailable,0,0
29.94977,75.02859,334.18,0.39,0.36,2025-11-17,808,N20,VIIRS,n,2,305.0,2.25,D,0,unclassified,112,2,1805.3,34311.7,4.359999999999999,6.47,2.98399061660723,0.5161,0.0,Natural Fire,unavailable,unavailable,unavailable,0,0
29.86535,75.14755,334.45,0.39,0.36,2025-11-17,808,N20,VIIRS,l,2,304.89,2.39,D,0,unclassified,-1,0,4168.6,19970.2,,,,,,Natural Fire,unavailable,unavailable,unavailable,0,0
29.84845,75.96483,335.83,0.41,0.37,2025-11-17,808,N20,VIIRS,n,2,304.59,4.26,D,0,unclassified,-1,0,2074.8,832.6,,,,,,Agricultural Burning,unavailable,unavailable,unavailable,0,0
29.83113,75.17056,333.0,0.39,0.36,2025-11-17,808,N20,VIIRS,n,2,305.7,3.37,D,0,unclassified,184,2,3588.6,16812.8,3.36,3.37,0.01732050807568895,1.003,0.0,Natural Fire,unavailable,unavailable,unavailable,0,0
29.83171,75.17459,333.77,0.39,0.36,2025-11-17,808,N20,VIIRS,n,2,304.45,3.37,D,0,unclassified,184,2,3334.5,16442.4,3.36,3.37,0.01732050807568895,1.003,0.0,Natural Fire,unavailable,unavailable,unavailable,0,0
29.8442,75.42984,343.18,0.4,0.37,2025-11-17,808,N20,VIIRS,n,2,307.41,10.0,D,0,unclassified,-1,0,2439.7,9265.8,,,,,,Natural Fire,unavailable,unavailable,unavailable,0,0
29.71803,75.28211,333.55,0.39,0.36,2025-11-17,808,N20,VIIRS,l,2,304.59,1.78,D,0,unclassified,-1,0,2366.5,11015.8,,,,,,Natural Fire,unavailable,unavailable,unavailable,0,0
29.69536,75.19543,340.55,0.39,0.36,2025-11-17,808,N20,VIIRS,n,2,303.07,3.96,D,0,unclassified,-1,0,7224.2,18480.6,,,,,,Natural Fire,unavailable,unavailable,unavailable,0,0
29.73604,75.57871,334.05,0.4,0.37,2025-11-17,808,N20,VIIRS,n,2,305.27,2.18,D,0,industrial_nearby,-1,0,659.1,0.0,,,,,,Unknown,unavailable,unavailable,unavailable,0,0
29.68729,75.58722,343.55,0.4,0.37,2025-11-17,808,N20,VIIRS,n,2,302.48,3.25,D,0,unclassified,-1,0,1390.4,12.7,,,,,,Agricultural Burning,unavailable,unavailable,unavailable,0,0
29.89024,75.39202,334.08,0.39,0.37,2025-11-17,808,N20,VIIRS,n,2,302.66,1.71,D,0,unclassified,-1,0,3375.1,10483.0,,,,,,Natural Fire,unavailable,unavailable,unavailable,0,0
29.86466,76.3752,319.52,0.43,0.46,2025-11-18,2014,N20,VIIRS,n,2,283.48,2.26,N,0,unclassified,199,1,4541.0,6016.8,2.7699999999999996,3.28,0.7212489168102786,0.8159,0.5,Natural Fire,unavailable,unavailable,unavailable,0,0
29.61009,75.11593,298.76,0.5,0.49,2025-11-18,2014,N20,VIIRS,n,2,282.54,1.2,N,0,unclassified,-1,0,8063.6,30538.0,,,,,,Natural Fire,unavailable,unavailable,unavailable,0,0
30.20187,75.0984,332.99,0.46,0.39,2025-11-18,749,N20,VIIRS,n,2,304.03,3.16,D,0,unclassified,-1,0,2061.4,32298.1,,,,,,Natural Fire,unavailable,unavailable,unavailable,0,0
29.86309,76.37469,332.07,0.42,0.38,2025-11-18,749,N20,VIIRS,n,2,301.08,3.28,D,0,unclassified,199,1,4427.1,5856.0,2.7699999999999996,3.28,0.7212489168102786,1.1841,0.5,Natural Fire,unavailable,unavailable,unavailable,0,0
29.695,75.32236,331.23,0.46,0.39,2025-11-18,749,N20,VIIRS,n,2,300.68,2.46,D,0,unclassified,-1,0,3569.0,12090.7,,,,,,Natural Fire,unavailable,unavailable,unavailable,0,0
29.9525,75.03496,337.54,0.47,0.4,2025-11-18,749,N20,VIIRS,n,2,305.09,4.67,D,0,unclassified,-1,0,2469.4,33917.2,,,,,,Natural Fire,unavailable,unavailable,unavailable,0,0
29.64254,75.02726,304.72,0.5,0.66,2025-11-19,1955,N20,VIIRS,n,2,280.62,1.03,N,0,unclassified,200,1,16600.7,35208.9,1.2166666666666668,1.62,0.349618840072061,0.8466,1.0,Natural Fire,unavailable,unavailable,unavailable,0,0
29.65088,75.0853,303.05,0.49,0.65,2025-11-19,1955,N20,VIIRS,n,2,279.24,1.41,N,0,unclassified,201,1,11209.5,29964.1,1.5499999999999998,1.69,0.1616580753730953,0.9097,1.0,Natural Fire,unavailable,unavailable,unavailable,0,0
29.65691,75.08586,301.68,0.49,0.65,2025-11-19,1955,N20,VIIRS,n,2,279.97,1.41,N,0,unclassified,201,1,11333.7,29547.9,1.5499999999999998,1.69,0.1616580753730953,0.9097,1.0,Natural Fire,unavailable,unavailable,unavailable,0,0
29.64372,75.02803,296.73,0.5,0.66,2025-11-19,1955,N20,VIIRS,n,2,280.2,1.62,N,0,unclassified,200,1,16540.7,35078.6,1.2166666666666668,1.62,0.349618840072061,1.3315,1.0,Natural Fire,unavailable,unavailable,unavailable,0,0
29.64118,75.02556,302.13,0.51,0.66,2025-11-19,2135,N20,VIIRS,n,2,282.28,1.0,N,0,unclassified,200,1,16749.7,35427.1,1.2166666666666668,1.62,0.349618840072061,0.8219,1.0,Natural Fire,unavailable,unavailable,unavailable,0,0
29.65272,75.08103,300.87,0.49,0.65,2025-11-19,1955,N20,VIIRS,n,2,279.86,1.69,N,0,unclassified,201,1,11659.6,30193.7,1.5499999999999998,1.69,0.1616580753730953,1.0903,1.0,Natural Fire,unavailable,unavailable,unavailable,0,0
29.96306,75.05508,336.88,0.55,0.51,2025-11-19,731,N20,VIIRS,n,2,304.48,10.9,D,0,unclassified,196,2,4683.1,32849.5,6.69,10.9,3.650657475031039,1.6293,0.0,Natural Fire,unavailable,unavailable,unavailable,0,0
29.96431,75.06066,340.35,0.55,0.51,2025-11-19,731,N20,VIIRS,n,2,301.02,10.9,D,0,unclassified,-1,0,5234.7,32472.8,,,,,,Natural Fire,unavailable,unavailable,unavailable,0,0
29.65241,75.08619,304.13,0.49,0.65,2025-11-19,1955,N20,VIIRS,n,2,280.33,1.69,N,0,unclassified,201,1,11167.3,29797.7,1.5499999999999998,1.69,0.1616580753730953,1.0903,1.0,Natural Fire,unavailable,unavailable,unavailable,0,0
29.63992,76.1382,331.08,0.54,0.68,2025-11-20,852,N20,VIIRS,n,2,298.05,2.81,D,0,unclassified,-1,0,5170.1,19435.9,,,,,,Natural Fire,unavailable,unavailable,unavailable,0,0
30.10159,75.27512,330.83,0.49,0.65,2025-11-20,852,N20,VIIRS,n,2,300.23,2.58,D,0,unclassified,202,1,14108.6,32790.3,2.545,2.58,0.049497474683058526,1.0138,0.0,Natural Fire,unavailable,unavailable,unavailable,0,0
30.10389,75.27583,332.88,0.49,0.65,2025-11-20,852,N20,VIIRS,n,2,298.93,2.51,D,0,unclassified,202,1,14310.0,32560.5,2.545,2.58,0.049497474683058526,0.9862,0.0,Natural Fire,unavailable,unavailable,unavailable,0,0
30.15788,75.47517,330.89,0.5,0.66,2025-11-20,852,N20,VIIRS,n,2,300.78,2.55,D,0,unclassified,-1,0,5868.3,17580.6,,,,,,Natural Fire,unavailable,unavailable,unavailable,0,0
30.17089,75.08836,344.07,0.47,0.64,2025-11-20,852,N20,VIIRS,n,2,302.11,6.63,D,0,unclassified,-1,0,5339.5,35837.9,,,,,,Natural Fire,unavailable,unavailable,unavailable,0,0
30.07751,75.19666,336.58,0.5,0.49,2025-11-21,833,N20,VIIRS,n,2,300.17,4.02,D,0,unclassified,-1,0,12063.0,33405.9,,,,,,Natural Fire,unavailable,unavailable,unavailable,0,0
30.17423,76.21923,301.79,0.5,0.41,2025-11-21,2058,N20,VIIRS,n,2,285.51,1.01,N,0,industrial_nearby,-1,0,115.2,16287.1,,,,,,Unknown,unavailable,unavailable,unavailable,0,0
29.66714,75.11732,302.83,0.46,0.39,2025-11-21,2058,N20,VIIRS,n,2,283.46,1.05,N,0,unclassified,-1,0,8973.1,26389.9,,,,,,Natural Fire,unavailable,unavailable,unavailable,0,0
30.1935,75.12661,334.98,0.43,0.38,2025-11-22,815,N20,VIIRS,n,2,303.04,2.86,D,0,unclassified,-1,0,4455.5,32212.5,,,,,,Natural Fire,unavailable,unavailable,unavailable,0,0
30.58593,75.36952,332.68,0.44,0.38,2025-11-22,815,N20,VIIRS,n,2,301.94,2.94,D,0,unclassified,-1,0,14836.3,18442.2,,,,,,Natural Fire,unavailable,unavailable,unavailable,0,0
30.13659,75.04583,336.82,0.43,0.38,2025-11-22,815,N20,VIIRS,n,2,304.31,13.59,D,0,unclassified,-1,0,2734.3,40977.9,,,,,,Natural Fire,unavailable,unavailable,unavailable,0,0
29.82299,75.51271,334.17,0.44,0.38,2025-11-22,815,N20,VIIRS,n,2,299.25,2.27,D,0,unclassified,203,1,1649.5,5495.0,2.69,3.11,0.5939696961966998,0.8439,0.0,Natural Fire,unavailable,unavailable,unavailable,0,0
29.82651,75.5121,338.39,0.44,0.38,2025-11-22,815,N20,VIIRS,n,2,300.94,3.11,D,0,unclassified,203,1,1776.1,5889.4,2.69,3.11,0.5939696961966998,1.1561,0.0,Natural Fire,unavailable,unavailable,unavailable,0,0
29.60672,75.34431,331.52,0.43,0.38,2025-11-22,815,N20,VIIRS,n,2,298.76,1.81,D,0,unclassified,-1,0,9097.5,12999.8,,,,,,Natural Fire,unavailable,unavailable,unavailable,0,0
29.95249,75.02203,335.57,0.42,0.38,2025-11-22,815,N20,VIIRS,n,2,304.38,3.92,D,0,unclassified,-1,0,1292.1,35012.0,,,,,,Natural Fire,unavailable,unavailable,unavailable,0,0
29.64291,75.18767,332.82,0.41,0.37,2025-11-23,756,N20,VIIRS,n,2,302.17,2.02,D,0,unclassified,-1,0,2020.0,23142.8,,,,,,Natural Fire,unavailable,unavailable,unavailable,0,0
30.50431,75.09345,331.52,0.41,0.37,2025-11-23,756,N20,VIIRS,n,2,301.67,1.89,D,0,unclassified,-1,0,24804.7,13681.1,,,,,,Natural Fire,unavailable,unavailable,unavailable,0,0
29.99439,76.31504,302.36,0.53,0.42,2025-11-23,2020,N20,VIIRS,n,2,282.85,0.99,N,0,unclassified,204,1,2492.4,1223.5,1.005,1.02,0.021213203435596524,0.9851,1.0,Agricultural Burning,unavailable,unavailable,unavailable,0,0
29.99286,76.31361,301.43,0.53,0.42,2025-11-23,2020,N20,VIIRS,n,2,282.84,1.02,N,0,unclassified,204,1,2312.8,1056.5,1.005,1.02,0.021213203435596524,1.0149,1.0,Agricultural Burning,unavailable,unavailable,unavailable,0,0
29.72106,76.35642,329.53,0.74,0.76,2025-11-24,2142,N20,VIIRS,n,2,282.66,5.14,N,0,unclassified,205,2,5971.9,10253.0,4.048333333333333,5.24,1.8104631083418037,1.2697,0.6666666666666666,Natural Fire,unavailable,unavailable,unavailable,0,0
29.71579,76.35564,342.63,0.33,0.55,2025-11-24,2001,N20,VIIRS,n,2,283.81,5.24,N,0,unclassified,205,2,6472.8,10834.8,4.048333333333333,5.24,1.8104631083418037,1.2944,0.6666666666666666,Natural Fire,unavailable,unavailable,unavailable,0,0
29.72089,76.35623,367.0,0.33,0.55,2025-11-24,2001,N20,VIIRS,h,2,286.36,5.24,N,0,unclassified,205,2,5998.2,10276.3,4.048333333333333,5.24,1.8104631083418037,1.2944,0.6666666666666666,Natural Fire,unavailable,unavailable,unavailable,0,0
29.67819,76.16697,340.3,0.39,0.44,2025-11-24,737,N20,VIIRS,n,2,303.11,2.72,D,0,unclassified,-1,0,10236.6,18143.9,,,,,,Natural Fire,unavailable,unavailable,unavailable,0,0
29.71609,76.36063,345.73,0.36,0.57,2025-11-25,718,N20,VIIRS,n,2,300.02,3.91,D,0,unclassified,205,2,6161.9,10679.0,4.048333333333333,5.24,1.8104631083418037,0.9658,0.6666666666666666,Natural Fire,unavailable,unavailable,unavailable,0,0
29.71682,76.36105,340.22,0.36,0.57,2025-11-25,718,N20,VIIRS,n,2,298.66,4.22,D,0,unclassified,205,2,6072.2,10590.8,4.048333333333333,5.24,1.8104631083418037,1.0424,0.6666666666666666,Natural Fire,unavailable,unavailable,unavailable,0,0
29.7168,76.35545,298.56,0.39,0.6,2025-11-25,2123,N20,VIIRS,n,2,280.99,0.54,N,0,unclassified,205,2,6396.0,10732.4,4.048333333333333,5.24,1.8104631083418037,0.1334,0.6666666666666666,Natural Fire,unavailable,unavailable,unavailable,0,0
30.59155,75.08511,342.46,0.62,0.54,2025-11-26,840,N20,VIIRS,n,2,303.18,7.56,D,0,unclassified,144,2,29263.2,19371.5,7.013333333333333,7.56,0.6601010023726165,1.0779,0.0,Natural Fire,unavailable,unavailable,unavailable,0,0
29.66994,75.36639,340.85,0.63,0.54,2025-11-26,840,N20,VIIRS,n,2,302.96,8.78,D,0,unclassified,206,1,8127.3,10974.0,7.494999999999999,8.78,1.8172644276494263,1.1714,0.0,Natural Fire,unavailable,unavailable,unavailable,0,0
29.67026,75.36572,340.36,0.63,0.54,2025-11-26,840,N20,VIIRS,n,2,303.81,6.21,D,0,unclassified,206,1,8058.5,11046.6,7.494999999999999,8.78,1.8172644276494263,0.8286,0.0,Natural Fire,unavailable,unavailable,unavailable,0,0
30.59229,75.08335,340.75,0.62,0.54,2025-11-26,840,N20,VIIRS,n,2,303.14,6.28,D,0,unclassified,144,2,29449.9,19550.0,7.013333333333333,7.56,0.6601010023726165,0.8954,0.0,Natural Fire,unavailable,unavailable,unavailable,0,0
29.65884,75.61467,333.0,0.52,0.42,2025-11-27,821,N20,VIIRS,n,2,302.23,3.3,D,0,unclassified,-1,0,2191.3,0.0,,,,,,Agricultural Burning,unavailable,unavailable,unavailable,0,0
30.55537,75.35198,346.31,0.38,0.36,2025-11-28,802,N20,VIIRS,n,2,304.58,4.08,D,0,unclassified,207,1,11298.7,14932.3,4.63,5.18,0.7778174593052021,0.8812,0.0,Natural Fire,unavailable,unavailable,unavailable,0,0
30.55865,75.35132,340.82,0.38,0.36,2025-11-28,802,N20,VIIRS,n,2,302.33,5.18,D,0,unclassified,207,1,11659.2,15116.4,4.63,5.18,0.7778174593052021,1.1188,0.0,Natural Fire,unavailable,unavailable,unavailable,0,0
30.28258,75.28606,331.33,0.53,0.42,2025-11-29,744,N20,VIIRS,n,2,301.42,9.77,D,0,unclassified,-1,0,5998.5,20736.7,,,,,,Natural Fire,unavailable,unavailable,unavailable,0,0
29.94003,76.35623,349.86,0.48,0.65,2025-11-30,2129,N20,VIIRS,n,2,286.48,24.61,N,0,unclassified,208,3,5432.1,5121.1,14.904444444444444,29.58,9.184492186943496,1.6512,0.7777777777777778,Natural Fire,unavailable,unavailable,unavailable,0,0
29.94127,76.35143,367.0,0.48,0.65,2025-11-30,2129,N20,VIIRS,h,2,285.99,15.59,N,0,unclassified,208,3,4993.3,4725.4,14.904444444444444,29.58,9.184492186943496,1.046,0.7777777777777778,Natural Fire,unavailable,unavailable,unavailable,0,0
29.93853,76.35654,312.06,0.48,0.65,2025-11-30,2129,N20,VIIRS,n,2,281.19,18.88,N,0,unclassified,208,3,5563.3,5268.3,14.904444444444444,29.58,9.184492186943496,1.2667,0.7777777777777778,Natural Fire,unavailable,unavailable,unavailable,0,0
29.94106,76.34695,295.05,0.48,0.65,2025-11-30,2129,N20,VIIRS,n,2,278.52,12.77,N,0,unclassified,208,3,4699.9,4499.4,14.904444444444444,29.58,9.184492186943496,0.8568,0.7777777777777778,Natural Fire,unavailable,unavailable,unavailable,0,0
29.93979,76.35174,367.0,0.48,0.65,2025-11-30,2129,N20,VIIRS,h,2,295.33,18.88,N,0,unclassified,208,3,5127.0,4875.2,14.904444444444444,29.58,9.184492186943496,1.2667,0.7777777777777778,Natural Fire,unavailable,unavailable,unavailable,0,0
30.57515,75.89579,302.53,0.44,0.62,2025-11-30,2129,N20,VIIRS,n,2,278.78,1.62,N,0,unclassified,28,3,2905.4,18204.1,1.9425,4.29,1.0458318630230605,0.834,0.75,Natural Fire,unavailable,unavailable,unavailable,0,0
30.57627,75.89138,317.11,0.44,0.62,2025-11-30,2129,N20,VIIRS,n,2,277.8,1.62,N,0,unclassified,28,3,2578.2,18351.8,1.9425,4.29,1.0458318630230605,0.834,0.75,Natural Fire,unavailable,unavailable,unavailable,0,0
29.93449,76.35136,301.44,0.52,0.66,2025-11-30,1949,N20,VIIRS,n,2,279.95,21.75,N,0,unclassified,208,3,5523.6,5342.5,14.904444444444444,29.58,9.184492186943496,1.4593,0.7777777777777778,Natural Fire,unavailable,unavailable,unavailable,0,0
29.93554,76.34945,300.96,0.48,0.65,2025-11-30,2129,N20,VIIRS,n,2,277.91,15.59,N,0,unclassified,208,3,5314.3,5147.1,14.904444444444444,29.58,9.184492186943496,1.046,0.7777777777777778,Natural Fire,unavailable,unavailable,unavailable,0,0
29.94098,76.34647,350.69,0.52,0.66,2025-11-30,1949,N20,VIIRS,n,2,280.26,29.58,N,0,unclassified,208,3,4674.4,4482.4,14.904444444444444,29.58,9.184492186943496,1.9846,0.7777777777777778,Natural Fire,unavailable,unavailable,unavailable,0,0
29.93451,76.34818,296.17,0.52,0.67,2025-11-30,1949,N20,VIIRS,n,2,279.03,1.57,N,0,unclassified,208,3,5322.3,5184.8,14.904444444444444,29.58,9.184492186943496,0.1053,0.7777777777777778,Natural Fire,unavailable,unavailable,unavailable,0,0
29.94035,76.35414,341.77,0.52,0.66,2025-11-30,1949,N20,VIIRS,n,2,285.52,26.05,N,0,unclassified,208,3,5256.1,4965.9,14.904444444444444,29.58,9.184492186943496,1.7478,0.7777777777777778,Natural Fire,unavailable,unavailable,unavailable,0,0
29.94066,76.34872,367.0,0.52,0.67,2025-11-30,1949,N20,VIIRS,h,2,290.14,26.05,N,0,unclassified,208,3,4851.1,4629.6,14.904444444444444,29.58,9.184492186943496,1.7478,0.7777777777777778,Natural Fire,unavailable,unavailable,unavailable,0,0
30.5775,75.89407,309.2,0.56,0.69,2025-11-30,1949,N20,VIIRS,n,2,278.69,1.89,N,0,unclassified,28,3,2597.4,18472.3,1.9425,4.29,1.0458318630230605,0.973,0.75,Natural Fire,unavailable,unavailable,unavailable,0,0
30.57783,75.88819,305.76,0.56,0.69,2025-11-30,1949,N20,VIIRS,n,2,277.98,1.89,N,0,unclassified,28,3,2288.3,18547.2,1.9425,4.29,1.0458318630230605,0.973,0.75,Natural Fire,unavailable,unavailable,unavailable,0,0
30.57411,75.88949,296.2,0.56,0.69,2025-11-30,1949,N20,VIIRS,n,2,277.66,0.58,N,0,unclassified,28,3,2716.4,18126.2,1.9425,4.29,1.0458318630230605,0.2986,0.75,Natural Fire,unavailable,unavailable,unavailable,0,0
30.58045,75.89004,319.11,0.56,0.69,2025-11-30,1949,N20,VIIRS,n,2,278.52,1.98,N,0,unclassified,28,3,2112.3,18822.9,1.9425,4.29,1.0458318630230605,1.0193,0.75,Natural Fire,unavailable,unavailable,unavailable,0,0
29.94064,76.35188,339.48,0.52,0.66,2025-11-30,1949,N20,VIIRS,n,2,301.59,21.75,N,0,unclassified,208,3,5072.5,4807.3,14.904444444444444,29.58,9.184492186943496,1.4593,0.7777777777777778,Natural Fire,unavailable,unavailable,unavailable,0,0
29.93856,76.35987,334.92,0.54,0.68,2025-12-01,706,N20,VIIRS,n,2,294.86,6.1,D,0,unclassified,208,3,5806.5,5474.3,14.904444444444444,29.58,9.184492186943496,0.4093,0.7777777777777778,Natural Fire,unavailable,unavailable,unavailable,0,0
29.93714,76.35445,342.58,0.54,0.68,2025-12-01,706,N20,VIIRS,n,2,298.88,7.39,D,0,unclassified,208,3,5519.1,5266.7,14.904444444444444,29.58,9.184492186943496,0.4958,0.7777777777777778,Natural Fire,unavailable,unavailable,unavailable,0,0
29.93713,76.35792,367.0,0.54,0.68,2025-12-01,706,N20,VIIRS,h,2,298.55,12.08,D,0,unclassified,208,3,5765.9,5472.8,14.904444444444444,29.58,9.184492186943496,0.8105,0.7777777777777778,Natural Fire,unavailable,unavailable,unavailable,0,0
29.93746,76.35765,354.06,0.45,0.63,2025-12-01,846,N20,VIIRS,n,2,297.76,6.21,D,0,unclassified,208,3,5722.1,5427.9,14.904444444444444,29.58,9.184492186943496,0.4167,0.7777777777777778,Natural Fire,unavailable,unavailable,unavailable,0,0
29.93933,76.35217,322.49,0.51,0.49,2025-12-01,2110,N20,VIIRS,n,2,283.34,2.69,N,0,unclassified,208,3,5192.2,4940.9,14.904444444444444,29.58,9.184492186943496,0.1805,0.7777777777777778,Natural Fire,unavailable,unavailable,unavailable,0,0
29.93894,76.35414,298.65,0.44,0.38,2025-12-02,2052,N20,VIIRS,n,2,281.38,0.74,N,0,unclassified,208,3,5360.6,5089.2,14.904444444444444,29.58,9.184492186943496,0.0496,0.7777777777777778,Natural Fire,unavailable,unavailable,unavailable,0,0
30.2923,75.49328,329.98,0.44,0.39,2025-12-04,750,N20,VIIRS,n,2,293.82,2.81,D,0,industrial_nearby,-1,0,210.9,3006.5,,,,,,Unknown,unavailable,unavailable,unavailable,0,0
30.59982,75.0433,331.53,0.43,0.38,2025-12-08,815,N20,VIIRS,n,2,299.14,3.09,D,0,unclassified,-1,0,33186.8,22992.4,,,,,,Natural Fire,unavailable,unavailable,unavailable,0,0
29.62191,75.20934,355.24,0.41,0.37,2025-12-09,756,N20,VIIRS,n,2,301.55,6.04,D,0,industrial_direct,209,1,0.0,23779.9,6.04,6.04,0.0,1.0,0.0,Unknown,unavailable,unavailable,unavailable,0,0
29.62528,75.2086,351.33,0.41,0.37,2025-12-09,756,N20,VIIRS,n,2,299.49,6.04,D,0,industrial_direct,209,1,0.0,23505.0,6.04,6.04,0.0,1.0,0.0,Unknown,unavailable,unavailable,unavailable,0,0
29.62388,75.20027,346.72,0.41,0.37,2025-12-09,756,N20,VIIRS,n,2,300.38,6.4,D,0,industrial_direct,-1,0,0.0,24083.0,,,,,,Unknown,unavailable,unavailable,unavailable,0,0
29.65253,75.2672,343.77,0.41,0.37,2025-12-09,756,N20,VIIRS,n,2,300.12,2.71,D,0,industrial_nearby,210,1,121.7,18140.7,2.86,3.01,0.1603567451474545,0.9476,0.0,Unknown,unavailable,unavailable,unavailable,0,0
29.65184,75.26305,340.1,0.41,0.37,2025-12-09,756,N20,VIIRS,n,2,299.72,2.71,D,0,industrial_nearby,210,1,74.5,18373.2,2.86,3.01,0.1603567451474545,0.9476,0.0,Unknown,unavailable,unavailable,unavailable,0,0
29.6552,75.26231,336.53,0.41,0.37,2025-12-09,756,N20,VIIRS,n,2,300.03,2.71,D,0,industrial_direct,210,1,0.0,18065.1,2.86,3.01,0.1603567451474545,0.9476,0.0,Unknown,unavailable,unavailable,unavailable,0,0
29.65589,75.26645,356.35,0.41,0.37,2025-12-09,756,N20,VIIRS,l,2,302.51,2.71,D,0,industrial_direct,210,1,0.0,17829.0,2.86,3.01,0.1603567451474545,0.9476,0.0,Unknown,unavailable,unavailable,unavailable,0,0
29.65926,75.26572,347.66,0.41,0.37,2025-12-09,756,N20,VIIRS,n,2,301.57,3.01,D,0,industrial_direct,210,1,0.0,17518.1,2.86,3.01,0.1603567451474545,1.0524,0.0,Unknown,unavailable,unavailable,unavailable,0,0
29.65856,75.26157,335.14,0.41,0.37,2025-12-09,756,N20,VIIRS,n,2,300.07,3.01,D,0,industrial_direct,210,1,0.0,17759.7,2.86,3.01,0.1603567451474545,1.0524,0.0,Unknown,unavailable,unavailable,unavailable,0,0
29.66262,75.26498,336.98,0.41,0.37,2025-12-09,756,N20,VIIRS,n,2,297.91,3.01,D,0,industrial_direct,210,1,0.0,17211.3,2.86,3.01,0.1603567451474545,1.0524,0.0,Unknown,unavailable,unavailable,unavailable,0,0
29.66193,75.26083,343.16,0.41,0.37,2025-12-09,756,N20,VIIRS,n,2,300.89,3.01,D,0,industrial_direct,210,1,0.0,17456.2,2.86,3.01,0.1603567451474545,1.0524,0.0,Unknown,unavailable,unavailable,unavailable,0,0
29.73018,75.30701,341.55,0.4,0.37,2025-12-09,756,N20,VIIRS,n,2,300.48,3.71,D,0,industrial_direct,211,1,0.0,8715.8,3.66,3.71,0.07071067811865497,1.0137,0.0,Unknown,unavailable,unavailable,unavailable,0,0
29.73353,75.30628,345.42,0.4,0.37,2025-12-09,756,N20,VIIRS,n,2,300.34,3.61,D,0,industrial_direct,211,1,0.0,8402.6,3.66,3.71,0.07071067811865497,0.9863,0.0,Unknown,unavailable,unavailable,unavailable,0,0
