latitude,longitude,brightness,scan,track,acq_date,acq_time,satellite,instrument,confidence,version,bright_t31,frp,daynight,type
30.20249,75.99736,332.01,0.43,0.38,2025-10-01,0748,N20,VIIRS,n,2,298.99,2.75,D,0
29.60012,76.00414,341.04,0.45,0.39,2025-10-05,0813,N20,VIIRS,n,2,300.03,5.12,D,0
29.7611,76.00002,330.6,0.45,0.39,2025-10-05,0813,N20,VIIRS,n,2,298.17,4.52,D,0
29.78485,75.98659,334.48,0.45,0.39,2025-10-05,0813,N20,VIIRS,n,2,298.02,4.55,D,0
29.81153,75.96793,331.64,0.45,0.39,2025-10-05,0813,N20,VIIRS,n,2,297.91,2.7,D,0
29.89064,76.1143,333.97,0.46,0.39,2025-10-05,0813,N20,VIIRS,n,2,298.19,3.03,D,0
30.19914,75.99145,339.58,0.46,0.39,2025-10-05,0813,N20,VIIRS,n,2,298.55,3.94,D,0
29.78472,75.08794,340.64,0.42,0.37,2025-10-06,0755,N20,VIIRS,n,2,294.12,6.97,D,0
29.78812,75.08717,354.69,0.42,0.37,2025-10-06,0755,N20,VIIRS,n,2,295.83,6.97,D,0
29.78307,75.05737,342.88,0.42,0.37,2025-10-06,0755,N20,VIIRS,n,2,294.51,3.66,D,0
29.78234,75.05311,342.85,0.42,0.37,2025-10-06,0755,N20,VIIRS,n,2,294.17,3.66,D,0
29.78502,75.04807,356.25,0.42,0.38,2025-10-06,0755,N20,VIIRS,n,2,296.15,13.41,D,0
29.78574,75.05235,356.52,0.42,0.37,2025-10-06,0755,N20,VIIRS,l,2,296.65,7.42,D,0
29.78987,75.05584,347.73,0.42,0.37,2025-10-06,0755,N20,VIIRS,n,2,294.82,7.42,D,0
30.05647,75.06976,347.23,0.41,0.37,2025-10-06,0755,N20,VIIRS,n,2,294.9,6.05,D,0
30.05986,75.06899,331.96,0.41,0.37,2025-10-06,0755,N20,VIIRS,n,2,294.36,2.03,D,0
29.63078,75.98431,333.61,0.38,0.36,2025-10-11,0801,N20,VIIRS,n,2,301.78,1.9,D,0
29.65539,75.35033,330.34,0.39,0.36,2025-10-11,0801,N20,VIIRS,n,2,298.72,1.93,D,0
30.49711,75.93646,346.49,0.38,0.36,2025-10-11,0801,N20,VIIRS,n,2,302.34,4.88,D,0
30.10147,75.95094,338.76,0.62,0.54,2025-10-13,0723,N20,VIIRS,n,2,301.18,10.49,D,0
30.21504,75.31666,340.18,0.38,0.59,2025-10-14,0845,N20,VIIRS,n,2,297.48,3.05,D,0
29.85327,76.1269,344.44,0.44,0.46,2025-10-15,0826,N20,VIIRS,n,2,303.14,6.56,D,0
29.84515,76.14574,334.12,0.4,0.37,2025-10-16,0807,N20,VIIRS,n,2,303.05,5.13,D,0
29.84457,76.14159,333.38,0.4,0.37,2025-10-16,0807,N20,VIIRS,l,2,304.81,3.11,D,0
29.84795,76.14098,334.23,0.4,0.37,2025-10-16,0807,N20,VIIRS,n,2,303.33,3.11,D,0
29.80225,76.00471,337.39,0.44,0.38,2025-10-17,0748,N20,VIIRS,n,2,304.39,4.16,D,0
29.8292,75.89053,344.52,0.44,0.39,2025-10-17,0748,N20,VIIRS,n,2,306.95,16.34,D,0
30.08471,76.46263,338.88,0.42,0.38,2025-10-17,0748,N20,VIIRS,n,2,306.07,3.6,D,0
30.43985,76.29572,330.35,0.42,0.38,2025-10-17,0748,N20,VIIRS,n,2,303.46,1.7,D,0
30.45531,76.09606,330.36,0.43,0.38,2025-10-17,0748,N20,VIIRS,n,2,304.6,1.92,D,0
29.61365,75.90078,332.13,0.52,0.5,2025-10-18,0729,N20,VIIRS,n,2,301.49,1.84,D,0
29.92807,76.16788,350.98,0.47,0.64,2025-10-19,0711,N20,VIIRS,n,2,301.2,4.82,D,0
29.92689,76.165,338.33,0.47,0.64,2025-10-19,0711,N20,VIIRS,n,2,301.35,4.97,D,0
29.62736,75.94775,332.69,0.51,0.66,2025-10-19,0851,N20,VIIRS,n,2,299.11,3.25,D,0
29.81916,75.75153,343.74,0.5,0.66,2025-10-19,0851,N20,VIIRS,n,2,301.31,5.31,D,0
30.52027,76.49154,333.7,0.56,0.69,2025-10-19,0851,N20,VIIRS,n,2,302.33,4.9,D,0
30.54483,76.47221,337.26,0.56,0.69,2025-10-19,0851,N20,VIIRS,n,2,300.74,3.86,D,0
30.52236,76.49075,330.35,0.56,0.69,2025-10-19,0851,N20,VIIRS,l,2,301.89,7.26,D,0
30.54702,76.47131,339.83,0.56,0.69,2025-10-19,0851,N20,VIIRS,n,2,301.12,4.87,D,0
29.61888,76.1256,332.26,0.54,0.51,2025-10-20,0832,N20,VIIRS,n,2,300.96,2.5,D,0
29.63499,76.19781,331.66,0.55,0.51,2025-10-20,0832,N20,VIIRS,n,2,300.4,3.35,D,0
29.6208,75.25886,343.53,0.48,0.48,2025-10-20,0832,N20,VIIRS,n,2,303.74,5.66,D,0
29.70117,75.91295,342.43,0.53,0.5,2025-10-20,0832,N20,VIIRS,n,2,301.73,5.26,D,0
30.06583,75.12061,337.72,0.48,0.48,2025-10-20,0832,N20,VIIRS,n,2,300.47,3.63,D,0
30.35181,75.83276,335.95,0.53,0.5,2025-10-20,0832,N20,VIIRS,n,2,302.09,3.48,D,0
30.40948,75.97054,330.6,0.54,0.51,2025-10-20,0832,N20,VIIRS,n,2,303.68,3.35,D,0
29.68876,76.43228,334.6,0.47,0.4,2025-10-21,0813,N20,VIIRS,n,2,297.94,3.28,D,0
29.71413,76.45778,330.37,0.47,0.4,2025-10-21,0813,N20,VIIRS,n,2,298.8,2.75,D,0
29.71776,76.4572,341.87,0.47,0.4,2025-10-21,0813,N20,VIIRS,n,2,298.96,5.77,D,0
29.60539,75.28342,332.49,0.42,0.38,2025-10-21,0813,N20,VIIRS,n,2,298.78,12.41,D,0
29.77246,76.06223,333.23,0.45,0.39,2025-10-21,0813,N20,VIIRS,n,2,300.28,5.23,D,0
29.78554,76.05053,343.37,0.45,0.39,2025-10-21,0813,N20,VIIRS,n,2,300.16,11.81,D,0
29.84782,76.12331,333.13,0.46,0.39,2025-10-21,0813,N20,VIIRS,n,2,300.7,4.54,D,0
29.86161,76.08742,334.16,0.45,0.39,2025-10-21,0813,N20,VIIRS,n,2,300.41,9.11,D,0
29.87589,76.11387,335.71,0.46,0.39,2025-10-21,0813,N20,VIIRS,n,2,299.03,5.25,D,0
30.35337,75.9839,333.66,0.45,0.39,2025-10-21,0813,N20,VIIRS,n,2,300.55,4.84,D,0
30.35505,75.98095,335.02,0.46,0.39,2025-10-21,0814,N20,VIIRS,n,2,301.37,8.01,D,0
30.46714,75.75323,332.01,0.45,0.39,2025-10-21,0814,N20,VIIRS,n,2,297.89,17.28,D,0
30.59003,76.47472,338.6,0.48,0.4,2025-10-21,0814,N20,VIIRS,n,2,302.46,3.84,D,0
30.30668,76.42312,300.56,0.38,0.36,2025-10-21,2038,N20,VIIRS,n,2,290.51,0.26,N,0
29.90365,75.71961,328.9,0.39,0.36,2025-10-21,2038,N20,VIIRS,n,2,291.15,4.63,N,0
29.8433,75.01755,300.77,0.4,0.37,2025-10-21,2038,N20,VIIRS,n,2,288.36,1.16,N,0
29.64232,76.19769,345.02,0.39,0.36,2025-10-22,0755,N20,VIIRS,n,2,304.32,7.84,D,0
29.86014,76.02709,332.6,0.4,0.37,2025-10-22,0755,N20,VIIRS,n,2,303.16,3.11,D,0
29.90176,75.72305,337.04,0.4,0.37,2025-10-22,0755,N20,VIIRS,n,2,304.33,3.24,D,0
29.95806,75.77026,332.74,0.4,0.37,2025-10-22,0755,N20,VIIRS,n,2,302.05,2.73,D,0
29.89113,75.07599,346.54,0.42,0.37,2025-10-22,0755,N20,VIIRS,n,2,306.43,5.48,D,0
29.89453,75.07523,349.68,0.42,0.37,2025-10-22,0755,N20,VIIRS,n,2,309.84,5.49,D,0
29.89793,75.07446,348.68,0.42,0.37,2025-10-22,0755,N20,VIIRS,n,2,305.18,5.49,D,0
29.9028,75.08221,345.34,0.42,0.37,2025-10-22,0755,N20,VIIRS,n,2,306.59,4.67,D,0
29.90547,75.07719,342.38,0.42,0.37,2025-10-22,0755,N20,VIIRS,n,2,304.85,4.67,D,0
29.9062,75.08144,355.81,0.42,0.37,2025-10-22,0755,N20,VIIRS,l,2,306.08,4.67,D,0
29.91033,75.08494,339.86,0.42,0.37,2025-10-22,0755,N20,VIIRS,n,2,306.65,3.36,D,0
29.9096,75.08067,349.33,0.42,0.37,2025-10-22,0755,N20,VIIRS,n,2,304.28,6.53,D,0
29.91372,75.08418,349.69,0.42,0.37,2025-10-22,0755,N20,VIIRS,n,2,305.51,3.36,D,0
29.95946,75.16642,336.03,0.41,0.37,2025-10-22,0755,N20,VIIRS,n,2,303.39,4.75,D,0
29.95875,75.16218,347.81,0.41,0.37,2025-10-22,0755,N20,VIIRS,n,2,304.85,4.75,D,0
29.96285,75.16565,337.93,0.41,0.37,2025-10-22,0755,N20,VIIRS,n,2,302.46,4.75,D,0
29.96214,75.16142,344.5,0.41,0.37,2025-10-22,0755,N20,VIIRS,n,2,305.65,4.75,D,0
29.96409,75.1522,334.26,0.41,0.37,2025-10-22,0755,N20,VIIRS,n,2,302.81,4.7,D,0
30.36901,76.45713,332.38,0.39,0.36,2025-10-22,0755,N20,VIIRS,n,2,301.46,3.86,D,0
30.30909,76.0415,333.41,0.39,0.36,2025-10-22,0755,N20,VIIRS,n,2,304.45,2.96,D,0
30.4047,76.23431,331.5,0.39,0.36,2025-10-22,0755,N20,VIIRS,n,2,300.03,1.7,D,0
29.90166,75.71896,300.65,0.39,0.44,2025-10-22,2019,N20,VIIRS,n,2,289.47,0.35,N,0
30.19373,75.98875,338.54,0.4,0.45,2025-10-23,0736,N20,VIIRS,n,2,303.79,3.63,D,0
30.24935,76.17947,331.63,0.39,0.44,2025-10-23,0736,N20,VIIRS,l,2,302.54,1.51,D,0
30.24629,76.03957,339.05,0.4,0.44,2025-10-23,0736,N20,VIIRS,n,2,303.09,3.93,D,0
29.85132,76.13932,330.07,0.38,0.59,2025-10-24,0717,N20,VIIRS,n,2,299.73,4.24,D,0
29.80311,75.86716,367,0.39,0.6,2025-10-24,0717,N20,VIIRS,h,2,297.05,9.11,D,0
29.80216,75.86321,341.54,0.39,0.6,2025-10-24,0717,N20,VIIRS,n,2,298.52,9.11,D,0
29.80418,75.86497,367,0.39,0.6,2025-10-24,0717,N20,VIIRS,h,2,300.96,17.42,D,0
30.10234,75.70455,330.76,0.4,0.6,2025-10-24,0717,N20,VIIRS,n,2,298.76,1.77,D,0
30.26677,76.16926,330.49,0.37,0.58,2025-10-24,0717,N20,VIIRS,n,2,301.94,1.72,D,0
30.24504,75.91579,353.94,0.38,0.59,2025-10-24,0717,N20,VIIRS,n,2,301.21,6.11,D,0
30.25198,76.17417,338.69,0.67,0.74,2025-10-24,0858,N20,VIIRS,n,2,299.68,6.5,D,0
30.24694,75.91629,344.15,0.65,0.73,2025-10-24,0858,N20,VIIRS,n,2,298.33,6.77,D,0
30.25302,76.17268,341.51,0.67,0.74,2025-10-24,0858,N20,VIIRS,n,2,299.79,7.75,D,0
30.24271,75.91494,339.38,0.65,0.73,2025-10-24,0858,N20,VIIRS,n,2,298.05,7.94,D,0
29.68766,75.74946,332.72,0.76,0.77,2025-10-25,0658,N20,VIIRS,n,2,297.67,5.83,D,0
30.09829,75.84077,367,0.73,0.76,2025-10-25,0658,N20,VIIRS,h,2,298.3,22.32,D,0
30.09622,75.8335,335.08,0.73,0.76,2025-10-25,0658,N20,VIIRS,n,2,299.16,18.23,D,0
29.64262,75.73102,353.91,0.32,0.55,2025-10-25,0839,N20,VIIRS,n,2,302.01,5.4,D,0
29.67232,75.96066,339.02,0.33,0.55,2025-10-25,0839,N20,VIIRS,n,2,299.75,3.14,D,0
29.67203,75.95721,349.04,0.33,0.55,2025-10-25,0839,N20,VIIRS,n,2,301.36,4.69,D,0
29.67744,75.96014,355.64,0.33,0.55,2025-10-25,0839,N20,VIIRS,n,2,299.24,14.06,D,0
29.67715,75.95669,351.18,0.33,0.55,2025-10-25,0839,N20,VIIRS,n,2,306.73,17.72,D,0
29.83964,75.98256,353.01,0.33,0.56,2025-10-25,0839,N20,VIIRS,n,2,299.2,4.64,D,0
29.96058,75.85046,337.23,0.33,0.55,2025-10-25,0839,N20,VIIRS,n,2,301.26,3.29,D,0
30.02078,76.2032,333.4,0.35,0.56,2025-10-25,0839,N20,VIIRS,n,2,298.47,2.57,D,0
30.06126,75.84692,332.48,0.33,0.55,2025-10-25,0839,N20,VIIRS,n,2,299.56,2.73,D,0
30.07469,75.64024,349.58,0.32,0.55,2025-10-25,0839,N20,VIIRS,n,2,300.73,6.07,D,0
30.07974,75.63971,367,0.32,0.55,2025-10-25,0839,N20,VIIRS,h,2,302.03,6.07,D,0
30.07889,75.64005,367,0.32,0.55,2025-10-25,0839,N20,VIIRS,h,2,300.9,7.18,D,0
30.07863,75.6367,353.14,0.32,0.55,2025-10-25,0839,N20,VIIRS,n,2,303.24,7.18,D,0
30.15718,76.046,341.14,0.34,0.56,2025-10-25,0839,N20,VIIRS,n,2,300.19,2.34,D,0
30.15049,75.96117,347.05,0.34,0.56,2025-10-25,0839,N20,VIIRS,n,2,301.49,4.22,D,0
30.2746,75.92745,336.27,0.33,0.56,2025-10-25,0839,N20,VIIRS,n,2,300.2,2.48,D,0
30.2489,75.19943,341.25,0.6,0.53,2025-10-25,0839,N20,VIIRS,n,2,302.81,9.25,D,0
30.24567,75.19806,335.31,0.6,0.53,2025-10-25,0839,N20,VIIRS,n,2,302.36,5.3,D,0
30.42245,76.32781,340.95,0.36,0.57,2025-10-25,0839,N20,VIIRS,n,2,301.3,4.88,D,0
30.57273,75.03302,340.27,0.6,0.53,2025-10-25,0839,N20,VIIRS,n,2,299.8,5.65,D,0
30.57762,75.0325,331.72,0.6,0.53,2025-10-25,0839,N20,VIIRS,n,2,299.01,5.65,D,0
30.57525,75.03024,343.23,0.6,0.53,2025-10-25,0839,N20,VIIRS,n,2,300.35,10.12,D,0
29.6584,75.37521,330.29,0.5,0.41,2025-10-26,0820,N20,VIIRS,n,2,302.78,1.64,D,0
29.79949,75.97468,332.51,0.53,0.42,2025-10-26,0820,N20,VIIRS,n,2,301.72,5.06,D,0
29.80065,75.9712,334.79,0.53,0.42,2025-10-26,0820,N20,VIIRS,n,2,302.92,4.92,D,0
29.92136,76.16327,330.88,0.55,0.42,2025-10-26,0820,N20,VIIRS,l,2,304.81,2.7,D,0
29.87117,75.10365,335.27,0.48,0.4,2025-10-26,0820,N20,VIIRS,n,2,306.57,4.33,D,0
29.87055,75.09864,332.91,0.48,0.4,2025-10-26,0820,N20,VIIRS,l,2,307.55,4.33,D,0
30.03304,75.78163,331.34,0.52,0.42,2025-10-26,0820,N20,VIIRS,n,2,304.79,3.64,D,0
29.97401,75.15631,337.55,0.49,0.4,2025-10-26,0820,N20,VIIRS,n,2,303.89,6.45,D,0
30.22658,75.94654,344.74,0.54,0.42,2025-10-26,0820,N20,VIIRS,n,2,307.4,13.28,D,0
30.22747,75.94412,343.05,0.54,0.42,2025-10-26,0820,N20,VIIRS,n,2,306.85,14.5,D,0
30.25983,76.16349,338.89,0.55,0.43,2025-10-26,0820,N20,VIIRS,n,2,308.23,6.41,D,0
30.2478,76.05528,342.85,0.54,0.42,2025-10-26,0820,N20,VIIRS,n,2,306.48,10.5,D,0
30.26376,76.16291,335.39,0.55,0.43,2025-10-26,0820,N20,VIIRS,n,2,305.77,6.41,D,0
30.31577,75.67078,330.36,0.52,0.42,2025-10-26,0820,N20,VIIRS,n,2,302.63,1.75,D,0
30.45914,76.05954,330.02,0.55,0.42,2025-10-26,0820,N20,VIIRS,l,2,302.51,3.88,D,0
30.41232,75.18552,340.3,0.49,0.41,2025-10-26,0820,N20,VIIRS,n,2,302.98,7.77,D,0
30.57997,75.89602,332.19,0.54,0.42,2025-10-26,0820,N20,VIIRS,n,2,303.91,1.67,D,0
30.59266,75.47051,331.71,0.51,0.41,2025-10-26,0820,N20,VIIRS,l,2,302.77,2.41,D,0
30.59568,75.46747,333.21,0.51,0.41,2025-10-26,0820,N20,VIIRS,l,2,303.75,2.87,D,0
30.27397,76.19479,302.92,0.39,0.36,2025-10-26,2044,N20,VIIRS,n,2,289.19,0.61,N,0
29.66699,75.56965,332.27,0.38,0.36,2025-10-27,0801,N20,VIIRS,n,2,305.11,2.43,D,0
29.62678,75.28893,334.42,0.39,0.36,2025-10-27,0801,N20,VIIRS,n,2,302.94,3.15,D,0
29.8048,76.00473,335.08,0.38,0.36,2025-10-27,0801,N20,VIIRS,n,2,305.21,2.66,D,0
29.85777,76.33624,333.91,0.39,0.36,2025-10-27,0801,N20,VIIRS,n,2,305.49,1.19,D,0
29.84443,76.15556,339.86,0.38,0.36,2025-10-27,0801,N20,VIIRS,n,2,305.72,4.05,D,0
29.91147,76.17142,344.73,0.38,0.36,2025-10-27,0801,N20,VIIRS,n,2,305.93,7.73,D,0
29.89412,75.89812,333.24,0.38,0.36,2025-10-27,0801,N20,VIIRS,l,2,304.75,8.37,D,0
29.95326,75.81741,334.1,0.38,0.36,2025-10-27,0801,N20,VIIRS,n,2,304.43,2.06,D,0
30.07099,76.10355,337.94,0.38,0.36,2025-10-27,0801,N20,VIIRS,n,2,304.92,4.71,D,0
30.07244,75.90822,332.89,0.38,0.36,2025-10-27,0801,N20,VIIRS,n,2,304.22,2.25,D,0
29.93465,75.0177,344.17,0.39,0.36,2025-10-27,0801,N20,VIIRS,n,2,308.99,11.27,D,0
29.98227,75.29868,332.56,0.39,0.36,2025-10-27,0801,N20,VIIRS,l,2,303.01,6.54,D,0
30.14106,76.25386,333.31,0.39,0.36,2025-10-27,0801,N20,VIIRS,n,2,304.99,2.52,D,0
30.13408,75.9122,333.04,0.38,0.36,2025-10-27,0801,N20,VIIRS,l,2,303.22,4.13,D,0
30.14664,75.9505,340.43,0.38,0.36,2025-10-27,0801,N20,VIIRS,n,2,305.13,2.69,D,0
30.12268,75.79216,333.25,0.38,0.36,2025-10-27,0801,N20,VIIRS,n,2,303.84,1.7,D,0
30.24077,75.9443,336.02,0.38,0.36,2025-10-27,0801,N20,VIIRS,n,2,304.23,2.8,D,0
30.15225,75.05898,333.66,0.39,0.36,2025-10-27,0801,N20,VIIRS,n,2,303.52,6.47,D,0
30.38556,76.48602,333.63,0.39,0.36,2025-10-27,0801,N20,VIIRS,n,2,304.78,4.28,D,0
30.38497,76.48201,333.12,0.39,0.36,2025-10-27,0801,N20,VIIRS,n,2,306.44,4.28,D,0
30.43544,75.7707,335.35,0.38,0.36,2025-10-27,0801,N20,VIIRS,n,2,304.97,5.76,D,0
30.40394,75.51939,336.02,0.38,0.36,2025-10-27,0801,N20,VIIRS,n,2,303.71,5,D,0
30.37935,75.25006,333.21,0.38,0.36,2025-10-27,0801,N20,VIIRS,n,2,303,3.74,D,0
30.52527,75.71231,337.3,0.38,0.36,2025-10-27,0801,N20,VIIRS,n,2,302.77,2.13,D,0
30.56629,75.96217,344.68,0.38,0.36,2025-10-27,0801,N20,VIIRS,n,2,306.06,6.63,D,0
30.52856,75.71165,330.33,0.38,0.36,2025-10-27,0801,N20,VIIRS,n,2,302.29,2.13,D,0
29.64717,75.56622,299.8,0.49,0.4,2025-10-27,2026,N20,VIIRS,n,2,287.17,0.59,N,0
29.87872,76.01804,335.74,0.51,0.41,2025-10-28,0742,N20,VIIRS,n,2,282.12,5.52,D,0
29.84449,75.48749,335.03,0.54,0.42,2025-10-28,0742,N20,VIIRS,n,2,296.79,10.25,D,0
30.08067,76.05669,337.21,0.5,0.41,2025-10-28,0742,N20,VIIRS,n,2,299.39,7.4,D,0
29.92825,75.03806,331.42,0.57,0.43,2025-10-28,0742,N20,VIIRS,n,2,298.44,2.77,D,0
30.0753,75.73413,331.71,0.52,0.41,2025-10-28,0742,N20,VIIRS,n,2,299.8,3.94,D,0
30.18281,75.82574,332.37,0.51,0.41,2025-10-28,0742,N20,VIIRS,n,2,300.43,2.82,D,0
30.17941,75.30119,332.43,0.54,0.42,2025-10-28,0742,N20,VIIRS,n,2,300.87,4.46,D,0
30.49652,76.05996,332.04,0.49,0.41,2025-10-28,0742,N20,VIIRS,l,2,303.27,4.08,D,0
29.69912,75.53395,302.52,0.61,0.53,2025-10-28,2007,N20,VIIRS,n,2,288.62,1.11,N,0
29.80417,75.87996,353.52,0.63,0.54,2025-10-29,0724,N20,VIIRS,n,2,302.08,36.24,D,0
29.86218,75.93,355.01,0.63,0.54,2025-10-29,0724,N20,VIIRS,n,2,302.26,19.23,D,0
30.0807,75.87589,341.47,0.62,0.54,2025-10-29,0724,N20,VIIRS,n,2,300.39,10.26,D,0
30.08263,75.87461,341.15,0.62,0.54,2025-10-29,0724,N20,VIIRS,n,2,300.5,7.39,D,0
30.13132,75.90678,333.12,0.62,0.54,2025-10-29,0724,N20,VIIRS,n,2,299.53,3.87,D,0
30.16085,75.99064,333.04,0.61,0.53,2025-10-29,0724,N20,VIIRS,n,2,299.28,8.44,D,0
30.15412,75.75855,338.74,0.63,0.54,2025-10-29,0724,N20,VIIRS,n,2,300.66,4.1,D,0
30.27433,75.91542,349.23,0.61,0.54,2025-10-29,0724,N20,VIIRS,n,2,302.56,11.65,D,0
30.4056,75.93928,335.65,0.61,0.53,2025-10-29,0724,N20,VIIRS,n,2,299.78,4.1,D,0
30.38672,75.46746,340.66,0.32,0.55,2025-10-29,0724,N20,VIIRS,n,2,299.66,3.13,D,0
30.58822,75.5186,350.47,0.32,0.54,2025-10-29,0724,N20,VIIRS,n,2,300.34,12.32,D,0
29.8253,75.60292,367,0.77,0.77,2025-10-29,0904,N20,VIIRS,h,2,297.7,26.84,D,0
29.82815,75.60455,367,0.77,0.77,2025-10-29,0904,N20,VIIRS,h,2,296.02,22.82,D,0
29.84027,75.16959,336.93,0.72,0.76,2025-10-29,0904,N20,VIIRS,n,2,296.14,5.65,D,0
29.93051,75.01273,340.1,0.71,0.75,2025-10-29,0904,N20,VIIRS,n,2,297.5,7.37,D,0
30.1123,75.03275,331.39,0.71,0.75,2025-10-29,0904,N20,VIIRS,n,2,296.99,5.87,D,0
30.15747,75.78046,346.15,0.79,0.78,2025-10-29,0904,N20,VIIRS,n,2,296.66,11.35,D,0
30.15874,75.77969,346.3,0.79,0.78,2025-10-29,0904,N20,VIIRS,n,2,296.32,16.34,D,0
30.16111,75.24487,338.67,0.73,0.76,2025-10-29,0904,N20,VIIRS,n,2,296.16,6.98,D,0
30.29797,75.76027,329.81,0.79,0.78,2025-10-29,0904,N20,VIIRS,n,2,295.11,8.28,D,0
30.29768,75.75187,338.43,0.79,0.78,2025-10-29,0904,N20,VIIRS,n,2,295.97,8.28,D,0
30.29899,75.75141,343.11,0.79,0.78,2025-10-29,0904,N20,VIIRS,n,2,296.34,12.64,D,0
29.9976,76.06009,330.41,0.58,0.69,2025-10-30,0705,N20,VIIRS,n,2,292.13,3.63,D,0
30.00052,76.05848,333.22,0.58,0.69,2025-10-30,0705,N20,VIIRS,n,2,293.29,3.89,D,0
29.98213,75.84199,333.98,0.59,0.7,2025-10-30,0705,N20,VIIRS,n,2,293.6,4.92,D,0
29.98627,75.78204,330.3,0.6,0.7,2025-10-30,0705,N20,VIIRS,n,2,294.39,4.51,D,0
30.10068,75.74587,339.14,0.6,0.7,2025-10-30,0705,N20,VIIRS,n,2,294.43,3.77,D,0
30.16514,75.88414,331.51,0.58,0.7,2025-10-30,0705,N20,VIIRS,n,2,294.78,5.84,D,0
30.16754,75.88281,332.1,0.58,0.7,2025-10-30,0705,N20,VIIRS,n,2,294.49,3.81,D,0
30.0272,75.17516,353.92,0.65,0.73,2025-10-30,0705,N20,VIIRS,n,2,295.52,10.47,D,0
30.25557,75.88338,340.18,0.58,0.7,2025-10-30,0705,N20,VIIRS,n,2,295.53,6.68,D,0
30.32948,75.01635,350.77,0.65,0.73,2025-10-30,0705,N20,VIIRS,n,2,297.84,8.3,D,0
29.63841,75.47865,349.1,0.39,0.59,2025-10-30,0845,N20,VIIRS,n,2,297.99,4.5,D,0
29.67809,75.7161,338.78,0.4,0.6,2025-10-30,0845,N20,VIIRS,n,2,296.32,4.79,D,0
29.75581,75.96089,367,0.42,0.61,2025-10-30,0845,N20,VIIRS,h,2,298.22,13.82,D,0
29.7621,75.27898,347.71,0.38,0.59,2025-10-30,0845,N20,VIIRS,n,2,297.57,4.26,D,0
29.75901,75.16853,343.63,0.37,0.58,2025-10-30,0845,N20,VIIRS,n,2,298.29,2.71,D,0
29.82764,75.85464,355.21,0.41,0.61,2025-10-30,0845,N20,VIIRS,n,2,297.82,7.21,D,0
29.83294,75.84988,334.68,0.41,0.61,2025-10-30,0845,N20,VIIRS,n,2,296.94,7.27,D,0
29.82538,75.85276,355.85,0.41,0.61,2025-10-30,0845,N20,VIIRS,n,2,298.5,6.67,D,0
29.83072,75.84798,340.36,0.41,0.61,2025-10-30,0845,N20,VIIRS,n,2,298.56,3.46,D,0
29.82938,75.58453,334.76,0.4,0.6,2025-10-30,0845,N20,VIIRS,n,2,295.6,4.72,D,0
29.88276,76.11297,336.65,0.43,0.62,2025-10-30,0845,N20,VIIRS,n,2,297.3,3.58,D,0
29.95285,76.37812,339.15,0.44,0.63,2025-10-30,0845,N20,VIIRS,n,2,294.2,2.48,D,0
30.0021,76.06463,353.52,0.43,0.62,2025-10-30,0845,N20,VIIRS,n,2,295.71,7.29,D,0
29.9996,75.62974,367,0.4,0.6,2025-10-30,0845,N20,VIIRS,h,2,297.42,7.6,D,0
30.01969,75.90783,349.09,0.42,0.61,2025-10-30,0845,N20,VIIRS,n,2,297.09,6.52,D,0
30.00421,75.54123,367,0.4,0.6,2025-10-30,0845,N20,VIIRS,h,2,296.59,8.58,D,0
30.00392,75.54125,367,0.4,0.6,2025-10-30,0845,N20,VIIRS,h,2,295.59,8.3,D,0
30.07619,75.85965,367,0.41,0.61,2025-10-30,0845,N20,VIIRS,h,2,298.25,19.7,D,0
30.07589,75.85531,352.57,0.41,0.61,2025-10-30,0845,N20,VIIRS,n,2,301.29,19.33,D,0
30.08776,75.86304,331.4,0.41,0.61,2025-10-30,0845,N20,VIIRS,n,2,296.37,2.82,D,0
30.08435,75.73328,349.74,0.41,0.6,2025-10-30,0845,N20,VIIRS,n,2,297.46,7.33,D,0
30.05598,75.33902,351.16,0.38,0.59,2025-10-30,0845,N20,VIIRS,n,2,297.18,8.32,D,0
30.05568,75.33498,337.14,0.38,0.59,2025-10-30,0845,N20,VIIRS,n,2,297.57,6.97,D,0
30.10673,75.73139,334.69,0.41,0.6,2025-10-30,0845,N20,VIIRS,n,2,296.77,2.29,D,0
30.11325,75.74374,367,0.41,0.6,2025-10-30,0845,N20,VIIRS,h,2,298.64,7.57,D,0
30.10584,75.41632,343.89,0.39,0.59,2025-10-30,0845,N20,VIIRS,n,2,298.15,4.24,D,0
30.13999,75.72429,331.44,0.41,0.6,2025-10-30,0845,N20,VIIRS,n,2,297.47,1.79,D,0
30.10191,75.43023,331.56,0.39,0.59,2025-10-30,0845,N20,VIIRS,n,2,297.65,2.13,D,0
30.10628,75.41338,342.37,0.39,0.59,2025-10-30,0845,N20,VIIRS,n,2,298.54,4.11,D,0
30.18586,76.27196,330.84,0.44,0.62,2025-10-30,0845,N20,VIIRS,n,2,297.29,2.98,D,0
30.16924,75.9284,341.07,0.42,0.61,2025-10-30,0845,N20,VIIRS,n,2,297.57,5.47,D,0
30.13778,75.39002,330.5,0.39,0.59,2025-10-30,0845,N20,VIIRS,n,2,296.21,1.92,D,0
30.15913,75.22998,336.12,0.38,0.59,2025-10-30,0845,N20,VIIRS,n,2,297.87,3.02,D,0
30.21547,75.9379,341.2,0.42,0.61,2025-10-30,0845,N20,VIIRS,n,2,295.77,6.09,D,0
30.18625,75.37347,336.31,0.39,0.59,2025-10-30,0845,N20,VIIRS,n,2,296.36,5.19,D,0
30.19173,75.37299,349.77,0.39,0.59,2025-10-30,0845,N20,VIIRS,n,2,297.41,6.98,D,0
30.2522,76.13753,348.65,0.43,0.62,2025-10-30,0845,N20,VIIRS,n,2,295.37,5.26,D,0
30.24781,76.13867,342.66,0.43,0.62,2025-10-30,0845,N20,VIIRS,n,2,295.48,6.77,D,0
30.27361,75.91575,342.74,0.42,0.61,2025-10-30,0845,N20,VIIRS,n,2,297.47,3.87,D,0
30.27927,75.91527,367,0.42,0.61,2025-10-30,0845,N20,VIIRS,h,2,297.89,15.12,D,0
30.30542,76.22616,367,0.44,0.62,2025-10-30,0845,N20,VIIRS,h,2,297.44,11.79,D,0
30.29379,75.71292,367,0.41,0.6,2025-10-30,0845,N20,VIIRS,h,2,297.75,9.28,D,0
30.30964,75.85973,341.7,0.42,0.61,2025-10-30,0845,N20,VIIRS,n,2,297.06,3.56,D,0
30.33319,76.03625,346.33,0.43,0.62,2025-10-30,0845,N20,VIIRS,n,2,297.62,6.23,D,0
30.35012,75.86964,367,0.42,0.61,2025-10-30,0845,N20,VIIRS,h,2,295.56,14.21,D,0
30.34751,75.86927,367,0.42,0.61,2025-10-30,0845,N20,VIIRS,h,2,297.06,13.09,D,0
30.38975,75.90567,335.02,0.42,0.61,2025-10-30,0845,N20,VIIRS,n,2,295.45,7.91,D,0
30.38945,75.90124,347.99,0.42,0.61,2025-10-30,0845,N20,VIIRS,n,2,296.17,9.73,D,0
30.42402,75.50932,367,0.4,0.6,2025-10-30,0845,N20,VIIRS,h,2,296.99,7.21,D,0
30.42352,75.50956,352.24,0.4,0.6,2025-10-30,0845,N20,VIIRS,n,2,296.48,8.78,D,0
30.45892,75.79011,335.05,0.41,0.61,2025-10-30,0845,N20,VIIRS,n,2,296.85,2.26,D,0
30.41936,75.12862,344.85,0.38,0.59,2025-10-30,0845,N20,VIIRS,n,2,297.95,4.02,D,0
30.53751,75.77922,342.54,0.41,0.61,2025-10-30,0845,N20,VIIRS,n,2,298.69,5.45,D,0
30.53743,75.72408,339.02,0.41,0.61,2025-10-30,0845,N20,VIIRS,n,2,297.3,2.89,D,0
30.52321,75.18038,331.15,0.38,0.59,2025-10-30,0845,N20,VIIRS,n,2,297.4,2.35,D,0
30.53699,75.06702,338.55,0.37,0.58,2025-10-30,0845,N20,VIIRS,n,2,299.06,2.72,D,0
29.64831,75.91442,336.02,0.43,0.46,2025-10-31,0826,N20,VIIRS,n,2,302.13,8.01,D,0
29.68812,75.92425,331.6,0.43,0.46,2025-10-31,0826,N20,VIIRS,n,2,298.55,2.7,D,0
29.75667,76.04743,334.21,0.44,0.46,2025-10-31,0826,N20,VIIRS,n,2,299.9,3.22,D,0
29.70675,75.3134,338.16,0.4,0.44,2025-10-31,0826,N20,VIIRS,n,2,298.72,6.75,D,0
29.79517,75.88382,332.61,0.43,0.46,2025-10-31,0826,N20,VIIRS,n,2,300.56,2.7,D,0
29.80442,75.93241,340.36,0.43,0.46,2025-10-31,0826,N20,VIIRS,n,2,301.04,5.46,D,0
29.80689,75.87321,343.91,0.43,0.46,2025-10-31,0826,N20,VIIRS,n,2,307.11,31.33,D,0
29.80793,75.80125,351.16,0.42,0.46,2025-10-31,0826,N20,VIIRS,n,2,302.4,8.22,D,0
29.8145,75.74248,336.52,0.42,0.45,2025-10-31,0826,N20,VIIRS,n,2,299.97,4.2,D,0
29.83871,75.89156,340.36,0.43,0.46,2025-10-31,0826,N20,VIIRS,n,2,301.86,3.48,D,0
29.78932,75.39056,344.05,0.4,0.44,2025-10-31,0826,N20,VIIRS,n,2,299.79,5.04,D,0
29.84056,75.82819,331.67,0.43,0.46,2025-10-31,0826,N20,VIIRS,n,2,301.49,2.47,D,0
29.81543,75.59303,336.24,0.41,0.45,2025-10-31,0826,N20,VIIRS,n,2,300.57,2.63,D,0
29.87217,76.0057,340.94,0.44,0.46,2025-10-31,0826,N20,VIIRS,n,2,301.91,4.04,D,0
29.93615,75.83955,334.21,0.43,0.46,2025-10-31,0826,N20,VIIRS,n,2,302.69,3.52,D,0
29.97912,76.12823,332.33,0.44,0.46,2025-10-31,0826,N20,VIIRS,n,2,303.12,2.24,D,0
29.99202,76.16889,345.71,0.45,0.47,2025-10-31,0826,N20,VIIRS,n,2,304.47,12.6,D,0
30.02172,76.20289,353.98,0.45,0.47,2025-10-31,0826,N20,VIIRS,n,2,306.89,16.31,D,0
30.01954,76.20345,351.36,0.45,0.47,2025-10-31,0826,N20,VIIRS,n,2,305.58,17.66,D,0
29.95869,75.55697,338.93,0.41,0.45,2025-10-31,0826,N20,VIIRS,n,2,301.15,2.77,D,0
29.94534,75.31019,331.1,0.4,0.44,2025-10-31,0826,N20,VIIRS,n,2,298.79,8.4,D,0
29.9449,75.30603,337.79,0.4,0.44,2025-10-31,0826,N20,VIIRS,n,2,303.85,8.4,D,0
30.04071,76.15331,336.61,0.45,0.47,2025-10-31,0826,N20,VIIRS,n,2,302.57,3.53,D,0
30.01528,75.90148,355.06,0.43,0.46,2025-10-31,0826,N20,VIIRS,n,2,304.77,10.92,D,0
29.95041,75.28,340.71,0.4,0.44,2025-10-31,0826,N20,VIIRS,n,2,300.16,5.74,D,0
29.94952,75.27173,331.03,0.4,0.44,2025-10-31,0826,N20,VIIRS,n,2,299.9,1.89,D,0
29.95359,75.27116,339.97,0.4,0.44,2025-10-31,0826,N20,VIIRS,n,2,300.34,3.19,D,0
30.02427,75.86384,342.81,0.43,0.46,2025-10-31,0826,N20,VIIRS,n,2,306.54,12.63,D,0
30.0373,75.94889,342.55,0.44,0.46,2025-10-31,0826,N20,VIIRS,n,2,304.31,7.84,D,0
30.03219,75.89921,342.03,0.43,0.46,2025-10-31,0826,N20,VIIRS,n,2,306.6,11.66,D,0
30.03039,75.84035,343.69,0.43,0.46,2025-10-31,0826,N20,VIIRS,n,2,309.52,18.03,D,0
30.07125,76.15404,354.79,0.45,0.47,2025-10-31,0826,N20,VIIRS,n,2,307.15,10.94,D,0
30.04161,75.86607,338.82,0.43,0.46,2025-10-31,0826,N20,VIIRS,n,2,304.77,3.66,D,0
30.08403,75.7431,343.65,0.42,0.46,2025-10-31,0826,N20,VIIRS,n,2,303.25,3.98,D,0
30.08508,75.7445,342.36,0.42,0.46,2025-10-31,0826,N20,VIIRS,n,2,304.54,6.07,D,0
30.08927,75.74393,341.78,0.42,0.46,2025-10-31,0826,N20,VIIRS,n,2,303.93,6.07,D,0
30.09391,75.7478,341.78,0.42,0.46,2025-10-31,0826,N20,VIIRS,n,2,303.88,3.76,D,0
30.02739,75.11182,342.56,0.39,0.44,2025-10-31,0826,N20,VIIRS,n,2,305.59,13.21,D,0
30.13148,76.07755,345.38,0.44,0.46,2025-10-31,0826,N20,VIIRS,n,2,306.67,5.68,D,0
30.11586,75.92184,338.93,0.43,0.46,2025-10-31,0826,N20,VIIRS,n,2,302.07,3.39,D,0
30.05624,75.26619,340.26,0.4,0.44,2025-10-31,0826,N20,VIIRS,n,2,300.82,2.95,D,0
30.17581,76.39283,336.26,0.46,0.47,2025-10-31,0826,N20,VIIRS,n,2,303.37,3.67,D,0
30.06031,75.26562,340.73,0.4,0.44,2025-10-31,0826,N20,VIIRS,n,2,302.41,5.78,D,0
30.04573,75.12988,339.88,0.39,0.44,2025-10-31,0826,N20,VIIRS,n,2,302.22,3.74,D,0
30.14169,75.96443,339.46,0.44,0.46,2025-10-31,0826,N20,VIIRS,n,2,303.4,11.28,D,0
30.14123,75.95988,345.77,0.44,0.46,2025-10-31,0826,N20,VIIRS,n,2,304.15,11.28,D,0
30.15201,76.02338,339.54,0.44,0.46,2025-10-31,0826,N20,VIIRS,n,2,304.06,3.32,D,0
30.15628,76.02283,348.69,0.44,0.46,2025-10-31,0826,N20,VIIRS,n,2,304.27,6.41,D,0
30.15635,75.93944,333.43,0.44,0.46,2025-10-31,0826,N20,VIIRS,n,2,303.97,2.75,D,0
30.20444,76.28216,340.38,0.46,0.47,2025-10-31,0826,N20,VIIRS,n,2,302.3,6.37,D,0
30.20395,76.2774,334.48,0.46,0.47,2025-10-31,0826,N20,VIIRS,n,2,303.7,5.21,D,0
30.09608,75.21441,331.5,0.4,0.44,2025-10-31,0826,N20,VIIRS,n,2,300.53,1.96,D,0
30.16428,75.72932,346.36,0.42,0.46,2025-10-31,0826,N20,VIIRS,n,2,302.78,7,D,0
30.13119,75.42191,341.25,0.41,0.45,2025-10-31,0826,N20,VIIRS,n,2,306.21,18.95,D,0
30.16847,75.72876,342.7,0.42,0.46,2025-10-31,0826,N20,VIIRS,n,2,303.41,4.56,D,0
30.18597,75.853,346.49,0.43,0.46,2025-10-31,0826,N20,VIIRS,n,2,305.7,12.08,D,0
30.19065,75.73114,337.34,0.43,0.46,2025-10-31,0826,N20,VIIRS,n,2,304.14,3.03,D,0
30.13326,75.13851,336.79,0.39,0.44,2025-10-31,0826,N20,VIIRS,n,2,299.51,4.76,D,0
30.13283,75.1344,336.72,0.39,0.44,2025-10-31,0826,N20,VIIRS,n,2,301.56,6.04,D,0
30.25296,76.1813,348.3,0.45,0.47,2025-10-31,0826,N20,VIIRS,n,2,312.02,25.5,D,0
30.21607,75.81358,342.07,0.43,0.46,2025-10-31,0826,N20,VIIRS,n,2,306.16,12.78,D,0
30.25213,76.12904,338.83,0.45,0.47,2025-10-31,0826,N20,VIIRS,n,2,302.62,4.65,D,0
30.23508,75.91628,332.52,0.44,0.46,2025-10-31,0826,N20,VIIRS,n,2,302.54,2.2,D,0
30.23701,75.89302,340.28,0.43,0.46,2025-10-31,0826,N20,VIIRS,n,2,301.92,5.56,D,0
30.23656,75.88848,338.87,0.43,0.46,2025-10-31,0826,N20,VIIRS,n,2,305.79,6.72,D,0
30.19022,75.36269,337.5,0.41,0.45,2025-10-31,0826,N20,VIIRS,n,2,301.24,3.23,D,0
30.24927,75.88678,340.49,0.43,0.46,2025-10-31,0826,N20,VIIRS,n,2,302.49,3.29,D,0
30.26198,75.8851,341.13,0.43,0.46,2025-10-31,0826,N20,VIIRS,n,2,301.85,4.57,D,0
30.26716,75.89359,340.11,0.43,0.46,2025-10-31,0826,N20,VIIRS,n,2,300.87,6.79,D,0
30.26669,75.88906,338.38,0.43,0.46,2025-10-31,0826,N20,VIIRS,n,2,303.65,6.79,D,0
30.27565,75.93398,354.2,0.44,0.46,2025-10-31,0826,N20,VIIRS,n,2,305.24,13.25,D,0
30.26998,75.87943,349.76,0.43,0.46,2025-10-31,0826,N20,VIIRS,n,2,303.93,11.07,D,0
30.18995,75.09313,338.19,0.39,0.44,2025-10-31,0826,N20,VIIRS,n,2,305.88,9.07,D,0
30.24284,75.50253,339.46,0.41,0.45,2025-10-31,0826,N20,VIIRS,n,2,303.37,4.72,D,0
30.30607,76.06057,342.75,0.44,0.46,2025-10-31,0826,N20,VIIRS,n,2,303.72,2.93,D,0
30.23076,75.31432,341.43,0.4,0.44,2025-10-31,0826,N20,VIIRS,n,2,302.31,4.96,D,0
30.29707,75.77094,333.36,0.43,0.46,2025-10-31,0826,N20,VIIRS,n,2,303.25,2.04,D,0
30.29765,75.77255,332.69,0.43,0.46,2025-10-31,0827,N20,VIIRS,n,2,303.73,2.75,D,0
30.30517,75.76249,332.71,0.43,0.46,2025-10-31,0827,N20,VIIRS,n,2,303.81,1.93,D,0
30.29249,75.5146,344.33,0.41,0.45,2025-10-31,0827,N20,VIIRS,n,2,306.31,15.12,D,0
30.33953,75.8904,332.54,0.44,0.46,2025-10-31,0827,N20,VIIRS,n,2,301.92,3.86,D,0
30.36262,75.90579,332.67,0.44,0.46,2025-10-31,0827,N20,VIIRS,l,2,302.96,3.34,D,0
30.39191,76.10818,343.4,0.45,0.47,2025-10-31,0827,N20,VIIRS,n,2,303.95,5.42,D,0
30.3599,75.71442,337.91,0.43,0.46,2025-10-31,0827,N20,VIIRS,n,2,303.49,5.67,D,0
30.35943,75.70998,335.71,0.43,0.46,2025-10-31,0827,N20,VIIRS,n,2,301.7,4.17,D,0
30.37853,75.6894,353.17,0.42,0.46,2025-10-31,0827,N20,VIIRS,n,2,310.16,30.32,D,0
30.39221,75.77802,343.33,0.43,0.46,2025-10-31,0827,N20,VIIRS,n,2,304.08,9.8,D,0
30.46004,76.3458,341.97,0.46,0.47,2025-10-31,0827,N20,VIIRS,n,2,306.94,9.57,D,0
30.3995,75.68657,345.53,0.42,0.46,2025-10-31,0827,N20,VIIRS,n,2,302.81,4.99,D,0
30.4608,76.34752,343.04,0.46,0.47,2025-10-31,0827,N20,VIIRS,n,2,307.21,15.85,D,0
30.40024,75.68744,340.13,0.43,0.46,2025-10-31,0827,N20,VIIRS,n,2,302.34,5.71,D,0
30.43342,75.84682,336.2,0.43,0.46,2025-10-31,0827,N20,VIIRS,n,2,302.32,2.8,D,0
30.45798,76.04881,331.71,0.45,0.47,2025-10-31,0827,N20,VIIRS,n,2,303.46,2.97,D,0
30.43272,75.75544,336.95,0.43,0.46,2025-10-31,0827,N20,VIIRS,n,2,303.82,3.52,D,0
30.5088,76.38577,346.28,0.47,0.48,2025-10-31,0827,N20,VIIRS,n,2,303.07,6.09,D,0
30.43479,75.65128,348.39,0.42,0.45,2025-10-31,0827,N20,VIIRS,n,2,303.19,7.15,D,0
30.49979,76.24951,337.77,0.46,0.47,2025-10-31,0827,N20,VIIRS,n,2,302.46,6.89,D,0
30.45898,75.6795,336.56,0.43,0.46,2025-10-31,0827,N20,VIIRS,n,2,302.85,2.91,D,0
30.54241,76.45615,344.61,0.47,0.48,2025-10-31,0827,N20,VIIRS,n,2,302.58,6.71,D,0
30.54431,76.34167,340.18,0.46,0.47,2025-10-31,0827,N20,VIIRS,n,2,303.58,4.38,D,0
30.43168,75.19021,342.33,0.4,0.44,2025-10-31,0827,N20,VIIRS,n,2,306.66,17.94,D,0
30.44542,75.08726,349.94,0.39,0.44,2025-10-31,0827,N20,VIIRS,n,2,302.13,8.67,D,0
30.56468,76.17918,340.61,0.46,0.47,2025-10-31,0827,N20,VIIRS,n,2,303.36,4.01,D,0
30.56111,75.92324,337.29,0.44,0.46,2025-10-31,0827,N20,VIIRS,n,2,301.78,2.74,D,0
30.59317,76.11292,334.04,0.45,0.47,2025-10-31,0827,N20,VIIRS,n,2,301.17,2.29,D,0
30.56656,75.72434,330.84,0.43,0.46,2025-10-31,0827,N20,VIIRS,n,2,301.01,2.86,D,0
30.53887,75.30325,334.52,0.41,0.45,2025-10-31,0827,N20,VIIRS,n,2,299.81,2.45,D,0
30.58668,75.71253,337,0.43,0.46,2025-10-31,0827,N20,VIIRS,n,2,302.09,3.01,D,0
30.52601,75.07167,333.37,0.39,0.44,2025-10-31,0827,N20,VIIRS,n,2,302.15,3.29,D,0
30.58743,75.42318,341.38,0.41,0.45,2025-10-31,0827,N20,VIIRS,n,2,303.77,5.92,D,0
30.54664,75.03145,339.58,0.39,0.44,2025-10-31,0827,N20,VIIRS,n,2,299.61,3.9,D,0
29.90507,75.38285,302.85,0.41,0.37,2025-10-31,2051,N20,VIIRS,n,2,289.89,0.53,N,0
29.6162,76.1552,331.18,0.41,0.37,2025-11-01,0807,N20,VIIRS,n,2,300.77,1.82,D,0
29.60161,75.92384,331.9,0.4,0.37,2025-11-01,0807,N20,VIIRS,n,2,300.38,4.54,D,0
29.60104,75.91972,330.08,0.4,0.37,2025-11-01,0807,N20,VIIRS,n,2,301.53,3.87,D,0
29.75998,76.13467,336.62,0.41,0.37,2025-11-01,0808,N20,VIIRS,n,2,304.04,3.02,D,0
29.77107,76.06416,334.21,0.4,0.37,2025-11-01,0808,N20,VIIRS,n,2,302.85,1.57,D,0
29.77445,76.06355,330.25,0.4,0.37,2025-11-01,0808,N20,VIIRS,n,2,301.12,2.55,D,0
29.73441,75.75288,330.33,0.4,0.37,2025-11-01,0808,N20,VIIRS,n,2,304.52,1.74,D,0
29.77346,75.72514,334.75,0.4,0.37,2025-11-01,0808,N20,VIIRS,l,2,306.41,10.86,D,0
29.85183,76.26982,331.65,0.41,0.37,2025-11-01,0808,N20,VIIRS,n,2,302.79,2.29,D,0
29.81952,75.93232,339.31,0.4,0.37,2025-11-01,0808,N20,VIIRS,n,2,306.03,6.27,D,0
29.80604,75.76124,336.32,0.4,0.37,2025-11-01,0808,N20,VIIRS,n,2,305.02,2.86,D,0
29.86179,76.13848,333.93,0.41,0.37,2025-11-01,0808,N20,VIIRS,n,2,303.8,3.2,D,0
29.86122,76.13428,332.81,0.41,0.37,2025-11-01,0808,N20,VIIRS,l,2,303.4,3.2,D,0
29.8646,76.13367,333.22,0.41,0.37,2025-11-01,0808,N20,VIIRS,n,2,301.92,4.47,D,0
29.8728,76.04208,331.52,0.41,0.37,2025-11-01,0808,N20,VIIRS,n,2,302.77,1.6,D,0
29.89298,76.16302,334.97,0.41,0.37,2025-11-01,0808,N20,VIIRS,l,2,307.41,8.38,D,0
29.92831,76.39559,336.61,0.41,0.37,2025-11-01,0808,N20,VIIRS,n,2,307.05,7.15,D,0
29.89107,76.09882,331.12,0.41,0.37,2025-11-01,0808,N20,VIIRS,n,2,302.1,1.92,D,0
29.89049,76.09462,331.89,0.41,0.37,2025-11-01,0808,N20,VIIRS,n,2,303.89,1.92,D,0
29.83139,75.67242,348.24,0.4,0.37,2025-11-01,0808,N20,VIIRS,n,2,309.85,21.48,D,0
29.83474,75.6718,333.79,0.4,0.37,2025-11-01,0808,N20,VIIRS,n,2,302.93,2.17,D,0
29.79905,75.37388,330.1,0.39,0.36,2025-11-01,0808,N20,VIIRS,l,2,302.75,2.59,D,0
29.89731,75.96926,341.02,0.4,0.37,2025-11-01,0808,N20,VIIRS,n,2,304.92,45.37,D,0
29.78264,75.16625,334.62,0.39,0.36,2025-11-01,0808,N20,VIIRS,n,2,302.95,1.54,D,0
29.88846,75.88149,336.75,0.4,0.37,2025-11-01,0808,N20,VIIRS,n,2,305.9,5.86,D,0
29.90136,75.9653,330.55,0.4,0.37,2025-11-01,0808,N20,VIIRS,l,2,301.86,3.66,D,0
29.83546,75.46764,334.62,0.39,0.36,2025-11-01,0808,N20,VIIRS,n,2,302.89,2.86,D,0
29.84213,75.46638,332.45,0.39,0.36,2025-11-01,0808,N20,VIIRS,l,2,303.87,2.7,D,0
29.80438,75.15462,330.42,0.39,0.36,2025-11-01,0808,N20,VIIRS,n,2,301.28,1.75,D,0
29.93239,75.98954,334.02,0.4,0.37,2025-11-01,0808,N20,VIIRS,l,2,304.39,2.25,D,0
29.97945,76.30912,332.75,0.41,0.37,2025-11-01,0808,N20,VIIRS,l,2,306.66,6.86,D,0
29.97412,76.19279,342.93,0.41,0.37,2025-11-01,0808,N20,VIIRS,n,2,307.92,15.89,D,0
29.9683,76.1247,331.53,0.41,0.37,2025-11-01,0808,N20,VIIRS,l,2,303.25,2.86,D,0
30.01357,76.30302,333.52,0.41,0.37,2025-11-01,0808,N20,VIIRS,n,2,303.06,2.46,D,0
30.00571,76.14385,332.65,0.41,0.37,2025-11-01,0808,N20,VIIRS,n,2,301.76,2.67,D,0
30.00437,76.08374,343.63,0.41,0.37,2025-11-01,0808,N20,VIIRS,n,2,305.78,9.97,D,0
30.00776,76.08312,348.07,0.41,0.37,2025-11-01,0808,N20,VIIRS,n,2,304.43,6.45,D,0
29.89793,75.3063,332.39,0.39,0.36,2025-11-01,0808,N20,VIIRS,n,2,301.3,1.44,D,0
30.03332,76.13962,336.09,0.41,0.37,2025-11-01,0808,N20,VIIRS,n,2,307,17.63,D,0
30.03671,76.139,343.98,0.41,0.37,2025-11-01,0808,N20,VIIRS,n,2,308.76,17.63,D,0
30.02357,76.04226,331.98,0.41,0.37,2025-11-01,0808,N20,VIIRS,n,2,301.21,3.36,D,0
29.98861,75.76295,333.71,0.4,0.37,2025-11-01,0808,N20,VIIRS,n,2,304.56,2.36,D,0
29.9415,75.30678,343.83,0.39,0.36,2025-11-01,0808,N20,VIIRS,n,2,303.71,8.29,D,0
29.9799,75.52882,346.76,0.4,0.37,2025-11-01,0808,N20,VIIRS,n,2,304.53,5.78,D,0
29.99985,75.62165,338.22,0.4,0.37,2025-11-01,0808,N20,VIIRS,n,2,305.55,3.18,D,0
30.00375,75.50343,334.01,0.4,0.37,2025-11-01,0808,N20,VIIRS,n,2,302.05,19.05,D,0
30.00317,75.49935,307.63,0.4,0.37,2025-11-01,0808,N20,VIIRS,l,2,313.01,19.05,D,0
30.09843,76.13219,332.41,0.41,0.37,2025-11-01,0808,N20,VIIRS,l,2,302.64,2.08,D,0
29.98111,75.24953,339.02,0.39,0.36,2025-11-01,0808,N20,VIIRS,n,2,306.22,8.15,D,0
30.10455,76.10082,333.22,0.41,0.37,2025-11-01,0808,N20,VIIRS,n,2,302.54,2.41,D,0
29.95706,75.05996,343.34,0.39,0.36,2025-11-01,0808,N20,VIIRS,n,2,308.68,12.29,D,0
30.12364,76.06285,345.01,0.41,0.37,2025-11-01,0808,N20,VIIRS,n,2,304.49,4.88,D,0
30.07631,75.70023,330.1,0.4,0.37,2025-11-01,0808,N20,VIIRS,n,2,301.72,1.6,D,0
30.11232,75.93176,333.11,0.4,0.37,2025-11-01,0808,N20,VIIRS,n,2,302.55,1.46,D,0
30.09483,75.80703,330.22,0.4,0.37,2025-11-01,0808,N20,VIIRS,n,2,302.98,1.64,D,0
30.07734,75.68314,332.15,0.4,0.37,2025-11-01,0808,N20,VIIRS,n,2,305.13,1.3,D,0
30.07909,75.68307,337.78,0.4,0.37,2025-11-01,0808,N20,VIIRS,n,2,306.92,3.68,D,0
30.10593,75.85213,346.86,0.4,0.37,2025-11-01,0808,N20,VIIRS,n,2,306.81,5.42,D,0
30.06205,75.46341,334.8,0.39,0.37,2025-11-01,0808,N20,VIIRS,n,2,304.92,2.21,D,0
30.09875,75.70057,344.09,0.4,0.37,2025-11-01,0808,N20,VIIRS,n,2,307.08,10.4,D,0
30.13139,75.91151,332.36,0.4,0.37,2025-11-01,0808,N20,VIIRS,n,2,302.35,3.35,D,0
30.1044,75.71645,344.61,0.4,0.37,2025-11-01,0808,N20,VIIRS,n,2,303.3,3.81,D,0
30.11178,75.74474,337.56,0.4,0.37,2025-11-01,0808,N20,VIIRS,n,2,303.06,4.76,D,0
30.15124,75.95501,333.71,0.4,0.37,2025-11-01,0808,N20,VIIRS,l,2,303.87,5.2,D,0
30.14951,75.94246,331.64,0.4,0.37,2025-11-01,0808,N20,VIIRS,l,2,302.59,6.3,D,0
30.14893,75.93828,345.09,0.4,0.37,2025-11-01,0808,N20,VIIRS,n,2,307.04,6.3,D,0
30.15346,75.94602,341.57,0.4,0.37,2025-11-01,0808,N20,VIIRS,n,2,304.62,8.05,D,0
30.12724,75.68261,333.45,0.4,0.37,2025-11-01,0808,N20,VIIRS,n,2,304.22,1.9,D,0
30.10933,75.55522,331.15,0.4,0.37,2025-11-01,0808,N20,VIIRS,n,2,302.12,1.39,D,0
30.2329,76.40143,336.61,0.42,0.37,2025-11-01,0808,N20,VIIRS,n,2,304.79,2.66,D,0
30.16454,75.75198,343.21,0.4,0.37,2025-11-01,0808,N20,VIIRS,n,2,305.72,10.18,D,0
30.07894,75.12753,331.02,0.39,0.36,2025-11-01,0808,N20,VIIRS,l,2,303.05,1.69,D,0
30.15777,75.63046,334.91,0.4,0.37,2025-11-01,0808,N20,VIIRS,n,2,301.65,2.76,D,0
30.24372,76.19772,333.18,0.41,0.37,2025-11-01,0808,N20,VIIRS,n,2,301.14,2.05,D,0
30.09379,75.04206,337.84,0.39,0.36,2025-11-01,0808,N20,VIIRS,n,2,303.9,4.31,D,0
30.19416,75.63271,343.76,0.4,0.37,2025-11-01,0808,N20,VIIRS,n,2,305.63,7.2,D,0
30.28177,76.14374,342.35,0.41,0.37,2025-11-01,0808,N20,VIIRS,n,2,302.58,3.65,D,0
30.14446,75.16095,334.22,0.39,0.36,2025-11-01,0808,N20,VIIRS,n,2,306.11,3.27,D,0
30.21648,75.62009,334.77,0.4,0.37,2025-11-01,0808,N20,VIIRS,n,2,304.09,3.08,D,0
30.136,75.05498,336.09,0.39,0.36,2025-11-01,0808,N20,VIIRS,n,2,304.42,5.84,D,0
30.28967,76.12493,337.92,0.41,0.37,2025-11-01,0808,N20,VIIRS,n,2,303.23,4.68,D,0
30.24168,75.75113,333.49,0.4,0.37,2025-11-01,0808,N20,VIIRS,n,2,303.61,2.5,D,0
30.27962,75.97532,336.54,0.41,0.37,2025-11-01,0808,N20,VIIRS,n,2,301.86,7.16,D,0
30.20322,75.23698,333.46,0.39,0.36,2025-11-01,0808,N20,VIIRS,n,2,303.41,3.62,D,0
30.32874,76.10484,335.29,0.41,0.37,2025-11-01,0808,N20,VIIRS,n,2,301.85,3.23,D,0
30.28763,75.73414,332.75,0.4,0.37,2025-11-01,0808,N20,VIIRS,n,2,302.86,4.7,D,0
30.28413,75.70927,346.61,0.4,0.37,2025-11-01,0808,N20,VIIRS,n,2,304.35,7.72,D,0
30.29319,75.72462,338.87,0.4,0.37,2025-11-01,0808,N20,VIIRS,n,2,313.45,24.6,D,0
30.3404,75.98259,333.58,0.41,0.37,2025-11-01,0808,N20,VIIRS,n,2,302.83,2.78,D,0
30.28228,75.5117,330.27,0.4,0.37,2025-11-01,0808,N20,VIIRS,l,2,303.3,1.96,D,0
30.28563,75.51108,332.58,0.4,0.37,2025-11-01,0808,N20,VIIRS,n,2,303.07,2.28,D,0
30.30096,75.5715,341.16,0.4,0.37,2025-11-01,0808,N20,VIIRS,n,2,307.12,15.33,D,0
30.30432,75.57087,341.74,0.4,0.37,2025-11-01,0808,N20,VIIRS,n,2,304.45,15.33,D,0
30.37066,75.89951,334.19,0.4,0.37,2025-11-01,0808,N20,VIIRS,n,2,303.51,2.46,D,0
30.44499,76.29081,335.27,0.41,0.37,2025-11-01,0808,N20,VIIRS,n,2,302.55,6.27,D,0
30.44192,76.21661,334.16,0.41,0.37,2025-11-01,0808,N20,VIIRS,n,2,303,3.73,D,0
30.4011,75.89394,336.25,0.4,0.37,2025-11-01,0808,N20,VIIRS,n,2,310.43,23.21,D,0
30.42465,75.98887,348.54,0.41,0.37,2025-11-01,0808,N20,VIIRS,n,2,303.69,5.02,D,0
30.42979,76.00092,348.37,0.41,0.37,2025-11-01,0808,N20,VIIRS,n,2,304.11,6.49,D,0
30.40621,75.78149,335.5,0.4,0.37,2025-11-01,0808,N20,VIIRS,n,2,302.81,4.19,D,0
30.45389,76.07467,330.14,0.41,0.37,2025-11-01,0808,N20,VIIRS,n,2,303.58,1.59,D,0
30.33914,75.19579,333.2,0.39,0.36,2025-11-01,0808,N20,VIIRS,n,2,301.61,2.47,D,0
30.4248,75.78305,336.15,0.4,0.37,2025-11-01,0808,N20,VIIRS,n,2,303.62,3.3,D,0
30.51146,76.37286,334.3,0.42,0.38,2025-11-01,0808,N20,VIIRS,n,2,300.63,3.03,D,0
30.44585,75.86069,339.25,0.4,0.37,2025-11-01,0808,N20,VIIRS,n,2,302.42,3.76,D,0
30.40697,75.50584,332.5,0.4,0.37,2025-11-01,0808,N20,VIIRS,n,2,302.34,2.49,D,0
30.36301,75.19542,341.35,0.39,0.36,2025-11-01,0808,N20,VIIRS,n,2,304.58,6.04,D,0
30.51176,76.19177,333.51,0.41,0.37,2025-11-01,0808,N20,VIIRS,n,2,301.68,3.63,D,0
30.45746,75.79417,332.85,0.4,0.37,2025-11-01,0808,N20,VIIRS,l,2,303.43,1.85,D,0
30.38923,75.30739,331.18,0.39,0.36,2025-11-01,0808,N20,VIIRS,n,2,302.86,1.48,D,0
30.49898,76.07169,333.75,0.41,0.37,2025-11-01,0808,N20,VIIRS,n,2,301.82,2.97,D,0
30.46064,75.74222,334.96,0.4,0.37,2025-11-01,0808,N20,VIIRS,n,2,302.35,2.29,D,0
30.55906,76.41333,338.72,0.42,0.38,2025-11-01,0808,N20,VIIRS,n,2,302.53,10.29,D,0
30.51375,76.07772,343.95,0.41,0.37,2025-11-01,0808,N20,VIIRS,n,2,306.35,8.58,D,0
30.51715,76.0771,341.16,0.41,0.37,2025-11-01,0808,N20,VIIRS,n,2,302.96,8.58,D,0
30.56653,76.41646,339.82,0.42,0.38,2025-11-01,0808,N20,VIIRS,n,2,305.34,16.98,D,0
30.47644,75.75641,331.08,0.4,0.37,2025-11-01,0808,N20,VIIRS,n,2,305.02,2.24,D,0
30.37821,75.06358,332.69,0.39,0.36,2025-11-01,0808,N20,VIIRS,n,2,301.66,2.29,D,0
30.40177,75.1797,333.44,0.39,0.36,2025-11-01,0808,N20,VIIRS,n,2,303.82,2.19,D,0
30.55793,75.83698,333.75,0.4,0.37,2025-11-01,0808,N20,VIIRS,n,2,302.51,2.49,D,0
30.56584,75.84414,343.71,0.4,0.37,2025-11-01,0808,N20,VIIRS,n,2,301.37,4.14,D,0
30.58539,75.56248,333.08,0.4,0.37,2025-11-01,0808,N20,VIIRS,n,2,302.85,1.96,D,0
29.63276,76.40527,333.45,0.42,0.38,2025-11-02,0749,N20,VIIRS,n,2,302.82,3.19,D,0
29.66332,76.3759,333.15,0.42,0.38,2025-11-02,0749,N20,VIIRS,n,2,301.9,5.87,D,0
29.68613,76.38421,330.69,0.42,0.38,2025-11-02,0749,N20,VIIRS,n,2,302.45,2.12,D,0
29.74255,76.40842,352.19,0.42,0.38,2025-11-02,0749,N20,VIIRS,n,2,309.21,28.48,D,0
29.66507,75.74066,332.79,0.45,0.39,2025-11-02,0749,N20,VIIRS,n,2,304.54,3.51,D,0
29.79171,76.2802,332.16,0.43,0.38,2025-11-02,0749,N20,VIIRS,n,2,302.31,2.1,D,0
29.79546,76.04372,333.59,0.43,0.38,2025-11-02,0749,N20,VIIRS,n,2,303.2,2.27,D,0
29.78693,75.89277,340.63,0.44,0.38,2025-11-02,0749,N20,VIIRS,n,2,304.94,4.5,D,0
29.75977,75.73946,334.07,0.45,0.39,2025-11-02,0749,N20,VIIRS,n,2,306.88,3.1,D,0
29.81479,75.88631,333.73,0.44,0.38,2025-11-02,0749,N20,VIIRS,n,2,305.15,3.05,D,0
29.85421,75.79909,331.17,0.44,0.38,2025-11-02,0749,N20,VIIRS,n,2,303.64,1.73,D,0
29.92619,76.16604,334.96,0.43,0.38,2025-11-02,0749,N20,VIIRS,l,2,306.9,5.33,D,0
29.89593,75.95263,332.22,0.44,0.38,2025-11-02,0749,N20,VIIRS,l,2,304.2,2.21,D,0
29.96408,76.15736,333.57,0.43,0.38,2025-11-02,0749,N20,VIIRS,l,2,304.9,15.54,D,0
29.79314,75.13081,333.03,0.47,0.4,2025-11-02,0749,N20,VIIRS,n,2,303.55,1.71,D,0
29.87741,75.58036,339.87,0.45,0.39,2025-11-02,0749,N20,VIIRS,n,2,304.15,14.37,D,0
29.98869,76.09236,333.75,0.43,0.38,2025-11-02,0749,N20,VIIRS,n,2,303.76,5.15,D,0
30.02279,76.15384,330.06,0.43,0.38,2025-11-02,0749,N20,VIIRS,n,2,303.38,1.7,D,0
30.01775,76.06367,330.2,0.43,0.38,2025-11-02,0749,N20,VIIRS,n,2,301.86,1.55,D,0
30.0212,76.06288,334.47,0.43,0.38,2025-11-02,0749,N20,VIIRS,n,2,303.09,3.06,D,0
30.02697,76.07529,333.96,0.43,0.38,2025-11-02,0749,N20,VIIRS,n,2,302.46,4.15,D,0
30.0262,76.0709,332.53,0.43,0.38,2025-11-02,0749,N20,VIIRS,n,2,302.29,2.4,D,0
30.02228,76.0075,334.41,0.43,0.38,2025-11-02,0749,N20,VIIRS,n,2,302.97,2.73,D,0
30.01216,75.94984,336.16,0.43,0.38,2025-11-02,0749,N20,VIIRS,n,2,309.25,16.04,D,0
29.89885,75.3151,344.19,0.46,0.39,2025-11-02,0749,N20,VIIRS,n,2,309.5,19.68,D,0
30.04038,76.04927,344.92,0.43,0.38,2025-11-02,0749,N20,VIIRS,n,2,304.22,10.96,D,0
30.03807,76.03604,354.48,0.43,0.38,2025-11-02,0749,N20,VIIRS,n,2,303.94,6.87,D,0
30.0373,76.03163,341.32,0.43,0.38,2025-11-02,0749,N20,VIIRS,n,2,301.64,5.34,D,0
30.04229,76.03966,333.91,0.43,0.38,2025-11-02,0749,N20,VIIRS,l,2,304.44,6.87,D,0
30.04075,76.03083,337.76,0.43,0.38,2025-11-02,0749,N20,VIIRS,n,2,303.15,5.34,D,0
30.0622,75.90578,337.84,0.44,0.38,2025-11-02,0749,N20,VIIRS,n,2,303.28,3.89,D,0
30.09771,76.06024,334.41,0.43,0.38,2025-11-02,0749,N20,VIIRS,n,2,303.94,6.3,D,0
30.06214,75.7579,341.8,0.44,0.38,2025-11-02,0749,N20,VIIRS,n,2,305.1,4.3,D,0
30.15996,76.27299,337,0.42,0.38,2025-11-02,0749,N20,VIIRS,n,2,306.38,4.59,D,0
30.11447,75.99211,332.94,0.43,0.38,2025-11-02,0749,N20,VIIRS,n,2,303.12,4.51,D,0
30.11369,75.98769,330.29,0.43,0.38,2025-11-02,0749,N20,VIIRS,n,2,305.26,4.8,D,0
30.06133,75.69215,333.87,0.44,0.39,2025-11-02,0749,N20,VIIRS,l,2,304.42,2.77,D,0
30.09045,75.83553,345.57,0.44,0.38,2025-11-02,0749,N20,VIIRS,n,2,305.1,6.23,D,0
30.06509,75.67236,343.27,0.44,0.39,2025-11-02,0749,N20,VIIRS,n,2,306.78,9.01,D,0
30.11236,75.91872,336.23,0.43,0.38,2025-11-02,0749,N20,VIIRS,n,2,303.55,3.5,D,0
30.13985,76.01383,340.34,0.43,0.38,2025-11-02,0749,N20,VIIRS,n,2,306.31,12.59,D,0
30.08447,75.65833,334.25,0.44,0.39,2025-11-02,0749,N20,VIIRS,l,2,305.81,6.12,D,0
30.19202,76.0247,330.42,0.43,0.38,2025-11-02,0749,N20,VIIRS,n,2,304.01,2.59,D,0
30.18054,75.91676,343.99,0.43,0.38,2025-11-02,0749,N20,VIIRS,n,2,304.44,21.67,D,0
30.17863,75.91897,345.09,0.43,0.38,2025-11-02,0749,N20,VIIRS,n,2,315.26,44.38,D,0
30.2163,76.07114,332.69,0.43,0.38,2025-11-02,0749,N20,VIIRS,l,2,302.72,6.08,D,0
30.19295,75.93875,343.14,0.43,0.38,2025-11-02,0749,N20,VIIRS,n,2,307.14,12.66,D,0
30.19641,75.93794,330.75,0.43,0.38,2025-11-02,0749,N20,VIIRS,l,2,301.69,1.88,D,0
30.04887,75.12053,332.45,0.47,0.4,2025-11-02,0749,N20,VIIRS,n,2,304.01,1.92,D,0
30.19324,75.81803,345.82,0.44,0.38,2025-11-02,0749,N20,VIIRS,n,2,310.61,27.39,D,0
30.19672,75.81721,338.43,0.44,0.38,2025-11-02,0749,N20,VIIRS,n,2,304.07,3.21,D,0
30.22911,75.93958,333.8,0.43,0.38,2025-11-02,0749,N20,VIIRS,l,2,304.49,5.21,D,0
30.21947,75.80256,332.07,0.44,0.38,2025-11-02,0749,N20,VIIRS,n,2,303.11,2.09,D,0
30.23259,75.79484,342.96,0.44,0.38,2025-11-02,0749,N20,VIIRS,n,2,303.57,2.85,D,0
30.20151,75.61853,333.61,0.44,0.39,2025-11-02,0749,N20,VIIRS,n,2,304.31,3.67,D,0
30.20071,75.61398,331.94,0.44,0.39,2025-11-02,0749,N20,VIIRS,n,2,303.45,3.23,D,0
30.23606,75.79401,339.48,0.44,0.38,2025-11-02,0749,N20,VIIRS,n,2,306.53,20.7,D,0
30.29957,76.13847,330.08,0.43,0.38,2025-11-02,0749,N20,VIIRS,n,2,303.19,1.97,D,0
30.27525,75.95653,336.49,0.43,0.38,2025-11-02,0749,N20,VIIRS,n,2,303.71,4.28,D,0
30.32572,76.18684,337.84,0.42,0.38,2025-11-02,0749,N20,VIIRS,n,2,305.64,5.31,D,0
30.32629,76.12775,330.19,0.43,0.38,2025-11-02,0749,N20,VIIRS,n,2,302.64,2.39,D,0
30.32507,76.1292,330.37,0.43,0.38,2025-11-02,0749,N20,VIIRS,n,2,302.42,2.22,D,0
30.29754,75.95264,336.3,0.43,0.38,2025-11-02,0749,N20,VIIRS,n,2,303.86,4.15,D,0
30.39526,76.47192,331.35,0.41,0.37,2025-11-02,0749,N20,VIIRS,n,2,301.29,2.35,D,0
30.30778,75.90874,335.47,0.43,0.38,2025-11-02,0749,N20,VIIRS,n,2,303.68,3.8,D,0
30.31646,75.85578,343.17,0.43,0.38,2025-11-02,0749,N20,VIIRS,n,2,305.59,14.13,D,0
30.19914,75.18057,345.62,0.46,0.39,2025-11-02,0749,N20,VIIRS,n,2,306.93,12.14,D,0
30.42137,76.3771,338.93,0.42,0.37,2025-11-02,0749,N20,VIIRS,n,2,310.08,23.24,D,0
30.29323,75.56043,330.06,0.45,0.39,2025-11-02,0749,N20,VIIRS,n,2,302.23,1.81,D,0
30.38616,76.06957,330.56,0.43,0.38,2025-11-02,0749,N20,VIIRS,n,2,302.46,1.33,D,0
30.31605,75.66875,335.45,0.44,0.38,2025-11-02,0749,N20,VIIRS,n,2,304.11,6.24,D,0
30.34877,75.83429,337.91,0.44,0.38,2025-11-02,0749,N20,VIIRS,n,2,305.25,4.87,D,0
30.29563,75.51215,333.52,0.45,0.39,2025-11-02,0749,N20,VIIRS,n,2,303.38,3.15,D,0
30.37969,75.97034,332.88,0.43,0.38,2025-11-02,0749,N20,VIIRS,n,2,303.85,3.8,D,0
30.40653,75.95949,330.65,0.43,0.38,2025-11-02,0749,N20,VIIRS,l,2,304.65,2.93,D,0
30.40429,75.95719,332.04,0.43,0.38,2025-11-02,0749,N20,VIIRS,n,2,305.63,2.94,D,0
30.43239,76.01488,341.5,0.43,0.38,2025-11-02,0749,N20,VIIRS,n,2,304.41,3.82,D,0
30.30326,75.23177,344.67,0.46,0.39,2025-11-02,0749,N20,VIIRS,n,2,307.6,12.34,D,0
30.31931,75.21809,334.09,0.46,0.39,2025-11-02,0749,N20,VIIRS,n,2,305.07,3.72,D,0
30.45758,75.95398,338.55,0.43,0.38,2025-11-02,0749,N20,VIIRS,n,2,304.78,6.21,D,0
30.46525,75.95679,333.74,0.43,0.38,2025-11-02,0749,N20,VIIRS,n,2,304.77,10.46,D,0
30.43126,75.74221,335.16,0.44,0.38,2025-11-02,0749,N20,VIIRS,l,2,306.44,22.61,D,0
30.47512,75.69976,341.78,0.44,0.38,2025-11-02,0749,N20,VIIRS,n,2,305.19,6.25,D,0
30.37336,75.09766,340.17,0.46,0.39,2025-11-02,0749,N20,VIIRS,n,2,303.87,4.29,D,0
30.56202,76.04919,336.77,0.43,0.38,2025-11-02,0749,N20,VIIRS,n,2,303.57,4.82,D,0
30.56885,75.96531,343,0.43,0.38,2025-11-02,0749,N20,VIIRS,n,2,306.31,9.17,D,0
30.58223,75.93922,333.05,0.43,0.38,2025-11-02,0749,N20,VIIRS,n,2,302.55,3.67,D,0
30.58642,75.90141,337.82,0.43,0.38,2025-11-02,0749,N20,VIIRS,n,2,302.7,2.27,D,0
30.58096,75.82874,340.12,0.43,0.38,2025-11-02,0749,N20,VIIRS,n,2,308.16,16.68,D,0
30.51083,75.22924,332.42,0.46,0.39,2025-11-02,0749,N20,VIIRS,n,2,301.85,2.27,D,0
30.53492,75.19899,336.52,0.46,0.39,2025-11-02,0749,N20,VIIRS,n,2,303.3,2.95,D,0
30.59089,75.48994,333.21,0.44,0.39,2025-11-02,0749,N20,VIIRS,n,2,307.7,8.23,D,0
30.52308,75.11331,335.71,0.46,0.39,2025-11-02,0749,N20,VIIRS,n,2,305.1,4.93,D,0
30.56443,75.26024,332.11,0.45,0.39,2025-11-02,0749,N20,VIIRS,n,2,304.9,3.38,D,0
30.56796,75.25938,340.28,0.45,0.39,2025-11-02,0749,N20,VIIRS,n,2,303.54,3.38,D,0
30.56265,75.04426,337.16,0.46,0.39,2025-11-02,0749,N20,VIIRS,n,2,303.78,5.98,D,0
29.93598,76.13509,341.74,0.49,0.48,2025-11-03,0730,N20,VIIRS,n,2,305.09,3.85,D,0
29.98261,76.13767,338.5,0.49,0.48,2025-11-03,0730,N20,VIIRS,n,2,303.56,4.36,D,0
29.98923,76.12537,338.62,0.49,0.48,2025-11-03,0730,N20,VIIRS,n,2,303.79,5.48,D,0
29.98819,76.12045,340.55,0.49,0.48,2025-11-03,0730,N20,VIIRS,n,2,306.68,5.48,D,0
30.03728,76.0514,341.25,0.49,0.49,2025-11-03,0730,N20,VIIRS,n,2,304.73,3.3,D,0
30.01696,75.93522,336.76,0.5,0.49,2025-11-03,0730,N20,VIIRS,n,2,304.18,3.35,D,0
29.9873,75.77606,337.03,0.51,0.49,2025-11-03,0730,N20,VIIRS,n,2,304.46,4.92,D,0
30.05579,76.05147,330.34,0.49,0.49,2025-11-03,0730,N20,VIIRS,n,2,304.86,2.42,D,0
29.91932,75.41982,343.25,0.54,0.51,2025-11-03,0730,N20,VIIRS,n,2,304.7,6.14,D,0
29.89177,75.2942,335.25,0.55,0.51,2025-11-03,0730,N20,VIIRS,n,2,302.4,5.63,D,0
29.93075,75.42802,330.58,0.54,0.5,2025-11-03,0730,N20,VIIRS,n,2,301.99,3.33,D,0
30.06955,75.94168,337.25,0.5,0.49,2025-11-03,0730,N20,VIIRS,n,2,306.08,3.52,D,0
30.08785,75.98436,347.94,0.49,0.49,2025-11-03,0730,N20,VIIRS,n,2,304.2,4.67,D,0
30.09223,75.98311,345.83,0.49,0.49,2025-11-03,0730,N20,VIIRS,n,2,305.66,8.82,D,0
30.0908,75.98151,343.61,0.49,0.49,2025-11-03,0730,N20,VIIRS,n,2,307.92,16.08,D,0
29.92933,75.16381,343.82,0.55,0.51,2025-11-03,0730,N20,VIIRS,n,2,305.99,8.91,D,0
30.15988,76.10894,337.17,0.48,0.48,2025-11-03,0730,N20,VIIRS,n,2,304.64,3.71,D,0
30.12694,75.95543,340.83,0.49,0.49,2025-11-03,0730,N20,VIIRS,n,2,305.5,8.4,D,0
30.01823,75.38973,340.05,0.54,0.51,2025-11-03,0730,N20,VIIRS,n,2,303,7.72,D,0
29.94782,75.02621,340.31,0.56,0.52,2025-11-03,0730,N20,VIIRS,n,2,303.81,6.47,D,0
30.10833,75.5625,336.45,0.52,0.5,2025-11-03,0730,N20,VIIRS,n,2,304.24,3.09,D,0
30.10362,75.55998,341.28,0.52,0.5,2025-11-03,0730,N20,VIIRS,n,2,305.19,4.67,D,0
30.27791,76.08195,337.67,0.48,0.48,2025-11-03,0730,N20,VIIRS,n,2,304.78,3.91,D,0
30.2169,75.7756,348.59,0.5,0.49,2025-11-03,0730,N20,VIIRS,n,2,304.85,7.39,D,0
30.08147,75.04392,336.99,0.56,0.51,2025-11-03,0730,N20,VIIRS,n,2,304.26,5,D,0
30.2335,75.72184,335.53,0.51,0.49,2025-11-03,0730,N20,VIIRS,n,2,303.21,3.67,D,0
30.54222,76.48061,345.93,0.45,0.47,2025-11-03,0730,N20,VIIRS,n,2,303.55,4.68,D,0
30.51602,75.7591,330.97,0.5,0.49,2025-11-03,0730,N20,VIIRS,n,2,302.98,1.5,D,0
30.55422,75.82833,345.5,0.49,0.49,2025-11-03,0730,N20,VIIRS,n,2,306.48,7.96,D,0
29.98735,75.90569,350.48,0.47,0.64,2025-11-04,0711,N20,VIIRS,n,2,299.78,5.5,D,0
29.79029,75.13927,336.47,0.53,0.67,2025-11-04,0711,N20,VIIRS,n,2,297.37,2.72,D,0
29.98618,75.90413,344.42,0.47,0.64,2025-11-04,0711,N20,VIIRS,n,2,299.6,5.29,D,0
29.79032,75.13795,332.68,0.53,0.67,2025-11-04,0711,N20,VIIRS,n,2,296.94,4.75,D,0
30.05373,76.06954,334.23,0.46,0.64,2025-11-04,0711,N20,VIIRS,n,2,299.16,2.71,D,0
30.068,75.93314,367,0.47,0.64,2025-11-04,0711,N20,VIIRS,h,2,302.2,10.29,D,0
30.18021,76.3754,332.93,0.44,0.62,2025-11-04,0711,N20,VIIRS,n,2,299.24,2.78,D,0
30.07369,75.93124,335.8,0.47,0.64,2025-11-04,0711,N20,VIIRS,n,2,298.81,10.29,D,0
30.05684,75.79237,335.6,0.48,0.65,2025-11-04,0711,N20,VIIRS,n,2,298.66,3.92,D,0
30.19901,76.23383,344.54,0.45,0.63,2025-11-04,0711,N20,VIIRS,n,2,298.14,5.13,D,0
30.14397,76.01419,350.29,0.46,0.64,2025-11-04,0711,N20,VIIRS,n,2,298.02,9.05,D,0
30.10695,75.8429,346.54,0.48,0.64,2025-11-04,0711,N20,VIIRS,n,2,297.9,14.54,D,0
30.10575,75.83813,352.04,0.48,0.64,2025-11-04,0711,N20,VIIRS,n,2,304.71,14.54,D,0
30.15995,76.02898,355.39,0.46,0.64,2025-11-04,0711,N20,VIIRS,n,2,299.58,7.68,D,0
30.04625,75.57894,336.65,0.49,0.65,2025-11-04,0711,N20,VIIRS,n,2,297.85,3.95,D,0
30.14315,76.0112,356.01,0.46,0.64,2025-11-04,0711,N20,VIIRS,n,2,300.22,8.69,D,0
30.10508,75.84039,367,0.48,0.64,2025-11-04,0711,N20,VIIRS,h,2,302.87,26.21,D,0
30.16043,76.0306,331.14,0.46,0.64,2025-11-04,0711,N20,VIIRS,n,2,298.29,4.48,D,0
30.15924,76.02596,340.51,0.46,0.64,2025-11-04,0711,N20,VIIRS,n,2,300.26,4.48,D,0
30.04275,75.57719,330.16,0.49,0.65,2025-11-04,0711,N20,VIIRS,n,2,298.48,4.38,D,0
30.14986,75.91776,356.24,0.47,0.64,2025-11-04,0711,N20,VIIRS,n,2,300.53,7.39,D,0
30.05754,75.46398,349.58,0.5,0.66,2025-11-04,0711,N20,VIIRS,n,2,298.64,6.24,D,0
30.17287,75.7656,367,0.48,0.65,2025-11-04,0711,N20,VIIRS,h,2,301.3,6.46,D,0
30.17409,75.77039,330.72,0.48,0.65,2025-11-04,0711,N20,VIIRS,n,2,297.23,6.46,D,0
30.172,75.76673,367,0.48,0.65,2025-11-04,0711,N20,VIIRS,h,2,302.18,13.23,D,0
30.27324,75.84614,330.98,0.47,0.64,2025-11-04,0711,N20,VIIRS,n,2,298.24,5.33,D,0
30.23305,75.33668,330.34,0.5,0.66,2025-11-04,0711,N20,VIIRS,n,2,290.02,2.22,D,0
30.30808,75.52782,335.78,0.49,0.65,2025-11-04,0711,N20,VIIRS,n,2,291.93,7.32,D,0
30.42145,75.75156,367,0.47,0.64,2025-11-04,0711,N20,VIIRS,h,2,297.85,9.16,D,0
30.42045,75.75012,367,0.47,0.64,2025-11-04,0712,N20,VIIRS,h,2,298.38,7.34,D,0
30.25675,75.02972,345.57,0.53,0.67,2025-11-04,0712,N20,VIIRS,n,2,295.96,5.5,D,0
29.64407,75.91143,339,0.52,0.67,2025-11-04,0852,N20,VIIRS,n,2,298.69,11.12,D,0
29.64981,75.91512,340.24,0.52,0.67,2025-11-04,0852,N20,VIIRS,n,2,296.63,8.09,D,0
29.67607,75.94064,332.86,0.52,0.67,2025-11-04,0852,N20,VIIRS,n,2,296.89,3.32,D,0
29.79769,75.49228,345.81,0.49,0.65,2025-11-04,0852,N20,VIIRS,n,2,299.56,4.83,D,0
29.84126,76.02061,330.13,0.53,0.67,2025-11-04,0852,N20,VIIRS,n,2,295.69,2.51,D,0
29.84507,75.47343,339.19,0.49,0.65,2025-11-04,0852,N20,VIIRS,n,2,297.73,12.06,D,0
29.84474,75.4683,354.54,0.49,0.65,2025-11-04,0852,N20,VIIRS,n,2,302.66,12.06,D,0
29.85308,75.50388,353.22,0.49,0.65,2025-11-04,0852,N20,VIIRS,n,2,298.76,6.07,D,0
29.83971,75.02903,337.84,0.46,0.64,2025-11-04,0852,N20,VIIRS,n,2,296.62,6.01,D,0
29.84686,75.47169,367,0.49,0.65,2025-11-04,0852,N20,VIIRS,h,2,298.78,16.12,D,0
29.84892,75.50778,331.07,0.49,0.65,2025-11-04,0852,N20,VIIRS,n,2,297.55,4.65,D,0
29.84863,75.50261,343.84,0.49,0.65,2025-11-04,0852,N20,VIIRS,n,2,298.74,4.65,D,0
29.84656,75.46655,346.01,0.49,0.65,2025-11-04,0852,N20,VIIRS,n,2,300.29,8.81,D,0
29.84626,75.46141,341.58,0.49,0.65,2025-11-04,0852,N20,VIIRS,n,2,298.45,8.81,D,0
29.87435,75.85174,340.32,0.52,0.67,2025-11-04,0852,N20,VIIRS,n,2,297.97,3.76,D,0
29.84448,75.03143,339.03,0.46,0.64,2025-11-04,0852,N20,VIIRS,n,2,290.54,2.79,D,0
29.8776,75.37708,367,0.48,0.65,2025-11-04,0852,N20,VIIRS,h,2,298.7,32.1,D,0
29.87729,75.372,349.82,0.48,0.65,2025-11-04,0852,N20,VIIRS,n,2,301.21,27.49,D,0
29.91921,75.66564,331.64,0.5,0.66,2025-11-04,0852,N20,VIIRS,n,2,296.92,2.75,D,0
29.94623,75.70643,340.94,0.51,0.66,2025-11-04,0852,N20,VIIRS,n,2,298.35,5.15,D,0
30.00809,76.11539,344.25,0.54,0.68,2025-11-04,0852,N20,VIIRS,n,2,298.36,4.96,D,0
30.00558,76.11537,342.9,0.54,0.68,2025-11-04,0852,N20,VIIRS,n,2,297.62,6.33,D,0
29.98217,75.37364,345.86,0.48,0.65,2025-11-04,0852,N20,VIIRS,n,2,298.74,4.82,D,0
29.97304,75.2226,348.91,0.47,0.64,2025-11-04,0852,N20,VIIRS,n,2,295.28,6.01,D,0
30.01119,75.65861,336.89,0.5,0.66,2025-11-04,0852,N20,VIIRS,n,2,298.65,2.94,D,0
30.04626,75.94432,367,0.52,0.67,2025-11-04,0852,N20,VIIRS,h,2,299.47,8.14,D,0
30.05449,76.08952,348.15,0.54,0.68,2025-11-04,0852,N20,VIIRS,n,2,297.76,13.03,D,0
30.09405,76.01368,367,0.53,0.67,2025-11-04,0852,N20,VIIRS,h,2,299.73,11.36,D,0
30.07137,75.85323,342.45,0.52,0.67,2025-11-04,0852,N20,VIIRS,n,2,298.64,5.24,D,0
30.03243,75.05794,335.26,0.46,0.64,2025-11-04,0852,N20,VIIRS,n,2,296.21,4.77,D,0
30.09855,76.01225,367,0.53,0.67,2025-11-04,0852,N20,VIIRS,h,2,299.78,10.43,D,0
30.05933,75.31031,330.12,0.48,0.65,2025-11-04,0852,N20,VIIRS,n,2,298.13,2.34,D,0
30.11558,75.86665,334.48,0.52,0.67,2025-11-04,0852,N20,VIIRS,n,2,296.9,3.75,D,0
30.15409,75.99736,345.63,0.53,0.67,2025-11-04,0852,N20,VIIRS,n,2,297.05,5.77,D,0
30.17613,75.94566,339.69,0.53,0.67,2025-11-04,0852,N20,VIIRS,n,2,296.69,5.41,D,0
30.19014,75.76334,342.86,0.51,0.66,2025-11-04,0852,N20,VIIRS,n,2,295.29,4.7,D,0
30.19596,75.75755,355.7,0.51,0.66,2025-11-04,0852,N20,VIIRS,n,2,298.93,24.73,D,0
30.18058,75.94241,355.71,0.53,0.67,2025-11-04,0852,N20,VIIRS,n,2,297.31,8.84,D,0
30.17832,75.66926,342.2,0.51,0.66,2025-11-04,0852,N20,VIIRS,n,2,291.7,3.36,D,0
30.18948,75.76022,332.12,0.51,0.66,2025-11-04,0852,N20,VIIRS,n,2,295.35,13.65,D,0
30.19564,75.75978,367,0.51,0.66,2025-11-04,0852,N20,VIIRS,h,2,294.31,13.65,D,0
30.19534,75.75438,346.51,0.51,0.66,2025-11-04,0852,N20,VIIRS,n,2,290.6,16.51,D,0
30.2012,75.74855,330.48,0.51,0.66,2025-11-04,0852,N20,VIIRS,n,2,287.99,2.18,D,0
30.21966,75.74728,335.15,0.51,0.66,2025-11-04,0852,N20,VIIRS,n,2,294.68,4.11,D,0
30.25401,76.02729,330.64,0.53,0.67,2025-11-04,0852,N20,VIIRS,n,2,296.2,3.19,D,0
30.29461,76.19056,332.6,0.55,0.68,2025-11-04,0852,N20,VIIRS,n,2,295.93,3.8,D,0
30.30952,76.23026,340.64,0.55,0.68,2025-11-04,0852,N20,VIIRS,n,2,298.4,7.45,D,0
30.27992,75.72156,338.67,0.51,0.66,2025-11-04,0852,N20,VIIRS,n,2,295.42,2.82,D,0
30.29158,76.1898,335.99,0.55,0.68,2025-11-04,0852,N20,VIIRS,n,2,295.73,5.04,D,0
30.27978,75.72012,337.07,0.51,0.66,2025-11-04,0852,N20,VIIRS,n,2,295.6,3.44,D,0
30.31256,76.22911,330.75,0.55,0.68,2025-11-04,0852,N20,VIIRS,n,2,297.5,10.43,D,0
30.25708,75.10453,342.18,0.47,0.64,2025-11-04,0852,N20,VIIRS,n,2,298.3,4.86,D,0
30.31175,75.12037,334.74,0.47,0.64,2025-11-04,0852,N20,VIIRS,n,2,297.67,3.01,D,0
30.3681,75.75216,350.55,0.51,0.66,2025-11-04,0852,N20,VIIRS,n,2,292.79,6.36,D,0
30.42844,76.25692,331.13,0.55,0.68,2025-11-04,0852,N20,VIIRS,n,2,296.49,6.23,D,0
30.36656,75.13638,336.6,0.47,0.64,2025-11-04,0852,N20,VIIRS,n,2,296.36,3.15,D,0
30.38533,75.62355,337.34,0.51,0.66,2025-11-04,0852,N20,VIIRS,n,2,297.25,5.82,D,0
30.42486,76.26022,338.08,0.55,0.68,2025-11-04,0852,N20,VIIRS,n,2,295.58,4.71,D,0
30.3964,75.18091,349.73,0.48,0.64,2025-11-04,0852,N20,VIIRS,n,2,296.34,10.03,D,0
30.4432,75.66799,345.72,0.51,0.66,2025-11-04,0852,N20,VIIRS,n,2,294.7,5.32,D,0
30.43711,75.35667,337.54,0.49,0.65,2025-11-04,0852,N20,VIIRS,n,2,294.41,3.55,D,0
30.5154,75.84393,341.3,0.52,0.67,2025-11-04,0852,N20,VIIRS,n,2,294.25,4.4,D,0
30.52029,75.39832,349.91,0.49,0.65,2025-11-04,0852,N20,VIIRS,n,2,290.47,4.49,D,0
30.52635,75.3979,332.34,0.49,0.65,2025-11-04,0852,N20,VIIRS,n,2,296.13,4.49,D,0
30.58808,75.71927,338.84,0.51,0.66,2025-11-04,0852,N20,VIIRS,n,2,294.21,2.87,D,0
30.58178,75.72776,333.81,0.52,0.66,2025-11-04,0852,N20,VIIRS,n,2,294.71,7.5,D,0
29.63019,76.42375,331.44,0.57,0.52,2025-11-05,0833,N20,VIIRS,n,2,298.29,4.98,D,0
29.90504,75.94855,337.19,0.54,0.51,2025-11-05,0833,N20,VIIRS,n,2,299.98,5.58,D,0
29.90282,75.94722,336.13,0.54,0.51,2025-11-05,0833,N20,VIIRS,n,2,300.37,4.02,D,0
30.01482,75.50027,340.72,0.51,0.49,2025-11-05,0833,N20,VIIRS,n,2,301.43,7.8,D,0
30.03611,75.52999,339.07,0.51,0.49,2025-11-05,0833,N20,VIIRS,n,2,304.71,12.14,D,0
30.06678,75.55701,340.16,0.51,0.5,2025-11-05,0833,N20,VIIRS,n,2,301.97,3.65,D,0
30.08557,75.56018,340.73,0.51,0.5,2025-11-05,0833,N20,VIIRS,n,2,302.63,7.88,D,0
30.08633,75.087,342.55,0.48,0.48,2025-11-05,0833,N20,VIIRS,n,2,300.32,10.66,D,0
30.16055,75.76627,340.26,0.53,0.5,2025-11-05,0833,N20,VIIRS,n,2,300.64,8.85,D,0
30.15751,75.39563,341.29,0.5,0.49,2025-11-05,0833,N20,VIIRS,n,2,301.53,6.62,D,0
30.1583,75.39267,344.44,0.5,0.49,2025-11-05,0833,N20,VIIRS,n,2,301.39,9.43,D,0
30.21857,75.8018,343.37,0.53,0.5,2025-11-05,0833,N20,VIIRS,n,2,311.73,48.99,D,0
30.21807,75.79621,331.91,0.53,0.5,2025-11-05,0833,N20,VIIRS,l,2,303.71,48.99,D,0
30.39846,76.47768,338.45,0.59,0.53,2025-11-05,0833,N20,VIIRS,n,2,299.76,5.36,D,0
30.48054,75.66994,332.79,0.53,0.5,2025-11-05,0833,N20,VIIRS,n,2,300.33,3.26,D,0
30.48672,75.686,330.2,0.53,0.5,2025-11-05,0833,N20,VIIRS,n,2,300.2,3.52,D,0
30.52888,75.34491,342.54,0.51,0.49,2025-11-05,0833,N20,VIIRS,n,2,301.84,11.13,D,0
30.59477,75.85209,310.25,0.47,0.4,2025-11-05,2057,N20,VIIRS,n,2,284.94,0.84,N,0
30.3427,76.0448,295.82,0.48,0.4,2025-11-05,2057,N20,VIIRS,n,2,283.63,0.48,N,0
29.68958,75.13159,303.93,0.45,0.39,2025-11-05,2057,N20,VIIRS,n,2,283.14,0.79,N,0
29.62883,76.41106,342.19,0.47,0.4,2025-11-06,0814,N20,VIIRS,n,2,305.25,8.65,D,0
29.65531,75.67894,333.13,0.44,0.38,2025-11-06,0814,N20,VIIRS,n,2,302.17,3.9,D,0
29.65884,75.67834,333.56,0.44,0.38,2025-11-06,0814,N20,VIIRS,n,2,301.3,3.9,D,0
29.65584,75.51727,338.13,0.44,0.38,2025-11-06,0814,N20,VIIRS,n,2,302.19,3.81,D,0
29.76369,75.76545,335.19,0.45,0.39,2025-11-06,0814,N20,VIIRS,n,2,305.44,3.22,D,0
29.85,76.33525,331.13,0.47,0.4,2025-11-06,0814,N20,VIIRS,n,2,300.67,2.54,D,0
29.80749,75.881,336.19,0.45,0.39,2025-11-06,0814,N20,VIIRS,n,2,308.2,13.09,D,0
29.8069,75.87634,331.35,0.45,0.39,2025-11-06,0814,N20,VIIRS,l,2,306.32,7.85,D,0
29.86443,76.12647,341.38,0.46,0.39,2025-11-06,0814,N20,VIIRS,n,2,303.74,5.59,D,0
29.85217,75.94513,330.1,0.45,0.39,2025-11-06,0814,N20,VIIRS,l,2,303.41,1.82,D,0
29.89084,76.1524,341.36,0.46,0.39,2025-11-06,0814,N20,VIIRS,n,2,304.51,13.42,D,0
29.92852,76.30879,330.93,0.47,0.4,2025-11-06,0814,N20,VIIRS,n,2,301.65,3.39,D,0
29.9079,75.93671,335.71,0.45,0.39,2025-11-06,0814,N20,VIIRS,n,2,304.52,3.83,D,0
29.86935,75.46935,339.42,0.44,0.38,2025-11-06,0814,N20,VIIRS,n,2,308.07,17.91,D,0
29.95998,76.08745,336.85,0.46,0.39,2025-11-06,0814,N20,VIIRS,n,2,303.46,4.42,D,0
29.89404,75.54819,335.84,0.44,0.38,2025-11-06,0814,N20,VIIRS,n,2,302.82,5.38,D,0
29.98165,76.11314,334.92,0.46,0.39,2025-11-06,0814,N20,VIIRS,n,2,305.27,2.21,D,0
29.91982,75.52249,331.8,0.44,0.38,2025-11-06,0814,N20,VIIRS,n,2,301.68,3.82,D,0
29.9805,75.97489,339.66,0.46,0.39,2025-11-06,0814,N20,VIIRS,n,2,307.29,7.3,D,0
30.01762,75.50127,335.04,0.44,0.38,2025-11-06,0814,N20,VIIRS,n,2,303.27,1.72,D,0
30.01743,75.49799,333.69,0.44,0.38,2025-11-06,0814,N20,VIIRS,n,2,304.79,1.97,D,0
29.98513,75.24694,334.89,0.43,0.38,2025-11-06,0814,N20,VIIRS,n,2,305.97,3.02,D,0
29.98862,75.24635,337.24,0.43,0.38,2025-11-06,0814,N20,VIIRS,n,2,307.04,3.62,D,0
30.02807,75.33059,331.39,0.43,0.38,2025-11-06,0814,N20,VIIRS,n,2,305.02,2.77,D,0
30.14614,75.99769,339.22,0.46,0.39,2025-11-06,0814,N20,VIIRS,l,2,309.38,29.45,D,0
30.17683,76.09509,336.87,0.46,0.39,2025-11-06,0814,N20,VIIRS,n,2,304.2,3.51,D,0
30.1133,75.40774,344.31,0.44,0.38,2025-11-06,0814,N20,VIIRS,n,2,305.89,7.4,D,0
30.1142,75.40934,336.11,0.44,0.38,2025-11-06,0814,N20,VIIRS,n,2,305.46,9.42,D,0
30.20668,75.99965,336.79,0.46,0.39,2025-11-06,0814,N20,VIIRS,n,2,308.59,31.92,D,0
30.10218,75.15132,335.28,0.43,0.38,2025-11-06,0814,N20,VIIRS,n,2,305.62,4.72,D,0
30.18202,75.74413,342.71,0.45,0.39,2025-11-06,0814,N20,VIIRS,n,2,309.97,13.34,D,0
30.11026,75.10481,330.84,0.43,0.38,2025-11-06,0814,N20,VIIRS,l,2,303.98,1.56,D,0
30.2552,76.18329,334.78,0.47,0.4,2025-11-06,0814,N20,VIIRS,n,2,305.29,3.98,D,0
30.15183,75.09757,343.91,0.43,0.38,2025-11-06,0814,N20,VIIRS,n,2,308.41,10.84,D,0
30.28945,75.85703,335.05,0.45,0.39,2025-11-06,0814,N20,VIIRS,l,2,307.83,5.05,D,0
30.32753,75.66909,347.49,0.45,0.39,2025-11-06,0814,N20,VIIRS,n,2,306.31,6.11,D,0
30.37247,75.93519,332.17,0.46,0.39,2025-11-06,0814,N20,VIIRS,l,2,303.5,9.85,D,0
30.28697,75.24777,346.72,0.43,0.38,2025-11-06,0814,N20,VIIRS,n,2,306.46,7.74,D,0
30.29424,75.14175,335.18,0.43,0.38,2025-11-06,0814,N20,VIIRS,n,2,305.38,3.23,D,0
30.2959,75.14228,339.72,0.43,0.38,2025-11-06,0814,N20,VIIRS,n,2,305.59,3.96,D,0
30.41323,75.89582,333.61,0.46,0.39,2025-11-06,0814,N20,VIIRS,n,2,302.42,1.9,D,0
30.30688,75.00932,333.65,0.42,0.38,2025-11-06,0814,N20,VIIRS,n,2,304.78,3.69,D,0
30.3063,75.00491,331.35,0.42,0.38,2025-11-06,0814,N20,VIIRS,l,2,304.64,2.9,D,0
30.50635,76.0814,335.35,0.47,0.39,2025-11-06,0814,N20,VIIRS,n,2,302.93,4.18,D,0
30.4965,75.27812,332.45,0.43,0.38,2025-11-06,0814,N20,VIIRS,n,2,303.79,3.07,D,0
30.52412,75.35206,334.45,0.44,0.38,2025-11-06,0814,N20,VIIRS,l,2,308.12,3.04,D,0
30.58839,75.71607,331.75,0.45,0.39,2025-11-06,0814,N20,VIIRS,n,2,304.61,1.69,D,0
30.5949,75.73901,334.35,0.45,0.39,2025-11-06,0814,N20,VIIRS,n,2,305.15,2.3,D,0
30.5986,75.62347,332.62,0.45,0.39,2025-11-06,0814,N20,VIIRS,n,2,304.64,1.65,D,0
29.73727,76.31503,338.21,0.39,0.36,2025-11-07,0755,N20,VIIRS,n,2,303.58,4.06,D,0
29.63201,75.60902,341.18,0.4,0.37,2025-11-07,0755,N20,VIIRS,n,2,304.99,5.84,D,0
29.69584,75.97486,336.4,0.4,0.37,2025-11-07,0755,N20,VIIRS,n,2,303.8,3.35,D,0
29.67451,75.76093,336.62,0.4,0.37,2025-11-07,0755,N20,VIIRS,n,2,306.14,2.83,D,0
29.70325,75.78848,335.85,0.4,0.37,2025-11-07,0755,N20,VIIRS,n,2,307.33,8.85,D,0
29.68777,75.67339,337.71,0.4,0.37,2025-11-07,0755,N20,VIIRS,n,2,301.09,3.51,D,0
29.74743,75.62638,331.74,0.4,0.37,2025-11-07,0755,N20,VIIRS,n,2,305.07,2.71,D,0
29.7358,75.55653,330.94,0.4,0.37,2025-11-07,0755,N20,VIIRS,l,2,303.46,1.96,D,0
29.81449,75.86538,337.91,0.4,0.37,2025-11-07,0755,N20,VIIRS,n,2,306.57,5.86,D,0
29.94859,76.44348,334.15,0.39,0.36,2025-11-07,0755,N20,VIIRS,n,2,302.35,6.35,D,0
29.90315,76.09802,339.65,0.39,0.36,2025-11-07,0755,N20,VIIRS,n,2,305.41,3.7,D,0
29.72931,75.01733,342.32,0.42,0.37,2025-11-07,0755,N20,VIIRS,n,2,305.58,10.13,D,0
29.89472,75.98308,333.7,0.39,0.36,2025-11-07,0755,N20,VIIRS,l,2,306.52,7.61,D,0
29.77941,75.29015,332.84,0.41,0.37,2025-11-07,0755,N20,VIIRS,n,2,301.81,14.85,D,0
29.8748,75.81963,331.87,0.4,0.37,2025-11-07,0755,N20,VIIRS,n,2,305.6,0.92,D,0
29.89279,75.88719,335.76,0.4,0.37,2025-11-07,0755,N20,VIIRS,n,2,307.54,3.14,D,0
29.87946,75.80599,334.43,0.4,0.37,2025-11-07,0755,N20,VIIRS,n,2,304.45,1.62,D,0
29.82158,75.45752,330.12,0.4,0.37,2025-11-07,0755,N20,VIIRS,n,2,302.19,1.03,D,0
29.88279,75.80527,333.46,0.4,0.37,2025-11-07,0755,N20,VIIRS,n,2,304.24,1.5,D,0
29.93318,76.00827,342.56,0.39,0.36,2025-11-07,0755,N20,VIIRS,n,2,310.95,11.13,D,0
29.89477,75.77319,332.33,0.4,0.37,2025-11-07,0755,N20,VIIRS,n,2,303.15,1.25,D,0
29.863,75.5809,333.25,0.4,0.37,2025-11-07,0755,N20,VIIRS,n,2,304.35,3.77,D,0
29.9444,76.03506,334.24,0.39,0.36,2025-11-07,0755,N20,VIIRS,l,2,307.54,6.22,D,0
29.95571,76.02014,337.08,0.39,0.36,2025-11-07,0755,N20,VIIRS,n,2,305.23,2.89,D,0
29.97723,76.13216,336.07,0.39,0.36,2025-11-07,0755,N20,VIIRS,n,2,306.2,2.3,D,0
29.92742,75.8251,336.92,0.4,0.37,2025-11-07,0755,N20,VIIRS,n,2,306.84,4.65,D,0
29.92208,75.70811,337.49,0.4,0.37,2025-11-07,0755,N20,VIIRS,l,2,310.91,21.58,D,0
29.838,75.15975,332.62,0.41,0.37,2025-11-07,0755,N20,VIIRS,n,2,301.01,2.69,D,0
29.96205,75.82603,330.83,0.4,0.37,2025-11-07,0755,N20,VIIRS,l,2,305.63,2.73,D,0
29.95391,75.65942,343.4,0.4,0.37,2025-11-07,0755,N20,VIIRS,n,2,305.53,6.57,D,0
30.02529,75.98902,333.61,0.39,0.36,2025-11-07,0755,N20,VIIRS,n,2,303.65,1.92,D,0
30.04707,76.03862,342.88,0.39,0.36,2025-11-07,0755,N20,VIIRS,n,2,302.87,3.73,D,0
30.06346,76.0976,336.17,0.39,0.36,2025-11-07,0755,N20,VIIRS,n,2,305.62,1.84,D,0
30.06222,76.06872,334.02,0.39,0.36,2025-11-07,0755,N20,VIIRS,l,2,305.17,7.93,D,0
30.06033,76.03579,334.39,0.39,0.36,2025-11-07,0755,N20,VIIRS,n,2,305.86,1.91,D,0
29.90483,75.07569,340.69,0.41,0.37,2025-11-07,0755,N20,VIIRS,n,2,303.8,3.75,D,0
30.0873,76.09667,339.74,0.39,0.36,2025-11-07,0755,N20,VIIRS,n,2,309.01,7.63,D,0
29.9857,75.34898,333.25,0.41,0.37,2025-11-07,0755,N20,VIIRS,n,2,303.46,2.73,D,0
30.10025,75.98548,336.93,0.39,0.36,2025-11-07,0755,N20,VIIRS,n,2,308.32,2.93,D,0
30.10302,75.98577,338.07,0.39,0.36,2025-11-07,0755,N20,VIIRS,n,2,309.08,2.69,D,0
30.09114,75.89204,338.92,0.39,0.37,2025-11-07,0755,N20,VIIRS,n,2,307.38,4.8,D,0
30.0643,75.68723,332.25,0.4,0.37,2025-11-07,0755,N20,VIIRS,n,2,305.85,2.05,D,0
30.03291,75.4985,332.69,0.4,0.37,2025-11-07,0755,N20,VIIRS,n,2,304.71,1.6,D,0
30.02624,75.37563,343.48,0.4,0.37,2025-11-07,0755,N20,VIIRS,n,2,306.45,3.2,D,0
30.1498,76.105,339.95,0.39,0.36,2025-11-07,0755,N20,VIIRS,n,2,310.2,12.48,D,0
30.07553,75.62968,333.94,0.4,0.37,2025-11-07,0755,N20,VIIRS,l,2,306.97,2.97,D,0
30.14164,75.88535,334.8,0.39,0.37,2025-11-07,0755,N20,VIIRS,n,2,308.41,14,D,0
30.05716,75.3731,335.84,0.4,0.37,2025-11-07,0755,N20,VIIRS,n,2,307.86,2.8,D,0
30.14496,75.88464,337.5,0.39,0.37,2025-11-07,0755,N20,VIIRS,n,2,303.62,14,D,0
30.10012,75.56905,343.85,0.4,0.37,2025-11-07,0755,N20,VIIRS,n,2,307.21,4.56,D,0
30.10075,75.55187,332.58,0.4,0.37,2025-11-07,0755,N20,VIIRS,n,2,307.04,1.8,D,0
30.16814,75.92156,334.69,0.39,0.36,2025-11-07,0755,N20,VIIRS,n,2,307.96,1.88,D,0
30.21749,76.20687,334.33,0.39,0.36,2025-11-07,0755,N20,VIIRS,l,2,308.82,1.54,D,0
30.07749,75.15724,339.35,0.41,0.37,2025-11-07,0755,N20,VIIRS,n,2,305.25,5.11,D,0
30.08548,75.14238,332.31,0.41,0.37,2025-11-07,0755,N20,VIIRS,l,2,304.87,1.95,D,0
30.24873,76.0218,341.45,0.39,0.36,2025-11-07,0755,N20,VIIRS,n,2,305.25,2.35,D,0
30.11443,75.20988,342.41,0.41,0.37,2025-11-07,0755,N20,VIIRS,n,2,307.4,3.89,D,0
30.22575,75.85933,342.48,0.39,0.37,2025-11-07,0755,N20,VIIRS,n,2,308.84,9.74,D,0
30.19634,75.65908,337.8,0.4,0.37,2025-11-07,0755,N20,VIIRS,n,2,307.19,2.96,D,0
30.18008,75.56071,333.37,0.4,0.37,2025-11-07,0755,N20,VIIRS,l,2,305.34,3.05,D,0
30.13649,75.27863,334.6,0.41,0.37,2025-11-07,0755,N20,VIIRS,n,2,306.36,25.62,D,0
30.19815,75.56526,346.69,0.4,0.37,2025-11-07,0755,N20,VIIRS,n,2,313.57,9.83,D,0
30.2674,75.96767,332.8,0.39,0.36,2025-11-07,0755,N20,VIIRS,n,2,305.11,2.1,D,0
30.22775,75.72414,334.3,0.4,0.37,2025-11-07,0755,N20,VIIRS,l,2,306.25,11.21,D,0
30.12726,75.11996,334.96,0.41,0.37,2025-11-07,0755,N20,VIIRS,n,2,306.15,2.48,D,0
30.22708,75.72006,309.69,0.4,0.37,2025-11-07,0755,N20,VIIRS,l,2,317.04,20.58,D,0
30.22639,75.69485,333.9,0.4,0.37,2025-11-07,0755,N20,VIIRS,l,2,305.49,3.53,D,0
30.16989,75.3532,335.63,0.4,0.37,2025-11-07,0755,N20,VIIRS,n,2,306.83,3.38,D,0
30.23972,75.69195,334.67,0.4,0.37,2025-11-07,0755,N20,VIIRS,n,2,308.17,1.69,D,0
30.29131,75.7401,332.76,0.4,0.37,2025-11-07,0755,N20,VIIRS,l,2,303.95,13.91,D,0
30.3399,75.78435,334.92,0.4,0.37,2025-11-07,0755,N20,VIIRS,l,2,307.73,5.42,D,0
30.49294,76.3973,330.66,0.39,0.36,2025-11-07,0755,N20,VIIRS,l,2,303.13,0.96,D,0
30.43656,75.8774,337.53,0.39,0.36,2025-11-07,0755,N20,VIIRS,n,2,307.4,2.9,D,0
30.3179,75.1004,330.9,0.41,0.37,2025-11-07,0755,N20,VIIRS,n,2,301.89,2.21,D,0
30.31718,75.09619,332.61,0.41,0.37,2025-11-07,0755,N20,VIIRS,n,2,303.61,2.21,D,0
30.461,75.94335,335.55,0.39,0.36,2025-11-07,0755,N20,VIIRS,n,2,306.9,4.89,D,0
30.48782,76.06703,337.09,0.39,0.36,2025-11-07,0755,N20,VIIRS,n,2,304.87,2.08,D,0
30.56527,76.29556,330.48,0.39,0.36,2025-11-07,0755,N20,VIIRS,n,2,304.48,2.05,D,0
30.35931,75.03423,330.03,0.41,0.37,2025-11-07,0755,N20,VIIRS,l,2,304.61,1.67,D,0
30.58704,76.39021,331.2,0.39,0.36,2025-11-07,0755,N20,VIIRS,n,2,304.17,2.03,D,0
30.53679,76.05236,333.76,0.39,0.36,2025-11-07,0755,N20,VIIRS,l,2,304.5,5.97,D,0
30.53565,76.00252,338.47,0.39,0.36,2025-11-07,0755,N20,VIIRS,n,2,303.04,2.54,D,0
30.43001,75.13751,336.35,0.41,0.37,2025-11-07,0755,N20,VIIRS,n,2,306.84,3.08,D,0
30.52685,75.6776,335.97,0.4,0.37,2025-11-07,0755,N20,VIIRS,n,2,306.61,2.6,D,0
30.58503,75.97186,331.04,0.39,0.36,2025-11-07,0755,N20,VIIRS,l,2,304.54,1.22,D,0
30.52978,75.18543,338.55,0.41,0.37,2025-11-07,0755,N20,VIIRS,n,2,305.76,3.78,D,0
30.5557,75.04901,332.63,0.41,0.37,2025-11-07,0755,N20,VIIRS,n,2,305.76,1.49,D,0
30.57414,75.07542,332.26,0.41,0.37,2025-11-07,0755,N20,VIIRS,n,2,304.94,1.43,D,0
30.56548,75.00303,330.28,0.41,0.37,2025-11-07,0755,N20,VIIRS,n,2,303.73,1.8,D,0
30.59044,75.0892,334.63,0.41,0.37,2025-11-07,0755,N20,VIIRS,l,2,306.86,7.2,D,0
29.92633,75.8267,308.55,0.57,0.43,2025-11-07,2020,N20,VIIRS,n,2,282.77,1.4,N,0
29.66155,76.21069,339.87,0.4,0.44,2025-11-08,0736,N20,VIIRS,n,2,298.65,10.11,D,0
29.66076,76.20666,335.5,0.4,0.44,2025-11-08,0736,N20,VIIRS,n,2,310.33,18.88,D,0
29.75516,76.36129,342.13,0.39,0.44,2025-11-08,0736,N20,VIIRS,n,2,303.35,5.59,D,0
29.72101,76.10543,339.05,0.4,0.44,2025-11-08,0736,N20,VIIRS,n,2,300.98,3.5,D,0
29.75062,76.16996,347.32,0.4,0.44,2025-11-08,0736,N20,VIIRS,n,2,303.5,6.25,D,0
29.6431,75.43578,337.45,0.44,0.46,2025-11-08,0736,N20,VIIRS,n,2,300.14,2.86,D,0
29.82653,76.08309,337.26,0.4,0.44,2025-11-08,0736,N20,VIIRS,n,2,303.99,2.72,D,0
29.74551,75.48718,335.53,0.43,0.46,2025-11-08,0736,N20,VIIRS,n,2,302.21,3.1,D,0
29.79172,75.62247,340.97,0.42,0.46,2025-11-08,0736,N20,VIIRS,n,2,304.47,4.9,D,0
29.73582,75.28983,338.17,0.44,0.46,2025-11-08,0736,N20,VIIRS,n,2,301.36,2.81,D,0
29.81627,75.55214,340.56,0.43,0.46,2025-11-08,0736,N20,VIIRS,n,2,301.57,8.21,D,0
29.93554,75.99488,337.76,0.4,0.44,2025-11-08,0736,N20,VIIRS,n,2,306.25,3.48,D,0
29.97957,75.89799,330.39,0.41,0.45,2025-11-08,0737,N20,VIIRS,n,2,302.66,0.6,D,0
29.92744,75.64201,354.18,0.42,0.45,2025-11-08,0737,N20,VIIRS,n,2,304.7,11.24,D,0
30.02287,76.05012,341.01,0.4,0.44,2025-11-08,0737,N20,VIIRS,n,2,305.24,2.87,D,0
30.01683,75.93582,337.14,0.4,0.45,2025-11-08,0737,N20,VIIRS,n,2,304.75,2.05,D,0
30.02084,75.93476,331.26,0.4,0.45,2025-11-08,0737,N20,VIIRS,n,2,304.59,2.25,D,0
30.03534,75.94388,336.91,0.4,0.44,2025-11-08,0737,N20,VIIRS,n,2,304.4,1.47,D,0
30.07234,76.08804,340.83,0.4,0.44,2025-11-08,0737,N20,VIIRS,n,2,304.52,3.48,D,0
30.07154,76.08401,333.26,0.4,0.44,2025-11-08,0737,N20,VIIRS,n,2,306.73,3.46,D,0
30.00101,75.72959,339.82,0.42,0.45,2025-11-08,0737,N20,VIIRS,n,2,305.78,3.56,D,0
29.89025,75.18326,330.91,0.45,0.47,2025-11-08,0737,N20,VIIRS,n,2,300.33,1.52,D,0
30.14425,76.3362,332.01,0.38,0.43,2025-11-08,0737,N20,VIIRS,n,2,306.52,2.38,D,0
30.03059,75.52483,339.01,0.43,0.46,2025-11-08,0737,N20,VIIRS,n,2,301.25,4.68,D,0
30.17345,75.98102,331.49,0.4,0.44,2025-11-08,0737,N20,VIIRS,n,2,305.46,1.69,D,0
30.15838,75.59046,338.19,0.42,0.45,2025-11-08,0737,N20,VIIRS,n,2,303.93,2.56,D,0
30.12367,75.39935,332.56,0.43,0.46,2025-11-08,0737,N20,VIIRS,l,2,304.33,3.75,D,0
30.1687,75.49258,333.25,0.42,0.46,2025-11-08,0737,N20,VIIRS,l,2,304.45,2.61,D,0
30.2666,75.89621,341.92,0.4,0.44,2025-11-08,0737,N20,VIIRS,n,2,306.43,5.18,D,0
30.26685,75.89674,340.68,0.4,0.44,2025-11-08,0737,N20,VIIRS,n,2,305.36,5.62,D,0
30.08854,75.04181,331.87,0.45,0.47,2025-11-08,0737,N20,VIIRS,n,2,305.71,3.26,D,0
30.33776,75.99768,353.49,0.4,0.44,2025-11-08,0737,N20,VIIRS,n,2,305.95,6.18,D,0
30.25626,75.57404,331.31,0.42,0.45,2025-11-08,0737,N20,VIIRS,l,2,304.62,1.79,D,0
30.16035,75.1087,332,0.45,0.47,2025-11-08,0737,N20,VIIRS,n,2,303.05,3.08,D,0
30.32041,75.86954,339.07,0.4,0.44,2025-11-08,0737,N20,VIIRS,n,2,304.99,6.29,D,0
30.31959,75.86546,336.71,0.4,0.44,2025-11-08,0737,N20,VIIRS,n,2,310.43,8.13,D,0
30.33406,75.87452,340.02,0.4,0.44,2025-11-08,0737,N20,VIIRS,n,2,304.99,5.16,D,0
30.35153,75.83524,335.39,0.4,0.44,2025-11-08,0737,N20,VIIRS,n,2,304.42,5.02,D,0
30.35071,75.83112,339.06,0.4,0.45,2025-11-08,0737,N20,VIIRS,n,2,310.13,6.34,D,0
30.49243,76.17978,330.27,0.38,0.44,2025-11-08,0737,N20,VIIRS,n,2,301.87,2.01,D,0
30.45144,75.82709,333.16,0.4,0.44,2025-11-08,0737,N20,VIIRS,n,2,305.18,1.89,D,0
30.55705,75.93237,334.62,0.4,0.44,2025-11-08,0737,N20,VIIRS,n,2,303.06,2.09,D,0
30.56345,75.94344,333.3,0.39,0.44,2025-11-08,0737,N20,VIIRS,n,2,302.61,2.15,D,0
30.58005,75.90067,341.09,0.4,0.44,2025-11-08,0737,N20,VIIRS,n,2,306.44,4.29,D,0
30.5896,75.90664,332.75,0.4,0.44,2025-11-08,0737,N20,VIIRS,n,2,303.93,1.37,D,0
30.53516,75.02554,348.45,0.44,0.46,2025-11-08,0737,N20,VIIRS,n,2,303.86,6.65,D,0
30.53479,75.02599,348.64,0.44,0.46,2025-11-08,0737,N20,VIIRS,n,2,304.24,5.46,D,0
29.95586,76.11217,351.07,0.35,0.57,2025-11-08,2001,N20,VIIRS,n,2,306.14,14.25,N,0
29.95614,76.10854,313.16,0.35,0.57,2025-11-08,2001,N20,VIIRS,n,2,282.98,14.25,N,0
29.95558,76.1158,307.01,0.35,0.57,2025-11-08,2001,N20,VIIRS,n,2,284.65,16.61,N,0
29.95065,76.11157,297.11,0.35,0.57,2025-11-08,2001,N20,VIIRS,n,2,282.16,14.25,N,0
29.95543,76.10944,325.08,0.35,0.57,2025-11-08,2001,N20,VIIRS,n,2,283.01,22.01,N,0
29.95513,76.11307,335.93,0.35,0.56,2025-11-08,2001,N20,VIIRS,n,2,308.22,22.01,N,0
29.95482,76.11671,301.1,0.35,0.56,2025-11-08,2001,N20,VIIRS,n,2,283.77,13.86,N,0
29.95707,76.11429,355.17,0.7,0.75,2025-11-08,2141,N20,VIIRS,n,2,288.74,12.8,N,0
29.95906,76.10739,319.05,0.7,0.75,2025-11-08,2141,N20,VIIRS,n,2,282.32,12.8,N,0
29.9556,76.11187,367,0.7,0.75,2025-11-08,2141,N20,VIIRS,h,2,289,11.4,N,0
29.95364,76.11877,295.85,0.7,0.75,2025-11-08,2141,N20,VIIRS,n,2,283.31,11.4,N,0
29.61697,76.42793,332.8,0.36,0.58,2025-11-09,0718,N20,VIIRS,n,2,300.03,1.81,D,0
29.71951,76.09406,354.57,0.38,0.59,2025-11-09,0718,N20,VIIRS,n,2,302.23,6.98,D,0
29.79084,76.29979,336,0.37,0.58,2025-11-09,0718,N20,VIIRS,n,2,300.32,3.18,D,0
29.80468,76.15107,337.01,0.37,0.58,2025-11-09,0718,N20,VIIRS,n,2,304.1,2.15,D,0
29.71617,75.52806,345.07,0.41,0.6,2025-11-09,0718,N20,VIIRS,n,2,301.78,5.71,D,0
29.70601,75.29994,336.76,0.42,0.61,2025-11-09,0718,N20,VIIRS,n,2,302.56,2.81,D,0
29.95145,76.11687,367,0.37,0.58,2025-11-09,0718,N20,VIIRS,h,2,310.3,16.24,D,0
29.91903,75.91129,339.92,0.38,0.59,2025-11-09,0718,N20,VIIRS,n,2,303.43,2.95,D,0
29.99884,75.99371,345.15,0.38,0.59,2025-11-09,0718,N20,VIIRS,n,2,303.5,4.29,D,0
29.94709,75.71098,330.54,0.39,0.6,2025-11-09,0718,N20,VIIRS,l,2,303.59,1.6,D,0
30.05924,76.15163,367,0.37,0.58,2025-11-09,0718,N20,VIIRS,h,2,306.48,4.99,D,0
29.94953,75.5558,341.07,0.4,0.6,2025-11-09,0718,N20,VIIRS,n,2,302.01,2.22,D,0
29.99473,75.57212,338.63,0.4,0.6,2025-11-09,0718,N20,VIIRS,n,2,304.12,3.55,D,0
29.95081,75.08614,336.48,0.43,0.62,2025-11-09,0718,N20,VIIRS,n,2,302.87,4.94,D,0
29.94956,75.08868,340.99,0.43,0.62,2025-11-09,0718,N20,VIIRS,n,2,301.48,4.39,D,0
30.24152,75.99064,348.12,0.37,0.58,2025-11-09,0718,N20,VIIRS,n,2,305.98,3.94,D,0
30.26525,75.83224,334.05,0.38,0.59,2025-11-09,0718,N20,VIIRS,n,2,301.79,1.97,D,0
30.28528,75.76195,340.05,0.38,0.59,2025-11-09,0718,N20,VIIRS,n,2,304,3.34,D,0
30.29108,75.73928,367,0.38,0.59,2025-11-09,0718,N20,VIIRS,h,2,305.86,8.84,D,0
30.39877,76.0704,334.06,0.37,0.58,2025-11-09,0718,N20,VIIRS,n,2,302.63,1.82,D,0
30.22578,75.28268,343.18,0.41,0.61,2025-11-09,0718,N20,VIIRS,n,2,301.43,2.93,D,0
30.55482,76.44491,334.88,0.34,0.56,2025-11-09,0718,N20,VIIRS,n,2,301.62,2.47,D,0
30.45958,75.83874,330.14,0.38,0.58,2025-11-09,0718,N20,VIIRS,n,2,304.73,1.28,D,0
30.38821,75.01997,367,0.42,0.61,2025-11-09,0718,N20,VIIRS,h,2,306.59,25.15,D,0
30.38761,75.02222,336.06,0.42,0.61,2025-11-09,0718,N20,VIIRS,n,2,301.83,7.84,D,0
30.38655,75.01799,354.09,0.42,0.61,2025-11-09,0718,N20,VIIRS,n,2,305.38,11.81,D,0
30.39305,75.0204,331.01,0.42,0.61,2025-11-09,0718,N20,VIIRS,n,2,300.38,7.84,D,0
30.39198,75.01619,354.99,0.42,0.61,2025-11-09,0718,N20,VIIRS,n,2,304.03,11.81,D,0
29.63239,75.98788,333.22,0.66,0.73,2025-11-09,0858,N20,VIIRS,n,2,296.32,4.06,D,0
29.63424,75.98588,339.37,0.66,0.73,2025-11-09,0858,N20,VIIRS,n,2,297.18,5.06,D,0
29.6884,75.69816,339.64,0.63,0.72,2025-11-09,0858,N20,VIIRS,n,2,298.33,3.89,D,0
29.85291,75.82768,340.44,0.64,0.72,2025-11-09,0858,N20,VIIRS,n,2,302.12,4.72,D,0
29.85965,75.82737,339.26,0.64,0.72,2025-11-09,0858,N20,VIIRS,n,2,301.51,4.72,D,0
29.85344,75.70631,346.47,0.63,0.72,2025-11-09,0858,N20,VIIRS,n,2,299.35,9.88,D,0
29.85555,75.82577,367,0.64,0.72,2025-11-09,0858,N20,VIIRS,h,2,303.66,11.18,D,0
29.85006,75.70456,355.33,0.63,0.72,2025-11-09,0858,N20,VIIRS,n,2,300.89,12.25,D,0
29.89659,75.83734,344.71,0.65,0.73,2025-11-09,0858,N20,VIIRS,n,2,300.19,6.28,D,0
29.89627,75.83054,332.89,0.64,0.72,2025-11-09,0858,N20,VIIRS,n,2,302.39,6.28,D,0
29.88723,75.50447,338.41,0.62,0.71,2025-11-09,0858,N20,VIIRS,n,2,298.81,3.52,D,0
29.88595,75.47859,335.49,0.61,0.71,2025-11-09,0858,N20,VIIRS,n,2,299.96,3.81,D,0
29.93888,76.01501,343.71,0.66,0.73,2025-11-09,0858,N20,VIIRS,n,2,302.77,8.95,D,0
29.95066,76.12032,349.61,0.67,0.74,2025-11-09,0858,N20,VIIRS,n,2,301.36,6.58,D,0
29.93032,75.31583,345.39,0.6,0.71,2025-11-09,0858,N20,VIIRS,n,2,301.21,8.59,D,0
29.94067,76.01529,350.25,0.66,0.73,2025-11-09,0858,N20,VIIRS,n,2,302.86,12.11,D,0
29.95185,76.12066,344.94,0.67,0.74,2025-11-09,0858,N20,VIIRS,n,2,301.1,8.89,D,0
29.92952,75.31528,343.59,0.6,0.71,2025-11-09,0858,N20,VIIRS,n,2,301.53,6.4,D,0
30.06756,76.10104,335.62,0.67,0.74,2025-11-09,0858,N20,VIIRS,n,2,299.99,6.81,D,0
30.06723,76.09399,342.09,0.67,0.74,2025-11-09,0858,N20,VIIRS,n,2,304.1,6.81,D,0
30.03192,75.38635,339.41,0.61,0.71,2025-11-09,0858,N20,VIIRS,n,2,300.34,8.91,D,0
30.01232,75.57421,341.72,0.62,0.72,2025-11-09,0858,N20,VIIRS,n,2,300.97,7.81,D,0
30.03029,75.38404,350.67,0.61,0.71,2025-11-09,0858,N20,VIIRS,n,2,301.64,7.74,D,0
30.06846,76.09919,344.68,0.67,0.74,2025-11-09,0858,N20,VIIRS,n,2,300.08,9.13,D,0
30.06816,76.09209,331.08,0.67,0.74,2025-11-09,0858,N20,VIIRS,n,2,303.16,8.22,D,0
30.08958,75.65659,344.34,0.63,0.72,2025-11-09,0858,N20,VIIRS,n,2,300.43,4.95,D,0
30.08941,75.24693,367,0.6,0.7,2025-11-09,0858,N20,VIIRS,h,2,302.85,10.32,D,0
30.11309,75.58878,330.66,0.63,0.72,2025-11-09,0858,N20,VIIRS,n,2,300.1,4.23,D,0
30.13008,75.39802,342.88,0.61,0.71,2025-11-09,0858,N20,VIIRS,n,2,300.74,6.38,D,0
30.12863,75.39801,341.78,0.61,0.71,2025-11-09,0858,N20,VIIRS,n,2,300.66,5.74,D,0
30.18751,75.81439,344.24,0.65,0.73,2025-11-09,0858,N20,VIIRS,n,2,303.35,9.67,D,0
30.26981,75.83794,339.31,0.65,0.73,2025-11-09,0858,N20,VIIRS,n,2,298.81,17.69,D,0
30.26947,75.83105,353.2,0.65,0.73,2025-11-09,0858,N20,VIIRS,n,2,308.29,17.69,D,0
30.27189,75.83253,367,0.65,0.73,2025-11-09,0858,N20,VIIRS,h,2,306.64,30.81,D,0
30.31408,76.18405,340.12,0.68,0.74,2025-11-09,0858,N20,VIIRS,n,2,303.29,8.55,D,0
30.28059,75.16132,338.49,0.59,0.7,2025-11-09,0858,N20,VIIRS,n,2,300.51,6.03,D,0
30.56566,75.78226,339.39,0.65,0.73,2025-11-09,0858,N20,VIIRS,n,2,301.49,4.85,D,0
30.56531,75.11713,333.24,0.59,0.7,2025-11-09,0858,N20,VIIRS,n,2,300.45,3.71,D,0
30.59083,76.0983,323.66,0.36,0.57,2025-11-09,2122,N20,VIIRS,n,2,283.28,1.67,N,0
30.37775,76.13395,301.93,0.37,0.58,2025-11-09,2122,N20,VIIRS,n,2,283.84,0.67,N,0
30.37774,76.13355,303.42,0.37,0.58,2025-11-09,2122,N20,VIIRS,n,2,283.63,0.69,N,0
29.95614,76.11427,307.99,0.37,0.58,2025-11-09,2122,N20,VIIRS,n,2,282.59,0.99,N,0
29.65534,75.02351,304,0.33,0.55,2025-11-09,2122,N20,VIIRS,n,2,282.35,0.64,N,0
29.6552,75.02493,298,0.33,0.55,2025-11-09,2122,N20,VIIRS,n,2,283.01,0.66,N,0
30.03984,75.60125,344.01,0.75,0.77,2025-11-10,0659,N20,VIIRS,n,2,302.86,7.87,D,0
29.6351,76.44949,367,0.36,0.57,2025-11-10,0839,N20,VIIRS,h,2,305.9,6.13,D,0
29.63402,76.45003,367,0.36,0.57,2025-11-10,0839,N20,VIIRS,h,2,305.06,7,D,0
29.64404,76.02979,330.21,0.34,0.56,2025-11-10,0839,N20,VIIRS,n,2,298.36,1.97,D,0
29.63483,75.85084,367,0.33,0.55,2025-11-10,0839,N20,VIIRS,h,2,301.21,8.23,D,0
29.78825,75.74052,348.03,0.33,0.55,2025-11-10,0839,N20,VIIRS,n,2,304.18,3.14,D,0
29.78647,75.74043,348.77,0.33,0.55,2025-11-10,0839,N20,VIIRS,n,2,304.93,3.18,D,0
29.82385,75.56956,341.68,0.32,0.55,2025-11-10,0839,N20,VIIRS,n,2,300.33,3.82,D,0
29.88898,76.05116,353.65,0.34,0.56,2025-11-10,0839,N20,VIIRS,n,2,305.99,5.57,D,0
29.8769,75.9023,344,0.34,0.56,2025-11-10,0839,N20,VIIRS,n,2,304.76,2.84,D,0
29.88593,75.46441,341.36,0.63,0.54,2025-11-10,0839,N20,VIIRS,n,2,303.1,7.49,D,0
29.88557,75.46277,334.26,0.63,0.54,2025-11-10,0839,N20,VIIRS,n,2,302.88,4.26,D,0
29.93337,76.00246,356.28,0.34,0.56,2025-11-10,0839,N20,VIIRS,n,2,308.36,9.36,D,0
29.92378,75.68367,354.87,0.33,0.55,2025-11-10,0839,N20,VIIRS,n,2,307.01,8.93,D,0
29.93008,75.63509,352.66,0.32,0.55,2025-11-10,0839,N20,VIIRS,n,2,303.11,3.33,D,0
29.9268,75.47176,335.35,0.63,0.54,2025-11-10,0839,N20,VIIRS,n,2,301.88,2.46,D,0
29.99561,75.9963,367,0.34,0.56,2025-11-10,0839,N20,VIIRS,h,2,304.27,7.2,D,0
29.96275,75.59766,345.99,0.32,0.55,2025-11-10,0839,N20,VIIRS,n,2,303.03,3.16,D,0
30.05292,76.04304,332.43,0.34,0.56,2025-11-10,0839,N20,VIIRS,n,2,300.22,2.7,D,0
30.05813,76.04251,343.52,0.34,0.56,2025-11-10,0839,N20,VIIRS,n,2,304.07,2.7,D,0
30.04981,75.80426,336.73,0.33,0.55,2025-11-10,0839,N20,VIIRS,n,2,305.19,2.75,D,0
30.05885,75.59933,367,0.32,0.55,2025-11-10,0839,N20,VIIRS,h,2,305.07,7.93,D,0
30.07088,75.49988,339.81,0.32,0.54,2025-11-10,0839,N20,VIIRS,n,2,304.78,1.62,D,0
30.06812,75.40821,345.8,0.63,0.54,2025-11-10,0839,N20,VIIRS,n,2,303.4,8.05,D,0
30.05516,75.25844,331.93,0.62,0.54,2025-11-10,0839,N20,VIIRS,n,2,302.87,2.03,D,0
30.06013,75.2579,341.51,0.62,0.54,2025-11-10,0839,N20,VIIRS,n,2,303.02,10.62,D,0
30.06791,75.40675,341.37,0.63,0.54,2025-11-10,0839,N20,VIIRS,n,2,304.26,14.23,D,0
30.05595,75.25672,339.8,0.62,0.54,2025-11-10,0839,N20,VIIRS,n,2,304.94,9.21,D,0
30.18626,76.33751,337.16,0.36,0.57,2025-11-10,0839,N20,VIIRS,n,2,303.42,1.62,D,0
30.14032,75.3066,330.71,0.62,0.54,2025-11-10,0839,N20,VIIRS,l,2,303.64,3.27,D,0
30.17422,75.12149,342.55,0.61,0.53,2025-11-10,0839,N20,VIIRS,n,2,305.48,6.78,D,0
30.17603,75.1205,341.29,0.61,0.53,2025-11-10,0839,N20,VIIRS,n,2,304.99,5.47,D,0
30.30446,75.75633,331.46,0.33,0.55,2025-11-10,0839,N20,VIIRS,n,2,304.29,1.36,D,0
30.2708,75.12318,339.54,0.61,0.53,2025-11-10,0839,N20,VIIRS,n,2,304.66,6.53,D,0
30.29259,75.25719,334.86,0.62,0.54,2025-11-10,0839,N20,VIIRS,n,2,302.11,4.41,D,0
30.27964,75.40256,337.36,0.63,0.54,2025-11-10,0839,N20,VIIRS,n,2,301.57,5.51,D,0
30.27219,75.12122,339.1,0.61,0.53,2025-11-10,0839,N20,VIIRS,n,2,304.08,6.44,D,0
30.2931,75.25538,333.94,0.62,0.54,2025-11-10,0839,N20,VIIRS,n,2,300.98,3.64,D,0
30.35122,75.66289,352.58,0.33,0.55,2025-11-10,0839,N20,VIIRS,n,2,307.74,4.5,D,0
30.53738,75.69631,353.72,0.33,0.55,2025-11-10,0840,N20,VIIRS,n,2,304.63,3.87,D,0
30.53483,75.69709,342.74,0.33,0.55,2025-11-10,0840,N20,VIIRS,n,2,304.54,4.25,D,0
30.50169,75.02816,338.34,0.6,0.53,2025-11-10,0840,N20,VIIRS,n,2,305.12,3.69,D,0
30.56483,75.75056,348.83,0.33,0.56,2025-11-10,0840,N20,VIIRS,n,2,305.38,3.49,D,0
30.56155,75.70848,334.27,0.33,0.55,2025-11-10,0840,N20,VIIRS,n,2,304.18,1.48,D,0
30.5821,75.90661,335.4,0.34,0.56,2025-11-10,0840,N20,VIIRS,n,2,302.49,3.51,D,0
30.56997,75.75005,332.89,0.33,0.56,2025-11-10,0840,N20,VIIRS,l,2,304.85,1.74,D,0
30.59062,75.94941,338.05,0.34,0.56,2025-11-10,0840,N20,VIIRS,n,2,303.87,1.63,D,0
30.5219,75.03238,341.86,0.6,0.53,2025-11-10,0840,N20,VIIRS,n,2,305.78,18.76,D,0
30.57232,75.2749,335.33,0.63,0.54,2025-11-10,0840,N20,VIIRS,n,2,301.62,4.4,D,0
30.59402,75.00548,335.7,0.6,0.53,2025-11-10,0840,N20,VIIRS,n,2,301.45,2.37,D,0
29.614,76.40018,333.09,0.56,0.43,2025-11-11,0820,N20,VIIRS,n,2,299.81,3.3,D,0
29.66484,76.07599,331.95,0.54,0.42,2025-11-11,0820,N20,VIIRS,n,2,299.46,2.42,D,0
29.65474,75.95258,333.41,0.54,0.42,2025-11-11,0820,N20,VIIRS,n,2,298.59,2.88,D,0
29.72137,76.11933,340.96,0.55,0.42,2025-11-11,0820,N20,VIIRS,n,2,301.64,11.81,D,0
29.75486,76.23627,331.8,0.56,0.43,2025-11-11,0820,N20,VIIRS,n,2,299.33,2.41,D,0
29.69191,75.70255,336.67,0.52,0.42,2025-11-11,0820,N20,VIIRS,n,2,301.36,11.49,D,0
29.63716,75.25187,334.47,0.49,0.41,2025-11-11,0820,N20,VIIRS,n,2,303.49,6.71,D,0
29.69573,75.70197,345.81,0.52,0.42,2025-11-11,0820,N20,VIIRS,n,2,302.03,11.49,D,0
29.7701,76.2986,339.22,0.56,0.43,2025-11-11,0820,N20,VIIRS,n,2,302.55,13.46,D,0
29.6943,75.6993,336.42,0.52,0.42,2025-11-11,0820,N20,VIIRS,n,2,305.26,22.49,D,0
29.7696,76.30203,333.09,0.56,0.43,2025-11-11,0820,N20,VIIRS,n,2,301.56,3.42,D,0
29.77355,76.30146,334.09,0.56,0.43,2025-11-11,0820,N20,VIIRS,n,2,303.06,4.37,D,0
29.79116,75.89571,330.98,0.53,0.42,2025-11-11,0820,N20,VIIRS,n,2,303.31,2.64,D,0
29.74,75.14966,343.46,0.49,0.4,2025-11-11,0820,N20,VIIRS,n,2,302.73,4.72,D,0
29.74141,75.14666,339.66,0.49,0.4,2025-11-11,0820,N20,VIIRS,n,2,302.11,4.33,D,0
29.79649,75.48579,339.05,0.51,0.41,2025-11-11,0820,N20,VIIRS,n,2,300.85,5.04,D,0
29.80397,75.51694,331.98,0.51,0.41,2025-11-11,0820,N20,VIIRS,n,2,299.02,3.71,D,0
29.81185,75.32368,334.91,0.5,0.41,2025-11-11,0820,N20,VIIRS,n,2,300.71,3.95,D,0
29.8652,75.64346,332.45,0.52,0.42,2025-11-11,0820,N20,VIIRS,n,2,301.98,3.42,D,0
29.88239,75.72344,339.68,0.52,0.42,2025-11-11,0820,N20,VIIRS,n,2,302.62,3.81,D,0
29.83239,75.17903,333.26,0.49,0.41,2025-11-11,0820,N20,VIIRS,n,2,300.07,3.34,D,0
29.86763,75.43734,335.53,0.51,0.41,2025-11-11,0820,N20,VIIRS,n,2,299.63,4,D,0
29.86169,75.1566,331.79,0.49,0.4,2025-11-11,0821,N20,VIIRS,n,2,298.79,1.92,D,0
29.91268,75.49282,333.25,0.51,0.41,2025-11-11,0821,N20,VIIRS,n,2,302.1,3.17,D,0
29.93668,75.46754,332.85,0.51,0.41,2025-11-11,0821,N20,VIIRS,n,2,302.19,2.98,D,0
30.00272,75.96785,338.56,0.54,0.42,2025-11-11,0821,N20,VIIRS,n,2,304.38,6.52,D,0
30.02217,76.03384,336.75,0.55,0.42,2025-11-11,0821,N20,VIIRS,n,2,305.33,8.04,D,0
30.0326,76.05542,334.01,0.55,0.43,2025-11-11,0821,N20,VIIRS,n,2,304.17,2.66,D,0
29.98341,75.53615,341.32,0.52,0.41,2025-11-11,0821,N20,VIIRS,n,2,301.91,5.65,D,0
29.98721,75.53557,338.71,0.52,0.41,2025-11-11,0821,N20,VIIRS,n,2,312.26,39.51,D,0
29.9761,75.28544,343.98,0.5,0.41,2025-11-11,0821,N20,VIIRS,n,2,300.36,4.82,D,0
29.97278,75.28329,333.44,0.5,0.41,2025-11-11,0821,N20,VIIRS,n,2,300.54,4.7,D,0
29.99124,75.37611,334.43,0.51,0.41,2025-11-11,0821,N20,VIIRS,n,2,300.87,4.26,D,0
30.03407,75.6464,332.5,0.52,0.42,2025-11-11,0821,N20,VIIRS,n,2,304.89,3.03,D,0
30.02739,75.52145,333.55,0.52,0.41,2025-11-11,0821,N20,VIIRS,n,2,301.79,18.3,D,0
29.98267,75.0468,333.44,0.49,0.4,2025-11-11,0821,N20,VIIRS,n,2,302.01,2.25,D,0
30.03695,75.47119,334.78,0.51,0.41,2025-11-11,0821,N20,VIIRS,n,2,303.83,3.23,D,0
30.10551,75.92743,331.95,0.54,0.42,2025-11-11,0821,N20,VIIRS,n,2,301.44,2.28,D,0
30.0471,75.39423,335.02,0.51,0.41,2025-11-11,0821,N20,VIIRS,n,2,303.29,3.39,D,0
30.00919,75.07877,337.79,0.49,0.4,2025-11-11,0821,N20,VIIRS,n,2,300.8,3.39,D,0
30.07295,75.58,330.55,0.52,0.41,2025-11-11,0821,N20,VIIRS,n,2,303.05,2.2,D,0
30.04075,75.08936,332.84,0.49,0.4,2025-11-11,0821,N20,VIIRS,n,2,301.42,1.92,D,0
30.06499,75.13237,336.6,0.49,0.41,2025-11-11,0821,N20,VIIRS,n,2,302.57,5.05,D,0
30.16304,75.66273,334.34,0.53,0.42,2025-11-11,0821,N20,VIIRS,n,2,303.55,4.63,D,0
30.1157,75.258,333.4,0.5,0.41,2025-11-11,0821,N20,VIIRS,n,2,301.69,4.23,D,0
30.15995,75.60237,333.04,0.52,0.42,2025-11-11,0821,N20,VIIRS,n,2,302.35,4.24,D,0
30.15932,75.59695,340.54,0.52,0.42,2025-11-11,0821,N20,VIIRS,n,2,303.3,4.24,D,0
30.16132,75.2562,330.09,0.5,0.41,2025-11-11,0821,N20,VIIRS,n,2,302.44,1.51,D,0
30.15817,75.23023,331.44,0.5,0.41,2025-11-11,0821,N20,VIIRS,n,2,302.17,3.44,D,0
30.15754,75.22504,330.25,0.5,0.41,2025-11-11,0821,N20,VIIRS,n,2,304.17,2.98,D,0
30.19421,75.46582,331.5,0.51,0.41,2025-11-11,0821,N20,VIIRS,n,2,304.09,2.05,D,0
30.35672,76.14114,346.93,0.56,0.43,2025-11-11,0821,N20,VIIRS,n,2,304.66,19.71,D,0
30.32927,75.83203,343.23,0.54,0.42,2025-11-11,0821,N20,VIIRS,n,2,307.03,26.2,D,0
30.33858,75.69332,332.91,0.53,0.42,2025-11-11,0821,N20,VIIRS,n,2,304.32,3.15,D,0
30.31525,75.25407,336.3,0.5,0.41,2025-11-11,0821,N20,VIIRS,n,2,302.81,4.21,D,0
30.35201,75.43703,333.67,0.51,0.41,2025-11-11,0821,N20,VIIRS,n,2,302.84,3.14,D,0
30.31307,75.07483,333.21,0.49,0.41,2025-11-11,0821,N20,VIIRS,n,2,300.59,3.36,D,0
30.37466,75.1757,333.49,0.5,0.41,2025-11-11,0821,N20,VIIRS,n,2,301.28,2.92,D,0
30.50208,75.27598,333.73,0.51,0.41,2025-11-11,0821,N20,VIIRS,n,2,302.06,4.54,D,0
30.5021,75.27393,334.48,0.51,0.41,2025-11-11,0821,N20,VIIRS,n,2,302.79,4.65,D,0
30.53136,75.03548,334.03,0.49,0.41,2025-11-11,0821,N20,VIIRS,n,2,300.25,2.34,D,0
29.62939,76.42522,334.53,0.39,0.36,2025-11-12,0802,N20,VIIRS,n,2,306.25,3.29,D,0
29.66005,76.21992,334.43,0.39,0.36,2025-11-12,0802,N20,VIIRS,n,2,303.6,1.5,D,0
29.66335,76.21928,330.53,0.39,0.36,2025-11-12,0802,N20,VIIRS,n,2,299.98,1.5,D,0
29.64824,76.02726,335.54,0.38,0.36,2025-11-12,0802,N20,VIIRS,n,2,299.98,3.02,D,0
29.61663,75.22147,330.11,0.39,0.36,2025-11-12,0802,N20,VIIRS,n,2,298.5,1.79,D,0
29.81815,76.46277,331.19,0.39,0.36,2025-11-12,0802,N20,VIIRS,n,2,303.15,1.46,D,0
29.77694,75.46573,335.31,0.38,0.36,2025-11-12,0802,N20,VIIRS,n,2,299.68,3.37,D,0
29.75539,75.28288,340.98,0.39,0.36,2025-11-12,0802,N20,VIIRS,n,2,303.41,4.9,D,0
29.78172,75.27749,333,0.39,0.36,2025-11-12,0802,N20,VIIRS,n,2,300.72,1.98,D,0
29.84922,75.56091,344.51,0.38,0.36,2025-11-12,0802,N20,VIIRS,n,2,304.37,7.79,D,0
29.79923,75.2373,332.04,0.39,0.36,2025-11-12,0802,N20,VIIRS,n,2,299.86,2.39,D,0
29.80697,75.15477,336.35,0.39,0.36,2025-11-12,0802,N20,VIIRS,n,2,302.7,7.1,D,0
29.87911,75.46602,332.61,0.38,0.36,2025-11-12,0802,N20,VIIRS,n,2,300.37,6.31,D,0
29.91142,75.65478,335.07,0.38,0.36,2025-11-12,0802,N20,VIIRS,n,2,304.64,3.35,D,0
29.99532,75.25097,332.6,0.38,0.36,2025-11-12,0802,N20,VIIRS,n,2,302.12,1.82,D,0
30.05193,75.46378,332.98,0.38,0.36,2025-11-12,0802,N20,VIIRS,n,2,303.5,2.72,D,0
30.12286,75.88567,341.53,0.38,0.36,2025-11-12,0802,N20,VIIRS,n,2,305.29,2.32,D,0
30.044,75.08229,330.77,0.39,0.36,2025-11-12,0802,N20,VIIRS,l,2,305.59,2.53,D,0
30.08,75.29146,337.36,0.38,0.36,2025-11-12,0802,N20,VIIRS,n,2,302.2,2.89,D,0
30.14961,75.65668,334.53,0.38,0.36,2025-11-12,0802,N20,VIIRS,n,2,305.63,1.48,D,0
30.09795,75.14481,343.41,0.39,0.36,2025-11-12,0802,N20,VIIRS,n,2,303.81,3.92,D,0
30.12934,75.28134,345.29,0.38,0.36,2025-11-12,0802,N20,VIIRS,n,2,304.9,3.99,D,0
30.26551,75.6819,344.28,0.38,0.36,2025-11-12,0802,N20,VIIRS,n,2,318,37.9,D,0
30.33643,75.85976,334.74,0.38,0.36,2025-11-12,0802,N20,VIIRS,n,2,305.93,1.36,D,0
30.23368,75.14151,334.41,0.39,0.36,2025-11-12,0802,N20,VIIRS,n,2,303.46,2.41,D,0
30.46726,76.2366,337.36,0.39,0.36,2025-11-12,0802,N20,VIIRS,n,2,305.49,2.2,D,0
30.44652,75.82242,344.65,0.38,0.36,2025-11-12,0802,N20,VIIRS,n,2,308.81,11.34,D,0
30.41824,75.27986,332.25,0.38,0.36,2025-11-12,0802,N20,VIIRS,l,2,303.65,1.61,D,0
30.53813,76.05022,333.83,0.39,0.36,2025-11-12,0802,N20,VIIRS,l,2,304.36,18.63,D,0
30.51747,75.7304,335.44,0.38,0.36,2025-11-12,0802,N20,VIIRS,n,2,308.36,3.75,D,0
30.56323,75.89814,334.42,0.39,0.36,2025-11-12,0802,N20,VIIRS,n,2,306.27,3.36,D,0
30.54301,75.71777,334.42,0.38,0.36,2025-11-12,0802,N20,VIIRS,n,2,306.2,1.67,D,0
30.54032,75.67735,332.1,0.38,0.36,2025-11-12,0802,N20,VIIRS,n,2,306.24,1.41,D,0
30.46889,75.1882,332.2,0.38,0.36,2025-11-12,0802,N20,VIIRS,n,2,301.91,4.15,D,0
30.47218,75.18752,335.24,0.38,0.36,2025-11-12,0802,N20,VIIRS,n,2,302.47,4.15,D,0
30.49534,75.29341,333.74,0.38,0.36,2025-11-12,0802,N20,VIIRS,n,2,303.18,1.5,D,0
30.57968,75.15741,332.14,0.38,0.36,2025-11-12,0802,N20,VIIRS,l,2,304.8,1.77,D,0
29.71311,76.46755,333.23,0.48,0.4,2025-11-13,0743,N20,VIIRS,n,2,301.9,2.34,D,0
29.61424,75.69975,334.35,0.52,0.42,2025-11-13,0743,N20,VIIRS,n,2,301.44,3.53,D,0
29.67874,75.95734,333.23,0.51,0.41,2025-11-13,0743,N20,VIIRS,n,2,303.3,2.82,D,0
29.70246,75.26979,331.96,0.55,0.42,2025-11-13,0743,N20,VIIRS,n,2,300.52,3.36,D,0
29.75115,75.29233,331.67,0.55,0.42,2025-11-13,0743,N20,VIIRS,l,2,303.54,3.89,D,0
29.81854,75.53819,340.21,0.53,0.42,2025-11-13,0743,N20,VIIRS,n,2,301.38,5.29,D,0
29.88274,75.48639,333.48,0.53,0.42,2025-11-13,0743,N20,VIIRS,n,2,302.48,2.84,D,0
29.89384,75.35831,331.42,0.54,0.42,2025-11-13,0743,N20,VIIRS,n,2,303.24,3.2,D,0
29.88485,75.18671,330.39,0.55,0.43,2025-11-13,0743,N20,VIIRS,n,2,301.16,2.25,D,0
30.01255,75.59064,343.52,0.52,0.42,2025-11-13,0743,N20,VIIRS,n,2,306.7,12.81,D,0
30.01208,75.38235,345.06,0.53,0.42,2025-11-13,0743,N20,VIIRS,n,2,302.48,8.47,D,0
30.08568,75.44133,335.54,0.53,0.42,2025-11-13,0743,N20,VIIRS,n,2,305.25,4.11,D,0
30.08853,75.18826,345.49,0.54,0.42,2025-11-13,0743,N20,VIIRS,n,2,307.63,9.43,D,0
30.23652,75.94619,335.69,0.5,0.41,2025-11-13,0743,N20,VIIRS,n,2,306.33,6.23,D,0
30.09236,75.18728,332.31,0.54,0.42,2025-11-13,0743,N20,VIIRS,n,2,305.63,9.43,D,0
30.2402,75.94527,334.82,0.5,0.41,2025-11-13,0743,N20,VIIRS,n,2,303.86,3.38,D,0
30.39005,75.90326,330.86,0.5,0.41,2025-11-13,0743,N20,VIIRS,n,2,305.68,1.75,D,0
30.53987,76.25763,332.17,0.48,0.4,2025-11-13,0743,N20,VIIRS,n,2,300.8,2.12,D,0
30.5421,76.02657,332.84,0.49,0.4,2025-11-13,0743,N20,VIIRS,n,2,303.17,1.8,D,0
30.59656,75.92873,331.77,0.49,0.4,2025-11-13,0743,N20,VIIRS,n,2,303.97,2.48,D,0
30.53215,75.02458,338.32,0.55,0.42,2025-11-13,0743,N20,VIIRS,n,2,305.85,22.5,D,0
30.55786,75.117,337.78,0.54,0.42,2025-11-13,0743,N20,VIIRS,n,2,303.65,4.35,D,0
30.5547,75.10042,344.47,0.54,0.42,2025-11-13,0743,N20,VIIRS,n,2,302.62,6.37,D,0
30.53277,75.0223,338.75,0.55,0.42,2025-11-13,0743,N20,VIIRS,n,2,306.17,22.92,D,0
30.55685,75.1035,332.45,0.54,0.42,2025-11-13,0743,N20,VIIRS,n,2,300.98,3.35,D,0
30.55576,75.09798,331.6,0.54,0.42,2025-11-13,0743,N20,VIIRS,n,2,304.06,3.35,D,0
29.85063,75.09659,334.21,0.34,0.56,2025-11-14,0724,N20,VIIRS,n,2,300.81,1.92,D,0
30.05462,75.56384,344.75,0.32,0.55,2025-11-14,0724,N20,VIIRS,n,2,304.96,3.76,D,0
30.05565,75.56582,333.18,0.32,0.55,2025-11-14,0724,N20,VIIRS,n,2,303.02,1.88,D,0
30.05489,75.56259,332.98,0.32,0.55,2025-11-14,0724,N20,VIIRS,n,2,304.24,1.88,D,0
30.01611,75.3074,348.77,0.33,0.55,2025-11-14,0724,N20,VIIRS,n,2,303.92,3.64,D,0
30.0666,75.15807,367,0.34,0.56,2025-11-14,0724,N20,VIIRS,h,2,304.03,8.55,D,0
30.06456,75.15704,367,0.34,0.56,2025-11-14,0724,N20,VIIRS,h,2,304.92,7.49,D,0
30.23584,75.59656,332.01,0.63,0.54,2025-11-14,0724,N20,VIIRS,l,2,303.28,3.39,D,0
30.41701,76.04108,333.71,0.59,0.53,2025-11-14,0724,N20,VIIRS,n,2,303.9,3.34,D,0
30.4461,75.0298,337.09,0.34,0.56,2025-11-14,0724,N20,VIIRS,n,2,303.11,1.76,D,0
29.82365,75.58051,367,0.78,0.78,2025-11-14,0905,N20,VIIRS,h,2,297.88,14.78,D,0
29.81844,75.58019,367,0.78,0.78,2025-11-14,0905,N20,VIIRS,h,2,297.01,16.1,D,0
29.96065,75.07813,342.67,0.73,0.76,2025-11-14,0905,N20,VIIRS,n,2,298.38,7.41,D,0
30.00042,75.18531,331.79,0.74,0.76,2025-11-14,0905,N20,VIIRS,n,2,300.54,7.06,D,0
29.99737,75.18455,333.17,0.74,0.76,2025-11-14,0905,N20,VIIRS,n,2,300.78,5.14,D,0
30.32189,75.27551,355.15,0.75,0.77,2025-11-14,0905,N20,VIIRS,n,2,299.47,10.48,D,0
30.32554,75.277,340.95,0.75,0.77,2025-11-14,0905,N20,VIIRS,n,2,298.81,7.83,D,0
30.32528,75.269,338.19,0.75,0.77,2025-11-14,0905,N20,VIIRS,n,2,300.12,7.83,D,0
29.66708,75.14424,295.47,0.61,0.71,2025-11-14,1948,N20,VIIRS,n,2,280.44,0.35,N,0
29.95399,75.18182,333.11,0.64,0.72,2025-11-15,0706,N20,VIIRS,n,2,302.73,3.66,D,0
29.61243,75.76173,335.03,0.41,0.61,2025-11-15,0846,N20,VIIRS,n,2,301.39,2.59,D,0
29.66804,76.39079,341.86,0.45,0.63,2025-11-15,0846,N20,VIIRS,n,2,300.38,3.79,D,0
29.68792,75.13704,336.17,0.38,0.58,2025-11-15,0846,N20,VIIRS,n,2,303.78,2.27,D,0
29.6899,75.13647,337.7,0.38,0.58,2025-11-15,0846,N20,VIIRS,n,2,303.36,2.85,D,0
29.78707,75.8931,338.4,0.42,0.61,2025-11-15,0846,N20,VIIRS,n,2,302.13,2.95,D,0
29.84735,75.17268,350.51,0.38,0.59,2025-11-15,0846,N20,VIIRS,n,2,304.03,3.55,D,0
29.97733,75.2819,331.95,0.39,0.59,2025-11-15,0846,N20,VIIRS,l,2,303.44,1.78,D,0
30.27978,76.27269,367,0.45,0.63,2025-11-15,0846,N20,VIIRS,h,2,306.01,10.36,D,0
30.26021,75.27104,343.14,0.39,0.59,2025-11-15,0846,N20,VIIRS,n,2,302.49,2.54,D,0
30.27692,75.19592,338.72,0.38,0.59,2025-11-15,0846,N20,VIIRS,n,2,302,4.48,D,0
30.42182,75.28354,332.04,0.39,0.59,2025-11-15,0846,N20,VIIRS,n,2,301.28,1.7,D,0
30.51257,75.46594,350.63,0.4,0.6,2025-11-15,0846,N20,VIIRS,n,2,304.04,3.92,D,0
30.51843,75.4697,336.82,0.4,0.6,2025-11-15,0846,N20,VIIRS,n,2,303.29,9.92,D,0
30.51814,75.46546,353.45,0.4,0.6,2025-11-15,0846,N20,VIIRS,n,2,306.65,13.99,D,0
30.50334,75.17878,342.9,0.39,0.59,2025-11-15,0846,N20,VIIRS,n,2,302.31,4.87,D,0
30.50304,75.17472,332.72,0.39,0.59,2025-11-15,0846,N20,VIIRS,n,2,303.66,4.16,D,0
30.49454,75.05784,346.29,0.38,0.59,2025-11-15,0846,N20,VIIRS,n,2,303.31,3.55,D,0
29.63441,76.12005,341.39,0.45,0.47,2025-11-16,0827,N20,VIIRS,n,2,303,3.92,D,0
29.84163,75.44331,338.71,0.41,0.45,2025-11-16,0827,N20,VIIRS,n,2,303.68,2.2,D,0
29.85652,75.12299,332.88,0.39,0.44,2025-11-16,0827,N20,VIIRS,n,2,301.46,1.5,D,0
29.90293,75.36641,343.58,0.41,0.45,2025-11-16,0827,N20,VIIRS,n,2,304.25,7.96,D,0
29.96651,75.45284,331.31,0.41,0.45,2025-11-16,0827,N20,VIIRS,n,2,305.32,1.8,D,0
29.936,75.1706,341.14,0.4,0.44,2025-11-16,0827,N20,VIIRS,n,2,305.86,3.13,D,0
29.92475,75.06792,331.29,0.39,0.44,2025-11-16,0827,N20,VIIRS,n,2,305.33,5.65,D,0
29.92879,75.06734,346.69,0.39,0.44,2025-11-16,0827,N20,VIIRS,n,2,303.28,5.65,D,0
29.9674,75.34459,339.85,0.41,0.45,2025-11-16,0827,N20,VIIRS,n,2,303.11,2.31,D,0
29.96428,75.05409,344.78,0.39,0.44,2025-11-16,0827,N20,VIIRS,n,2,305.43,4.4,D,0
29.96328,75.00883,341.14,0.39,0.44,2025-11-16,0827,N20,VIIRS,n,2,302.94,4.78,D,0
29.96487,75.05387,345.87,0.39,0.44,2025-11-16,0827,N20,VIIRS,n,2,305.42,4.77,D,0
29.96011,75.00909,341.43,0.39,0.44,2025-11-16,0827,N20,VIIRS,n,2,304.27,4.05,D,0
29.95968,75.00503,333.86,0.39,0.44,2025-11-16,0827,N20,VIIRS,n,2,306.64,3.81,D,0
30.02727,75.1368,344.49,0.4,0.44,2025-11-16,0827,N20,VIIRS,n,2,305.83,4.37,D,0
30.09515,75.03991,340.99,0.39,0.44,2025-11-16,0827,N20,VIIRS,n,2,303.54,4.52,D,0
30.09471,75.03581,335.57,0.39,0.44,2025-11-16,0827,N20,VIIRS,n,2,305.48,4.31,D,0
30.30545,75.07847,330.94,0.4,0.44,2025-11-16,0827,N20,VIIRS,n,2,300.95,1.15,D,0
30.37008,75.06521,341.45,0.4,0.44,2025-11-16,0827,N20,VIIRS,n,2,307.47,5.08,D,0
30.5828,75.04836,341.04,0.4,0.44,2025-11-16,0827,N20,VIIRS,n,2,305.29,3.87,D,0
30.37973,76.42519,301.86,0.44,0.38,2025-11-16,2051,N20,VIIRS,n,2,281.52,0.54,N,0
29.68729,75.58722,343.55,0.4,0.37,2025-11-17,0808,N20,VIIRS,n,2,302.48,3.25,D,0
29.73604,75.57871,334.05,0.4,0.37,2025-11-17,0808,N20,VIIRS,n,2,305.27,2.18,D,0
29.69536,75.19543,340.55,0.39,0.36,2025-11-17,0808,N20,VIIRS,n,2,303.07,3.96,D,0
29.71803,75.28211,333.55,0.39,0.36,2025-11-17,0808,N20,VIIRS,l,2,304.59,1.78,D,0
29.84845,75.96483,335.83,0.41,0.37,2025-11-17,0808,N20,VIIRS,n,2,304.59,4.26,D,0
29.8442,75.42984,343.18,0.4,0.37,2025-11-17,0808,N20,VIIRS,n,2,307.41,10,D,0
29.83171,75.17459,333.77,0.39,0.36,2025-11-17,0808,N20,VIIRS,n,2,304.45,3.37,D,0
29.83113,75.17056,333,0.39,0.36,2025-11-17,0808,N20,VIIRS,n,2,305.7,3.37,D,0
29.89024,75.39202,334.08,0.39,0.37,2025-11-17,0808,N20,VIIRS,n,2,302.66,1.71,D,0
29.86535,75.14755,334.45,0.39,0.36,2025-11-17,0808,N20,VIIRS,l,2,304.89,2.39,D,0
29.99093,75.9101,331.69,0.41,0.37,2025-11-17,0808,N20,VIIRS,n,2,302.74,1.19,D,0
29.94977,75.02859,334.18,0.39,0.36,2025-11-17,0808,N20,VIIRS,n,2,305,2.25,D,0
30.06787,75.75998,336.37,0.4,0.37,2025-11-17,0808,N20,VIIRS,n,2,307.96,2.97,D,0
30.01152,75.29046,338.15,0.39,0.36,2025-11-17,0808,N20,VIIRS,n,2,306.49,4.97,D,0
30.01397,75.29018,334.17,0.39,0.36,2025-11-17,0808,N20,VIIRS,n,2,304.51,2.27,D,0
30.59938,76.29984,333.58,0.42,0.38,2025-11-17,0808,N20,VIIRS,n,2,301.62,3.37,D,0
30.50102,75.0629,335.17,0.39,0.36,2025-11-17,0808,N20,VIIRS,l,2,308.39,2.83,D,0
29.86309,76.37469,332.07,0.42,0.38,2025-11-18,0749,N20,VIIRS,n,2,301.08,3.28,D,0
29.695,75.32236,331.23,0.46,0.39,2025-11-18,0749,N20,VIIRS,n,2,300.68,2.46,D,0
29.9525,75.03496,337.54,0.47,0.4,2025-11-18,0749,N20,VIIRS,n,2,305.09,4.67,D,0
30.20187,75.0984,332.99,0.46,0.39,2025-11-18,0749,N20,VIIRS,n,2,304.03,3.16,D,0
29.86466,76.3752,319.52,0.43,0.46,2025-11-18,2014,N20,VIIRS,n,2,283.48,2.26,N,0
29.61009,75.11593,298.76,0.5,0.49,2025-11-18,2014,N20,VIIRS,n,2,282.54,1.2,N,0
29.96431,75.06066,340.35,0.55,0.51,2025-11-19,0731,N20,VIIRS,n,2,301.02,10.9,D,0
29.96306,75.05508,336.88,0.55,0.51,2025-11-19,0731,N20,VIIRS,n,2,304.48,10.9,D,0
29.65272,75.08103,300.87,0.49,0.65,2025-11-19,1955,N20,VIIRS,n,2,279.86,1.69,N,0
29.65241,75.08619,304.13,0.49,0.65,2025-11-19,1955,N20,VIIRS,n,2,280.33,1.69,N,0
29.64372,75.02803,296.73,0.5,0.66,2025-11-19,1955,N20,VIIRS,n,2,280.2,1.62,N,0
29.65691,75.08586,301.68,0.49,0.65,2025-11-19,1955,N20,VIIRS,n,2,279.97,1.41,N,0
29.65088,75.0853,303.05,0.49,0.65,2025-11-19,1955,N20,VIIRS,n,2,279.24,1.41,N,0
29.64254,75.02726,304.72,0.5,0.66,2025-11-19,1955,N20,VIIRS,n,2,280.62,1.03,N,0
29.64118,75.02556,302.13,0.51,0.66,2025-11-19,2135,N20,VIIRS,n,2,282.28,1,N,0
29.63992,76.1382,331.08,0.54,0.68,2025-11-20,0852,N20,VIIRS,n,2,298.05,2.81,D,0
30.10159,75.27512,330.83,0.49,0.65,2025-11-20,0852,N20,VIIRS,n,2,300.23,2.58,D,0
30.10389,75.27583,332.88,0.49,0.65,2025-11-20,0852,N20,VIIRS,n,2,298.93,2.51,D,0
30.15788,75.47517,330.89,0.5,0.66,2025-11-20,0852,N20,VIIRS,n,2,300.78,2.55,D,0
30.17089,75.08836,344.07,0.47,0.64,2025-11-20,0852,N20,VIIRS,n,2,302.11,6.63,D,0
30.07751,75.19666,336.58,0.5,0.49,2025-11-21,0833,N20,VIIRS,n,2,300.17,4.02,D,0
30.17423,76.21923,301.79,0.5,0.41,2025-11-21,2058,N20,VIIRS,n,2,285.51,1.01,N,0
29.66714,75.11732,302.83,0.46,0.39,2025-11-21,2058,N20,VIIRS,n,2,283.46,1.05,N,0
29.60672,75.34431,331.52,0.43,0.38,2025-11-22,0815,N20,VIIRS,n,2,298.76,1.81,D,0
29.82299,75.51271,334.17,0.44,0.38,2025-11-22,0815,N20,VIIRS,n,2,299.25,2.27,D,0
29.82651,75.5121,338.39,0.44,0.38,2025-11-22,0815,N20,VIIRS,n,2,300.94,3.11,D,0
29.95249,75.02203,335.57,0.42,0.38,2025-11-22,0815,N20,VIIRS,n,2,304.38,3.92,D,0
30.13659,75.04583,336.82,0.43,0.38,2025-11-22,0815,N20,VIIRS,n,2,304.31,13.59,D,0
30.1935,75.12661,334.98,0.43,0.38,2025-11-22,0815,N20,VIIRS,n,2,303.04,2.86,D,0
30.58593,75.36952,332.68,0.44,0.38,2025-11-22,0815,N20,VIIRS,n,2,301.94,2.94,D,0
29.64291,75.18767,332.82,0.41,0.37,2025-11-23,0756,N20,VIIRS,n,2,302.17,2.02,D,0
30.50431,75.09345,331.52,0.41,0.37,2025-11-23,0756,N20,VIIRS,n,2,301.67,1.89,D,0
29.99439,76.31504,302.36,0.53,0.42,2025-11-23,2020,N20,VIIRS,n,2,282.85,0.99,N,0
29.99286,76.31361,301.43,0.53,0.42,2025-11-23,2020,N20,VIIRS,n,2,282.84,1.02,N,0
29.67819,76.16697,340.3,0.39,0.44,2025-11-24,0737,N20,VIIRS,n,2,303.11,2.72,D,0
29.72089,76.35623,367,0.33,0.55,2025-11-24,2001,N20,VIIRS,h,2,286.36,5.24,N,0
29.71579,76.35564,342.63,0.33,0.55,2025-11-24,2001,N20,VIIRS,n,2,283.81,5.24,N,0
29.72106,76.35642,329.53,0.74,0.76,2025-11-24,2142,N20,VIIRS,n,2,282.66,5.14,N,0
29.71609,76.36063,345.73,0.36,0.57,2025-11-25,0718,N20,VIIRS,n,2,300.02,3.91,D,0
29.71682,76.36105,340.22,0.36,0.57,2025-11-25,0718,N20,VIIRS,n,2,298.66,4.22,D,0
29.7168,76.35545,298.56,0.39,0.6,2025-11-25,2123,N20,VIIRS,n,2,280.99,0.54,N,0
29.66994,75.36639,340.85,0.63,0.54,2025-11-26,0840,N20,VIIRS,n,2,302.96,8.78,D,0
29.67026,75.36572,340.36,0.63,0.54,2025-11-26,0840,N20,VIIRS,n,2,303.81,6.21,D,0
30.59155,75.08511,342.46,0.62,0.54,2025-11-26,0840,N20,VIIRS,n,2,303.18,7.56,D,0
30.59229,75.08335,340.75,0.62,0.54,2025-11-26,0840,N20,VIIRS,n,2,303.14,6.28,D,0
29.65884,75.61467,333,0.52,0.42,2025-11-27,0821,N20,VIIRS,n,2,302.23,3.3,D,0
30.55537,75.35198,346.31,0.38,0.36,2025-11-28,0802,N20,VIIRS,n,2,304.58,4.08,D,0
30.55865,75.35132,340.82,0.38,0.36,2025-11-28,0802,N20,VIIRS,n,2,302.33,5.18,D,0
30.28258,75.28606,331.33,0.53,0.42,2025-11-29,0744,N20,VIIRS,n,2,301.42,9.77,D,0
30.58045,75.89004,319.11,0.56,0.69,2025-11-30,1949,N20,VIIRS,n,2,278.52,1.98,N,0
30.57411,75.88949,296.2,0.56,0.69,2025-11-30,1949,N20,VIIRS,n,2,277.66,0.58,N,0
30.57783,75.88819,305.76,0.56,0.69,2025-11-30,1949,N20,VIIRS,n,2,277.98,1.89,N,0
30.5775,75.89407,309.2,0.56,0.69,2025-11-30,1949,N20,VIIRS,n,2,278.69,1.89,N,0
29.94066,76.34872,367,0.52,0.67,2025-11-30,1949,N20,VIIRS,h,2,290.14,26.05,N,0
29.94035,76.35414,341.77,0.52,0.66,2025-11-30,1949,N20,VIIRS,n,2,285.52,26.05,N,0
29.93451,76.34818,296.17,0.52,0.67,2025-11-30,1949,N20,VIIRS,n,2,279.03,1.57,N,0
29.94098,76.34647,350.69,0.52,0.66,2025-11-30,1949,N20,VIIRS,n,2,280.26,29.58,N,0
29.94064,76.35188,339.48,0.52,0.66,2025-11-30,1949,N20,VIIRS,n,2,301.59,21.75,N,0
29.93449,76.35136,301.44,0.52,0.66,2025-11-30,1949,N20,VIIRS,n,2,279.95,21.75,N,0
30.57627,75.89138,317.11,0.44,0.62,2025-11-30,2129,N20,VIIRS,n,2,277.8,1.62,N,0
30.57515,75.89579,302.53,0.44,0.62,2025-11-30,2129,N20,VIIRS,n,2,278.78,1.62,N,0
29.93979,76.35174,367,0.48,0.65,2025-11-30,2129,N20,VIIRS,h,2,295.33,18.88,N,0
29.94106,76.34695,295.05,0.48,0.65,2025-11-30,2129,N20,VIIRS,n,2,278.52,12.77,N,0
29.93853,76.35654,312.06,0.48,0.65,2025-11-30,2129,N20,VIIRS,n,2,281.19,18.88,N,0
29.94127,76.35143,367,0.48,0.65,2025-11-30,2129,N20,VIIRS,h,2,285.99,15.59,N,0
29.94003,76.35623,349.86,0.48,0.65,2025-11-30,2129,N20,VIIRS,n,2,286.48,24.61,N,0
29.93554,76.34945,300.96,0.48,0.65,2025-11-30,2129,N20,VIIRS,n,2,277.91,15.59,N,0
29.93856,76.35987,334.92,0.54,0.68,2025-12-01,0706,N20,VIIRS,n,2,294.86,6.1,D,0
29.93714,76.35445,342.58,0.54,0.68,2025-12-01,0706,N20,VIIRS,n,2,298.88,7.39,D,0
29.93713,76.35792,367,0.54,0.68,2025-12-01,0706,N20,VIIRS,h,2,298.55,12.08,D,0
29.93746,76.35765,354.06,0.45,0.63,2025-12-01,0846,N20,VIIRS,n,2,297.76,6.21,D,0
29.93933,76.35217,322.49,0.51,0.49,2025-12-01,2110,N20,VIIRS,n,2,283.34,2.69,N,0
29.93894,76.35414,298.65,0.44,0.38,2025-12-02,2052,N20,VIIRS,n,2,281.38,0.74,N,0
30.2923,75.49328,329.98,0.44,0.39,2025-12-04,0750,N20,VIIRS,n,2,293.82,2.81,D,0
30.59982,75.0433,331.53,0.43,0.38,2025-12-08,0815,N20,VIIRS,n,2,299.14,3.09,D,0
29.62191,75.20934,355.24,0.41,0.37,2025-12-09,0756,N20,VIIRS,n,2,301.55,6.04,D,0
29.62528,75.2086,351.33,0.41,0.37,2025-12-09,0756,N20,VIIRS,n,2,299.49,6.04,D,0
29.62388,75.20027,346.72,0.41,0.37,2025-12-09,0756,N20,VIIRS,n,2,300.38,6.4,D,0
29.65253,75.2672,343.77,0.41,0.37,2025-12-09,0756,N20,VIIRS,n,2,300.12,2.71,D,0
29.65184,75.26305,340.1,0.41,0.37,2025-12-09,0756,N20,VIIRS,n,2,299.72,2.71,D,0
29.6552,75.26231,336.53,0.41,0.37,2025-12-09,0756,N20,VIIRS,n,2,300.03,2.71,D,0
29.65589,75.26645,356.35,0.41,0.37,2025-12-09,0756,N20,VIIRS,l,2,302.51,2.71,D,0
29.65926,75.26572,347.66,0.41,0.37,2025-12-09,0756,N20,VIIRS,n,2,301.57,3.01,D,0
29.65856,75.26157,335.14,0.41,0.37,2025-12-09,0756,N20,VIIRS,n,2,300.07,3.01,D,0
29.66262,75.26498,336.98,0.41,0.37,2025-12-09,0756,N20,VIIRS,n,2,297.91,3.01,D,0
29.66193,75.26083,343.16,0.41,0.37,2025-12-09,0756,N20,VIIRS,n,2,300.89,3.01,D,0
29.73018,75.30701,341.55,0.4,0.37,2025-12-09,0756,N20,VIIRS,n,2,300.48,3.71,D,0
29.73353,75.30628,345.42,0.4,0.37,2025-12-09,0756,N20,VIIRS,n,2,300.34,3.61,D,0
