latitude,longitude,brightness,scan,track,acq_date,acq_time,satellite,instrument,confidence,version,bright_t31,frp,daynight,type,label,cluster_id,distinct_days,distance_to_industrial_m,distance_to_farmland_m,historical_mean_frp,historical_max_frp,historical_std_frp,frp_deviation,night_detection_ratio,class_label,ndvi,ndbi,ndwi,alert_flag,ml_predicted_label,ml_confidence,distance_to_residential_m,risk_points,risk_score,escalation_status
22.11777,82.61755,335.15,0.43,0.46,2026-03-01,718,N20,VIIRS,n,2,303.34,15.85,D,0.0,unclassified,0,1,7877.1,31154.8,12.251666666666663,15.85,4.891038403720284,1.2937,0.0,Natural Fire,0.2579,0.1253,-0.3787,Normal,Natural Fire,0.9984,19480.1,0,Low,Stable
22.12267,82.6207,341.56,0.43,0.46,2026-03-01,718,N20,VIIRS,n,2,305.72,15.85,D,0.0,unclassified,0,1,7604.5,30706.5,12.251666666666663,15.85,4.891038403720284,1.2937,0.0,Natural Fire,0.1879,0.1994,-0.3222,Normal,Natural Fire,0.9997,19034.3,0,Low,Stable
22.12191,82.61665,351.74,0.43,0.46,2026-03-01,718,N20,VIIRS,n,2,314.46,15.85,D,0.0,unclassified,0,1,8008.9,30687.4,12.251666666666663,15.85,4.891038403720284,1.2937,0.0,Natural Fire,0.1274,0.2713,-0.2409,Normal,Natural Fire,0.9997,19012.7,0,Low,Stable
22.12114,82.61259,342.74,0.43,0.46,2026-03-01,718,N20,VIIRS,n,2,308.33,13.94,D,0.0,unclassified,0,1,8416.4,30675.0,12.251666666666663,15.85,4.891038403720284,1.1378,0.0,Natural Fire,0.2109,0.1469,-0.2888,Normal,Natural Fire,0.9997,19001.5,0,Low,Stable
22.12604,82.61574,344.88,0.43,0.46,2026-03-01,718,N20,VIIRS,n,2,307.28,6.01,D,0.0,unclassified,0,1,8165.7,30220.8,12.251666666666663,15.85,4.891038403720284,0.4905,0.0,Natural Fire,unavailable,unavailable,unavailable,Normal,Natural Fire,0.9994,18546.2,0,Low,Stable
22.1268,82.61979,335.42,0.43,0.46,2026-03-01,718,N20,VIIRS,l,2,308.42,6.01,D,0.0,unclassified,0,1,7766.2,30240.2,12.251666666666663,15.85,4.891038403720284,0.4905,0.0,Natural Fire,unavailable,unavailable,unavailable,Normal,Natural Fire,0.9988,18568.3,0,Low,Stable
22.3111,82.53024,343.73,0.43,0.46,2026-03-01,718,N20,VIIRS,n,2,306.37,6.02,D,2.0,industrial_nearby,1,98,195.5,9044.0,2.508492063492064,11.71,1.680059238942467,2.3998,0.9232804232804231,Industrial,unavailable,unavailable,unavailable,Normal,Industrial,0.9993,355.0,6,High,Stable
22.32988,82.60644,340.14,0.42,0.45,2026-03-01,718,N20,VIIRS,n,2,305.96,5.0,D,2.0,industrial_direct,5,73,0.0,9133.2,2.765913043478261,15.28,2.376793836187871,1.8077,0.8260869565217391,Industrial,unavailable,unavailable,unavailable,Normal,Industrial,0.9987,285.0,6,High,Stable
22.37384,82.81679,336.49,0.41,0.45,2026-03-01,718,N20,VIIRS,n,2,302.1,4.13,D,0.0,unclassified,-1,0,6729.4,12104.1,,,,,,Natural Fire,unavailable,unavailable,unavailable,Normal,Natural Fire,0.9998,8226.9,0,Low,Stable
22.33273,82.57613,336.63,0.42,0.46,2026-03-01,718,N20,VIIRS,n,2,306.35,3.01,D,2.0,industrial_direct,3,71,0.0,7144.3,2.7918248175182483,11.59,1.9379155034462177,1.0781,0.8394160583941606,Industrial,unavailable,unavailable,unavailable,Normal,Industrial,0.9997,1606.7,4,Medium,Stable
22.50167,82.60797,332.98,0.42,0.45,2026-03-01,718,N20,VIIRS,l,2,307.41,2.12,D,0.0,industrial_nearby,-1,0,675.8,13170.5,,,,,,Unknown,unavailable,unavailable,unavailable,Normal,Unknown,0.9995,10133.9,3,Medium,Stable
22.28705,83.09211,330.54,0.4,0.44,2026-03-01,718,N20,VIIRS,l,2,302.11,2.62,D,0.0,unclassified,-1,0,28156.2,22056.2,,,,,,Natural Fire,unavailable,unavailable,unavailable,Normal,Natural Fire,0.9994,20132.3,0,Low,Stable
22.31284,82.53032,304.74,0.43,0.46,2026-03-01,1946,N20,VIIRS,n,2,294.45,1.81,N,2.0,industrial_nearby,1,98,41.3,8853.3,2.508492063492064,11.71,1.680059238942467,0.7215,0.9232804232804231,Industrial,unavailable,unavailable,unavailable,Normal,Industrial,0.9999,406.8,6,High,Stable
22.31333,82.52609,328.86,0.44,0.46,2026-03-01,1946,N20,VIIRS,n,2,294.77,3.26,N,2.0,industrial_direct,1,98,0.0,8894.3,2.508492063492064,11.71,1.680059238942467,1.2996,0.9232804232804231,Industrial,unavailable,unavailable,unavailable,Normal,Industrial,0.9995,572.9,5,High,Stable
22.31656,82.53515,308.28,0.43,0.46,2026-03-01,1946,N20,VIIRS,n,2,295.34,1.26,N,2.0,industrial_direct,1,98,0.0,8363.8,2.508492063492064,11.71,1.680059238942467,0.5023,0.9232804232804231,Industrial,unavailable,unavailable,unavailable,Normal,Industrial,0.9999,437.7,6,High,Stable
22.31706,82.53094,309.21,0.43,0.46,2026-03-01,1946,N20,VIIRS,n,2,296.44,1.26,N,2.0,industrial_direct,1,98,0.0,8382.5,2.508492063492064,11.71,1.680059238942467,0.5023,0.9232804232804231,Industrial,unavailable,unavailable,unavailable,Normal,Industrial,0.9999,598.9,5,High,Stable
22.31679,82.56947,303.29,0.43,0.46,2026-03-01,1946,N20,VIIRS,n,2,293.11,0.91,N,0.0,industrial_nearby,1,98,114.6,8576.0,2.508492063492064,11.71,1.680059238942467,0.3628,0.9232804232804231,Industrial,unavailable,unavailable,unavailable,Normal,Industrial,0.9999,354.5,6,High,Stable
22.35712,82.30097,306.96,0.45,0.47,2026-03-01,1946,N20,VIIRS,n,2,293.05,1.51,N,2.0,industrial_direct,2,96,0.0,25570.6,3.5459414225941424,26.78,3.275989787681158,0.4258,0.7489539748953975,Industrial,unavailable,unavailable,unavailable,Normal,Industrial,0.9996,7600.5,3,Medium,Stable
22.36141,82.30161,307.12,0.45,0.47,2026-03-01,1946,N20,VIIRS,n,2,293.43,1.61,N,2.0,industrial_direct,2,96,0.0,25437.5,3.5459414225941424,26.78,3.275989787681158,0.454,0.7489539748953975,Industrial,unavailable,unavailable,unavailable,Normal,Industrial,0.9996,7452.8,3,Medium,Stable
22.33318,82.57576,307.97,0.43,0.46,2026-03-01,1946,N20,VIIRS,n,2,293.94,0.93,N,2.0,industrial_direct,3,71,0.0,7083.2,2.7918248175182483,11.59,1.9379155034462177,0.3331,0.8394160583941606,Industrial,unavailable,unavailable,unavailable,Normal,Industrial,0.9999,1657.1,4,Medium,Stable
22.33566,82.55504,306.38,0.43,0.46,2026-03-01,1946,N20,VIIRS,n,2,293.47,1.08,N,0.0,industrial_direct,4,61,0.0,6221.2,2.2546153846153847,13.9,1.6402420650106009,0.479,0.8632478632478633,Industrial,unavailable,unavailable,unavailable,Normal,Industrial,0.9999,1853.3,4,Medium,Stable
22.32965,82.60517,326.16,0.43,0.46,2026-03-01,1946,N20,VIIRS,n,2,294.18,2.32,N,2.0,industrial_direct,5,73,0.0,9066.0,2.765913043478261,15.28,2.376793836187871,0.8388,0.8260869565217391,Industrial,unavailable,unavailable,unavailable,Normal,Industrial,0.9993,387.6,6,High,Stable
22.33385,82.60577,311.6,0.43,0.46,2026-03-01,1946,N20,VIIRS,n,2,294.17,1.0,N,2.0,industrial_direct,5,73,0.0,8761.3,2.765913043478261,15.28,2.376793836187871,0.3615,0.8260869565217391,Industrial,unavailable,unavailable,unavailable,Normal,Industrial,0.9998,599.6,5,High,Stable
22.33739,82.57636,309.49,0.43,0.46,2026-03-01,1946,N20,VIIRS,n,2,294.08,1.31,N,2.0,industrial_direct,3,71,0.0,6688.3,2.7918248175182483,11.59,1.9379155034462177,0.4692,0.8394160583941606,Industrial,unavailable,unavailable,unavailable,Normal,Industrial,0.9999,2122.7,4,Medium,Stable
22.3566,82.30535,312.38,0.45,0.47,2026-03-01,1946,N20,VIIRS,n,2,293.53,1.51,N,2.0,industrial_direct,2,96,0.0,25133.8,3.5459414225941424,26.78,3.275989787681158,0.4258,0.7489539748953975,Industrial,unavailable,unavailable,unavailable,Normal,Industrial,0.9996,7167.5,3,Medium,Stable
22.44469,82.68317,305.96,0.43,0.46,2026-03-01,1946,N20,VIIRS,n,2,292.19,0.8,N,0.0,unclassified,-1,0,2533.5,3567.3,,,,,,Natural Fire,0.2218,0.1693,-0.3496,Normal,Natural Fire,0.9987,7667.7,0,Low,Stable
22.33789,82.57217,310.07,0.43,0.46,2026-03-01,1946,N20,VIIRS,n,2,293.39,1.35,N,2.0,industrial_direct,3,71,0.0,6457.0,2.7918248175182483,11.59,1.9379155034462177,0.4836,0.8394160583941606,Industrial,unavailable,unavailable,unavailable,Normal,Industrial,0.9999,2217.3,4,Medium,Stable
22.43975,82.67392,334.99,0.41,0.61,2026-03-02,659,N20,VIIRS,l,2,307.31,3.34,D,0.0,unclassified,-1,0,2183.2,4285.0,,,,,,Natural Fire,unavailable,unavailable,unavailable,Normal,Natural Fire,0.9994,6579.3,0,Low,Stable
22.10971,82.86965,332.94,0.41,0.6,2026-03-02,659,N20,VIIRS,n,2,305.45,1.81,D,0.0,unclassified,-1,0,15087.9,18673.2,,,,,,Natural Fire,unavailable,unavailable,unavailable,Normal,Natural Fire,0.9922,517.4,2,Low,Stable
22.12629,82.84111,333.36,0.41,0.61,2026-03-02,659,N20,VIIRS,l,2,305.41,4.36,D,0.0,unclassified,7,2,12607.5,17213.7,5.065,5.98,0.6865614806167518,0.8608,0.0,Natural Fire,unavailable,unavailable,unavailable,Normal,Natural Fire,0.9922,1325.6,2,Low,Escalating
22.12543,82.83724,341.12,0.41,0.61,2026-03-02,659,N20,VIIRS,n,2,308.64,5.98,D,0.0,unclassified,7,2,12649.9,17395.1,5.065,5.98,0.6865614806167518,1.1807,0.0,Natural Fire,unavailable,unavailable,unavailable,Normal,Natural Fire,0.9725,1632.5,1,Low,Escalating
22.20885,83.00592,367.0,0.4,0.6,2026-03-02,659,N20,VIIRS,h,2,312.03,5.57,D,0.0,unclassified,8,1,19114.1,15285.3,5.57,5.57,0.0,1.0,0.0,Natural Fire,unavailable,unavailable,unavailable,Normal,Natural Fire,0.9995,18037.2,0,Low,Stable
22.20967,83.00966,333.66,0.4,0.6,2026-03-02,659,N20,VIIRS,n,2,308.05,5.57,D,0.0,unclassified,8,1,19477.4,15574.8,5.57,5.57,0.0,1.0,0.0,Natural Fire,unavailable,unavailable,unavailable,Normal,Natural Fire,0.9974,18424.2,0,Low,Stable
22.17741,82.62842,335.63,0.42,0.61,2026-03-02,659,N20,VIIRS,n,2,307.65,2.78,D,0.0,unclassified,9,1,9229.9,25129.2,3.745,4.71,1.3647160876900366,0.7423,0.0,Natural Fire,unavailable,unavailable,unavailable,Normal,Natural Fire,0.9994,13295.7,0,Low,Escalating
22.11737,82.98409,356.09,0.4,0.6,2026-03-02,659,N20,VIIRS,n,2,307.57,5.57,D,0.0,unclassified,-1,0,21365.0,20934.2,,,,,,Natural Fire,unavailable,unavailable,unavailable,Normal,Natural Fire,0.9993,11596.6,0,Low,Stable
22.13814,82.38559,367.0,0.44,0.62,2026-03-02,659,N20,VIIRS,h,2,307.2,9.02,D,0.0,unclassified,-1,0,8531.3,32584.4,,,,,,Natural Fire,unavailable,unavailable,unavailable,Normal,Natural Fire,0.9996,21136.1,0,Low,Stable
22.26111,82.74951,335.54,0.41,0.61,2026-03-02,659,N20,VIIRS,n,2,309.41,2.04,D,0.0,unclassified,-1,0,2039.1,13141.5,,,,,,Natural Fire,unavailable,unavailable,unavailable,Normal,Natural Fire,0.9989,5217.6,0,Low,Stable
22.28552,82.75549,332.79,0.41,0.61,2026-03-02,659,N20,VIIRS,n,2,305.31,1.21,D,0.0,unclassified,10,2,2941.4,12405.4,3.5499999999999994,4.72,2.0264994448555864,0.3408,0.0,Natural Fire,unavailable,unavailable,unavailable,Normal,Natural Fire,0.9993,2541.6,1,Low,Escalating
22.32798,82.61082,332.46,0.42,0.61,2026-03-02,659,N20,VIIRS,l,2,306.82,3.83,D,0.0,industrial_nearby,5,73,432.8,9592.3,2.765913043478261,15.28,2.376793836187871,1.3847,0.8260869565217391,Industrial,unavailable,unavailable,unavailable,Normal,Industrial,0.9974,0.0,6,High,Stable
22.31907,82.57119,334.67,0.42,0.61,2026-03-02,659,N20,VIIRS,l,2,307.52,3.22,D,0.0,industrial_direct,1,98,0.0,8382.6,2.508492063492064,11.71,1.680059238942467,1.2836,0.9232804232804231,Industrial,unavailable,unavailable,unavailable,Normal,Industrial,0.9994,512.4,5,High,Stable
22.31003,82.53098,335.13,0.42,0.61,2026-03-02,659,N20,VIIRS,l,2,307.9,3.76,D,2.0,industrial_nearby,1,98,336.3,9146.5,2.508492063492064,11.71,1.680059238942467,1.4989,0.9232804232804231,Industrial,unavailable,unavailable,unavailable,Normal,Industrial,0.9995,253.2,6,High,Stable
22.49059,82.92621,342.94,0.4,0.6,2026-03-02,659,N20,VIIRS,n,2,307.92,6.24,D,0.0,unclassified,-1,0,20821.4,22733.1,,,,,,Natural Fire,unavailable,unavailable,unavailable,Normal,Natural Fire,0.9036,11474.5,0,Low,Stable
22.17599,82.62919,337.46,0.42,0.61,2026-03-02,659,N20,VIIRS,n,2,306.33,4.71,D,0.0,unclassified,9,1,9066.2,25303.8,3.745,4.71,1.3647160876900366,1.2577,0.0,Natural Fire,unavailable,unavailable,unavailable,Normal,Natural Fire,0.9996,13463.5,0,Low,Escalating
22.27187,82.53694,334.87,0.75,0.77,2026-03-02,839,N20,VIIRS,n,2,305.05,3.17,D,0.0,unclassified,-1,0,2257.7,13264.7,,,,,,Natural Fire,unavailable,unavailable,unavailable,Normal,Natural Fire,0.9996,2914.7,1,Low,Stable
22.12719,82.83611,333.9,0.78,0.78,2026-03-02,839,N20,VIIRS,n,2,301.97,4.79,D,0.0,unclassified,7,2,12443.3,17233.4,5.065,5.98,0.6865614806167518,0.9457,0.0,Natural Fire,unavailable,unavailable,unavailable,Normal,Natural Fire,0.9993,1573.0,1,Low,Escalating
22.3589,82.30583,303.8,0.45,0.63,2026-03-02,1927,N20,VIIRS,n,2,290.54,1.2,N,2.0,industrial_direct,2,96,0.0,25046.3,3.5459414225941424,26.78,3.275989787681158,0.3384,0.7489539748953975,Industrial,unavailable,unavailable,unavailable,Normal,Industrial,0.9996,7112.0,3,Medium,Stable
22.31765,82.51304,303.47,0.44,0.62,2026-03-02,1927,N20,VIIRS,n,2,291.2,2.01,N,0.0,industrial_direct,1,98,0.0,8866.2,2.508492063492064,11.71,1.680059238942467,0.8013,0.9232804232804231,Industrial,unavailable,unavailable,unavailable,Normal,Industrial,0.9999,370.0,6,High,Stable
22.3358,82.57087,310.76,0.44,0.62,2026-03-02,1927,N20,VIIRS,n,2,291.58,1.97,N,0.0,industrial_direct,3,71,0.0,6620.4,2.7918248175182483,11.59,1.9379155034462177,0.7056,0.8394160583941606,Industrial,unavailable,unavailable,unavailable,Normal,Industrial,0.9999,2022.6,4,Medium,Stable
22.33279,82.6051,312.48,0.43,0.62,2026-03-02,1927,N20,VIIRS,n,2,292.59,2.14,N,2.0,industrial_direct,5,73,0.0,8801.4,2.765913043478261,15.28,2.376793836187871,0.7737,0.8260869565217391,Industrial,unavailable,unavailable,unavailable,Normal,Industrial,0.9996,571.7,5,High,Stable
22.3334,82.53215,304.16,0.44,0.62,2026-03-02,1927,N20,VIIRS,n,2,293.4,0.94,N,2.0,industrial_direct,6,16,0.0,6587.6,1.2005882352941175,1.95,0.356606761507604,0.7829,1.0,Industrial,unavailable,unavailable,unavailable,Normal,Industrial,0.9998,1765.3,4,Medium,Stable
22.31856,82.56945,307.1,0.44,0.62,2026-03-02,1927,N20,VIIRS,n,2,292.65,1.32,N,0.0,industrial_direct,1,98,0.0,8386.6,2.508492063492064,11.71,1.680059238942467,0.5262,0.9232804232804231,Industrial,unavailable,unavailable,unavailable,Normal,Industrial,0.9999,549.1,5,High,Stable
22.3163,82.51382,306.17,0.44,0.62,2026-03-02,1927,N20,VIIRS,n,2,291.12,1.81,N,2.0,industrial_direct,1,98,0.0,8973.2,2.508492063492064,11.71,1.680059238942467,0.7215,0.9232804232804231,Industrial,unavailable,unavailable,unavailable,Normal,Industrial,0.9999,243.9,6,High,Stable
22.35929,82.30135,307.25,0.45,0.63,2026-03-02,1927,N20,VIIRS,n,2,291.06,1.2,N,2.0,industrial_direct,2,96,0.0,25496.5,3.5459414225941424,26.78,3.275989787681158,0.3384,0.7489539748953975,Industrial,unavailable,unavailable,unavailable,Normal,Industrial,0.9996,7540.9,3,Medium,Stable
22.31511,82.52666,307.93,0.44,0.62,2026-03-02,1927,N20,VIIRS,n,2,292.32,2.93,N,2.0,industrial_nearby,1,98,4.7,8688.8,2.508492063492064,11.71,1.680059238942467,1.168,0.9232804232804231,Industrial,unavailable,unavailable,unavailable,Normal,Industrial,0.9996,770.6,5,High,Stable
22.31623,82.52551,305.32,0.72,0.76,2026-03-02,2108,N20,VIIRS,n,2,292.01,3.11,N,2.0,industrial_direct,1,98,0.0,8597.9,2.508492063492064,11.71,1.680059238942467,1.2398,0.9232804232804231,Industrial,unavailable,unavailable,unavailable,Normal,Industrial,0.9996,827.0,5,High,Stable
22.33301,82.57486,304.18,0.73,0.76,2026-03-02,2108,N20,VIIRS,n,2,290.61,1.75,N,2.0,industrial_direct,3,71,0.0,7062.9,2.7918248175182483,11.59,1.9379155034462177,0.6268,0.8394160583941606,Industrial,unavailable,unavailable,unavailable,Normal,Industrial,0.9999,1643.5,4,Medium,Stable
22.32147,82.56343,300.97,0.72,0.76,2026-03-02,2108,N20,VIIRS,n,2,290.82,2.15,N,2.0,industrial_direct,1,98,0.0,7921.8,2.508492063492064,11.71,1.680059238942467,0.8571,0.9232804232804231,Industrial,unavailable,unavailable,unavailable,Normal,Industrial,0.9998,1102.0,5,High,Stable
22.31671,82.52581,304.22,0.72,0.76,2026-03-02,2108,N20,VIIRS,n,2,292.21,2.84,N,2.0,industrial_direct,1,98,0.0,8538.6,2.508492063492064,11.71,1.680059238942467,1.1322,0.9232804232804231,Industrial,unavailable,unavailable,unavailable,Normal,Industrial,0.9996,887.8,5,High,Stable
22.32118,82.56324,302.25,0.73,0.76,2026-03-02,2108,N20,VIIRS,n,2,290.64,1.94,N,2.0,industrial_direct,1,98,0.0,7949.0,2.508492063492064,11.71,1.680059238942467,0.7734,0.9232804232804231,Industrial,unavailable,unavailable,unavailable,Normal,Industrial,0.9999,1089.3,5,High,Stable
22.35808,82.30238,307.18,0.7,0.75,2026-03-02,2108,N20,VIIRS,n,2,291.28,2.33,N,2.0,industrial_direct,2,96,0.0,25411.1,3.5459414225941424,26.78,3.275989787681158,0.6571,0.7489539748953975,Industrial,unavailable,unavailable,unavailable,Normal,Industrial,0.9994,7478.1,3,Medium,Stable
22.35982,82.30341,304.22,0.7,0.75,2026-03-02,2108,N20,VIIRS,n,2,291.17,2.69,N,2.0,industrial_direct,2,96,0.0,25278.2,3.5459414225941424,26.78,3.275989787681158,0.7586,0.7489539748953975,Industrial,unavailable,unavailable,unavailable,Normal,Industrial,0.9993,7320.8,3,Medium,Stable
22.23981,83.01832,334.2,0.79,0.78,2026-03-03,640,N20,VIIRS,n,2,301.65,11.44,D,0.0,unclassified,14,1,20071.7,15085.5,10.489999999999998,11.44,1.34350288425444,1.0906,0.0,Natural Fire,unavailable,unavailable,unavailable,Normal,Natural Fire,0.996,20833.3,0,Low,Stable
22.23653,83.01897,330.99,0.79,0.78,2026-03-03,640,N20,VIIRS,n,2,300.97,9.54,D,0.0,unclassified,14,1,20143.1,15258.7,10.489999999999998,11.44,1.34350288425444,0.9094,0.0,Natural Fire,unavailable,unavailable,unavailable,Normal,Natural Fire,0.9653,20696.1,0,Low,Stable
22.35006,82.80109,333.06,0.39,0.59,2026-03-03,820,N20,VIIRS,n,2,305.86,1.69,D,0.0,unclassified,-1,0,3657.9,10978.6,,,,,,Natural Fire,unavailable,unavailable,unavailable,Normal,Natural Fire,0.9988,5147.0,0,Low,Stable
22.34526,82.74861,333.19,0.38,0.59,2026-03-03,820,N20,VIIRS,l,2,305.4,1.45,D,0.0,industrial_nearby,-1,0,436.1,10057.1,,,,,,Unknown,unavailable,unavailable,unavailable,Normal,Unknown,0.9994,2532.1,4,Medium,Stable
22.33813,82.79119,332.63,0.39,0.59,2026-03-03,820,N20,VIIRS,l,2,305.03,2.18,D,0.0,unclassified,13,3,1991.7,10875.8,11.202857142857145,18.93,8.425690306607354,0.1946,0.0,Natural Fire,unavailable,unavailable,unavailable,Normal,Natural Fire,0.9931,3531.9,0,Low,Stable
22.33779,82.78745,332.75,0.39,0.59,2026-03-03,820,N20,VIIRS,l,2,306.34,2.18,D,0.0,unclassified,13,3,1724.8,11164.8,11.202857142857145,18.93,8.425690306607354,0.1946,0.0,Natural Fire,unavailable,unavailable,unavailable,Normal,Natural Fire,0.9916,3382.9,0,Low,Stable
22.27893,82.58787,345.32,0.37,0.58,2026-03-03,820,N20,VIIRS,n,2,305.85,3.15,D,0.0,unclassified,-1,0,4258.6,13139.7,,,,,,Natural Fire,unavailable,unavailable,unavailable,Normal,Natural Fire,0.9999,1736.2,1,Low,Stable
22.30084,82.64531,333.88,0.38,0.59,2026-03-03,820,N20,VIIRS,l,2,308.36,2.02,D,0.0,unclassified,-1,0,2817.0,14209.1,,,,,,Natural Fire,unavailable,unavailable,unavailable,Normal,Natural Fire,0.9998,3083.1,0,Low,Stable
22.13471,82.94913,331.96,0.39,0.6,2026-03-03,820,N20,VIIRS,n,2,306.12,1.7,D,0.0,unclassified,15,1,17371.8,17533.7,1.97,2.24,0.3818376618407357,0.8629,0.0,Natural Fire,unavailable,unavailable,unavailable,Normal,Natural Fire,0.9994,8656.2,0,Low,Escalating
22.14464,82.75273,333.43,0.38,0.59,2026-03-03,820,N20,VIIRS,n,2,307.02,2.11,D,0.0,unclassified,-1,0,6387.4,19500.8,,,,,,Natural Fire,unavailable,unavailable,unavailable,Normal,Natural Fire,0.9999,9795.3,0,Low,Stable
22.11353,82.42188,338.31,0.36,0.58,2026-03-03,820,N20,VIIRS,n,2,306.57,3.51,D,0.0,unclassified,16,1,12382.3,33342.3,3.315,3.51,0.2757716446627533,1.0588,0.0,Natural Fire,unavailable,unavailable,unavailable,Normal,Natural Fire,0.9995,22164.5,0,Low,Stable
22.1132,82.41832,335.81,0.36,0.58,2026-03-03,820,N20,VIIRS,n,2,309.11,3.12,D,0.0,unclassified,16,1,12021.7,33519.2,3.315,3.51,0.2757716446627533,0.9412,0.0,Natural Fire,unavailable,unavailable,unavailable,Normal,Natural Fire,0.9997,22339.9,0,Low,Stable
22.13496,82.94852,332.43,0.39,0.6,2026-03-03,820,N20,VIIRS,n,2,306.68,2.24,D,0.0,unclassified,15,1,17306.4,17482.3,1.97,2.24,0.3818376618407357,1.1371,0.0,Natural Fire,unavailable,unavailable,unavailable,Normal,Natural Fire,0.9955,8610.8,0,Low,Escalating
22.13827,82.34467,349.49,0.36,0.57,2026-03-03,820,N20,VIIRS,n,2,310.63,4.81,D,0.0,unclassified,17,1,4322.8,34911.4,4.81,4.81,0.0,1.0,0.0,Natural Fire,unavailable,unavailable,unavailable,Normal,Natural Fire,0.9986,21193.7,0,Low,Stable
22.13793,82.34116,345.26,0.36,0.57,2026-03-03,820,N20,VIIRS,n,2,310.02,4.81,D,0.0,unclassified,17,1,3958.8,35158.5,4.81,4.81,0.0,1.0,0.0,Natural Fire,unavailable,unavailable,unavailable,Normal,Natural Fire,0.9981,21276.2,0,Low,Stable
22.17856,82.64865,335.06,0.38,0.58,2026-03-03,820,N20,VIIRS,n,2,304.35,1.72,D,0.0,unclassified,-1,0,7898.7,25779.4,,,,,,Natural Fire,unavailable,unavailable,unavailable,Normal,Natural Fire,0.9997,13653.6,0,Low,Stable
22.22661,82.80476,337.76,0.39,0.59,2026-03-03,820,N20,VIIRS,n,2,307.74,1.58,D,0.0,unclassified,18,1,2305.2,9294.1,1.905,2.23,0.4596194077712558,0.8294,0.0,Natural Fire,unavailable,unavailable,unavailable,Normal,Natural Fire,0.9989,8856.2,0,Low,Escalating
22.22821,82.80685,333.14,0.39,0.59,2026-03-03,820,N20,VIIRS,l,2,306.61,2.23,D,0.0,unclassified,18,1,2026.7,9015.2,1.905,2.23,0.4596194077712558,1.1706,0.0,Natural Fire,unavailable,unavailable,unavailable,Normal,Natural Fire,0.9969,8765.1,0,Low,Escalating
22.24732,82.59878,343.91,0.37,0.58,2026-03-03,820,N20,VIIRS,n,2,307.95,3.3,D,0.0,unclassified,-1,0,7929.1,16815.8,,,,,,Natural Fire,unavailable,unavailable,unavailable,Normal,Natural Fire,0.9995,5245.3,0,Low,Stable
22.19551,82.94241,335.13,0.39,0.6,2026-03-03,820,N20,VIIRS,n,2,305.59,1.5,D,0.0,unclassified,-1,0,13196.0,11342.4,,,,,,Natural Fire,unavailable,unavailable,unavailable,Normal,Natural Fire,0.976,11596.5,0,Low,Stable
22.26734,82.75367,335.3,0.38,0.59,2026-03-03,820,N20,VIIRS,l,2,307.14,2.51,D,0.0,unclassified,-1,0,2810.0,12631.3,,,,,,Natural Fire,unavailable,unavailable,unavailable,Normal,Natural Fire,0.9996,4415.3,0,Low,Stable
22.33711,82.5766,319.77,0.36,0.58,2026-03-03,2049,N20,VIIRS,n,2,293.88,1.4,N,2.0,industrial_direct,3,71,0.0,6727.1,2.7918248175182483,11.59,1.9379155034462177,0.5015,0.8394160583941606,Industrial,unavailable,unavailable,unavailable,Normal,Industrial,0.9999,2092.0,4,Medium,Stable
22.33097,82.60403,313.82,0.37,0.58,2026-03-03,2049,N20,VIIRS,n,2,292.61,1.23,N,2.0,industrial_nearby,5,73,140.1,8878.6,2.765913043478261,15.28,2.376793836187871,0.4447,0.8260869565217391,Industrial,unavailable,unavailable,unavailable,Normal,Industrial,0.9998,541.8,5,High,Stable
22.33666,82.55418,306.88,0.36,0.58,2026-03-03,2049,N20,VIIRS,n,2,291.78,1.12,N,0.0,industrial_direct,4,61,0.0,6099.9,2.2546153846153847,13.9,1.6402420650106009,0.4968,0.8632478632478633,Industrial,unavailable,unavailable,unavailable,Normal,Industrial,0.9999,1922.7,4,Medium,Stable
22.32448,82.58408,306.73,0.36,0.58,2026-03-03,2049,N20,VIIRS,n,2,293.25,1.04,N,0.0,industrial_nearby,11,23,16.9,8322.6,1.7126666666666666,4.45,0.9003713154844096,0.6072,1.0,Industrial,unavailable,unavailable,unavailable,Normal,Industrial,0.9998,918.5,5,High,Stable
22.31804,82.564,318.07,0.36,0.58,2026-03-03,2049,N20,VIIRS,n,2,292.55,1.71,N,2.0,industrial_direct,1,98,0.0,8305.4,2.508492063492064,11.71,1.680059238942467,0.6817,0.9232804232804231,Industrial,unavailable,unavailable,unavailable,Normal,Industrial,0.9999,789.3,5,High,Stable
22.3189,82.53515,311.14,0.36,0.58,2026-03-03,2049,N20,VIIRS,n,2,294.19,1.78,N,2.0,industrial_direct,1,98,0.0,8107.5,2.508492063492064,11.71,1.680059238942467,0.7096,0.9232804232804231,Industrial,unavailable,unavailable,unavailable,Normal,Industrial,0.9999,476.6,6,High,Stable
22.32465,82.58409,309.02,0.37,0.58,2026-03-03,2049,N20,VIIRS,n,2,293.06,1.09,N,0.0,industrial_nearby,11,23,0.6,8306.3,1.7126666666666666,4.45,0.9003713154844096,0.6364,1.0,Industrial,unavailable,unavailable,unavailable,Normal,Industrial,0.9998,937.3,5,High,Stable
22.3181,82.56393,315.61,0.36,0.58,2026-03-03,2049,N20,VIIRS,n,2,292.47,1.96,N,2.0,industrial_direct,1,98,0.0,8297.3,2.508492063492064,11.71,1.680059238942467,0.7813,0.9232804232804231,Industrial,unavailable,unavailable,unavailable,Normal,Industrial,0.9998,799.0,5,High,Stable
22.31523,82.52699,307.59,0.36,0.58,2026-03-03,2049,N20,VIIRS,n,2,294.25,1.72,N,2.0,industrial_nearby,1,98,4.1,8667.9,2.508492063492064,11.71,1.680059238942467,0.6857,0.9232804232804231,Industrial,unavailable,unavailable,unavailable,Normal,Industrial,0.9999,799.7,5,High,Stable
22.31448,82.53042,311.29,0.36,0.58,2026-03-03,2049,N20,VIIRS,n,2,295.24,1.72,N,2.0,industrial_direct,1,98,0.0,8673.1,2.508492063492064,11.71,1.680059238942467,0.6857,0.9232804232804231,Industrial,unavailable,unavailable,unavailable,Normal,Industrial,0.9999,449.7,6,High,Stable
22.35852,82.30324,319.31,0.35,0.57,2026-03-03,2049,N20,VIIRS,n,2,295.89,2.86,N,2.0,industrial_direct,2,96,0.0,25316.3,3.5459414225941424,26.78,3.275989787681158,0.8066,0.7489539748953975,Industrial,unavailable,unavailable,unavailable,Normal,Industrial,0.9989,7379.0,3,Medium,Stable
22.17152,82.68301,310.21,0.37,0.58,2026-03-03,2049,N20,VIIRS,n,2,293.61,1.61,N,0.0,unclassified,-1,0,5635.6,23123.9,,,,,,Natural Fire,unavailable,unavailable,unavailable,Normal,Natural Fire,0.9998,15783.4,0,Low,Stable
22.16624,82.68188,310.98,0.37,0.58,2026-03-03,2049,N20,VIIRS,n,2,295.02,1.46,N,0.0,unclassified,12,2,5097.5,23527.9,3.755,6.05,3.245620125646253,0.3888,0.5,Natural Fire,unavailable,unavailable,unavailable,Normal,Natural Fire,0.9996,16242.5,0,Low,Escalating
22.33662,82.55411,303.33,0.36,0.58,2026-03-03,2049,N20,VIIRS,n,2,291.56,0.9,N,0.0,industrial_direct,4,61,0.0,6103.4,2.2546153846153847,13.9,1.6402420650106009,0.3992,0.8632478632478633,Industrial,unavailable,unavailable,unavailable,Normal,Industrial,0.9999,1915.5,4,Medium,Stable
22.4365,82.59909,341.02,0.57,0.43,2026-03-04,802,N20,VIIRS,n,2,315.21,5.0,D,0.0,unclassified,-1,0,3791.0,6785.2,,,,,,Natural Fire,unavailable,unavailable,unavailable,Normal,Natural Fire,0.9995,3025.8,0,Low,Stable
22.44009,82.72781,341.69,0.39,0.44,2026-03-04,802,N20,VIIRS,n,2,314.63,3.7,D,0.0,unclassified,-1,0,4175.2,1677.8,,,,,,Agricultural Burning,unavailable,unavailable,unavailable,Normal,Agricultural Burning,0.9991,8725.2,1,Low,Stable
22.36926,82.79556,338.8,0.39,0.44,2026-03-04,802,N20,VIIRS,n,2,311.45,2.65,D,0.0,unclassified,19,2,5232.7,10732.7,3.738,4.74,1.4030751939935369,0.7089,0.0,Natural Fire,unavailable,unavailable,unavailable,Normal,Natural Fire,0.997,6966.4,0,Low,Escalating
22.36832,82.30564,337.62,0.55,0.42,2026-03-04,802,N20,VIIRS,l,2,311.31,5.43,D,0.0,industrial_nearby,-1,0,317.1,24933.7,,,,,,Unknown,unavailable,unavailable,unavailable,Normal,Unknown,0.9965,6885.8,3,Medium,Stable
22.36524,82.79605,339.63,0.39,0.44,2026-03-04,802,N20,VIIRS,n,2,310.11,1.82,D,0.0,unclassified,19,2,4836.4,11057.7,3.738,4.74,1.4030751939935369,0.4869,0.0,Natural Fire,unavailable,unavailable,unavailable,Normal,Natural Fire,0.999,6547.9,0,Low,Escalating
22.37944,82.36371,339.81,0.55,0.43,2026-03-04,802,N20,VIIRS,n,2,311.29,6.91,D,0.0,unclassified,-1,0,6096.0,18866.8,,,,,,Natural Fire,unavailable,unavailable,unavailable,Normal,Natural Fire,0.9997,808.8,2,Low,Stable
22.32956,82.60545,347.91,0.57,0.43,2026-03-04,802,N20,VIIRS,n,2,318.6,15.28,D,2.0,industrial_direct,5,73,0.0,9092.4,2.765913043478261,15.28,2.376793836187871,5.5244,0.8260869565217391,Industrial,0.0813,0.3543,-0.1941,Abnormal spike,Industrial,0.9982,364.8,9,Critical,Abnormal
22.3644,82.92347,341.71,0.39,0.44,2026-03-04,802,N20,VIIRS,n,2,313.55,3.45,D,0.0,unclassified,-1,0,15592.9,10483.8,,,,,,Natural Fire,unavailable,unavailable,unavailable,Normal,Natural Fire,0.9936,16083.8,0,Low,Stable
22.50874,83.02137,340.57,0.4,0.44,2026-03-04,802,N20,VIIRS,n,2,310.96,3.02,D,0.0,unclassified,-1,0,30551.6,29347.5,,,,,,Natural Fire,unavailable,unavailable,unavailable,Normal,Natural Fire,0.9988,2582.1,1,Low,Stable
22.30269,82.92354,352.09,0.39,0.44,2026-03-04,802,N20,VIIRS,n,2,313.46,7.87,D,0.0,unclassified,21,1,12372.6,5328.3,4.68,7.87,4.511341263970173,1.6816,0.0,Natural Fire,unavailable,unavailable,unavailable,Normal,Natural Fire,0.9999,14829.1,0,Low,Stable
22.11128,82.67922,339.77,0.57,0.43,2026-03-04,802,N20,VIIRS,l,2,313.37,6.16,D,0.0,unclassified,22,1,1524.2,27442.2,7.045,7.93,1.2515790027001887,0.8744,0.0,Natural Fire,unavailable,unavailable,unavailable,Normal,Natural Fire,0.9967,17571.5,0,Low,Escalating
22.11526,82.67867,347.03,0.57,0.43,2026-03-04,802,N20,VIIRS,n,2,314.41,7.93,D,0.0,unclassified,22,1,1568.0,27189.0,7.045,7.93,1.2515790027001887,1.1256,0.0,Natural Fire,unavailable,unavailable,unavailable,Normal,Natural Fire,0.9956,17561.9,0,Low,Escalating
22.17261,82.94595,340.78,0.39,0.44,2026-03-04,802,N20,VIIRS,l,2,314.36,4.46,D,0.0,unclassified,-1,0,14631.3,13663.0,,,,,,Natural Fire,unavailable,unavailable,unavailable,Normal,Natural Fire,0.9997,10762.1,0,Low,Stable
22.22516,82.79657,342.04,0.39,0.44,2026-03-04,802,N20,VIIRS,l,2,312.53,3.21,D,0.0,unclassified,-1,0,3103.3,10064.8,,,,,,Natural Fire,unavailable,unavailable,unavailable,Normal,Natural Fire,0.9997,8764.8,0,Low,Stable
22.22953,82.76555,347.38,0.39,0.44,2026-03-04,802,N20,VIIRS,n,2,313.18,2.16,D,0.0,unclassified,23,1,3748.5,12576.3,4.359999999999999,6.56,3.111269837220809,0.4954,0.0,Natural Fire,unavailable,unavailable,unavailable,Normal,Natural Fire,0.9998,8085.0,0,Low,Escalating
22.23353,82.76499,356.23,0.39,0.44,2026-03-04,802,N20,VIIRS,l,2,315.58,6.56,D,0.0,unclassified,23,1,3511.6,12444.6,4.359999999999999,6.56,3.111269837220809,1.5046,0.0,Natural Fire,unavailable,unavailable,unavailable,Normal,Natural Fire,0.9999,7654.1,0,Low,Escalating
22.21453,82.51272,346.94,0.56,0.43,2026-03-04,802,N20,VIIRS,n,2,316.69,15.62,D,0.0,unclassified,-1,0,8320.8,19886.7,,,,,,Natural Fire,unavailable,unavailable,unavailable,Normal,Natural Fire,0.9999,9376.7,0,Low,Stable
22.23902,82.54804,354.53,0.56,0.43,2026-03-04,802,N20,VIIRS,n,2,318.62,19.42,D,0.0,unclassified,24,1,6013.9,16863.7,16.18,19.42,4.582051942088829,1.2002,0.0,Natural Fire,unavailable,unavailable,unavailable,Normal,Natural Fire,0.9998,5989.0,0,Low,Stable
22.27936,82.83875,347.59,0.39,0.44,2026-03-04,802,N20,VIIRS,n,2,312.58,4.24,D,0.0,unclassified,25,2,4507.7,3803.2,4.0375,4.24,0.1862569909202515,1.0502,0.0,Natural Fire,unavailable,unavailable,unavailable,Normal,Natural Fire,0.9998,6836.1,0,Low,Stable
22.16712,82.68571,339.06,0.57,0.43,2026-03-04,802,N20,VIIRS,l,2,312.42,6.05,D,0.0,unclassified,12,2,5101.3,23141.4,3.755,6.05,3.245620125646253,1.6112,0.5,Natural Fire,unavailable,unavailable,unavailable,Normal,Natural Fire,0.9982,16344.5,0,Low,Escalating
22.23515,82.52393,345.75,0.56,0.43,2026-03-04,802,N20,VIIRS,n,2,315.34,8.0,D,0.0,unclassified,-1,0,5944.9,17451.1,,,,,,Natural Fire,unavailable,unavailable,unavailable,Normal,Natural Fire,0.9999,7055.5,0,Low,Stable
22.23774,82.54577,346.48,0.56,0.43,2026-03-04,802,N20,VIIRS,l,2,318.5,12.94,D,0.0,unclassified,24,1,6056.8,17005.2,16.18,19.42,4.582051942088829,0.7998,0.0,Natural Fire,unavailable,unavailable,unavailable,Normal,Natural Fire,0.9997,6182.2,0,Low,Stable
22.30313,82.92728,334.03,0.39,0.44,2026-03-04,802,N20,VIIRS,n,2,307.14,1.49,D,0.0,unclassified,21,1,12722.6,5691.7,4.68,7.87,4.511341263970173,0.3184,0.0,Natural Fire,unavailable,unavailable,unavailable,Normal,Natural Fire,0.9982,15212.5,0,Low,Stable
22.29554,82.93275,349.39,0.39,0.44,2026-03-04,802,N20,VIIRS,n,2,312.51,5.08,D,0.0,unclassified,26,1,12785.8,5894.0,3.81,5.08,1.796051224213831,1.3333,0.0,Natural Fire,unavailable,unavailable,unavailable,Normal,Natural Fire,0.9984,15825.7,0,Low,Stable
22.24369,82.52828,342.36,0.56,0.43,2026-03-04,802,N20,VIIRS,l,2,314.73,8.01,D,0.0,unclassified,-1,0,5011.7,16456.8,,,,,,Natural Fire,unavailable,unavailable,unavailable,Normal,Natural Fire,0.9991,6059.1,0,Low,Stable
22.31394,82.87972,342.53,0.39,0.44,2026-03-04,802,N20,VIIRS,n,2,312.53,3.37,D,0.0,unclassified,-1,0,9929.2,3802.2,,,,,,Natural Fire,unavailable,unavailable,unavailable,Normal,Natural Fire,0.9998,10325.8,0,Low,Stable
22.28038,82.83832,344.34,0.39,0.44,2026-03-04,802,N20,VIIRS,n,2,311.5,3.83,D,0.0,unclassified,25,2,4598.3,3851.6,4.0375,4.24,0.1862569909202515,0.9486,0.0,Natural Fire,unavailable,unavailable,unavailable,Normal,Natural Fire,0.9998,6746.4,0,Low,Stable
22.2915,82.93339,335.49,0.39,0.44,2026-03-04,802,N20,VIIRS,l,2,310.25,2.54,D,0.0,unclassified,26,1,12641.2,5837.8,3.81,5.08,1.796051224213831,0.6667,0.0,Natural Fire,unavailable,unavailable,unavailable,Normal,Natural Fire,0.9978,15935.8,0,Low,Stable
22.22743,82.45908,341.94,0.56,0.43,2026-03-04,802,N20,VIIRS,l,2,315.04,5.58,D,0.0,unclassified,-1,0,9520.9,20271.1,,,,,,Natural Fire,unavailable,unavailable,unavailable,Normal,Natural Fire,0.9998,9123.1,0,Low,Stable
22.33408,82.60349,328.64,0.56,0.43,2026-03-04,2030,N20,VIIRS,n,2,294.69,4.05,N,2.0,industrial_direct,5,73,0.0,8584.1,2.765913043478261,15.28,2.376793836187871,1.4643,0.8260869565217391,Industrial,unavailable,unavailable,unavailable,Normal,Industrial,0.9988,790.6,5,High,Stable
22.33019,82.60265,328.29,0.56,0.43,2026-03-04,2030,N20,VIIRS,n,2,293.58,4.05,N,2.0,industrial_nearby,5,73,129.4,8852.1,2.765913043478261,15.28,2.376793836187871,1.4643,0.8260869565217391,Industrial,unavailable,unavailable,unavailable,Normal,Industrial,0.9988,495.8,6,High,Stable
22.33522,82.57608,318.44,0.56,0.43,2026-03-04,2030,N20,VIIRS,n,2,295.26,2.38,N,2.0,industrial_direct,3,71,0.0,6892.0,2.7918248175182483,11.59,1.9379155034462177,0.8525,0.8394160583941606,Industrial,unavailable,unavailable,unavailable,Normal,Industrial,0.9998,1882.4,4,Medium,Stable
22.16081,82.68162,319.31,0.57,0.43,2026-03-04,2030,N20,VIIRS,n,2,295.17,4.23,N,0.0,unclassified,20,2,4529.5,23873.8,5.19,6.15,1.357645019878171,0.815,0.5,Natural Fire,unavailable,unavailable,unavailable,Normal,Natural Fire,0.9673,16765.2,0,Low,Escalating
22.32159,82.584,307.84,0.56,0.43,2026-03-04,2030,N20,VIIRS,n,2,293.36,1.57,N,0.0,industrial_direct,11,23,0.0,8605.6,1.7126666666666666,4.45,0.9003713154844096,0.9167,1.0,Industrial,unavailable,unavailable,unavailable,Normal,Industrial,0.999,599.5,5,High,Stable
22.31688,82.56629,320.16,0.56,0.43,2026-03-04,2030,N20,VIIRS,n,2,293.41,2.38,N,2.0,industrial_direct,1,98,0.0,8483.7,2.508492063492064,11.71,1.680059238942467,0.9488,0.9232804232804231,Industrial,unavailable,unavailable,unavailable,Normal,Industrial,0.9996,526.4,5,High,Stable
22.35876,82.3035,322.69,0.54,0.42,2026-03-04,2030,N20,VIIRS,n,2,296.78,2.62,N,2.0,industrial_direct,2,96,0.0,25285.9,3.5459414225941424,26.78,3.275989787681158,0.7389,0.7489539748953975,Industrial,unavailable,unavailable,unavailable,Normal,Industrial,0.9992,7345.6,3,Medium,Stable
22.31518,82.53284,313.18,0.56,0.43,2026-03-04,2030,N20,VIIRS,n,2,294.97,2.4,N,2.0,industrial_direct,1,98,0.0,8551.8,2.508492063492064,11.71,1.680059238942467,0.9568,0.9232804232804231,Industrial,unavailable,unavailable,unavailable,Normal,Industrial,0.9996,318.0,6,High,Stable
22.35493,82.3027,302.83,0.54,0.42,2026-03-04,2030,N20,VIIRS,n,2,292.71,2.62,N,2.0,industrial_direct,2,96,0.0,25432.7,3.5459414225941424,26.78,3.275989787681158,0.7389,0.7489539748953975,Industrial,unavailable,unavailable,unavailable,Normal,Industrial,0.9993,7339.3,3,Medium,Stable
22.31232,82.52673,309.08,0.55,0.43,2026-03-04,2030,N20,VIIRS,n,2,294.83,3.8,N,2.0,industrial_direct,1,98,0.0,8987.5,2.508492063492064,11.71,1.680059238942467,1.5149,0.9232804232804231,Industrial,unavailable,unavailable,unavailable,Normal,Industrial,0.9996,510.3,5,High,Stable
22.15874,82.69235,303.56,0.57,0.43,2026-03-04,2030,N20,VIIRS,n,2,293.38,1.83,N,0.0,unclassified,-1,0,4089.4,23085.8,,,,,,Natural Fire,unavailable,unavailable,unavailable,Normal,Natural Fire,0.9996,16165.0,0,Low,Stable
22.33541,82.55374,320.23,0.56,0.43,2026-03-04,2030,N20,VIIRS,n,2,293.32,2.03,N,0.0,industrial_direct,4,61,0.0,6231.8,2.2546153846153847,13.9,1.6402420650106009,0.9004,0.8632478632478633,Industrial,unavailable,unavailable,unavailable,Normal,Industrial,0.9998,1778.2,4,Medium,Stable
22.31304,82.65472,341.76,0.39,0.36,2026-03-05,743,N20,VIIRS,l,2,315.59,4.47,D,0.0,unclassified,-1,0,1154.2,13999.9,,,,,,Natural Fire,unavailable,unavailable,unavailable,Normal,Natural Fire,0.9987,2478.8,1,Low,Stable
22.26928,82.59019,340.46,0.38,0.36,2026-03-05,743,N20,VIIRS,l,2,314.25,2.77,D,0.0,unclassified,27,1,5341.4,14229.4,4.483333333333333,5.34,1.3271422933004082,0.6178,0.0,Natural Fire,unavailable,unavailable,unavailable,Normal,Natural Fire,0.9998,2703.3,1,Low,Stable
22.315,82.53255,345.39,0.38,0.36,2026-03-05,743,N20,VIIRS,l,2,317.63,4.79,D,2.0,industrial_direct,1,98,0.0,8576.5,2.508492063492064,11.71,1.680059238942467,1.9095,0.9232804232804231,Industrial,unavailable,unavailable,unavailable,Normal,Industrial,0.9995,316.9,6,High,Stable
22.32946,82.60616,344.86,0.38,0.36,2026-03-05,743,N20,VIIRS,l,2,317.04,15.02,D,2.0,industrial_direct,5,73,0.0,9148.9,2.765913043478261,15.28,2.376793836187871,5.4304,0.8260869565217391,Industrial,0.0799,0.3595,-0.1942,Abnormal spike,Industrial,0.9982,293.0,9,Critical,Abnormal
22.30768,82.46157,343.41,0.38,0.36,2026-03-05,743,N20,VIIRS,l,2,314.89,5.72,D,0.0,unclassified,-1,0,4201.9,12758.6,,,,,,Natural Fire,unavailable,unavailable,unavailable,Normal,Natural Fire,0.9993,3212.4,0,Low,Stable
22.31259,82.4493,348.84,0.38,0.36,2026-03-05,743,N20,VIIRS,n,2,316.71,6.93,D,0.0,unclassified,-1,0,3149.4,13296.0,,,,,,Natural Fire,unavailable,unavailable,unavailable,Normal,Natural Fire,0.9998,3595.7,0,Low,Stable
22.3354,82.55563,340.83,0.38,0.36,2026-03-05,743,N20,VIIRS,l,2,315.11,3.69,D,0.0,industrial_direct,4,61,0.0,6258.3,2.2546153846153847,13.9,1.6402420650106009,1.6366,0.8632478632478633,Industrial,unavailable,unavailable,unavailable,Normal,Industrial,0.9997,1852.2,4,Medium,Stable
22.3426,82.37943,339.39,0.38,0.36,2026-03-05,743,N20,VIIRS,l,2,311.96,4.34,D,0.0,unclassified,-1,0,4575.7,18047.7,,,,,,Natural Fire,unavailable,unavailable,unavailable,Normal,Natural Fire,0.9999,1902.6,1,Low,Stable
22.50763,82.61643,347.43,0.39,0.36,2026-03-05,743,N20,VIIRS,n,2,315.18,5.72,D,0.0,unclassified,-1,0,1402.5,13197.8,,,,,,Natural Fire,unavailable,unavailable,unavailable,Normal,Natural Fire,0.9981,10824.1,0,Low,Stable
22.37222,82.93865,336.96,0.39,0.36,2026-03-05,743,N20,VIIRS,n,2,306.59,1.99,D,0.0,unclassified,-1,0,17341.2,11998.7,,,,,,Natural Fire,unavailable,unavailable,unavailable,Normal,Natural Fire,0.9962,16825.8,0,Low,Stable
22.26598,82.59077,340.21,0.38,0.36,2026-03-05,743,N20,VIIRS,l,2,314.32,2.77,D,0.0,unclassified,27,1,5705.4,14595.5,4.483333333333333,5.34,1.3271422933004082,0.6178,0.0,Natural Fire,unavailable,unavailable,unavailable,Normal,Natural Fire,0.9998,3040.9,0,Low,Escalating
22.26213,82.58764,342.57,0.38,0.36,2026-03-05,743,N20,VIIRS,n,2,314.26,5.34,D,0.0,unclassified,27,1,6015.9,14909.3,4.483333333333333,5.34,1.3271422933004082,1.1911,0.0,Natural Fire,unavailable,unavailable,unavailable,Normal,Natural Fire,0.9995,3269.5,0,Low,Escalating
22.25883,82.58821,348.67,0.38,0.36,2026-03-05,743,N20,VIIRS,n,2,317.32,5.34,D,0.0,unclassified,27,1,6384.0,15276.7,4.483333333333333,5.34,1.3271422933004082,1.1911,0.0,Natural Fire,unavailable,unavailable,unavailable,Normal,Natural Fire,0.9998,3629.5,0,Low,Escalating
22.26268,82.59134,345.41,0.38,0.36,2026-03-05,743,N20,VIIRS,n,2,314.11,5.34,D,0.0,unclassified,27,1,6069.8,14961.5,4.483333333333333,5.34,1.3271422933004082,1.1911,0.0,Natural Fire,unavailable,unavailable,unavailable,Normal,Natural Fire,0.9998,3384.9,0,Low,Escalating
22.11648,83.0209,342.13,0.39,0.36,2026-03-05,743,N20,VIIRS,n,2,312.49,5.12,D,0.0,unclassified,29,1,24485.5,23223.5,6.625,8.13,2.128391411371509,0.7728,0.0,Natural Fire,unavailable,unavailable,unavailable,Normal,Natural Fire,0.9993,15353.8,0,Low,Escalating
22.11979,83.02035,349.14,0.39,0.36,2026-03-05,743,N20,VIIRS,n,2,314.64,8.13,D,0.0,unclassified,29,1,24236.6,22905.0,6.625,8.13,2.128391411371509,1.2272,0.0,Natural Fire,unavailable,unavailable,unavailable,Normal,Natural Fire,0.9986,15339.9,0,Low,Escalating
22.13288,82.99496,336.22,0.39,0.36,2026-03-05,743,N20,VIIRS,n,2,310.31,2.07,D,0.0,unclassified,-1,0,21250.9,20141.9,,,,,,Natural Fire,unavailable,unavailable,unavailable,Normal,Natural Fire,0.9952,13047.8,0,Low,Stable
22.1213,82.9166,354.58,0.39,0.36,2026-03-05,743,N20,VIIRS,n,2,316.56,11.24,D,0.0,unclassified,-1,0,16198.4,17854.6,,,,,,Natural Fire,unavailable,unavailable,unavailable,Normal,Natural Fire,0.9986,4986.7,0,Low,Stable
22.10792,82.69037,349.06,0.39,0.36,2026-03-05,743,N20,VIIRS,n,2,315.59,7.65,D,0.0,industrial_nearby,30,1,726.2,26865.4,5.115,7.65,3.585031380615796,1.4956,0.0,Unknown,unavailable,unavailable,unavailable,Normal,Unknown,0.9979,16505.5,3,Medium,Stable
22.11122,82.6898,339.66,0.39,0.36,2026-03-05,743,N20,VIIRS,l,2,312.5,2.58,D,0.0,industrial_nearby,30,1,490.8,26651.8,5.115,7.65,3.585031380615796,0.5044,0.0,Unknown,unavailable,unavailable,unavailable,Normal,Unknown,0.9833,16496.3,3,Medium,Stable
22.1626,82.89789,336.11,0.39,0.36,2026-03-05,743,N20,VIIRS,n,2,310.35,2.45,D,0.0,unclassified,-1,0,11432.7,12991.8,,,,,,Natural Fire,unavailable,unavailable,unavailable,Normal,Natural Fire,0.9998,5781.3,0,Low,Stable
22.13817,82.68895,341.08,0.39,0.36,2026-03-05,743,N20,VIIRS,l,2,312.83,4.83,D,0.0,unclassified,-1,0,1912.4,24738.1,,,,,,Natural Fire,unavailable,unavailable,unavailable,Normal,Natural Fire,0.9992,16337.5,0,Low,Stable
22.1536,82.70148,352.61,0.39,0.36,2026-03-05,743,N20,VIIRS,n,2,322.29,14.28,D,0.0,unclassified,31,1,3565.6,22664.8,14.28,14.28,0.0,1.0,0.0,Natural Fire,unavailable,unavailable,unavailable,Normal,Natural Fire,0.9997,15156.5,0,Low,Stable
22.1569,82.70091,347.94,0.39,0.36,2026-03-05,743,N20,VIIRS,n,2,317.13,14.28,D,0.0,unclassified,31,1,3917.7,22490.6,14.28,14.28,0.0,1.0,0.0,Natural Fire,unavailable,unavailable,unavailable,Normal,Natural Fire,0.9997,15262.0,0,Low,Stable
22.15634,82.69719,346.2,0.39,0.36,2026-03-05,743,N20,VIIRS,n,2,317.44,14.28,D,0.0,unclassified,31,1,3818.9,22835.6,14.28,14.28,0.0,1.0,0.0,Natural Fire,unavailable,unavailable,unavailable,Normal,Natural Fire,0.9997,15633.6,0,Low,Stable
22.16071,82.68121,344.15,0.39,0.36,2026-03-05,743,N20,VIIRS,n,2,313.01,6.15,D,0.0,unclassified,20,2,4532.2,23915.2,5.19,6.15,1.357645019878171,1.185,0.5,Natural Fire,unavailable,unavailable,unavailable,Normal,Natural Fire,0.9982,16756.2,0,Low,Escalating
22.11405,82.30576,341.8,0.38,0.36,2026-03-05,743,N20,VIIRS,l,2,315.11,3.8,D,0.0,unclassified,-1,0,1049.2,39490.1,,,,,,Natural Fire,unavailable,unavailable,unavailable,Normal,Natural Fire,0.9977,24599.8,0,Low,Stable
22.16701,82.88191,337.11,0.39,0.36,2026-03-05,743,N20,VIIRS,l,2,310.01,2.45,D,0.0,unclassified,-1,0,10001.4,12327.8,,,,,,Natural Fire,unavailable,unavailable,unavailable,Normal,Natural Fire,0.9999,4715.4,0,Low,Stable
22.19284,82.80518,340.22,0.39,0.36,2026-03-05,743,N20,VIIRS,l,2,311.75,2.18,D,0.0,unclassified,32,2,5415.9,11946.1,4.385,8.8,3.2116195291472494,0.4971,0.25,Natural Fire,unavailable,unavailable,unavailable,Normal,Natural Fire,0.9999,7503.8,0,Low,Stable
22.20729,82.90192,342.94,0.39,0.36,2026-03-05,743,N20,VIIRS,n,2,312.72,8.61,D,0.0,unclassified,-1,0,8837.5,8262.5,,,,,,Natural Fire,unavailable,unavailable,unavailable,Normal,Natural Fire,0.9998,9450.2,0,Low,Stable
22.30725,82.93459,332.74,0.39,0.36,2026-03-05,743,N20,VIIRS,l,2,307.17,1.07,D,0.0,unclassified,-1,0,13603.1,6570.6,,,,,,Natural Fire,unavailable,unavailable,unavailable,Normal,Natural Fire,0.9984,15957.2,0,Low,Stable
22.25735,82.66841,345.48,0.39,0.36,2026-03-05,743,N20,VIIRS,n,2,314.93,4.83,D,0.0,unclassified,33,2,4623.3,19386.2,4.995,5.16,0.2333452377915607,0.967,0.0,Natural Fire,unavailable,unavailable,unavailable,Normal,Natural Fire,0.9996,7485.3,0,Low,Escalating
22.29127,82.94121,337.63,0.39,0.36,2026-03-05,743,N20,VIIRS,n,2,309.39,1.45,D,0.0,unclassified,-1,0,13359.2,6619.5,,,,,,Natural Fire,unavailable,unavailable,unavailable,Normal,Natural Fire,0.9969,16739.6,0,Low,Stable
22.28242,82.90446,337.45,0.39,0.36,2026-03-05,743,N20,VIIRS,l,2,310.11,2.48,D,0.0,unclassified,34,2,9529.8,2720.3,2.563333333333333,3.45,0.8480762544331337,0.9675,0.0,Natural Fire,unavailable,unavailable,unavailable,Normal,Natural Fire,0.9997,13155.1,0,Low,Escalating
22.29905,83.03963,339.85,0.39,0.36,2026-03-05,743,N20,VIIRS,n,2,311.18,3.15,D,0.0,unclassified,-1,0,23196.9,16772.3,,,,,,Natural Fire,unavailable,unavailable,unavailable,Normal,Natural Fire,0.9982,18861.7,0,Low,Stable
22.28187,82.90074,339.6,0.39,0.36,2026-03-05,743,N20,VIIRS,l,2,309.67,1.76,D,0.0,unclassified,34,2,9164.8,2332.3,2.563333333333333,3.45,0.8480762544331337,0.6866,0.0,Natural Fire,unavailable,unavailable,unavailable,Normal,Natural Fire,0.9997,12794.3,0,Low,Escalating
22.25939,82.59192,348.45,0.38,0.36,2026-03-05,743,N20,VIIRS,n,2,314.18,5.34,D,0.0,unclassified,27,1,6434.1,15326.9,4.483333333333333,5.34,1.3271422933004082,1.1911,0.0,Natural Fire,unavailable,unavailable,unavailable,Normal,Natural Fire,0.9998,3733.3,0,Low,Escalating
22.24765,82.83018,335.32,0.39,0.36,2026-03-05,743,N20,VIIRS,l,2,309.8,1.63,D,0.0,unclassified,-1,0,1002.8,5797.7,,,,,,Natural Fire,unavailable,unavailable,unavailable,Normal,Natural Fire,0.994,8205.8,0,Low,Stable
22.1627,82.58202,340.03,0.38,0.36,2026-03-05,743,N20,VIIRS,l,2,312.24,3.34,D,0.0,unclassified,-1,0,12516.1,25573.0,,,,,,Natural Fire,unavailable,unavailable,unavailable,Normal,Natural Fire,0.9998,13983.5,0,Low,Stable
22.19118,82.79404,342.78,0.39,0.36,2026-03-05,743,N20,VIIRS,n,2,312.77,4.18,D,0.0,unclassified,-1,0,6060.8,12815.4,,,,,,Natural Fire,unavailable,unavailable,unavailable,Normal,Natural Fire,0.9997,8097.6,0,Low,Stable
22.19229,82.80146,346.32,0.39,0.36,2026-03-05,743,N20,VIIRS,n,2,314.01,4.72,D,0.0,unclassified,32,2,5612.2,12230.6,4.385,8.8,3.2116195291472494,1.0764,0.25,Natural Fire,unavailable,unavailable,unavailable,Normal,Natural Fire,0.9999,7688.0,0,Low,Stable
22.22868,82.6353,337.44,0.38,0.36,2026-03-05,743,N20,VIIRS,l,2,312.2,3.2,D,0.0,unclassified,-1,0,7769.6,20170.9,,,,,,Natural Fire,unavailable,unavailable,unavailable,Normal,Natural Fire,1.0,7956.7,0,Low,Stable
22.36854,82.7822,315.5,0.39,0.36,2026-03-05,2011,N20,VIIRS,n,2,291.31,1.18,N,0.0,unclassified,-1,0,4376.3,9761.4,,,,,,Natural Fire,unavailable,unavailable,unavailable,Normal,Natural Fire,0.9992,5809.8,0,Low,Stable
22.32476,82.67505,305.84,0.38,0.36,2026-03-05,2011,N20,VIIRS,n,2,294.93,0.72,N,0.0,industrial_direct,28,16,0.0,12370.9,1.61,4.87,1.2244374458597422,0.4472,1.0,Industrial,unavailable,unavailable,unavailable,Normal,Industrial,0.9991,3068.8,3,Medium,Stable
22.3327,82.60423,329.1,0.38,0.36,2026-03-05,2011,N20,VIIRS,n,2,295.56,2.23,N,2.0,industrial_nearby,5,73,64.8,8748.7,2.765913043478261,15.28,2.376793836187871,0.8062,0.8260869565217391,Industrial,unavailable,unavailable,unavailable,Normal,Industrial,0.9994,635.7,5,High,Stable
22.35657,82.30458,317.78,0.38,0.36,2026-03-05,2011,N20,VIIRS,n,2,298.42,1.44,N,2.0,industrial_direct,2,96,0.0,25212.7,3.5459414225941424,26.78,3.275989787681158,0.4061,0.7489539748953975,Industrial,unavailable,unavailable,unavailable,Normal,Industrial,0.9996,7237.7,3,Medium,Stable
22.33413,82.57407,325.31,0.38,0.36,2026-03-05,2011,N20,VIIRS,n,2,296.7,2.75,N,2.0,industrial_direct,3,71,0.0,6916.7,2.7918248175182483,11.59,1.9379155034462177,0.985,0.8394160583941606,Industrial,unavailable,unavailable,unavailable,Normal,Industrial,0.9997,1775.3,4,Medium,Stable
22.32941,82.60361,306.15,0.38,0.36,2026-03-05,2011,N20,VIIRS,n,2,294.9,2.23,N,2.0,industrial_nearby,5,73,23.1,8981.8,2.765913043478261,15.28,2.376793836187871,0.8062,0.8260869565217391,Industrial,unavailable,unavailable,unavailable,Normal,Industrial,0.9995,382.0,6,High,Stable
22.3225,82.58333,310.5,0.38,0.36,2026-03-05,2011,N20,VIIRS,n,2,295.42,1.36,N,0.0,industrial_direct,11,23,0.0,8484.8,1.7126666666666666,4.45,0.9003713154844096,0.7941,1.0,Industrial,unavailable,unavailable,unavailable,Normal,Industrial,0.9997,690.5,5,High,Stable
22.32073,82.59441,314.73,0.38,0.36,2026-03-05,2011,N20,VIIRS,n,2,295.16,1.31,N,2.0,industrial_nearby,11,23,0.7,9206.2,1.7126666666666666,4.45,0.9003713154844096,0.7649,1.0,Industrial,unavailable,unavailable,unavailable,Normal,Industrial,0.9997,480.5,6,High,Stable
22.31829,82.56734,334.69,0.38,0.36,2026-03-05,2011,N20,VIIRS,n,2,297.32,3.73,N,2.0,industrial_direct,1,98,0.0,8358.8,2.508492063492064,11.71,1.680059238942467,1.4869,0.9232804232804231,Industrial,unavailable,unavailable,unavailable,Normal,Industrial,0.9995,585.2,5,High,Stable
22.36044,82.30149,313.03,0.38,0.36,2026-03-05,2011,N20,VIIRS,n,2,295.8,1.38,N,2.0,industrial_direct,2,96,0.0,25464.4,3.5459414225941424,26.78,3.275989787681158,0.3892,0.7489539748953975,Industrial,unavailable,unavailable,unavailable,Normal,Industrial,0.9996,7492.4,3,Medium,Stable
22.35984,82.30516,313.23,0.38,0.36,2026-03-05,2011,N20,VIIRS,n,2,294.56,1.44,N,2.0,industrial_direct,2,96,0.0,25099.5,3.5459414225941424,26.78,3.275989787681158,0.4061,0.7489539748953975,Industrial,unavailable,unavailable,unavailable,Normal,Industrial,0.9996,7147.3,3,Medium,Stable
22.35715,82.30089,312.14,0.38,0.36,2026-03-05,2011,N20,VIIRS,n,2,293.91,1.38,N,2.0,industrial_direct,2,96,0.0,25578.3,3.5459414225941424,26.78,3.275989787681158,0.3892,0.7489539748953975,Industrial,unavailable,unavailable,unavailable,Normal,Industrial,0.9996,7609.4,3,Medium,Stable
22.3176,82.52921,311.78,0.38,0.36,2026-03-05,2011,N20,VIIRS,n,2,299.49,2.18,N,2.0,industrial_direct,1,98,0.0,8360.6,2.508492063492064,11.71,1.680059238942467,0.869,0.9232804232804231,Industrial,unavailable,unavailable,unavailable,Normal,Industrial,0.9997,759.3,5,High,Stable
22.31701,82.53289,315.47,0.38,0.36,2026-03-05,2011,N20,VIIRS,n,2,299.04,1.28,N,2.0,industrial_direct,1,98,0.0,8351.2,2.508492063492064,11.71,1.680059238942467,0.5103,0.9232804232804231,Industrial,unavailable,unavailable,unavailable,Normal,Industrial,0.9999,503.6,5,High,Stable
22.31666,82.51383,307.13,0.38,0.36,2026-03-05,2011,N20,VIIRS,n,2,295.3,1.32,N,0.0,industrial_direct,1,98,0.0,8935.9,2.508492063492064,11.71,1.680059238942467,0.5262,0.9232804232804231,Industrial,unavailable,unavailable,unavailable,Normal,Industrial,0.9999,282.4,6,High,Stable
22.31372,82.5323,308.35,0.38,0.36,2026-03-05,2011,N20,VIIRS,n,2,295.12,1.28,N,2.0,industrial_nearby,1,98,47.0,8720.5,2.508492063492064,11.71,1.680059238942467,0.5103,0.9232804232804231,Industrial,unavailable,unavailable,unavailable,Normal,Industrial,0.9999,239.1,6,High,Stable
22.2537,82.90585,306.48,0.39,0.36,2026-03-05,2011,N20,VIIRS,n,2,295.58,1.57,N,0.0,unclassified,-1,0,8605.7,3978.3,,,,,,Natural Fire,unavailable,unavailable,unavailable,Normal,Natural Fire,0.9992,14115.2,0,Low,Stable
22.33708,82.55559,326.6,0.38,0.36,2026-03-05,2011,N20,VIIRS,n,2,295.52,1.99,N,0.0,industrial_direct,4,61,0.0,6073.7,2.2546153846153847,13.9,1.6402420650106009,0.8826,0.8632478632478633,Industrial,unavailable,unavailable,unavailable,Normal,Industrial,0.9997,2020.1,4,Medium,Stable
22.33211,82.60792,328.01,0.38,0.36,2026-03-05,2011,N20,VIIRS,n,2,296.7,2.23,N,0.0,industrial_nearby,5,73,3.0,9052.2,2.765913043478261,15.28,2.376793836187871,0.8062,0.8260869565217391,Industrial,unavailable,unavailable,unavailable,Normal,Industrial,0.9994,306.1,6,High,Stable
22.46024,82.59486,340.26,0.52,0.41,2026-03-06,724,N20,VIIRS,l,2,311.15,5.24,D,0.0,unclassified,-1,0,2643.5,8518.5,,,,,,Natural Fire,unavailable,unavailable,unavailable,Normal,Natural Fire,0.9995,5684.8,0,Low,Stable
22.36822,82.66787,346.77,0.51,0.41,2026-03-06,724,N20,VIIRS,n,2,307.31,9.84,D,0.0,unclassified,-1,0,1698.0,8378.3,,,,,,Natural Fire,unavailable,unavailable,unavailable,Normal,Natural Fire,0.9972,3438.4,0,Low,Stable
22.35872,82.87166,335.91,0.5,0.41,2026-03-06,724,N20,VIIRS,l,2,307.3,3.59,D,0.0,unclassified,-1,0,10333.3,8783.3,,,,,,Natural Fire,unavailable,unavailable,unavailable,Normal,Natural Fire,0.9997,11022.6,0,Low,Stable
22.31932,82.5705,340.01,0.52,0.42,2026-03-06,724,N20,VIIRS,l,2,313.23,5.0,D,0.0,industrial_direct,1,98,0.0,8335.7,2.508492063492064,11.71,1.680059238942467,1.9932,0.9232804232804231,Industrial,unavailable,unavailable,unavailable,Normal,Industrial,0.9995,578.6,5,High,Stable
22.33032,82.60931,339.56,0.52,0.41,2026-03-06,724,N20,VIIRS,l,2,314.47,10.82,D,0.0,industrial_nearby,5,73,202.3,9295.6,2.765913043478261,15.28,2.376793836187871,3.9119,0.8260869565217391,Industrial,unavailable,unavailable,unavailable,Abnormal spike,Industrial,0.9983,71.6,9,Critical,Abnormal
22.11066,82.47382,338.98,0.53,0.42,2026-03-06,724,N20,VIIRS,l,2,309.64,6.85,D,0.0,unclassified,35,1,17745.0,31972.1,5.805,6.85,1.4778531726798845,1.18,0.0,Natural Fire,unavailable,unavailable,unavailable,Normal,Natural Fire,0.9999,21049.6,0,Low,Stable
22.11446,82.47301,340.11,0.53,0.42,2026-03-06,724,N20,VIIRS,n,2,309.33,4.76,D,0.0,unclassified,35,1,17626.1,31583.3,5.805,6.85,1.4778531726798845,0.82,0.0,Natural Fire,unavailable,unavailable,unavailable,Normal,Natural Fire,0.9998,20645.9,0,Low,Stable
22.2199,82.88641,341.98,0.5,0.41,2026-03-06,724,N20,VIIRS,n,2,309.4,3.98,D,0.0,unclassified,36,1,6846.4,6539.3,3.98,3.98,0.0,1.0,0.0,Natural Fire,unavailable,unavailable,unavailable,Normal,Natural Fire,0.9996,9879.9,0,Low,Stable
22.22362,82.88564,337.66,0.5,0.41,2026-03-06,724,N20,VIIRS,n,2,307.64,3.98,D,0.0,unclassified,36,1,6652.8,6120.0,3.98,3.98,0.0,1.0,0.0,Natural Fire,unavailable,unavailable,unavailable,Normal,Natural Fire,0.9991,10229.4,0,Low,Stable
22.15496,82.71809,336.25,0.51,0.41,2026-03-06,724,N20,VIIRS,l,2,310.93,3.6,D,0.0,unclassified,-1,0,4335.5,21236.2,,,,,,Natural Fire,unavailable,unavailable,unavailable,Normal,Natural Fire,0.9999,13477.4,0,Low,Stable
22.28245,82.96967,337.53,0.5,0.41,2026-03-06,724,N20,VIIRS,n,2,308.31,3.92,D,0.0,unclassified,-1,0,15762.4,9426.1,,,,,,Natural Fire,unavailable,unavailable,unavailable,Normal,Natural Fire,0.9991,19772.7,0,Low,Stable
22.17466,82.3786,333.35,0.53,0.42,2026-03-06,724,N20,VIIRS,l,2,308.3,3.12,D,0.0,unclassified,-1,0,8837.0,29593.5,,,,,,Natural Fire,unavailable,unavailable,unavailable,Normal,Natural Fire,0.9999,17051.3,0,Low,Stable
22.32659,82.78618,336.46,0.51,0.41,2026-03-06,724,N20,VIIRS,n,2,309.42,4.29,D,0.0,industrial_nearby,37,1,844.2,10607.3,3.595,4.29,0.982878425849301,1.1933,0.0,Unknown,unavailable,unavailable,unavailable,Normal,Unknown,0.9999,2155.0,4,Medium,Stable
22.32798,82.7877,336.03,0.51,0.41,2026-03-06,724,N20,VIIRS,n,2,310.63,2.9,D,0.0,unclassified,37,1,1038.7,10549.3,3.595,4.29,0.982878425849301,0.8067,0.0,Natural Fire,unavailable,unavailable,unavailable,Normal,Natural Fire,0.9888,2353.1,1,Low,Stable
22.17922,82.63621,346.82,0.52,0.41,2026-03-06,724,N20,VIIRS,n,2,312.38,12.02,D,0.0,unclassified,-1,0,8790.6,25220.0,,,,,,Natural Fire,unavailable,unavailable,unavailable,Normal,Natural Fire,0.9996,13248.3,0,Low,Stable
22.36146,82.30019,304.13,0.55,0.42,2026-03-06,1952,N20,VIIRS,n,2,294.12,1.65,N,2.0,industrial_direct,2,96,0.0,25581.7,3.5459414225941424,26.78,3.275989787681158,0.4653,0.7489539748953975,Industrial,unavailable,unavailable,unavailable,Normal,Industrial,0.9996,7593.0,3,Medium,Stable
22.33041,82.6067,335.36,0.52,0.42,2026-03-06,1952,N20,VIIRS,n,2,298.59,7.88,N,2.0,industrial_direct,5,73,0.0,9107.3,2.765913043478261,15.28,2.376793836187871,2.849,0.8260869565217391,Industrial,unavailable,unavailable,unavailable,Abnormal spike,Industrial,0.9981,287.1,9,Critical,Abnormal
22.33692,82.5559,313.75,0.53,0.42,2026-03-06,1952,N20,VIIRS,n,2,295.97,2.62,N,0.0,industrial_direct,4,61,0.0,6096.1,2.2546153846153847,13.9,1.6402420650106009,1.1621,0.8632478632478633,Industrial,unavailable,unavailable,unavailable,Normal,Industrial,0.9997,2016.6,4,Medium,Stable
22.33433,82.5761,318.72,0.53,0.42,2026-03-06,1952,N20,VIIRS,n,2,296.85,2.81,N,2.0,industrial_direct,3,71,0.0,6982.1,2.7918248175182483,11.59,1.9379155034462177,1.0065,0.8394160583941606,Industrial,unavailable,unavailable,unavailable,Normal,Industrial,0.9997,1783.9,4,Medium,Stable
22.33187,82.53424,307.03,0.53,0.42,2026-03-06,1952,N20,VIIRS,n,2,296.44,1.37,N,2.0,industrial_direct,6,16,0.0,6707.9,1.2005882352941175,1.95,0.356606761507604,1.1411,1.0,Industrial,unavailable,unavailable,unavailable,Normal,Industrial,0.9992,1502.1,4,Medium,Stable
22.31654,82.51463,309.0,0.53,0.42,2026-03-06,1952,N20,VIIRS,n,2,295.92,1.47,N,2.0,industrial_direct,1,98,0.0,8917.3,2.508492063492064,11.71,1.680059238942467,0.586,0.9232804232804231,Industrial,unavailable,unavailable,unavailable,Normal,Industrial,0.9999,295.4,6,High,Stable
22.32024,82.59487,308.77,0.53,0.42,2026-03-06,1952,N20,VIIRS,n,2,295.79,1.47,N,2.0,industrial_direct,11,23,0.0,9277.3,1.7126666666666666,4.45,0.9003713154844096,0.8583,1.0,Industrial,unavailable,unavailable,unavailable,Normal,Industrial,0.9991,446.3,6,High,Stable
22.31966,82.56887,316.33,0.53,0.42,2026-03-06,1952,N20,VIIRS,n,2,297.97,3.04,N,0.0,industrial_direct,1,98,0.0,8253.2,2.508492063492064,11.71,1.680059238942467,1.2119,0.9232804232804231,Industrial,unavailable,unavailable,unavailable,Normal,Industrial,0.9996,678.2,5,High,Stable
22.31848,82.51653,308.22,0.53,0.42,2026-03-06,1952,N20,VIIRS,n,2,297.01,2.38,N,2.0,industrial_direct,1,98,0.0,8645.8,2.508492063492064,11.71,1.680059238942467,0.9488,0.9232804232804231,Industrial,unavailable,unavailable,unavailable,Normal,Industrial,0.9996,577.9,5,High,Stable
22.31653,82.5319,313.44,0.53,0.42,2026-03-06,1952,N20,VIIRS,n,2,299.05,3.26,N,2.0,industrial_direct,1,98,0.0,8421.5,2.508492063492064,11.71,1.680059238942467,1.2996,0.9232804232804231,Industrial,unavailable,unavailable,unavailable,Normal,Industrial,0.9995,495.8,6,High,Stable
22.35691,82.30488,312.76,0.55,0.42,2026-03-06,1952,N20,VIIRS,n,2,296.26,3.75,N,2.0,industrial_direct,2,96,0.0,25176.3,3.5459414225941424,26.78,3.275989787681158,1.0575,0.7489539748953975,Industrial,unavailable,unavailable,unavailable,Normal,Industrial,0.9988,7226.0,3,Medium,Stable
22.30703,82.75665,340.36,0.33,0.55,2026-03-07,705,N20,VIIRS,n,2,304.57,3.5,D,0.0,unclassified,38,1,1210.9,12645.2,2.615,3.5,1.2515790027001892,1.3384,0.0,Natural Fire,unavailable,unavailable,unavailable,Normal,Natural Fire,0.9951,1186.0,2,Low,Stable
22.503,82.60193,367.0,0.33,0.55,2026-03-07,705,N20,VIIRS,h,2,308.41,4.88,D,0.0,industrial_nearby,39,2,578.8,13033.4,4.449999999999999,4.88,0.6081118318204308,1.0966,0.0,Unknown,unavailable,unavailable,unavailable,Normal,Unknown,0.9999,10302.7,3,Medium,Stable
22.33294,82.60881,347.94,0.33,0.56,2026-03-07,705,N20,VIIRS,n,2,307.04,4.34,D,0.0,industrial_direct,5,73,0.0,9044.6,2.765913043478261,15.28,2.376793836187871,1.5691,0.8260869565217391,Industrial,unavailable,unavailable,unavailable,Normal,Industrial,0.999,301.0,6,High,Stable
22.30722,82.75726,338.9,0.33,0.55,2026-03-07,705,N20,VIIRS,n,2,304.38,1.73,D,0.0,unclassified,38,1,1261.6,12589.4,2.615,3.5,1.2515790027001892,0.6616,0.0,Natural Fire,unavailable,unavailable,unavailable,Normal,Natural Fire,0.99,1127.8,2,Low,Stable
22.22067,82.54638,338.15,0.34,0.56,2026-03-07,705,N20,VIIRS,n,2,307.35,3.29,D,0.0,unclassified,40,1,7868.9,18895.0,3.025,3.29,0.3747665940288703,1.0876,0.0,Natural Fire,unavailable,unavailable,unavailable,Normal,Natural Fire,0.9999,7958.8,0,Low,Stable
22.22135,82.54956,334.62,0.34,0.56,2026-03-07,705,N20,VIIRS,l,2,308.07,2.76,D,0.0,unclassified,40,1,7896.5,18821.9,3.025,3.29,0.3747665940288703,0.9124,0.0,Natural Fire,unavailable,unavailable,unavailable,Normal,Natural Fire,0.9999,7785.9,0,Low,Stable
22.15509,82.60222,332.64,0.34,0.56,2026-03-07,705,N20,VIIRS,l,2,306.89,1.92,D,0.0,unclassified,-1,0,10269.0,26773.3,,,,,,Natural Fire,unavailable,unavailable,unavailable,Normal,Natural Fire,0.9997,15102.4,0,Low,Stable
22.15006,82.60344,343.16,0.34,0.56,2026-03-07,705,N20,VIIRS,n,2,308.15,3.76,D,0.0,unclassified,-1,0,9963.7,27344.2,,,,,,Natural Fire,unavailable,unavailable,unavailable,Normal,Natural Fire,0.9991,15673.3,0,Low,Stable
22.18417,82.79047,335.91,0.33,0.55,2026-03-07,705,N20,VIIRS,n,2,306.02,2.2,D,0.0,unclassified,-1,0,6918.2,13644.7,,,,,,Natural Fire,unavailable,unavailable,unavailable,Normal,Natural Fire,0.9999,7824.1,0,Low,Stable
22.33707,82.55147,311.6,0.35,0.56,2026-03-07,1934,N20,VIIRS,n,2,294.39,0.8,N,0.0,industrial_direct,4,61,0.0,6026.0,2.2546153846153847,13.9,1.6402420650106009,0.3548,0.8632478632478633,Industrial,unavailable,unavailable,unavailable,Normal,Industrial,0.9999,1860.0,4,Medium,Stable
22.31531,82.55901,307.38,0.34,0.56,2026-03-07,1934,N20,VIIRS,n,2,294.89,1.07,N,2.0,industrial_direct,1,98,0.0,8509.8,2.508492063492064,11.71,1.680059238942467,0.4266,0.9232804232804231,Industrial,unavailable,unavailable,unavailable,Normal,Industrial,0.9999,655.1,5,High,Stable
22.31949,82.56977,313.86,0.34,0.56,2026-03-07,1934,N20,VIIRS,n,2,295.46,1.49,N,0.0,industrial_direct,1,98,0.0,8296.5,2.508492063492064,11.71,1.680059238942467,0.594,0.9232804232804231,Industrial,unavailable,unavailable,unavailable,Normal,Industrial,0.9999,630.9,5,High,Stable
22.32201,82.59709,307.44,0.34,0.56,2026-03-07,1934,N20,VIIRS,n,2,294.97,0.7,N,2.0,industrial_direct,11,23,0.0,9235.7,1.7126666666666666,4.45,0.9003713154844096,0.4087,1.0,Industrial,unavailable,unavailable,unavailable,Normal,Industrial,0.9998,552.6,5,High,Stable
22.35634,82.30367,304.99,0.36,0.57,2026-03-07,1934,N20,VIIRS,n,2,294.8,1.08,N,2.0,industrial_direct,2,96,0.0,25309.2,3.5459414225941424,26.78,3.275989787681158,0.3046,0.7489539748953975,Industrial,unavailable,unavailable,unavailable,Normal,Industrial,0.9996,7311.8,3,Medium,Stable
22.32469,82.67456,308.19,0.34,0.56,2026-03-07,1934,N20,VIIRS,n,2,294.46,0.66,N,0.0,industrial_direct,28,16,0.0,12394.8,1.61,4.87,1.2244374458597422,0.4099,1.0,Industrial,unavailable,unavailable,unavailable,Normal,Industrial,0.999,3024.6,3,Medium,Stable
22.33171,82.60487,317.96,0.34,0.56,2026-03-07,1934,N20,VIIRS,n,2,294.86,3.78,N,2.0,industrial_nearby,5,73,66.9,8874.3,2.765913043478261,15.28,2.376793836187871,1.3666,0.8260869565217391,Industrial,unavailable,unavailable,unavailable,Normal,Industrial,0.9988,520.9,5,High,Stable
22.33475,82.57455,316.76,0.34,0.56,2026-03-07,1934,N20,VIIRS,n,2,296.14,1.62,N,2.0,industrial_direct,3,71,0.0,6873.6,2.7918248175182483,11.59,1.9379155034462177,0.5803,0.8394160583941606,Industrial,unavailable,unavailable,unavailable,Normal,Industrial,0.9999,1838.2,4,Medium,Stable
22.33673,82.55487,305.8,0.35,0.56,2026-03-07,1934,N20,VIIRS,n,2,294.84,0.8,N,0.0,industrial_direct,4,61,0.0,6101.5,2.2546153846153847,13.9,1.6402420650106009,0.3548,0.8632478632478633,Industrial,unavailable,unavailable,unavailable,Normal,Industrial,0.9999,1956.1,4,Medium,Stable
22.36161,82.30438,305.32,0.36,0.57,2026-03-07,1934,N20,VIIRS,n,2,294.59,1.08,N,2.0,industrial_direct,2,96,0.0,25151.9,3.5459414225941424,26.78,3.275989787681158,0.3046,0.7489539748953975,Industrial,unavailable,unavailable,unavailable,Normal,Industrial,0.9996,7171.3,3,Medium,Stable
22.33137,82.60825,349.44,0.34,0.56,2026-03-07,1934,N20,VIIRS,n,2,297.85,3.78,N,0.0,industrial_nearby,5,73,61.6,9136.2,2.765913043478261,15.28,2.376793836187871,1.3666,0.8260869565217391,Industrial,unavailable,unavailable,unavailable,Normal,Industrial,0.9987,228.7,6,High,Stable
22.45125,82.5574,338.51,0.47,0.64,2026-03-08,827,N20,VIIRS,n,2,301.57,3.13,D,0.0,unclassified,-1,0,1134.9,6193.9,,,,,,Natural Fire,unavailable,unavailable,unavailable,Normal,Natural Fire,0.9925,6804.1,0,Low,Stable
22.33213,82.6058,310.14,0.69,0.75,2026-03-08,1915,N20,VIIRS,n,2,292.83,2.4,N,2.0,industrial_direct,5,73,0.0,8904.0,2.765913043478261,15.28,2.376793836187871,0.8677,0.8260869565217391,Industrial,unavailable,unavailable,unavailable,Normal,Industrial,0.9989,469.3,6,High,Stable
22.33619,82.55138,305.05,0.7,0.75,2026-03-08,1915,N20,VIIRS,n,2,292.4,1.24,N,0.0,industrial_direct,4,61,0.0,6122.5,2.2546153846153847,13.9,1.6402420650106009,0.55,0.8632478632478633,Industrial,unavailable,unavailable,unavailable,Normal,Industrial,0.9999,1764.5,4,Medium,Stable
22.33234,82.60484,309.74,0.7,0.75,2026-03-08,1915,N20,VIIRS,n,2,293.32,2.57,N,2.0,industrial_nearby,5,73,43.0,8820.3,2.765913043478261,15.28,2.376793836187871,0.9292,0.8260869565217391,Industrial,unavailable,unavailable,unavailable,Normal,Industrial,0.9989,561.4,5,High,Stable
22.33607,82.55027,305.05,0.7,0.75,2026-03-08,1915,N20,VIIRS,n,2,292.76,1.42,N,0.0,industrial_nearby,4,61,23.6,6127.9,2.2546153846153847,13.9,1.6402420650106009,0.6298,0.8632478632478633,Industrial,unavailable,unavailable,unavailable,Normal,Industrial,0.9999,1718.8,4,Medium,Stable
22.31721,82.53202,305.83,0.46,0.63,2026-03-08,2055,N20,VIIRS,n,2,295.16,2.07,N,2.0,industrial_direct,1,98,0.0,8345.2,2.508492063492064,11.71,1.680059238942467,0.8252,0.9232804232804231,Industrial,unavailable,unavailable,unavailable,Normal,Industrial,0.9998,556.7,5,High,Stable
22.35661,82.30177,306.94,0.44,0.62,2026-03-08,2055,N20,VIIRS,n,2,294.49,1.61,N,2.0,industrial_direct,2,96,0.0,25497.8,3.5459414225941424,26.78,3.275989787681158,0.454,0.7489539748953975,Industrial,unavailable,unavailable,unavailable,Normal,Industrial,0.9996,7502.2,3,Medium,Stable
22.316,82.53352,307.04,0.46,0.63,2026-03-08,2055,N20,VIIRS,n,2,294.97,1.73,N,2.0,industrial_direct,1,98,0.0,8450.7,2.508492063492064,11.71,1.680059238942467,0.6897,0.9232804232804231,Industrial,unavailable,unavailable,unavailable,Normal,Industrial,0.9999,378.8,6,High,Stable
22.35928,82.30099,312.0,0.44,0.62,2026-03-08,2055,N20,VIIRS,n,2,295.03,2.76,N,2.0,industrial_direct,2,96,0.0,25533.4,3.5459414225941424,26.78,3.275989787681158,0.7784,0.7489539748953975,Industrial,unavailable,unavailable,unavailable,Normal,Industrial,0.9989,7576.8,3,Medium,Stable
22.32152,82.56516,308.22,0.46,0.63,2026-03-08,2055,N20,VIIRS,n,2,295.05,1.97,N,2.0,industrial_direct,1,98,0.0,7956.9,2.508492063492064,11.71,1.680059238942467,0.7853,0.9232804232804231,Industrial,unavailable,unavailable,unavailable,Normal,Industrial,0.9999,1006.9,5,High,Stable
22.36222,82.30315,306.72,0.44,0.62,2026-03-08,2055,N20,VIIRS,n,2,294.96,1.74,N,2.0,industrial_direct,2,96,0.0,25268.4,3.5459414225941424,26.78,3.275989787681158,0.4907,0.7489539748953975,Industrial,unavailable,unavailable,unavailable,Normal,Industrial,0.9996,7276.9,3,Medium,Stable
22.3359,82.5552,314.01,0.46,0.63,2026-03-08,2055,N20,VIIRS,n,2,294.26,1.61,N,0.0,industrial_direct,4,61,0.0,6197.2,2.2546153846153847,13.9,1.6402420650106009,0.7141,0.8632478632478633,Industrial,unavailable,unavailable,unavailable,Normal,Industrial,0.9999,1884.2,4,Medium,Stable
22.36037,82.36232,331.63,0.45,0.47,2026-03-09,808,N20,VIIRS,l,2,304.22,4.7,D,0.0,unclassified,-1,0,5690.4,19280.5,,,,,,Natural Fire,unavailable,unavailable,unavailable,Normal,Natural Fire,0.9998,2186.1,1,Low,Stable
22.34192,82.82672,341.21,0.49,0.48,2026-03-09,808,N20,VIIRS,n,2,308.1,5.74,D,0.0,unclassified,-1,0,5344.7,8578.8,,,,,,Natural Fire,unavailable,unavailable,unavailable,Normal,Natural Fire,0.9995,6137.7,0,Low,Stable
22.33367,82.55676,339.36,0.47,0.48,2026-03-09,808,N20,VIIRS,l,2,312.75,3.99,D,0.0,industrial_direct,4,61,0.0,6465.4,2.2546153846153847,13.9,1.6402420650106009,1.7697,0.8632478632478633,Industrial,unavailable,unavailable,unavailable,Normal,Industrial,0.9997,1738.5,4,Medium,Stable
22.13933,83.00925,333.97,0.5,0.49,2026-03-09,808,N20,VIIRS,l,2,306.38,3.65,D,0.0,unclassified,-1,0,22129.3,20516.2,,,,,,Natural Fire,unavailable,unavailable,unavailable,Normal,Natural Fire,0.9999,14660.8,0,Low,Stable
22.13555,82.54265,339.13,0.46,0.47,2026-03-09,808,N20,VIIRS,n,2,305.97,2.85,D,0.0,unclassified,41,1,15777.7,28322.9,2.85,2.85,0.0,1.0,0.0,Natural Fire,unavailable,unavailable,unavailable,Normal,Natural Fire,0.9999,17208.4,0,Low,Stable
22.15384,82.35563,339.23,0.45,0.47,2026-03-09,808,N20,VIIRS,n,2,309.58,2.01,D,0.0,unclassified,42,2,5806.0,32853.7,5.4366666666666665,11.01,4.868894467261879,0.3697,0.0,Natural Fire,unavailable,unavailable,unavailable,Normal,Natural Fire,0.9996,19371.8,0,Low,Escalating
22.15815,82.35506,345.56,0.45,0.47,2026-03-09,808,N20,VIIRS,n,2,309.38,3.29,D,0.0,unclassified,42,2,5891.1,32508.6,5.4366666666666665,11.01,4.868894467261879,0.6052,0.0,Natural Fire,unavailable,unavailable,unavailable,Normal,Natural Fire,0.9998,18900.1,0,Low,Escalating
22.13504,82.53814,334.59,0.46,0.47,2026-03-09,808,N20,VIIRS,l,2,306.38,2.85,D,0.0,unclassified,41,1,16229.3,28390.1,2.85,2.85,0.0,1.0,0.0,Natural Fire,unavailable,unavailable,unavailable,Normal,Natural Fire,1.0,17350.4,0,Low,Stable
22.25312,82.43832,335.04,0.46,0.47,2026-03-09,808,N20,VIIRS,l,2,309.7,3.96,D,0.0,unclassified,-1,0,9267.5,18946.7,,,,,,Natural Fire,unavailable,unavailable,unavailable,Normal,Natural Fire,0.9999,8389.4,0,Low,Stable
22.32909,82.83306,340.92,0.49,0.48,2026-03-09,808,N20,VIIRS,n,2,309.15,5.46,D,0.0,unclassified,-1,0,5670.3,7052.2,,,,,,Natural Fire,unavailable,unavailable,unavailable,Normal,Natural Fire,0.9995,5982.8,0,Low,Stable
22.33302,82.82786,332.94,0.49,0.48,2026-03-09,808,N20,VIIRS,l,2,307.15,4.61,D,0.0,unclassified,-1,0,5195.0,7727.8,,,,,,Natural Fire,unavailable,unavailable,unavailable,Normal,Natural Fire,0.9995,5692.1,0,Low,Stable
22.25976,82.69535,343.87,0.48,0.48,2026-03-09,808,N20,VIIRS,n,2,308.51,4.03,D,0.0,unclassified,-1,0,2400.2,18697.3,,,,,,Natural Fire,unavailable,unavailable,unavailable,Normal,Natural Fire,0.9993,9027.4,0,Low,Stable
22.33838,82.55667,305.72,0.46,0.47,2026-03-09,2036,N20,VIIRS,n,2,294.61,1.16,N,0.0,industrial_direct,4,61,0.0,5949.5,2.2546153846153847,13.9,1.6402420650106009,0.5145,0.8632478632478633,Industrial,unavailable,unavailable,unavailable,Normal,Industrial,0.9999,2196.6,4,Medium,Stable
22.33482,82.57448,309.45,0.46,0.47,2026-03-09,2036,N20,VIIRS,n,2,295.31,1.81,N,2.0,industrial_direct,3,71,0.0,6863.6,2.7918248175182483,11.59,1.9379155034462177,0.6483,0.8394160583941606,Industrial,unavailable,unavailable,unavailable,Normal,Industrial,0.9999,1846.6,4,Medium,Stable
22.31871,82.56589,315.73,0.46,0.47,2026-03-09,2036,N20,VIIRS,n,2,295.51,1.81,N,2.0,industrial_direct,1,98,0.0,8277.0,2.508492063492064,11.71,1.680059238942467,0.7215,0.9232804232804231,Industrial,unavailable,unavailable,unavailable,Normal,Industrial,0.9999,705.2,5,High,Stable
22.3628,82.30251,307.12,0.44,0.46,2026-03-09,2036,N20,VIIRS,n,2,295.09,1.96,N,2.0,industrial_direct,2,96,0.0,25325.5,3.5459414225941424,26.78,3.275989787681158,0.5527,0.7489539748953975,Industrial,unavailable,unavailable,unavailable,Normal,Industrial,0.9996,7325.5,3,Medium,Stable
22.35861,82.30161,316.31,0.44,0.46,2026-03-09,2036,N20,VIIRS,n,2,296.12,1.96,N,2.0,industrial_direct,2,96,0.0,25480.9,3.5459414225941424,26.78,3.275989787681158,0.5527,0.7489539748953975,Industrial,unavailable,unavailable,unavailable,Normal,Industrial,0.9995,7536.6,3,Medium,Stable
22.31635,82.53347,311.78,0.46,0.47,2026-03-09,2036,N20,VIIRS,n,2,296.46,1.95,N,2.0,industrial_direct,1,98,0.0,8413.3,2.508492063492064,11.71,1.680059238942467,0.7774,0.9232804232804231,Industrial,unavailable,unavailable,unavailable,Normal,Industrial,0.9998,417.8,6,High,Stable
22.33296,82.60601,316.95,0.46,0.47,2026-03-09,2036,N20,VIIRS,n,2,295.84,2.3,N,2.0,industrial_direct,5,73,0.0,8851.1,2.765913043478261,15.28,2.376793836187871,0.8316,0.8260869565217391,Industrial,unavailable,unavailable,unavailable,Normal,Industrial,0.9994,518.9,5,High,Stable
22.31297,82.52818,306.21,0.46,0.47,2026-03-09,2036,N20,VIIRS,n,2,296.12,1.56,N,2.0,industrial_direct,1,98,0.0,8884.1,2.508492063492064,11.71,1.680059238942467,0.6219,0.9232804232804231,Industrial,unavailable,unavailable,unavailable,Normal,Industrial,0.9999,566.1,5,High,Stable
22.35357,82.30486,306.98,0.44,0.46,2026-03-09,2036,N20,VIIRS,n,2,293.67,0.99,N,2.0,industrial_direct,2,96,0.0,25238.3,3.5459414225941424,26.78,3.275989787681158,0.2792,0.7489539748953975,Industrial,unavailable,unavailable,unavailable,Normal,Industrial,0.9996,7075.5,3,Medium,Stable
22.31723,82.52911,310.24,0.46,0.47,2026-03-09,2036,N20,VIIRS,n,2,298.11,1.56,N,2.0,industrial_direct,1,98,0.0,8402.8,2.508492063492064,11.71,1.680059238942467,0.6219,0.9232804232804231,Industrial,unavailable,unavailable,unavailable,Normal,Industrial,0.9999,737.8,5,High,Stable
22.33412,82.55574,317.04,0.46,0.47,2026-03-09,2036,N20,VIIRS,n,2,295.26,1.16,N,0.0,industrial_direct,4,61,0.0,6400.2,2.2546153846153847,13.9,1.6402420650106009,0.5145,0.8632478632478633,Industrial,unavailable,unavailable,unavailable,Normal,Industrial,0.9999,1730.6,4,Medium,Stable
22.4848,83.06696,338.47,0.42,0.38,2026-03-10,749,N20,VIIRS,n,2,307.5,4.61,D,0.0,unclassified,43,2,34138.1,29906.3,4.390000000000001,4.61,0.3111269837220815,1.0501,0.0,Natural Fire,unavailable,unavailable,unavailable,Normal,Natural Fire,0.9998,1737.7,1,Low,Stable
22.49697,83.0524,334.78,0.42,0.38,2026-03-10,749,N20,VIIRS,l,2,306.7,3.87,D,0.0,unclassified,-1,0,33092.8,30022.4,,,,,,Natural Fire,unavailable,unavailable,unavailable,Normal,Natural Fire,0.9998,3385.0,0,Low,Stable
22.46117,82.81681,330.65,0.42,0.37,2026-03-10,749,N20,VIIRS,n,2,304.63,1.78,D,0.0,unclassified,-1,0,9633.9,11014.0,,,,,,Natural Fire,unavailable,unavailable,unavailable,Normal,Natural Fire,0.9993,14492.1,0,Low,Stable
22.49005,83.05351,334.28,0.42,0.38,2026-03-10,749,N20,VIIRS,l,2,307.3,3.62,D,0.0,unclassified,44,1,32969.8,29481.7,3.62,3.62,0.0,1.0,0.0,Natural Fire,unavailable,unavailable,unavailable,Normal,Natural Fire,0.9999,2641.2,1,Low,Stable
22.49061,83.05762,347.55,0.42,0.38,2026-03-10,749,N20,VIIRS,n,2,308.28,3.62,D,0.0,unclassified,44,1,33392.6,29791.5,3.62,3.62,0.0,1.0,0.0,Natural Fire,unavailable,unavailable,unavailable,Normal,Natural Fire,0.9997,2537.1,1,Low,Stable
22.41895,82.71276,339.03,0.41,0.37,2026-03-10,749,N20,VIIRS,l,2,313.75,5.61,D,0.0,unclassified,-1,0,2096.5,1271.4,,,,,,Agricultural Burning,unavailable,unavailable,unavailable,Normal,Agricultural Burning,0.9997,6522.2,1,Low,Stable
22.37199,82.80216,335.71,0.42,0.37,2026-03-10,749,N20,VIIRS,l,2,308.01,4.74,D,0.0,unclassified,19,2,5775.6,11088.3,3.738,4.74,1.4030751939935369,1.2681,0.0,Natural Fire,unavailable,unavailable,unavailable,Normal,Natural Fire,0.9994,7445.1,0,Low,Escalating
22.34764,82.33313,334.12,0.4,0.37,2026-03-10,749,N20,VIIRS,l,2,306.48,1.92,D,0.0,unclassified,-1,0,2721.6,22508.8,,,,,,Natural Fire,unavailable,unavailable,unavailable,Normal,Natural Fire,0.9997,4172.0,0,Low,Stable
22.39884,82.79374,336.23,0.42,0.37,2026-03-10,749,N20,VIIRS,l,2,307.74,1.73,D,0.0,unclassified,45,2,4747.0,8849.3,2.91,4.16,1.2165114056185418,0.5945,0.0,Natural Fire,unavailable,unavailable,unavailable,Normal,Natural Fire,0.9994,8135.1,0,Low,Escalating
22.33231,82.39542,332.39,0.4,0.37,2026-03-10,749,N20,VIIRS,l,2,306.89,1.86,D,0.0,unclassified,-1,0,3166.6,16898.7,,,,,,Natural Fire,unavailable,unavailable,unavailable,Normal,Natural Fire,0.9996,2782.4,1,Low,Stable
22.33414,82.55588,341.75,0.41,0.37,2026-03-10,749,N20,VIIRS,n,2,313.1,4.63,D,0.0,industrial_direct,4,61,0.0,6400.1,2.2546153846153847,13.9,1.6402420650106009,2.0536,0.8632478632478633,Industrial,unavailable,unavailable,unavailable,Normal,Industrial,0.9996,1739.3,4,Medium,Stable
22.45574,82.75208,342.82,0.41,0.37,2026-03-10,749,N20,VIIRS,n,2,309.89,4.6,D,0.0,unclassified,46,2,5863.1,4716.8,3.0,4.6,2.262741699796952,1.5333,0.0,Natural Fire,unavailable,unavailable,unavailable,Normal,Natural Fire,0.9997,10799.6,0,Low,Stable
22.45792,83.09178,336.4,0.43,0.38,2026-03-10,749,N20,VIIRS,n,2,307.53,2.71,D,0.0,unclassified,-1,0,35498.8,29563.9,,,,,,Natural Fire,unavailable,unavailable,unavailable,Normal,Natural Fire,0.9862,2607.6,1,Low,Stable
22.51475,83.07904,339.29,0.43,0.38,2026-03-10,749,N20,VIIRS,n,2,307.6,2.76,D,0.0,unclassified,-1,0,36327.4,33256.1,,,,,,Natural Fire,unavailable,unavailable,unavailable,Normal,Natural Fire,0.9971,4827.2,0,Low,Stable
22.56671,83.07069,336.7,0.43,0.38,2026-03-10,749,N20,VIIRS,n,2,307.05,2.46,D,0.0,unclassified,-1,0,37905.8,37466.9,,,,,,Natural Fire,unavailable,unavailable,unavailable,Normal,Natural Fire,0.9086,5528.7,0,Low,Stable
22.368,82.79868,342.09,0.42,0.37,2026-03-10,749,N20,VIIRS,n,2,309.02,4.74,D,0.0,unclassified,19,2,5224.3,11070.4,3.738,4.74,1.4030751939935369,1.2681,0.0,Natural Fire,unavailable,unavailable,unavailable,Normal,Natural Fire,0.9995,6916.0,0,Low,Escalating
22.55632,83.07236,339.77,0.43,0.38,2026-03-10,749,N20,VIIRS,n,2,307.35,3.11,D,0.0,unclassified,48,2,37523.4,36589.7,2.835,3.11,0.388908729652601,1.097,0.0,Natural Fire,unavailable,unavailable,unavailable,Normal,Natural Fire,0.9998,4873.6,0,Low,Stable
22.36856,82.80269,342.2,0.42,0.37,2026-03-10,749,N20,VIIRS,n,2,308.6,4.74,D,0.0,unclassified,19,2,5460.4,11358.0,3.738,4.74,1.4030751939935369,1.2681,0.0,Natural Fire,unavailable,unavailable,unavailable,Normal,Natural Fire,0.9978,7103.6,0,Low,Escalating
22.26872,82.61444,336.96,0.41,0.37,2026-03-10,749,N20,VIIRS,l,2,311.8,2.91,D,0.0,unclassified,49,2,5833.3,15244.1,5.225,7.54,3.273904396893715,0.5569,0.0,Natural Fire,unavailable,unavailable,unavailable,Normal,Natural Fire,0.9999,3087.6,0,Low,Escalating
22.29074,82.67171,348.08,0.41,0.37,2026-03-10,749,N20,VIIRS,n,2,314.63,4.89,D,0.0,unclassified,-1,0,2980.4,16069.2,,,,,,Natural Fire,unavailable,unavailable,unavailable,Normal,Natural Fire,0.9996,5462.0,0,Low,Stable
22.10019,83.08427,332.93,0.42,0.38,2026-03-10,749,N20,VIIRS,l,2,306.07,2.31,D,0.0,unclassified,50,1,31001.2,29032.0,2.555,2.8,0.3464823227814083,0.9041,0.0,Natural Fire,unavailable,unavailable,unavailable,Normal,Natural Fire,0.9981,21808.1,0,Low,Escalating
22.10364,83.08371,333.22,0.42,0.38,2026-03-10,749,N20,VIIRS,l,2,306.51,2.8,D,0.0,unclassified,50,1,30762.8,28730.6,2.555,2.8,0.3464823227814083,1.0959,0.0,Natural Fire,unavailable,unavailable,unavailable,Normal,Natural Fire,0.9999,21750.5,0,Low,Escalating
22.11657,82.92397,341.24,0.42,0.37,2026-03-10,749,N20,VIIRS,n,2,310.22,4.17,D,0.0,unclassified,-1,0,17074.3,18546.5,,,,,,Natural Fire,unavailable,unavailable,unavailable,Normal,Natural Fire,0.9997,5508.2,0,Low,Stable
22.33058,82.60501,342.43,0.41,0.37,2026-03-10,749,N20,VIIRS,l,2,316.37,2.6,D,2.0,industrial_nearby,5,73,30.6,8977.6,2.765913043478261,15.28,2.376793836187871,0.94,0.8260869565217391,Industrial,unavailable,unavailable,unavailable,Normal,Industrial,0.9991,451.4,6,High,Stable
22.16151,82.74583,337.0,0.41,0.37,2026-03-10,749,N20,VIIRS,l,2,311.86,3.4,D,0.0,unclassified,-1,0,6788.5,18625.6,,,,,,Natural Fire,unavailable,unavailable,unavailable,Normal,Natural Fire,1.0,10808.8,0,Low,Stable
22.12268,82.44584,344.72,0.4,0.37,2026-03-10,749,N20,VIIRS,n,2,310.96,5.1,D,0.0,unclassified,-1,0,14778.9,31510.9,,,,,,Natural Fire,unavailable,unavailable,unavailable,Normal,Natural Fire,0.9815,20379.5,0,Low,Stable
22.19474,82.88345,336.52,0.42,0.37,2026-03-10,749,N20,VIIRS,l,2,308.55,2.85,D,0.0,unclassified,-1,0,7905.3,9272.3,,,,,,Natural Fire,unavailable,unavailable,unavailable,Normal,Natural Fire,0.9997,7247.6,0,Low,Stable
22.18466,82.81139,339.49,0.41,0.37,2026-03-10,749,N20,VIIRS,n,2,311.44,1.59,D,0.0,unclassified,-1,0,6122.1,12321.7,,,,,,Natural Fire,unavailable,unavailable,unavailable,Normal,Natural Fire,0.9999,6394.6,0,Low,Stable
22.22933,83.08137,334.59,0.42,0.38,2026-03-10,749,N20,VIIRS,l,2,305.89,1.96,D,0.0,unclassified,-1,0,26600.7,21657.0,,,,,,Natural Fire,unavailable,unavailable,unavailable,Normal,Natural Fire,0.9998,25711.6,0,Low,Stable
22.21918,82.98302,340.24,0.42,0.38,2026-03-10,749,N20,VIIRS,n,2,309.0,2.84,D,0.0,unclassified,-1,0,16598.1,12671.0,,,,,,Natural Fire,unavailable,unavailable,unavailable,Normal,Natural Fire,0.9989,16536.3,0,Low,Stable
22.18456,82.56401,343.84,0.41,0.37,2026-03-10,749,N20,VIIRS,n,2,311.2,5.84,D,0.0,unclassified,-1,0,12233.3,22962.0,,,,,,Natural Fire,unavailable,unavailable,unavailable,Normal,Natural Fire,0.9985,11547.9,0,Low,Stable
22.20483,82.68198,343.6,0.41,0.37,2026-03-10,749,N20,VIIRS,n,2,312.32,2.77,D,0.0,unclassified,-1,0,4493.8,21565.6,,,,,,Natural Fire,unavailable,unavailable,unavailable,Normal,Natural Fire,0.9997,12622.0,0,Low,Stable
22.19263,82.51796,347.23,0.41,0.37,2026-03-10,749,N20,VIIRS,n,2,312.72,8.74,D,0.0,unclassified,-1,0,10675.4,22199.0,,,,,,Natural Fire,unavailable,unavailable,unavailable,Normal,Natural Fire,0.9998,11802.6,0,Low,Stable
22.24908,82.87443,344.03,0.42,0.37,2026-03-10,749,N20,VIIRS,n,2,308.35,4.08,D,0.0,unclassified,-1,0,5327.3,3233.0,,,,,,Natural Fire,unavailable,unavailable,unavailable,Normal,Natural Fire,0.9998,11700.4,0,Low,Stable
22.1124,82.49545,335.12,0.41,0.37,2026-03-10,749,N20,VIIRS,l,2,309.99,1.73,D,0.0,unclassified,-1,0,19768.1,31332.5,,,,,,Natural Fire,unavailable,unavailable,unavailable,Normal,Natural Fire,0.9997,20651.4,0,Low,Stable
22.20958,82.5152,339.84,0.41,0.37,2026-03-10,749,N20,VIIRS,l,2,311.01,3.87,D,0.0,unclassified,-1,0,8830.9,20384.1,,,,,,Natural Fire,unavailable,unavailable,unavailable,Normal,Natural Fire,0.9999,9950.1,0,Low,Stable
22.25438,82.83665,338.79,0.42,0.37,2026-03-10,749,N20,VIIRS,n,2,308.91,4.12,D,0.0,unclassified,51,2,2002.0,4824.3,5.6066666666666665,6.35,1.2874911002928655,0.7348,0.0,Natural Fire,unavailable,unavailable,unavailable,Normal,Natural Fire,0.9952,8171.8,0,Low,Escalating
22.25659,82.45544,342.06,0.41,0.37,2026-03-10,749,N20,VIIRS,n,2,309.85,6.24,D,0.0,unclassified,-1,0,7865.6,17637.1,,,,,,Natural Fire,unavailable,unavailable,unavailable,Normal,Natural Fire,0.9997,6793.2,0,Low,Stable
22.29271,82.81007,340.92,0.42,0.37,2026-03-10,749,N20,VIIRS,n,2,310.88,2.4,D,0.0,unclassified,52,2,4118.7,6923.1,4.3,6.2,2.687005768508881,0.5581,0.0,Natural Fire,unavailable,unavailable,unavailable,Normal,Natural Fire,0.9991,3531.4,0,Low,Escalating
22.28201,82.75862,348.78,0.41,0.37,2026-03-10,749,N20,VIIRS,n,2,313.57,4.72,D,0.0,unclassified,10,2,3423.8,12066.5,3.5499999999999994,4.72,2.0264994448555864,1.3296,0.0,Natural Fire,unavailable,unavailable,unavailable,Normal,Natural Fire,0.9997,2721.7,1,Low,Escalating
22.29593,82.8834,333.15,0.42,0.37,2026-03-10,749,N20,VIIRS,n,2,306.22,1.17,D,0.0,unclassified,-1,0,8662.8,1883.4,,,,,,Agricultural Burning,unavailable,unavailable,unavailable,Normal,Agricultural Burning,0.999,10762.0,1,Low,Stable
22.2422,82.57433,348.78,0.41,0.37,2026-03-10,749,N20,VIIRS,n,2,311.74,3.88,D,0.0,unclassified,53,1,7261.9,16753.4,3.91,3.93,0.0273861278752583,0.9923,0.0,Natural Fire,unavailable,unavailable,unavailable,Normal,Natural Fire,0.9988,5147.2,0,Low,Stable
22.28543,82.75808,345.24,0.41,0.37,2026-03-10,749,N20,VIIRS,n,2,312.9,4.72,D,0.0,unclassified,10,2,3056.4,12138.3,3.5499999999999994,4.72,2.0264994448555864,1.3296,0.0,Natural Fire,unavailable,unavailable,unavailable,Normal,Natural Fire,0.9997,2411.3,1,Low,Escalating
22.2388,82.57487,343.78,0.41,0.37,2026-03-10,749,N20,VIIRS,n,2,312.22,3.93,D,0.0,unclassified,53,1,7572.1,17133.8,3.91,3.93,0.0273861278752583,1.0051,0.0,Natural Fire,unavailable,unavailable,unavailable,Normal,Natural Fire,0.9927,5526.2,0,Low,Stable
22.2354,82.57543,348.14,0.41,0.37,2026-03-10,749,N20,VIIRS,n,2,312.39,3.93,D,0.0,unclassified,53,1,7889.8,17514.6,3.91,3.93,0.0273861278752583,1.0051,0.0,Natural Fire,unavailable,unavailable,unavailable,Normal,Natural Fire,0.9996,5905.6,0,Low,Stable
22.23596,82.57938,337.85,0.41,0.37,2026-03-10,749,N20,VIIRS,l,2,310.12,3.93,D,0.0,unclassified,53,1,8120.0,17527.0,3.91,3.93,0.0273861278752583,1.0051,0.0,Natural Fire,unavailable,unavailable,unavailable,Normal,Natural Fire,0.9999,5882.5,0,Low,Stable
22.30169,83.07801,342.53,0.42,0.38,2026-03-10,749,N20,VIIRS,n,2,308.75,3.72,D,0.0,unclassified,-1,0,27088.6,20733.5,,,,,,Natural Fire,unavailable,unavailable,unavailable,Normal,Natural Fire,0.9992,18382.4,0,Low,Stable
22.28758,83.00094,341.19,0.42,0.38,2026-03-10,749,N20,VIIRS,n,2,309.11,3.44,D,0.0,unclassified,-1,0,19013.5,12675.5,,,,,,Natural Fire,unavailable,unavailable,unavailable,Normal,Natural Fire,0.9956,21041.0,0,Low,Stable
22.24275,82.57828,337.22,0.41,0.37,2026-03-10,749,N20,VIIRS,l,2,309.94,3.88,D,0.0,unclassified,53,1,7512.2,16767.4,3.91,3.93,0.0273861278752583,0.9923,0.0,Natural Fire,unavailable,unavailable,unavailable,Normal,Natural Fire,0.9995,5122.9,0,Low,Stable
22.31281,82.52896,308.05,0.41,0.37,2026-03-10,2018,N20,VIIRS,n,2,297.99,1.36,N,2.0,industrial_direct,1,98,0.0,8884.4,2.508492063492064,11.71,1.680059238942467,0.5422,0.9232804232804231,Industrial,unavailable,unavailable,unavailable,Normal,Industrial,0.9999,544.0,5,High,Stable
22.33127,82.60506,326.6,0.41,0.37,2026-03-10,2018,N20,VIIRS,n,2,298.75,2.55,N,2.0,industrial_nearby,5,73,45.8,8923.7,2.765913043478261,15.28,2.376793836187871,0.9219,0.8260869565217391,Industrial,unavailable,unavailable,unavailable,Normal,Industrial,0.999,480.7,6,High,Stable
22.33587,82.57777,318.35,0.41,0.37,2026-03-10,2018,N20,VIIRS,n,2,298.24,1.64,N,2.0,industrial_direct,3,71,0.0,6903.8,2.7918248175182483,11.59,1.9379155034462177,0.5874,0.8394160583941606,Industrial,unavailable,unavailable,unavailable,Normal,Industrial,0.9999,1960.0,4,Medium,Stable
22.33645,82.55364,328.64,0.41,0.37,2026-03-10,2018,N20,VIIRS,n,2,297.89,1.88,N,0.0,industrial_direct,4,61,0.0,6116.3,2.2546153846153847,13.9,1.6402420650106009,0.8338,0.8632478632478633,Industrial,unavailable,unavailable,unavailable,Normal,Industrial,0.9999,1877.7,4,Medium,Stable
22.33579,82.55754,307.05,0.41,0.37,2026-03-10,2018,N20,VIIRS,n,2,296.81,1.88,N,0.0,industrial_direct,4,61,0.0,6247.5,2.2546153846153847,13.9,1.6402420650106009,0.8338,0.8632478632478633,Industrial,unavailable,unavailable,unavailable,Normal,Industrial,0.9999,1982.1,4,Medium,Stable
22.2926,82.79234,310.44,0.41,0.37,2026-03-10,2018,N20,VIIRS,n,2,294.52,1.17,N,0.0,unclassified,47,2,2827.4,8714.3,1.435,1.7,0.3747665940288701,0.8153,0.5,Natural Fire,unavailable,unavailable,unavailable,Normal,Natural Fire,0.9989,1966.3,1,Low,Escalating
22.36119,82.30296,316.92,0.4,0.37,2026-03-10,2018,N20,VIIRS,n,2,298.45,1.59,N,2.0,industrial_direct,2,96,0.0,25303.0,3.5459414225941424,26.78,3.275989787681158,0.4484,0.7489539748953975,Industrial,unavailable,unavailable,unavailable,Normal,Industrial,0.9996,7324.5,3,Medium,Stable
22.31699,82.56594,317.86,0.41,0.37,2026-03-10,2018,N20,VIIRS,n,2,297.21,1.71,N,2.0,industrial_direct,1,98,0.0,8463.3,2.508492063492064,11.71,1.680059238942467,0.6817,0.9232804232804231,Industrial,unavailable,unavailable,unavailable,Normal,Industrial,0.9999,561.2,5,High,Stable
22.35785,82.30231,323.78,0.4,0.37,2026-03-10,2018,N20,VIIRS,n,2,298.76,1.59,N,2.0,industrial_direct,2,96,0.0,25422.0,3.5459414225941424,26.78,3.275989787681158,0.4484,0.7489539748953975,Industrial,unavailable,unavailable,unavailable,Normal,Industrial,0.9996,7492.6,3,Medium,Stable
22.3572,82.30616,309.49,0.4,0.37,2026-03-10,2018,N20,VIIRS,n,2,297.86,1.59,N,2.0,industrial_direct,2,96,0.0,25041.1,3.5459414225941424,26.78,3.275989787681158,0.4484,0.7489539748953975,Industrial,unavailable,unavailable,unavailable,Normal,Industrial,0.9996,7121.7,3,Medium,Stable
22.35386,82.30551,314.05,0.4,0.37,2026-03-10,2018,N20,VIIRS,n,2,295.83,1.44,N,2.0,industrial_direct,2,96,0.0,25166.9,3.5459414225941424,26.78,3.275989787681158,0.4061,0.7489539748953975,Industrial,unavailable,unavailable,unavailable,Normal,Industrial,0.9996,7026.6,3,Medium,Stable
22.31618,82.52961,312.1,0.41,0.37,2026-03-10,2018,N20,VIIRS,n,2,300.24,1.36,N,2.0,industrial_direct,1,98,0.0,8505.5,2.508492063492064,11.71,1.680059238942467,0.5422,0.9232804232804231,Industrial,unavailable,unavailable,unavailable,Normal,Industrial,0.9999,622.5,5,High,Stable
22.31552,82.53349,316.44,0.41,0.37,2026-03-10,2018,N20,VIIRS,n,2,298.85,2.06,N,2.0,industrial_direct,1,98,0.0,8503.6,2.508492063492064,11.71,1.680059238942467,0.8212,0.9232804232804231,Industrial,unavailable,unavailable,unavailable,Normal,Industrial,0.9998,327.9,6,High,Stable
22.41126,82.71461,349.01,0.43,0.38,2026-03-11,730,N20,VIIRS,n,2,315.66,11.53,D,0.0,unclassified,-1,0,1662.2,2112.9,,,,,,Natural Fire,unavailable,unavailable,unavailable,Normal,Natural Fire,0.9969,5649.6,0,Low,Stable
22.47804,83.06599,338.24,0.42,0.38,2026-03-11,730,N20,VIIRS,n,2,311.59,3.77,D,0.0,unclassified,-1,0,33851.0,29275.7,,,,,,Natural Fire,unavailable,unavailable,unavailable,Normal,Natural Fire,0.9979,1004.7,2,Low,Stable
22.45405,83.04974,334.65,0.42,0.38,2026-03-11,730,N20,VIIRS,l,2,309.13,1.66,D,0.0,unclassified,-1,0,31413.9,26181.3,,,,,,Natural Fire,unavailable,unavailable,unavailable,Normal,Natural Fire,0.9977,2240.0,1,Low,Stable
22.44514,83.03896,339.14,0.42,0.38,2026-03-11,730,N20,VIIRS,l,2,309.97,4.65,D,0.0,unclassified,54,1,29979.1,24704.5,4.125,4.65,0.7424621202458749,1.1273,0.0,Natural Fire,unavailable,unavailable,unavailable,Normal,Natural Fire,0.9999,3724.5,0,Low,Stable
22.33637,82.55534,339.32,0.44,0.38,2026-03-11,730,N20,VIIRS,l,2,313.22,3.49,D,0.0,industrial_direct,4,61,0.0,6147.7,2.2546153846153847,13.9,1.6402420650106009,1.5479,0.8632478632478633,Industrial,unavailable,unavailable,unavailable,Normal,Industrial,0.9997,1937.7,4,Medium,Stable
22.44592,83.0383,335.09,0.42,0.38,2026-03-11,730,N20,VIIRS,l,2,309.86,3.6,D,0.0,unclassified,54,1,29956.7,24723.2,4.125,4.65,0.7424621202458749,0.8727,0.0,Natural Fire,unavailable,unavailable,unavailable,Normal,Natural Fire,0.9998,3717.2,0,Low,Stable
22.15755,82.72356,339.68,0.44,0.38,2026-03-11,730,N20,VIIRS,l,2,312.85,4.57,D,0.0,unclassified,-1,0,4890.1,20620.5,,,,,,Natural Fire,unavailable,unavailable,unavailable,Normal,Natural Fire,0.9999,12965.2,0,Low,Stable
22.18233,82.73607,348.17,0.43,0.38,2026-03-11,730,N20,VIIRS,n,2,313.8,3.22,D,0.0,unclassified,-1,0,5847.5,17900.3,,,,,,Natural Fire,unavailable,unavailable,unavailable,Normal,Natural Fire,0.9999,12510.6,0,Low,Stable
22.18509,82.73122,335.87,0.44,0.38,2026-03-11,730,N20,VIIRS,l,2,310.73,3.22,D,0.0,unclassified,-1,0,5436.0,18128.4,,,,,,Natural Fire,unavailable,unavailable,unavailable,Normal,Natural Fire,0.9999,13091.2,0,Low,Stable
22.25635,82.89725,342.68,0.43,0.38,2026-03-11,730,N20,VIIRS,n,2,312.62,2.38,D,0.0,unclassified,-1,0,7795.8,3159.3,,,,,,Natural Fire,unavailable,unavailable,unavailable,Normal,Natural Fire,0.9995,13375.1,0,Low,Stable
22.26807,82.92445,344.32,0.43,0.38,2026-03-11,730,N20,VIIRS,n,2,312.81,4.76,D,0.0,unclassified,-1,0,10839.8,4920.2,,,,,,Natural Fire,unavailable,unavailable,unavailable,Normal,Natural Fire,0.9999,15547.0,0,Low,Stable
22.25767,82.84158,351.11,0.43,0.38,2026-03-11,730,N20,VIIRS,n,2,314.15,6.35,D,0.0,unclassified,51,2,2618.9,4199.5,5.6066666666666665,6.35,1.2874911002928655,1.1326,0.0,Natural Fire,unavailable,unavailable,unavailable,Normal,Natural Fire,0.9998,8343.4,0,Low,Escalating
22.25697,82.83743,344.88,0.43,0.38,2026-03-11,730,N20,VIIRS,l,2,314.98,6.35,D,0.0,unclassified,51,2,2269.3,4602.7,5.6066666666666665,6.35,1.2874911002928655,1.1326,0.0,Natural Fire,unavailable,unavailable,unavailable,Normal,Natural Fire,0.9998,8051.1,0,Low,Escalating
22.28601,82.94642,338.17,0.43,0.38,2026-03-11,730,N20,VIIRS,l,2,311.73,5.19,D,0.0,unclassified,-1,0,13627.8,7062.2,,,,,,Natural Fire,unavailable,unavailable,unavailable,Normal,Natural Fire,0.9943,17344.8,0,Low,Stable
22.27981,82.90948,347.65,0.43,0.38,2026-03-11,730,N20,VIIRS,n,2,315.27,5.19,D,0.0,unclassified,-1,0,9859.0,3216.7,,,,,,Natural Fire,unavailable,unavailable,unavailable,Normal,Natural Fire,0.9998,13723.3,0,Low,Stable
22.24873,82.89442,343.58,0.43,0.38,2026-03-11,730,N20,VIIRS,n,2,313.76,4.36,D,0.0,unclassified,-1,0,7357.8,3708.2,,,,,,Natural Fire,unavailable,unavailable,unavailable,Normal,Natural Fire,0.999,13148.2,0,Low,Stable
22.29018,82.9075,347.24,0.43,0.38,2026-03-11,730,N20,VIIRS,n,2,313.95,10.34,D,0.0,unclassified,-1,0,10233.4,3241.5,,,,,,Natural Fire,unavailable,unavailable,unavailable,Normal,Natural Fire,0.9999,13308.8,0,Low,Stable
22.29708,82.92747,344.44,0.43,0.38,2026-03-11,730,N20,VIIRS,n,2,314.37,6.01,D,0.0,unclassified,-1,0,12392.1,5436.8,,,,,,Natural Fire,unavailable,unavailable,unavailable,Normal,Natural Fire,0.9998,15269.4,0,Low,Stable
22.29434,82.88978,348.69,0.43,0.38,2026-03-11,730,N20,VIIRS,n,2,313.6,6.57,D,0.0,unclassified,55,1,9029.5,2021.3,6.57,6.57,0.0,1.0,0.0,Natural Fire,unavailable,unavailable,unavailable,Normal,Natural Fire,0.9089,11436.4,0,Low,Stable
22.29779,82.8891,346.87,0.43,0.38,2026-03-11,730,N20,VIIRS,n,2,312.98,6.57,D,0.0,unclassified,55,1,9230.8,2305.0,6.57,6.57,0.0,1.0,0.0,Natural Fire,unavailable,unavailable,unavailable,Normal,Natural Fire,0.9999,11323.4,0,Low,Stable
22.20299,82.30601,343.65,0.45,0.39,2026-03-11,730,N20,VIIRS,l,2,316.69,6.3,D,0.0,unclassified,-1,0,6951.6,32406.3,,,,,,Natural Fire,unavailable,unavailable,unavailable,Normal,Natural Fire,0.999,15309.3,0,Low,Stable
22.29228,82.79195,336.96,0.43,0.38,2026-03-11,730,N20,VIIRS,n,2,310.57,1.7,D,0.0,unclassified,47,2,2835.3,8748.0,1.435,1.7,0.3747665940288701,1.1847,0.5,Natural Fire,unavailable,unavailable,unavailable,Normal,Natural Fire,0.9994,1952.8,1,Low,Escalating
22.30806,82.81142,343.18,0.43,0.38,2026-03-11,730,N20,VIIRS,l,2,314.75,7.5,D,0.0,unclassified,56,1,3582.0,7349.6,5.15,7.5,3.323401871576774,1.4563,0.0,Natural Fire,unavailable,unavailable,unavailable,Normal,Natural Fire,0.9994,3265.4,0,Low,Stable
22.30735,82.80728,338.11,0.43,0.38,2026-03-11,730,N20,VIIRS,l,2,312.2,2.8,D,0.0,unclassified,56,1,3180.5,7704.1,5.15,7.5,3.323401871576774,0.5437,0.0,Natural Fire,unavailable,unavailable,unavailable,Normal,Natural Fire,0.999,2838.8,1,Low,Stable
22.33118,82.92604,342.39,0.43,0.38,2026-03-11,730,N20,VIIRS,n,2,311.77,7.97,D,0.0,unclassified,-1,0,14536.4,7545.0,,,,,,Natural Fire,unavailable,unavailable,unavailable,Normal,Natural Fire,0.9881,15297.1,0,Low,Stable
22.33435,82.79767,339.72,0.43,0.38,2026-03-11,730,N20,VIIRS,n,2,314.29,2.35,D,0.0,unclassified,13,3,2266.3,10090.8,11.202857142857145,18.93,8.425690306607354,0.2098,0.0,Natural Fire,unavailable,unavailable,unavailable,Normal,Natural Fire,0.999,3453.6,0,Low,Escalating
22.28258,82.90474,339.18,0.43,0.38,2026-03-11,730,N20,VIIRS,l,2,313.15,3.45,D,0.0,unclassified,34,2,9563.6,2751.2,2.563333333333333,3.45,0.8480762544331337,1.3459,0.0,Natural Fire,unavailable,unavailable,unavailable,Normal,Natural Fire,0.9997,13179.5,0,Low,Escalating
22.33345,82.57492,313.85,0.44,0.39,2026-03-11,1959,N20,VIIRS,n,2,296.44,2.13,N,2.0,industrial_direct,3,71,0.0,7020.7,2.7918248175182483,11.59,1.9379155034462177,0.7629,0.8394160583941606,Industrial,unavailable,unavailable,unavailable,Normal,Industrial,0.9999,1691.6,4,Medium,Stable
22.58523,82.94479,309.5,0.43,0.38,2026-03-11,1959,N20,VIIRS,n,2,294.66,1.09,N,0.0,unclassified,-1,0,28645.9,29186.2,,,,,,Natural Fire,unavailable,unavailable,unavailable,Normal,Natural Fire,0.9974,10461.7,0,Low,Stable
22.59395,82.8568,306.73,0.43,0.38,2026-03-11,1959,N20,VIIRS,n,2,294.32,2.2,N,0.0,unclassified,-1,0,23964.8,23225.7,,,,,,Natural Fire,unavailable,unavailable,unavailable,Normal,Natural Fire,0.9966,2183.7,1,Low,Stable
22.50921,82.94322,307.05,0.43,0.38,2026-03-11,1959,N20,VIIRS,n,2,296.17,1.21,N,0.0,unclassified,-1,0,23352.2,25049.8,,,,,,Natural Fire,unavailable,unavailable,unavailable,Normal,Natural Fire,0.9994,9130.5,0,Low,Stable
22.3328,82.60548,319.21,0.44,0.39,2026-03-11,1959,N20,VIIRS,n,2,297.49,2.97,N,2.0,industrial_direct,5,73,0.0,8827.0,2.765913043478261,15.28,2.376793836187871,1.0738,0.8260869565217391,Industrial,unavailable,unavailable,unavailable,Normal,Industrial,0.9988,543.8,5,High,Stable
22.32331,82.67352,305.92,0.44,0.38,2026-03-11,1959,N20,VIIRS,n,2,295.47,1.04,N,0.0,industrial_direct,28,16,0.0,12574.5,1.61,4.87,1.2244374458597422,0.646,1.0,Industrial,unavailable,unavailable,unavailable,Normal,Industrial,0.9988,2986.5,4,Medium,Stable
22.33641,82.55363,327.02,0.44,0.39,2026-03-11,1959,N20,VIIRS,n,2,296.09,3.5,N,0.0,industrial_direct,4,61,0.0,6120.5,2.2546153846153847,13.9,1.6402420650106009,1.5524,0.8632478632478633,Industrial,unavailable,unavailable,unavailable,Normal,Industrial,0.9997,1873.2,4,Medium,Stable
22.35987,82.30434,320.57,0.46,0.39,2026-03-11,1959,N20,VIIRS,n,2,298.62,1.67,N,2.0,industrial_direct,2,96,0.0,25182.6,3.5459414225941424,26.78,3.275989787681158,0.471,0.7489539748953975,Industrial,unavailable,unavailable,unavailable,Normal,Industrial,0.9996,7227.3,3,Medium,Stable
22.31644,82.51522,310.72,0.45,0.39,2026-03-11,1959,N20,VIIRS,n,2,297.1,2.43,N,2.0,industrial_direct,1,98,0.0,8905.2,2.508492063492064,11.71,1.680059238942467,0.9687,0.9232804232804231,Industrial,unavailable,unavailable,unavailable,Normal,Industrial,0.9996,315.1,6,High,Stable
22.3563,82.30374,312.96,0.46,0.39,2026-03-11,1959,N20,VIIRS,n,2,297.89,1.67,N,2.0,industrial_direct,2,96,0.0,25302.8,3.5459414225941424,26.78,3.275989787681158,0.471,0.7489539748953975,Industrial,unavailable,unavailable,unavailable,Normal,Industrial,0.9996,7303.4,3,Medium,Stable
22.31992,82.56848,311.79,0.44,0.39,2026-03-11,1959,N20,VIIRS,n,2,298.29,2.17,N,0.0,industrial_direct,1,98,0.0,8214.8,2.508492063492064,11.71,1.680059238942467,0.8651,0.9232804232804231,Industrial,unavailable,unavailable,unavailable,Normal,Industrial,0.9997,714.3,5,High,Stable
22.12998,82.76159,308.29,0.43,0.38,2026-03-11,1959,N20,VIIRS,n,2,296.46,2.29,N,0.0,unclassified,-1,0,6822.2,20217.2,,,,,,Natural Fire,unavailable,unavailable,unavailable,Normal,Natural Fire,0.9998,8875.9,0,Low,Stable
22.26475,82.93823,301.18,0.43,0.38,2026-03-11,1959,N20,VIIRS,n,2,290.53,0.4,N,0.0,unclassified,-1,0,12121.0,6387.4,,,,,,Natural Fire,unavailable,unavailable,unavailable,Normal,Natural Fire,0.9991,16815.7,0,Low,Stable
22.3176,82.533,314.04,0.45,0.39,2026-03-11,1959,N20,VIIRS,n,2,300.71,2.5,N,2.0,industrial_direct,1,98,0.0,8284.9,2.508492063492064,11.71,1.680059238942467,0.9966,0.9232804232804231,Industrial,unavailable,unavailable,unavailable,Normal,Industrial,0.9996,563.5,5,High,Stable
22.16661,82.99065,311.25,0.43,0.38,2026-03-11,1959,N20,VIIRS,n,2,295.98,2.04,N,0.0,unclassified,-1,0,19031.8,16989.0,,,,,,Natural Fire,unavailable,unavailable,unavailable,Normal,Natural Fire,0.9965,14095.5,0,Low,Stable
22.15445,83.02645,309.48,0.43,0.38,2026-03-11,1959,N20,VIIRS,n,2,295.8,1.72,N,0.0,unclassified,-1,0,22951.0,20573.9,,,,,,Natural Fire,unavailable,unavailable,unavailable,Normal,Natural Fire,0.9996,16871.0,0,Low,Stable
22.17245,82.87411,310.88,0.43,0.38,2026-03-11,1959,N20,VIIRS,n,2,296.92,2.56,N,0.0,unclassified,-1,0,9039.2,11714.8,,,,,,Natural Fire,unavailable,unavailable,unavailable,Normal,Natural Fire,0.9997,4644.1,0,Low,Stable
22.14877,82.83995,345.66,0.43,0.38,2026-03-11,1959,N20,VIIRS,n,2,302.96,6.93,N,0.0,unclassified,-1,0,10130.4,14819.9,,,,,,Natural Fire,unavailable,unavailable,unavailable,Normal,Natural Fire,0.9999,1448.0,2,Low,Stable
22.32167,82.58188,310.19,0.44,0.39,2026-03-11,1959,N20,VIIRS,n,2,296.8,2.34,N,0.0,industrial_nearby,11,23,14.8,8504.3,1.7126666666666666,4.45,0.9003713154844096,1.3663,1.0,Industrial,unavailable,unavailable,unavailable,Normal,Industrial,0.9971,546.5,5,High,Stable
22.31639,82.56791,317.17,0.44,0.39,2026-03-11,1959,N20,VIIRS,n,2,295.21,1.7,N,0.0,industrial_nearby,1,98,50.3,8577.2,2.508492063492064,11.71,1.680059238942467,0.6777,0.9232804232804231,Industrial,unavailable,unavailable,unavailable,Normal,Industrial,0.9999,375.0,6,High,Stable
22.11606,82.87827,343.81,0.51,0.5,2026-03-12,711,N20,VIIRS,n,2,310.58,11.79,D,0.0,unclassified,-1,0,14741.9,17958.0,,,,,,Natural Fire,unavailable,unavailable,unavailable,Normal,Natural Fire,0.9748,1584.1,1,Low,Stable
22.12373,82.88498,334.28,0.51,0.5,2026-03-12,711,N20,VIIRS,l,2,308.92,4.7,D,0.0,unclassified,-1,0,14257.2,17130.4,,,,,,Natural Fire,unavailable,unavailable,unavailable,Normal,Natural Fire,0.9986,2676.4,1,Low,Stable
22.15725,82.79551,343.61,0.52,0.5,2026-03-12,711,N20,VIIRS,n,2,313.5,5.98,D,0.0,unclassified,-1,0,9470.9,15763.6,,,,,,Natural Fire,unavailable,unavailable,unavailable,Normal,Natural Fire,0.9994,5782.3,0,Low,Stable
22.15511,82.73817,338.79,0.52,0.5,2026-03-12,711,N20,VIIRS,n,2,312.46,3.31,D,0.0,unclassified,-1,0,5727.7,19686.2,,,,,,Natural Fire,unavailable,unavailable,unavailable,Normal,Natural Fire,0.9999,11434.2,0,Low,Stable
22.21795,82.93452,342.44,0.51,0.49,2026-03-12,711,N20,VIIRS,n,2,310.3,3.86,D,0.0,unclassified,-1,0,11696.4,8888.0,,,,,,Natural Fire,unavailable,unavailable,unavailable,Normal,Natural Fire,0.9997,12537.9,0,Low,Stable
22.21278,82.88508,343.35,0.51,0.49,2026-03-12,711,N20,VIIRS,n,2,312.56,6.43,D,0.0,unclassified,-1,0,7003.5,7301.0,,,,,,Natural Fire,unavailable,unavailable,unavailable,Normal,Natural Fire,0.9994,9103.5,0,Low,Stable
22.18803,82.68983,347.66,0.53,0.5,2026-03-12,711,N20,VIIRS,n,2,312.43,4.64,D,0.0,unclassified,-1,0,5665.0,21616.4,,,,,,Natural Fire,unavailable,unavailable,unavailable,Normal,Natural Fire,0.9999,14604.1,0,Low,Stable
22.24118,82.93408,336.12,0.51,0.49,2026-03-12,711,N20,VIIRS,l,2,309.48,3.97,D,0.0,unclassified,60,1,11387.0,7112.9,4.13,4.29,0.2262741699796952,0.9613,0.0,Natural Fire,unavailable,unavailable,unavailable,Normal,Natural Fire,0.9997,14441.8,0,Low,Escalating
22.2044,82.70068,340.33,0.53,0.5,2026-03-12,711,N20,VIIRS,l,2,312.84,3.69,D,0.0,unclassified,-1,0,3572.6,19814.2,,,,,,Natural Fire,unavailable,unavailable,unavailable,Normal,Natural Fire,0.9999,13152.6,0,Low,Stable
22.15948,82.98009,335.82,0.51,0.49,2026-03-12,711,N20,VIIRS,l,2,308.96,2.68,D,0.0,unclassified,-1,0,18413.9,16872.6,,,,,,Natural Fire,unavailable,unavailable,unavailable,Normal,Natural Fire,0.9983,12756.8,0,Low,Stable
22.56993,83.07917,341.68,0.49,0.49,2026-03-12,712,N20,VIIRS,n,2,308.22,2.83,D,0.0,unclassified,-1,0,38842.7,38235.5,,,,,,Natural Fire,unavailable,unavailable,unavailable,Normal,Natural Fire,0.9988,6391.1,0,Low,Stable
22.55931,83.0719,334.91,0.49,0.49,2026-03-12,712,N20,VIIRS,l,2,309.32,2.56,D,0.0,unclassified,48,2,37632.0,36841.6,2.835,3.11,0.388908729652601,0.903,0.0,Natural Fire,unavailable,unavailable,unavailable,Normal,Natural Fire,0.9982,5045.0,0,Low,Stable
22.43551,82.55014,337.53,0.53,0.5,2026-03-12,712,N20,VIIRS,l,2,310.3,4.35,D,0.0,unclassified,-1,0,3026.7,4400.4,,,,,,Natural Fire,unavailable,unavailable,unavailable,Normal,Natural Fire,0.999,6444.7,0,Low,Stable
22.44554,82.71534,345.42,0.52,0.5,2026-03-12,712,N20,VIIRS,l,2,317.29,9.93,D,0.0,unclassified,-1,0,4068.8,1626.0,,,,,,Agricultural Burning,unavailable,unavailable,unavailable,Normal,Agricultural Burning,0.9951,9388.6,1,Low,Stable
22.51091,83.08263,333.35,0.49,0.49,2026-03-12,712,N20,VIIRS,l,2,308.17,5.84,D,0.0,unclassified,57,1,36534.2,33158.0,4.295,5.84,2.184959953866432,1.3597,0.0,Natural Fire,unavailable,unavailable,unavailable,Normal,Natural Fire,0.9997,4870.4,0,Low,Stable
22.47894,83.07832,335.41,0.49,0.49,2026-03-12,712,N20,VIIRS,l,2,309.64,5.07,D,0.0,unclassified,-1,0,35106.7,30202.8,,,,,,Natural Fire,unavailable,unavailable,unavailable,Normal,Natural Fire,0.9997,1487.2,2,Low,Stable
22.48499,83.00034,334.51,0.5,0.49,2026-03-12,712,N20,VIIRS,l,2,309.05,2.12,D,0.0,unclassified,-1,0,27592.4,25991.3,,,,,,Natural Fire,unavailable,unavailable,unavailable,Normal,Natural Fire,0.9995,5920.6,0,Low,Stable
22.34496,82.3671,339.39,0.55,0.51,2026-03-12,712,N20,VIIRS,n,2,310.43,4.42,D,0.0,unclassified,-1,0,5848.4,19188.8,,,,,,Natural Fire,unavailable,unavailable,unavailable,Normal,Natural Fire,0.9999,1794.5,1,Low,Stable
22.48589,83.06692,336.65,0.49,0.49,2026-03-12,712,N20,VIIRS,l,2,310.15,4.17,D,0.0,unclassified,43,2,34166.2,29995.4,4.390000000000001,4.61,0.3111269837220815,0.9499,0.0,Natural Fire,unavailable,unavailable,unavailable,Normal,Natural Fire,0.9999,1858.5,1,Low,Stable
22.47292,83.09442,335.48,0.49,0.49,2026-03-12,712,N20,VIIRS,n,2,309.7,2.83,D,0.0,unclassified,-1,0,36461.3,30893.0,,,,,,Natural Fire,unavailable,unavailable,unavailable,Normal,Natural Fire,0.9929,2678.0,1,Low,Stable
22.40241,82.85667,339.78,0.51,0.49,2026-03-12,712,N20,VIIRS,n,2,309.69,7.17,D,0.0,unclassified,-1,0,11224.2,13775.1,,,,,,Natural Fire,unavailable,unavailable,unavailable,Normal,Natural Fire,0.9998,13121.3,0,Low,Stable
22.57852,83.05293,339.29,0.49,0.49,2026-03-12,712,N20,VIIRS,l,2,310.54,5.67,D,0.0,unclassified,-1,0,36980.4,37675.6,,,,,,Natural Fire,unavailable,unavailable,unavailable,Normal,Natural Fire,0.9994,5623.2,0,Low,Stable
22.51185,83.08726,339.16,0.49,0.49,2026-03-12,712,N20,VIIRS,n,2,308.0,2.75,D,0.0,unclassified,57,1,37018.6,33542.5,4.295,5.84,2.184959953866432,0.6403,0.0,Natural Fire,unavailable,unavailable,unavailable,Normal,Natural Fire,0.9997,5127.2,0,Low,Stable
22.43972,83.04308,334.77,0.5,0.49,2026-03-12,712,N20,VIIRS,l,2,309.61,2.67,D,0.0,unclassified,-1,0,30101.6,24554.4,,,,,,Natural Fire,unavailable,unavailable,unavailable,Normal,Natural Fire,0.9991,3884.1,0,Low,Stable
22.44344,83.06177,340.82,0.49,0.49,2026-03-12,712,N20,VIIRS,n,2,309.16,2.98,D,0.0,unclassified,59,1,32023.0,26207.2,6.220000000000001,9.46,4.582051942088828,0.4791,0.0,Natural Fire,unavailable,unavailable,unavailable,Normal,Natural Fire,0.9995,2711.7,1,Low,Escalating
22.39696,82.85281,340.76,0.51,0.49,2026-03-12,712,N20,VIIRS,n,2,310.37,3.93,D,0.0,unclassified,-1,0,10814.7,13245.5,,,,,,Natural Fire,unavailable,unavailable,unavailable,Normal,Natural Fire,0.9999,12400.4,0,Low,Stable
22.38115,82.77425,342.66,0.52,0.5,2026-03-12,712,N20,VIIRS,n,2,311.43,4.67,D,0.0,unclassified,-1,0,2965.7,8208.0,,,,,,Natural Fire,unavailable,unavailable,unavailable,Normal,Natural Fire,0.9995,5449.2,0,Low,Stable
22.24351,82.93575,343.55,0.51,0.49,2026-03-12,712,N20,VIIRS,n,2,313.54,4.29,D,0.0,unclassified,60,1,11564.2,7109.9,4.13,4.29,0.2262741699796952,1.0387,0.0,Natural Fire,unavailable,unavailable,unavailable,Normal,Natural Fire,0.9991,14751.2,0,Low,Escalating
22.27418,82.94899,344.32,0.51,0.49,2026-03-12,712,N20,VIIRS,n,2,310.51,5.6,D,0.0,unclassified,-1,0,13457.5,7310.9,,,,,,Natural Fire,unavailable,unavailable,unavailable,Normal,Natural Fire,0.9973,17834.0,0,Low,Stable
22.26597,82.88551,338.85,0.51,0.49,2026-03-12,712,N20,VIIRS,l,2,311.9,5.31,D,0.0,unclassified,-1,0,6975.7,1591.6,,,,,,Agricultural Burning,unavailable,unavailable,unavailable,Normal,Agricultural Burning,0.9994,11838.3,1,Low,Stable
22.16654,82.35239,343.16,0.55,0.51,2026-03-12,712,N20,VIIRS,n,2,313.18,6.6,D,0.0,unclassified,-1,0,6020.2,31947.3,,,,,,Natural Fire,unavailable,unavailable,unavailable,Normal,Natural Fire,0.9986,17997.4,0,Low,Stable
22.31108,83.03986,339.53,0.5,0.49,2026-03-12,712,N20,VIIRS,n,2,312.85,4.1,D,0.0,unclassified,-1,0,23626.1,17019.6,,,,,,Natural Fire,unavailable,unavailable,unavailable,Normal,Natural Fire,0.9974,17541.7,0,Low,Stable
22.43435,83.03933,338.72,0.5,0.49,2026-03-12,712,N20,VIIRS,l,2,310.18,3.43,D,0.0,unclassified,-1,0,29503.0,23858.3,,,,,,Natural Fire,unavailable,unavailable,unavailable,Normal,Natural Fire,0.9866,4591.7,0,Low,Stable
22.16546,82.34715,343.78,0.55,0.51,2026-03-12,712,N20,VIIRS,n,2,314.51,9.54,D,0.0,unclassified,-1,0,5491.2,32380.9,,,,,,Natural Fire,unavailable,unavailable,unavailable,Normal,Natural Fire,0.9986,18174.3,0,Low,Stable
22.36724,82.89062,341.61,0.51,0.49,2026-03-12,712,N20,VIIRS,n,2,309.23,3.64,D,0.0,unclassified,-1,0,12496.8,9785.9,,,,,,Natural Fire,unavailable,unavailable,unavailable,Normal,Natural Fire,0.9952,13185.1,0,Low,Stable
22.36825,82.89558,336.13,0.51,0.49,2026-03-12,712,N20,VIIRS,l,2,309.1,3.64,D,0.0,unclassified,-1,0,13012.5,9976.0,,,,,,Natural Fire,unavailable,unavailable,unavailable,Normal,Natural Fire,0.9991,13684.9,0,Low,Stable
22.37984,82.95259,343.4,0.5,0.49,2026-03-12,712,N20,VIIRS,n,2,311.88,5.39,D,0.0,unclassified,-1,0,18968.5,13488.8,,,,,,Natural Fire,unavailable,unavailable,unavailable,Normal,Natural Fire,0.9589,15181.5,0,Low,Stable
22.3639,82.89711,335.98,0.51,0.49,2026-03-12,712,N20,VIIRS,l,2,306.58,3.64,D,0.0,unclassified,-1,0,12990.9,9533.6,,,,,,Natural Fire,unavailable,unavailable,unavailable,Normal,Natural Fire,0.9991,13597.1,0,Low,Stable
22.43904,83.0628,367.0,0.49,0.49,2026-03-12,712,N20,VIIRS,h,2,312.53,9.46,D,0.0,unclassified,59,1,31924.0,25950.1,6.220000000000001,9.46,4.582051942088828,1.5209,0.0,Natural Fire,unavailable,unavailable,unavailable,Normal,Natural Fire,0.9975,3174.9,0,Low,Escalating
22.32568,82.75607,337.56,0.52,0.5,2026-03-12,712,N20,VIIRS,l,2,311.74,5.33,D,0.0,industrial_nearby,-1,0,455.4,12357.3,,,,,,Unknown,unavailable,unavailable,unavailable,Normal,Unknown,0.9998,2548.3,4,Medium,Stable
22.33025,82.80888,342.6,0.51,0.5,2026-03-12,712,N20,VIIRS,l,2,314.61,4.66,D,0.0,unclassified,-1,0,3216.3,8902.6,,,,,,Natural Fire,unavailable,unavailable,unavailable,Normal,Natural Fire,0.9996,3894.1,0,Low,Stable
22.30716,82.88108,342.9,0.51,0.49,2026-03-12,712,N20,VIIRS,n,2,312.66,5.92,D,0.0,unclassified,-1,0,9419.5,3062.8,,,,,,Natural Fire,unavailable,unavailable,unavailable,Normal,Natural Fire,0.9996,10443.3,0,Low,Stable
22.19581,82.40066,352.58,0.55,0.51,2026-03-12,712,N20,VIIRS,n,2,311.97,11.98,D,0.0,unclassified,-1,0,11951.2,26367.8,,,,,,Natural Fire,unavailable,unavailable,unavailable,Normal,Natural Fire,0.9996,15045.2,0,Low,Stable
22.21519,82.47211,336.3,0.54,0.51,2026-03-12,712,N20,VIIRS,n,2,309.65,3.1,D,0.0,unclassified,-1,0,9754.3,20964.1,,,,,,Natural Fire,unavailable,unavailable,unavailable,Normal,Natural Fire,0.9999,9799.5,0,Low,Stable
22.3513,82.85826,338.53,0.51,0.49,2026-03-12,712,N20,VIIRS,n,2,310.38,3.03,D,0.0,unclassified,-1,0,8752.8,8177.2,,,,,,Natural Fire,unavailable,unavailable,unavailable,Normal,Natural Fire,0.9995,9416.2,0,Low,Stable
22.59186,82.86497,306.94,0.53,0.5,2026-03-12,1940,N20,VIIRS,n,2,296.72,2.32,N,0.0,unclassified,-1,0,24171.1,23587.7,,,,,,Natural Fire,unavailable,unavailable,unavailable,Normal,Natural Fire,0.9855,3054.7,0,Low,Stable
22.16528,82.85336,307.88,0.52,0.5,2026-03-12,1940,N20,VIIRS,n,2,296.45,2.64,N,0.0,unclassified,-1,0,8726.3,12730.5,,,,,,Natural Fire,unavailable,unavailable,unavailable,Normal,Natural Fire,0.9997,3065.2,0,Low,Stable
22.52442,82.6713,315.89,0.54,0.51,2026-03-12,1940,N20,VIIRS,n,2,296.76,3.67,N,0.0,unclassified,-1,0,5981.5,11279.6,,,,,,Natural Fire,unavailable,unavailable,unavailable,Normal,Natural Fire,0.9953,14055.3,0,Low,Stable
22.3601,82.90118,307.28,0.52,0.5,2026-03-12,1940,N20,VIIRS,n,2,296.74,3.34,N,0.0,unclassified,-1,0,13256.9,9221.0,,,,,,Natural Fire,unavailable,unavailable,unavailable,Normal,Natural Fire,0.9982,13790.7,0,Low,Stable
22.33758,82.55314,313.67,0.55,0.51,2026-03-12,1940,N20,VIIRS,n,2,294.48,2.67,N,0.0,industrial_direct,4,61,0.0,5986.1,2.2546153846153847,13.9,1.6402420650106009,1.1842,0.8632478632478633,Industrial,unavailable,unavailable,unavailable,Normal,Industrial,0.9997,1971.9,4,Medium,Stable
22.33532,82.57396,308.56,0.54,0.51,2026-03-12,1940,N20,VIIRS,n,2,295.77,2.08,N,2.0,industrial_direct,3,71,0.0,6791.4,2.7918248175182483,11.59,1.9379155034462177,0.745,0.8394160583941606,Industrial,unavailable,unavailable,unavailable,Normal,Industrial,0.9999,1907.5,4,Medium,Stable
22.35965,82.30329,308.67,0.57,0.52,2026-03-12,1940,N20,VIIRS,n,2,294.52,2.31,N,2.0,industrial_direct,2,96,0.0,25293.1,3.5459414225941424,26.78,3.275989787681158,0.6514,0.7489539748953975,Industrial,unavailable,unavailable,unavailable,Normal,Industrial,0.9994,7337.9,3,Medium,Stable
22.35489,82.30263,304.2,0.57,0.52,2026-03-12,1940,N20,VIIRS,n,2,293.97,1.82,N,2.0,industrial_direct,2,96,0.0,25440.6,3.5459414225941424,26.78,3.275989787681158,0.5133,0.7489539748953975,Industrial,unavailable,unavailable,unavailable,Normal,Industrial,0.9996,7344.1,3,Medium,Stable
22.32012,82.58301,305.87,0.54,0.51,2026-03-12,1940,N20,VIIRS,n,2,294.96,2.21,N,0.0,industrial_direct,11,23,0.0,8708.9,1.7126666666666666,4.45,0.9003713154844096,1.2904,1.0,Industrial,unavailable,unavailable,unavailable,Normal,Industrial,0.9981,429.1,6,High,Stable
22.18471,82.84572,305.16,0.52,0.5,2026-03-12,1940,N20,VIIRS,n,2,295.02,2.48,N,0.0,unclassified,-1,0,6435.2,10827.9,,,,,,Natural Fire,unavailable,unavailable,unavailable,Normal,Natural Fire,0.9984,5174.1,0,Low,Stable
22.17866,82.68596,328.16,0.53,0.5,2026-03-12,1940,N20,VIIRS,n,2,297.35,3.13,N,0.0,unclassified,58,1,6356.2,22463.3,3.5375,4.69,0.7690416113579294,0.8848,1.0,Natural Fire,unavailable,unavailable,unavailable,Normal,Natural Fire,0.9989,15253.8,0,Low,Stable
22.17811,82.69106,308.16,0.53,0.5,2026-03-12,1940,N20,VIIRS,n,2,296.21,3.13,N,0.0,unclassified,58,1,6238.3,22037.8,3.5375,4.69,0.7690416113579294,0.8848,1.0,Natural Fire,unavailable,unavailable,unavailable,Normal,Natural Fire,0.9998,15586.0,0,Low,Stable
22.17928,82.68923,324.95,0.53,0.5,2026-03-12,1940,N20,VIIRS,n,2,297.14,4.69,N,0.0,unclassified,58,1,6383.0,22136.3,3.5375,4.69,0.7690416113579294,1.3258,1.0,Natural Fire,unavailable,unavailable,unavailable,Normal,Natural Fire,0.9988,15374.7,0,Low,Stable
22.1799,82.68378,309.33,0.53,0.5,2026-03-12,1940,N20,VIIRS,n,2,295.81,3.2,N,0.0,unclassified,58,1,6528.8,22592.5,3.5375,4.69,0.7690416113579294,0.9046,1.0,Natural Fire,unavailable,unavailable,unavailable,Normal,Natural Fire,0.9992,15019.7,0,Low,Stable
22.5405,82.7831,304.95,0.53,0.5,2026-03-12,1940,N20,VIIRS,n,2,294.94,1.68,N,0.0,unclassified,-1,0,15668.9,14026.3,,,,,,Natural Fire,unavailable,unavailable,unavailable,Normal,Natural Fire,0.9995,8197.9,0,Low,Stable
22.33186,82.60581,320.99,0.54,0.51,2026-03-12,1940,N20,VIIRS,n,2,296.38,3.52,N,2.0,industrial_direct,5,73,0.0,8926.8,2.765913043478261,15.28,2.376793836187871,1.2726,0.8260869565217391,Industrial,unavailable,unavailable,unavailable,Normal,Industrial,0.9988,449.6,6,High,Stable
22.31469,82.80571,340.71,0.51,0.66,2026-03-13,653,N20,VIIRS,n,2,308.08,4.34,D,0.0,unclassified,-1,0,2910.2,8208.2,,,,,,Natural Fire,unavailable,unavailable,unavailable,Normal,Natural Fire,0.9995,2786.0,1,Low,Stable
22.2294,82.94302,335.92,0.51,0.66,2026-03-13,653,N20,VIIRS,n,2,305.09,2.97,D,0.0,unclassified,-1,0,12367.2,8637.0,,,,,,Natural Fire,unavailable,unavailable,unavailable,Normal,Natural Fire,0.9997,14056.6,0,Low,Stable
22.19992,82.73377,335.51,0.52,0.67,2026-03-13,653,N20,VIIRS,l,2,309.38,2.76,D,0.0,unclassified,-1,0,3916.2,17017.2,,,,,,Natural Fire,unavailable,unavailable,unavailable,Normal,Natural Fire,0.9998,12094.3,0,Low,Stable
22.24705,82.88303,344.62,0.51,0.66,2026-03-13,653,N20,VIIRS,n,2,308.45,6.85,D,0.0,unclassified,67,1,6169.6,3515.0,5.816666666666666,6.85,1.077419757259599,1.1777,0.0,Natural Fire,unavailable,unavailable,unavailable,Normal,Natural Fire,0.9999,12573.2,0,Low,Stable
22.24983,82.88577,334.57,0.51,0.66,2026-03-13,653,N20,VIIRS,n,2,306.98,4.7,D,0.0,unclassified,67,1,6493.1,3272.3,5.816666666666666,6.85,1.077419757259599,0.808,0.0,Natural Fire,unavailable,unavailable,unavailable,Normal,Natural Fire,0.9992,12656.9,0,Low,Stable
22.2487,82.88102,340.33,0.51,0.66,2026-03-13,653,N20,VIIRS,n,2,307.67,5.9,D,0.0,unclassified,67,1,5989.7,3302.6,5.816666666666666,6.85,1.077419757259599,1.0143,0.0,Natural Fire,unavailable,unavailable,unavailable,Normal,Natural Fire,0.9998,12300.8,0,Low,Stable
22.27368,82.96003,330.44,0.5,0.66,2026-03-13,653,N20,VIIRS,l,2,305.21,2.81,D,0.0,unclassified,-1,0,14539.6,8449.8,,,,,,Natural Fire,unavailable,unavailable,unavailable,Normal,Natural Fire,0.9978,18925.6,0,Low,Stable
22.29136,82.73891,335.52,0.52,0.67,2026-03-13,653,N20,VIIRS,l,2,309.0,4.04,D,0.0,unclassified,68,1,2080.8,14157.9,4.5,4.96,0.6505382386916236,0.8978,0.0,Natural Fire,unavailable,unavailable,unavailable,Normal,Natural Fire,0.9965,3372.3,0,Low,Escalating
22.31934,82.8047,338.64,0.52,0.66,2026-03-13,653,N20,VIIRS,n,2,307.85,5.53,D,0.0,unclassified,-1,0,2764.3,8555.2,,,,,,Natural Fire,unavailable,unavailable,unavailable,Normal,Natural Fire,0.9982,2875.1,1,Low,Stable
22.25332,82.5211,336.4,0.54,0.68,2026-03-13,653,N20,VIIRS,l,2,310.05,5.64,D,0.0,unclassified,-1,0,3950.8,15507.1,,,,,,Natural Fire,unavailable,unavailable,unavailable,Normal,Natural Fire,0.9991,5148.4,0,Low,Stable
22.25213,82.51601,354.77,0.54,0.68,2026-03-13,653,N20,VIIRS,n,2,310.29,5.64,D,0.0,unclassified,69,1,4163.6,15734.1,8.855,12.07,4.546696603029501,0.6369,0.0,Natural Fire,unavailable,unavailable,unavailable,Normal,Natural Fire,0.9997,5320.0,0,Low,Escalating
22.17937,82.53568,332.97,0.54,0.68,2026-03-13,653,N20,VIIRS,l,2,306.47,2.67,D,0.0,unclassified,-1,0,12172.3,23495.7,,,,,,Natural Fire,unavailable,unavailable,unavailable,Normal,Natural Fire,0.9998,12649.4,0,Low,Stable
22.33718,82.79976,354.07,0.52,0.66,2026-03-13,653,N20,VIIRS,n,2,313.62,18.35,D,0.0,unclassified,13,3,2609.0,10115.8,11.202857142857145,18.93,8.425690306607354,1.638,0.0,Natural Fire,unavailable,unavailable,unavailable,Normal,Natural Fire,0.9998,3833.7,0,Low,Escalating
22.33832,82.8047,340.18,0.51,0.66,2026-03-13,653,N20,VIIRS,n,2,305.72,18.35,D,0.0,unclassified,70,1,3112.4,9811.2,18.64,18.93,0.4101219330881964,0.9844,0.0,Natural Fire,unavailable,unavailable,unavailable,Normal,Natural Fire,0.9997,4232.1,0,Low,Escalating
22.5712,82.9106,337.7,0.5,0.66,2026-03-13,653,N20,VIIRS,n,2,303.44,3.62,D,0.0,unclassified,-1,0,25092.5,25438.2,,,,,,Natural Fire,unavailable,unavailable,unavailable,Normal,Natural Fire,0.9986,8250.9,0,Low,Stable
22.56637,82.91665,334.88,0.5,0.66,2026-03-13,653,N20,VIIRS,l,2,305.09,3.62,D,0.0,unclassified,71,1,25126.2,25617.1,4.28,4.94,0.933380951166243,0.8458,0.0,Natural Fire,unavailable,unavailable,unavailable,Normal,Natural Fire,0.9999,9034.7,0,Low,Escalating
22.56348,82.9159,330.31,0.5,0.66,2026-03-13,653,N20,VIIRS,l,2,303.97,4.94,D,0.0,unclassified,71,1,24842.9,25368.1,4.28,4.94,0.933380951166243,1.1542,0.0,Natural Fire,unavailable,unavailable,unavailable,Normal,Natural Fire,0.9999,9101.5,0,Low,Escalating
22.33731,82.79426,340.19,0.51,0.66,2026-03-13,653,N20,VIIRS,n,2,309.95,18.13,D,0.0,unclassified,13,3,2157.0,10568.9,11.202857142857145,18.93,8.425690306607354,1.6183,0.0,Natural Fire,unavailable,unavailable,unavailable,Normal,Natural Fire,0.9996,3569.7,0,Low,Escalating
22.33965,82.80411,334.37,0.51,0.66,2026-03-13,653,N20,VIIRS,l,2,305.94,18.93,D,0.0,unclassified,70,1,3134.0,9954.9,18.64,18.93,0.4101219330881964,1.0156,0.0,Natural Fire,unavailable,unavailable,unavailable,Normal,Natural Fire,0.9995,4313.3,0,Low,Escalating
22.2516,82.5162,367.0,0.54,0.68,2026-03-13,653,N20,VIIRS,h,2,310.67,12.07,D,0.0,unclassified,69,1,4216.8,15787.7,8.855,12.07,4.546696603029501,1.3631,0.0,Natural Fire,unavailable,unavailable,unavailable,Normal,Natural Fire,0.9999,5381.6,0,Low,Escalating
22.29221,82.7384,337.04,0.52,0.67,2026-03-13,653,N20,VIIRS,l,2,309.06,4.96,D,0.0,unclassified,68,1,1974.9,14219.4,4.5,4.96,0.6505382386916236,1.1022,0.0,Natural Fire,unavailable,unavailable,unavailable,Normal,Natural Fire,0.9976,3377.6,0,Low,Escalating
22.33604,82.79483,338.56,0.52,0.66,2026-03-13,653,N20,VIIRS,n,2,309.86,16.3,D,0.0,unclassified,13,3,2116.6,10437.0,11.202857142857145,18.93,8.425690306607354,1.455,0.0,Natural Fire,unavailable,unavailable,unavailable,Normal,Natural Fire,0.9988,3469.4,0,Low,Escalating
22.33848,82.79918,354.58,0.51,0.66,2026-03-13,653,N20,VIIRS,n,2,312.87,18.93,D,0.0,unclassified,13,3,2638.3,10253.5,11.202857142857145,18.93,8.425690306607354,1.6897,0.0,Natural Fire,unavailable,unavailable,unavailable,Normal,Natural Fire,0.9998,3923.9,0,Low,Escalating
22.45797,82.63941,331.62,0.6,0.71,2026-03-13,833,N20,VIIRS,l,2,305.67,2.54,D,0.0,unclassified,-1,0,1011.3,8287.5,,,,,,Natural Fire,unavailable,unavailable,unavailable,Normal,Natural Fire,0.9901,6002.0,0,Low,Stable
22.4039,82.99399,331.88,0.64,0.72,2026-03-13,833,N20,VIIRS,n,2,303.93,3.37,D,0.0,unclassified,62,1,23889.5,18214.9,2.915,3.37,0.6434671708797584,1.1561,0.0,Natural Fire,unavailable,unavailable,unavailable,Normal,Natural Fire,0.9995,10227.3,0,Low,Stable
22.28885,82.84294,334.36,0.62,0.71,2026-03-13,833,N20,VIIRS,n,2,304.16,2.58,D,0.0,unclassified,63,1,5643.5,3536.7,2.405,2.58,0.2474873734152918,1.0728,0.0,Natural Fire,unavailable,unavailable,unavailable,Normal,Natural Fire,0.999,6840.2,0,Low,Stable
22.25918,82.52206,337.94,0.59,0.7,2026-03-13,833,N20,VIIRS,l,2,309.22,4.31,D,0.0,unclassified,64,1,3295.6,14850.9,4.645,4.98,0.4737615433949877,0.9279,0.0,Natural Fire,unavailable,unavailable,unavailable,Normal,Natural Fire,0.9994,4497.6,0,Low,Escalating
22.28694,83.00662,332.2,0.64,0.72,2026-03-13,833,N20,VIIRS,n,2,302.46,3.53,D,0.0,unclassified,65,1,19558.2,13254.8,3.35,3.53,0.2545584412271569,1.0537,0.0,Natural Fire,unavailable,unavailable,unavailable,Normal,Natural Fire,0.998,20930.6,0,Low,Stable
22.29075,82.84319,334.72,0.62,0.71,2026-03-13,833,N20,VIIRS,n,2,304.44,2.23,D,0.0,unclassified,63,1,5849.3,3581.4,2.405,2.58,0.2474873734152918,0.9272,0.0,Natural Fire,unavailable,unavailable,unavailable,Normal,Natural Fire,0.9988,6803.6,0,Low,Stable
22.25906,82.52299,337.59,0.59,0.7,2026-03-13,833,N20,VIIRS,l,2,308.81,4.98,D,0.0,unclassified,64,1,3302.1,14847.8,4.645,4.98,0.4737615433949877,1.0721,0.0,Natural Fire,unavailable,unavailable,unavailable,Normal,Natural Fire,0.9995,4483.9,0,Low,Escalating
22.40729,82.99632,330.32,0.64,0.72,2026-03-13,833,N20,VIIRS,n,2,303.3,2.46,D,0.0,unclassified,62,1,24251.6,18655.8,2.915,3.37,0.6434671708797584,0.8439,0.0,Natural Fire,unavailable,unavailable,unavailable,Normal,Natural Fire,0.9991,9794.5,0,Low,Stable
22.28989,83.00665,331.91,0.64,0.72,2026-03-13,833,N20,VIIRS,n,2,302.41,3.17,D,0.0,unclassified,65,1,19649.8,13282.5,3.35,3.53,0.2545584412271569,0.9463,0.0,Natural Fire,unavailable,unavailable,unavailable,Normal,Natural Fire,0.9992,20617.3,0,Low,Stable
22.2323,82.43201,337.61,0.58,0.7,2026-03-13,833,N20,VIIRS,n,2,307.74,4.21,D,0.0,unclassified,-1,0,11321.0,21208.6,,,,,,Natural Fire,unavailable,unavailable,unavailable,Normal,Natural Fire,0.9999,10400.3,0,Low,Stable
22.24095,82.8904,330.71,0.62,0.72,2026-03-13,833,N20,VIIRS,l,2,302.05,4.32,D,0.0,unclassified,-1,0,6883.8,4350.3,,,,,,Natural Fire,unavailable,unavailable,unavailable,Normal,Natural Fire,0.9992,12195.4,0,Low,Stable
22.24048,82.88413,331.82,0.62,0.72,2026-03-13,833,N20,VIIRS,n,2,303.69,4.28,D,0.0,unclassified,-1,0,6237.0,4251.3,,,,,,Natural Fire,unavailable,unavailable,unavailable,Normal,Natural Fire,0.9977,11931.9,0,Low,Stable
22.17538,82.54147,333.01,0.59,0.7,2026-03-13,833,N20,VIIRS,l,2,306.89,4.38,D,0.0,unclassified,-1,0,12679.4,23915.9,,,,,,Natural Fire,unavailable,unavailable,unavailable,Normal,Natural Fire,0.9604,12916.3,0,Low,Stable
22.59255,82.74394,307.92,0.54,0.68,2026-03-13,1921,N20,VIIRS,n,2,295.15,2.36,N,0.0,unclassified,61,1,16591.1,18153.6,2.395,2.43,0.0494974746830585,0.9854,1.0,Natural Fire,unavailable,unavailable,unavailable,Normal,Natural Fire,0.9998,9173.6,0,Low,Escalating
22.59493,82.74055,306.97,0.54,0.68,2026-03-13,1921,N20,VIIRS,n,2,294.47,2.43,N,0.0,unclassified,61,1,16528.5,18360.0,2.395,2.43,0.0494974746830585,1.0146,1.0,Natural Fire,unavailable,unavailable,unavailable,Normal,Natural Fire,0.9998,9507.4,0,Low,Escalating
22.35663,82.30286,304.85,0.58,0.69,2026-03-13,1921,N20,VIIRS,n,2,293.13,2.03,N,2.0,industrial_direct,2,96,0.0,25386.6,3.5459414225941424,26.78,3.275989787681158,0.5725,0.7489539748953975,Industrial,unavailable,unavailable,unavailable,Normal,Industrial,0.9995,7401.0,3,Medium,Stable
22.33237,82.6064,314.66,0.55,0.68,2026-03-13,1921,N20,VIIRS,n,2,294.47,2.12,N,2.0,industrial_direct,5,73,0.0,8926.3,2.765913043478261,15.28,2.376793836187871,0.7665,0.8260869565217391,Industrial,unavailable,unavailable,unavailable,Normal,Industrial,0.9996,444.0,6,High,Stable
22.32713,82.51305,303.28,0.56,0.69,2026-03-13,1921,N20,VIIRS,n,2,293.1,1.28,N,2.0,industrial_nearby,66,7,111.3,7910.7,1.997142857142857,4.37,1.3002911761821438,0.6409,1.0,Industrial,unavailable,unavailable,unavailable,Normal,Unknown,0.5892,1418.0,5,High,Stable
22.32149,82.58369,304.3,0.55,0.68,2026-03-13,1921,N20,VIIRS,n,2,292.93,1.99,N,0.0,industrial_direct,11,23,0.0,8601.6,1.7126666666666666,4.45,0.9003713154844096,1.1619,1.0,Industrial,unavailable,unavailable,unavailable,Normal,Industrial,0.9981,585.0,5,High,Stable
22.33672,82.55257,306.82,0.55,0.68,2026-03-13,1921,N20,VIIRS,n,2,293.78,1.51,N,0.0,industrial_direct,4,61,0.0,6074.8,2.2546153846153847,13.9,1.6402420650106009,0.6697,0.8632478632478633,Industrial,unavailable,unavailable,unavailable,Normal,Industrial,0.9999,1861.6,4,Medium,Stable
22.53868,82.47002,308.12,0.56,0.69,2026-03-13,2101,N20,VIIRS,n,2,295.68,3.63,N,0.0,unclassified,-1,0,10354.6,2754.3,,,,,,Natural Fire,unavailable,unavailable,unavailable,Normal,Natural Fire,0.9994,17558.5,0,Low,Stable
22.5436,82.46902,308.67,0.56,0.69,2026-03-13,2101,N20,VIIRS,n,2,296.0,2.76,N,0.0,unclassified,-1,0,10888.0,2200.7,,,,,,Natural Fire,unavailable,unavailable,unavailable,Normal,Natural Fire,0.9995,17975.0,0,Low,Stable
22.33589,82.55677,304.77,0.58,0.69,2026-03-13,2101,N20,VIIRS,n,2,293.92,1.63,N,0.0,industrial_direct,4,61,0.0,6223.0,2.2546153846153847,13.9,1.6402420650106009,0.723,0.8632478632478633,Industrial,unavailable,unavailable,unavailable,Normal,Industrial,0.9999,1953.4,4,Medium,Stable
22.3164,82.52843,308.44,0.57,0.69,2026-03-13,2101,N20,VIIRS,n,2,296.42,3.09,N,2.0,industrial_direct,1,98,0.0,8507.9,2.508492063492064,11.71,1.680059238942467,1.2318,0.9232804232804231,Industrial,unavailable,unavailable,unavailable,Normal,Industrial,0.9996,734.8,5,High,Stable
22.31507,82.53383,303.78,0.57,0.69,2026-03-13,2101,N20,VIIRS,n,2,293.45,1.49,N,2.0,industrial_direct,1,98,0.0,8547.3,2.508492063492064,11.71,1.680059238942467,0.594,0.9232804232804231,Industrial,unavailable,unavailable,unavailable,Normal,Industrial,0.9999,271.5,6,High,Stable
22.33874,82.55738,304.45,0.58,0.69,2026-03-13,2101,N20,VIIRS,n,2,293.01,1.33,N,0.0,industrial_direct,4,61,0.0,5923.2,2.2546153846153847,13.9,1.6402420650106009,0.5899,0.8632478632478633,Industrial,unavailable,unavailable,unavailable,Normal,Industrial,0.9999,2263.6,4,Medium,Stable
22.31781,82.53434,306.21,0.57,0.69,2026-03-13,2101,N20,VIIRS,n,2,294.16,2.8,N,2.0,industrial_direct,1,98,0.0,8239.4,2.508492063492064,11.71,1.680059238942467,1.1162,0.9232804232804231,Industrial,unavailable,unavailable,unavailable,Normal,Industrial,0.9996,561.2,5,High,Stable
22.36022,82.30289,310.48,0.55,0.68,2026-03-13,2101,N20,VIIRS,n,2,294.47,2.18,N,2.0,industrial_direct,2,96,0.0,25325.0,3.5459414225941424,26.78,3.275989787681158,0.6148,0.7489539748953975,Industrial,unavailable,unavailable,unavailable,Normal,Industrial,0.9995,7360.0,3,Medium,Stable
22.32067,82.40454,344.68,0.57,0.52,2026-03-14,814,N20,VIIRS,n,2,313.54,5.75,D,0.0,unclassified,-1,0,3189.7,16606.9,,,,,,Natural Fire,unavailable,unavailable,unavailable,Normal,Natural Fire,0.9993,3794.4,0,Low,Stable
22.41174,82.54142,343.7,0.59,0.53,2026-03-14,814,N20,VIIRS,n,2,313.02,7.78,D,0.0,unclassified,72,1,1804.3,1963.3,6.215,7.78,2.2132442251138933,1.2518,0.0,Agricultural Burning,unavailable,unavailable,unavailable,Normal,Agricultural Burning,0.9987,6670.2,1,Low,Stable
22.41281,82.53795,341.36,0.59,0.53,2026-03-14,814,N20,VIIRS,l,2,313.6,4.65,D,0.0,unclassified,72,1,2024.7,2241.6,6.215,7.78,2.2132442251138933,0.7482,0.0,Natural Fire,unavailable,unavailable,unavailable,Normal,Natural Fire,0.9984,7034.4,0,Low,Stable
22.35308,82.82244,347.59,0.61,0.54,2026-03-14,814,N20,VIIRS,n,2,308.8,7.08,D,0.0,unclassified,73,1,5528.6,9844.6,6.513333333333333,7.08,0.981495457622364,1.087,0.0,Natural Fire,unavailable,unavailable,unavailable,Normal,Natural Fire,0.9999,6658.8,0,Low,Stable
22.26997,82.61565,340.9,0.59,0.53,2026-03-14,814,N20,VIIRS,l,2,312.8,7.54,D,0.0,unclassified,49,2,5740.7,15178.0,5.225,7.54,3.273904396893715,1.4431,0.0,Natural Fire,unavailable,unavailable,unavailable,Normal,Natural Fire,0.9999,2981.2,1,Low,Escalating
22.30785,82.5673,345.1,0.59,0.53,2026-03-14,814,N20,VIIRS,n,2,315.66,8.73,D,0.0,industrial_nearby,74,1,719.5,9480.7,7.945,8.73,1.1101576464628795,1.0988,0.0,Unknown,unavailable,unavailable,unavailable,Normal,Unknown,0.9994,486.3,6,High,Stable
22.10741,82.91163,345.21,0.62,0.54,2026-03-14,814,N20,VIIRS,l,2,315.99,23.33,D,0.0,unclassified,-1,0,17182.0,19256.4,,,,,,Natural Fire,unavailable,unavailable,unavailable,Normal,Natural Fire,0.9997,4038.5,0,Low,Stable
22.28613,82.86904,334.49,0.61,0.54,2026-03-14,814,N20,VIIRS,l,2,308.94,2.52,D,0.0,unclassified,-1,0,6850.4,1022.9,,,,,,Agricultural Burning,unavailable,unavailable,unavailable,Normal,Agricultural Burning,0.9992,9508.5,1,Low,Stable
22.35368,82.82845,341.63,0.61,0.54,2026-03-14,814,N20,VIIRS,n,2,309.33,7.08,D,0.0,unclassified,73,1,6083.7,9570.6,6.513333333333333,7.08,0.981495457622364,1.087,0.0,Natural Fire,unavailable,unavailable,unavailable,Normal,Natural Fire,0.9999,7132.3,0,Low,Stable
22.34386,82.94209,337.69,0.62,0.54,2026-03-14,814,N20,VIIRS,n,2,307.18,4.71,D,0.0,unclassified,75,1,16703.4,9694.4,4.04,4.71,0.9475230867899735,1.1658,0.0,Natural Fire,unavailable,unavailable,unavailable,Normal,Natural Fire,0.9995,17200.0,0,Low,Stable
22.25101,83.0211,330.31,0.63,0.54,2026-03-14,814,N20,VIIRS,l,2,303.19,4.23,D,0.0,unclassified,-1,0,20392.3,15052.9,,,,,,Natural Fire,unavailable,unavailable,unavailable,Normal,Natural Fire,0.9998,21763.3,0,Low,Stable
22.35749,82.92818,339.27,0.62,0.54,2026-03-14,814,N20,VIIRS,n,2,307.59,5.22,D,0.0,unclassified,-1,0,15867.6,10044.8,,,,,,Natural Fire,unavailable,unavailable,unavailable,Normal,Natural Fire,0.9968,16256.9,0,Low,Stable
22.3516,82.82558,340.38,0.61,0.54,2026-03-14,814,N20,VIIRS,n,2,310.25,5.38,D,0.0,unclassified,73,1,5711.3,9529.9,6.513333333333333,7.08,0.981495457622364,0.826,0.0,Natural Fire,unavailable,unavailable,unavailable,Normal,Natural Fire,0.9996,6760.6,0,Low,Stable
22.34513,82.94528,331.76,0.62,0.54,2026-03-14,814,N20,VIIRS,l,2,306.3,3.37,D,0.0,unclassified,75,1,17040.5,10022.0,4.04,4.71,0.9475230867899735,0.8342,0.0,Natural Fire,unavailable,unavailable,unavailable,Normal,Natural Fire,0.9997,17552.5,0,Low,Stable
22.30882,82.56448,344.79,0.59,0.53,2026-03-14,814,N20,VIIRS,n,2,313.5,7.16,D,0.0,industrial_nearby,74,1,640.9,9314.8,7.945,8.73,1.1101576464628795,0.9012,0.0,Unknown,unavailable,unavailable,unavailable,Normal,Unknown,0.9974,645.4,5,High,Stable
22.35657,82.30269,309.85,0.55,0.51,2026-03-14,2043,N20,VIIRS,n,2,294.66,2.57,N,2.0,industrial_direct,2,96,0.0,25404.9,3.5459414225941424,26.78,3.275989787681158,0.7248,0.7489539748953975,Industrial,unavailable,unavailable,unavailable,Normal,Industrial,0.9993,7414.1,3,Medium,Stable
22.31415,82.52827,314.57,0.57,0.52,2026-03-14,2043,N20,VIIRS,n,2,295.03,2.6,N,2.0,industrial_direct,1,98,0.0,8754.5,2.508492063492064,11.71,1.680059238942467,1.0365,0.9232804232804231,Industrial,unavailable,unavailable,unavailable,Normal,Industrial,0.9996,645.0,5,High,Stable
22.3612,82.30375,308.69,0.55,0.51,2026-03-14,2043,N20,VIIRS,n,2,294.24,1.98,N,2.0,industrial_direct,2,96,0.0,25222.3,3.5459414225941424,26.78,3.275989787681158,0.5584,0.7489539748953975,Industrial,unavailable,unavailable,unavailable,Normal,Industrial,0.9995,7245.7,3,Medium,Stable
22.3177,82.53482,306.52,0.57,0.52,2026-03-14,2043,N20,VIIRS,n,2,294.13,2.6,N,2.0,industrial_direct,1,98,0.0,8243.9,2.508492063492064,11.71,1.680059238942467,1.0365,0.9232804232804231,Industrial,unavailable,unavailable,unavailable,Normal,Industrial,0.9996,510.5,5,High,Stable
22.32137,82.5643,315.97,0.58,0.52,2026-03-14,2043,N20,VIIRS,n,2,291.95,3.34,N,2.0,industrial_direct,1,98,0.0,7952.5,2.508492063492064,11.71,1.680059238942467,1.3315,0.9232804232804231,Industrial,unavailable,unavailable,unavailable,Normal,Industrial,0.9997,1040.0,5,High,Stable
22.33775,82.55674,315.13,0.58,0.52,2026-03-14,2043,N20,VIIRS,n,2,293.43,2.07,N,0.0,industrial_direct,4,61,0.0,6019.4,2.2546153846153847,13.9,1.6402420650106009,0.9181,0.8632478632478633,Industrial,unavailable,unavailable,unavailable,Normal,Industrial,0.9998,2136.3,4,Medium,Stable
22.45622,82.7566,331.43,0.48,0.4,2026-03-15,755,N20,VIIRS,l,2,302.58,1.4,D,0.0,unclassified,46,2,5973.3,5130.4,3.0,4.6,2.262741699796952,0.4667,0.0,Natural Fire,unavailable,unavailable,unavailable,Normal,Natural Fire,0.9983,10976.3,0,Low,Stable
22.31076,82.53022,339.34,0.47,0.39,2026-03-15,755,N20,VIIRS,l,2,310.62,2.95,D,2.0,industrial_nearby,1,98,225.4,9081.4,2.508492063492064,11.71,1.680059238942467,1.176,0.9232804232804231,Industrial,unavailable,unavailable,unavailable,Normal,Industrial,0.9997,344.7,6,High,Stable
22.3361,82.55398,338.84,0.47,0.39,2026-03-15,755,N20,VIIRS,l,2,311.91,3.57,D,0.0,industrial_direct,4,61,0.0,6158.9,2.2546153846153847,13.9,1.6402420650106009,1.5834,0.8632478632478633,Industrial,unavailable,unavailable,unavailable,Normal,Industrial,0.9998,1858.0,4,Medium,Stable
22.3514,82.75191,332.69,0.48,0.4,2026-03-15,755,N20,VIIRS,l,2,307.26,1.67,D,0.0,unclassified,-1,0,1106.2,9554.3,,,,,,Natural Fire,unavailable,unavailable,unavailable,Normal,Natural Fire,0.995,2602.7,1,Low,Stable
22.31557,82.56627,334.83,0.47,0.39,2026-03-15,755,N20,VIIRS,l,2,306.95,0.55,D,0.0,industrial_direct,1,98,0.0,8624.2,2.508492063492064,11.71,1.680059238942467,0.2193,0.9232804232804231,Industrial,unavailable,unavailable,unavailable,Normal,Industrial,0.9999,441.3,6,High,Stable
22.23481,82.54172,337.78,0.47,0.39,2026-03-15,755,N20,VIIRS,l,2,310.65,2.13,D,0.0,unclassified,-1,0,6231.3,17337.2,,,,,,Natural Fire,unavailable,unavailable,unavailable,Normal,Natural Fire,0.9999,6609.3,0,Low,Stable
22.19993,82.81954,338.35,0.48,0.4,2026-03-15,755,N20,VIIRS,n,2,306.43,2.87,D,0.0,unclassified,-1,0,4330.2,10445.9,,,,,,Natural Fire,unavailable,unavailable,unavailable,Normal,Natural Fire,0.9992,7454.9,0,Low,Stable
22.14529,82.99765,334.42,0.49,0.4,2026-03-15,755,N20,VIIRS,n,2,305.72,2.11,D,0.0,unclassified,-1,0,20762.8,19236.1,,,,,,Natural Fire,unavailable,unavailable,unavailable,Normal,Natural Fire,0.9957,13732.4,0,Low,Stable
22.3768,82.77794,348.28,0.48,0.4,2026-03-15,755,N20,VIIRS,n,2,308.76,6.37,D,0.0,unclassified,-1,0,3520.1,8812.9,,,,,,Natural Fire,unavailable,unavailable,unavailable,Normal,Natural Fire,0.9997,5634.4,0,Low,Stable
22.33085,82.60571,316.5,0.46,0.39,2026-03-15,2024,N20,VIIRS,n,2,293.84,2.91,N,2.0,industrial_direct,5,73,0.0,9003.0,2.765913043478261,15.28,2.376793836187871,1.0521,0.8260869565217391,Industrial,unavailable,unavailable,unavailable,Normal,Industrial,0.9988,400.1,6,High,Stable
22.31141,82.52819,319.68,0.46,0.39,2026-03-15,2024,N20,VIIRS,n,2,292.58,3.56,N,2.0,industrial_nearby,1,98,47.8,9052.6,2.508492063492064,11.71,1.680059238942467,1.4192,0.9232804232804231,Industrial,unavailable,unavailable,unavailable,Normal,Industrial,0.9996,393.3,6,High,Stable
22.31775,82.53405,310.42,0.46,0.39,2026-03-15,2024,N20,VIIRS,n,2,292.94,3.09,N,2.0,industrial_direct,1,98,0.0,8250.7,2.508492063492064,11.71,1.680059238942467,1.2318,0.9232804232804231,Industrial,unavailable,unavailable,unavailable,Normal,Industrial,0.9996,564.1,5,High,Stable
22.31934,82.56644,310.02,0.46,0.39,2026-03-15,2024,N20,VIIRS,n,2,287.04,2.81,N,2.0,industrial_direct,1,98,0.0,8223.1,2.508492063492064,11.71,1.680059238942467,1.1202,0.9232804232804231,Industrial,unavailable,unavailable,unavailable,Normal,Industrial,0.9996,731.9,5,High,Stable
22.32172,82.59456,309.19,0.46,0.39,2026-03-15,2024,N20,VIIRS,n,2,293.43,2.28,N,2.0,industrial_nearby,11,23,99.3,9121.3,1.7126666666666666,4.45,0.9003713154844096,1.3313,1.0,Industrial,unavailable,unavailable,unavailable,Normal,Industrial,0.997,590.2,5,High,Stable
22.33599,82.55611,324.89,0.46,0.39,2026-03-15,2024,N20,VIIRS,n,2,292.7,1.83,N,0.0,industrial_direct,4,61,0.0,6201.2,2.2546153846153847,13.9,1.6402420650106009,0.8117,0.8632478632478633,Industrial,unavailable,unavailable,unavailable,Normal,Industrial,0.9999,1932.5,4,Medium,Stable
22.33213,82.60712,338.96,0.39,0.37,2026-03-16,737,N20,VIIRS,l,2,311.63,2.31,D,2.0,industrial_direct,5,73,0.0,8996.3,2.765913043478261,15.28,2.376793836187871,0.8352,0.8260869565217391,Industrial,unavailable,unavailable,unavailable,Normal,Industrial,0.9996,372.3,6,High,Stable
22.34002,82.38577,337.03,0.4,0.37,2026-03-16,737,N20,VIIRS,n,2,309.21,3.04,D,0.0,unclassified,-1,0,3938.0,17518.5,,,,,,Natural Fire,unavailable,unavailable,unavailable,Normal,Natural Fire,0.9999,2164.8,1,Low,Stable
22.33425,82.55589,337.91,0.4,0.37,2026-03-16,737,N20,VIIRS,l,2,312.42,4.49,D,0.0,industrial_direct,4,61,0.0,6388.2,2.2546153846153847,13.9,1.6402420650106009,1.9915,0.8632478632478633,Industrial,unavailable,unavailable,unavailable,Normal,Industrial,0.9997,1750.6,4,Medium,Stable
22.31271,82.52852,335.79,0.4,0.37,2026-03-16,737,N20,VIIRS,l,2,309.11,2.01,D,2.0,industrial_direct,1,98,0.0,8904.7,2.508492063492064,11.71,1.680059238942467,0.8013,0.9232804232804231,Industrial,unavailable,unavailable,unavailable,Normal,Industrial,0.9998,538.2,5,High,Stable
22.19275,82.97399,354.75,0.39,0.36,2026-03-16,737,N20,VIIRS,n,2,308.94,8.71,D,0.0,unclassified,76,1,16365.0,13721.2,8.71,8.71,0.0,1.0,0.0,Natural Fire,unavailable,unavailable,unavailable,Normal,Natural Fire,0.9996,14297.6,0,Low,Stable
22.25619,82.66799,341.18,0.39,0.36,2026-03-16,737,N20,VIIRS,n,2,310.62,5.16,D,0.0,unclassified,33,2,4623.5,19457.2,4.995,5.16,0.2333452377915607,1.033,0.0,Natural Fire,unavailable,unavailable,unavailable,Normal,Natural Fire,0.9994,7525.6,0,Low,Escalating
22.18944,82.97459,346.84,0.39,0.36,2026-03-16,737,N20,VIIRS,n,2,308.09,8.71,D,0.0,unclassified,76,1,16541.7,14021.3,8.71,8.71,0.0,1.0,0.0,Natural Fire,unavailable,unavailable,unavailable,Normal,Natural Fire,0.9995,14202.8,0,Low,Stable
22.2964,82.59812,340.81,0.39,0.37,2026-03-16,737,N20,VIIRS,n,2,310.14,2.03,D,0.0,unclassified,-1,0,2502.0,11750.4,,,,,,Natural Fire,unavailable,unavailable,unavailable,Normal,Natural Fire,0.9998,162.3,3,Medium,Stable
22.21498,83.01868,330.17,0.4,0.44,2026-03-17,718,N20,VIIRS,l,2,302.05,1.61,D,0.0,unclassified,77,2,20304.2,16126.9,2.4966666666666666,4.27,1.535751716044404,0.6449,0.0,Natural Fire,unavailable,unavailable,unavailable,Normal,Natural Fire,0.9997,19517.3,0,Low,Escalating
22.21901,83.01778,335.75,0.4,0.44,2026-03-17,718,N20,VIIRS,n,2,303.03,1.61,D,0.0,unclassified,77,2,20155.1,15852.8,2.4966666666666666,4.27,1.535751716044404,0.6449,0.0,Natural Fire,unavailable,unavailable,unavailable,Normal,Natural Fire,0.9991,19633.6,0,Low,Escalating
22.28146,82.57184,331.04,0.43,0.46,2026-03-17,718,N20,VIIRS,l,2,305.09,1.45,D,0.0,unclassified,-1,0,3620.1,12435.0,,,,,,Natural Fire,unavailable,unavailable,unavailable,Normal,Natural Fire,0.9993,792.7,2,Low,Stable
22.26539,82.44238,335.79,0.44,0.46,2026-03-17,718,N20,VIIRS,n,2,303.39,2.46,D,0.0,unclassified,-1,0,7951.5,17608.7,,,,,,Natural Fire,unavailable,unavailable,unavailable,Normal,Natural Fire,0.9999,7283.2,0,Low,Stable
22.31719,82.56931,342.65,0.43,0.46,2026-03-17,718,N20,VIIRS,n,2,303.85,3.01,D,0.0,industrial_nearby,1,98,67.6,8528.9,2.508492063492064,11.71,1.680059238942467,1.1999,0.9232804232804231,Industrial,unavailable,unavailable,unavailable,Normal,Industrial,0.9996,401.0,6,High,Stable
22.32922,82.60882,332.75,0.42,0.45,2026-03-17,718,N20,VIIRS,l,2,306.81,4.49,D,0.0,industrial_nearby,5,73,193.6,9351.7,2.765913043478261,15.28,2.376793836187871,1.6233,0.8260869565217391,Industrial,unavailable,unavailable,unavailable,Normal,Industrial,0.9982,32.9,6,High,Stable
22.32044,82.57229,304.23,0.44,0.62,2026-03-18,1927,N20,VIIRS,n,2,290.44,1.82,N,0.0,industrial_direct,1,98,0.0,8271.9,2.508492063492064,11.71,1.680059238942467,0.7255,0.9232804232804231,Industrial,unavailable,unavailable,unavailable,Normal,Industrial,0.9999,472.2,6,High,Stable
22.32288,82.67508,302.96,0.43,0.62,2026-03-18,1927,N20,VIIRS,n,2,288.79,1.08,N,0.0,industrial_direct,28,16,0.0,12566.9,1.61,4.87,1.2244374458597422,0.6708,1.0,Industrial,unavailable,unavailable,unavailable,Normal,Industrial,0.9988,3152.4,3,Medium,Stable
22.3377,82.57372,304.44,0.44,0.62,2026-03-18,1927,N20,VIIRS,n,2,290.11,0.85,N,2.0,industrial_direct,3,71,0.0,6540.6,2.7918248175182483,11.59,1.9379155034462177,0.3045,0.8394160583941606,Industrial,unavailable,unavailable,unavailable,Normal,Industrial,0.9999,2172.1,4,Medium,Stable
22.33955,82.55289,310.15,0.44,0.62,2026-03-18,1927,N20,VIIRS,n,2,290.53,1.23,N,0.0,industrial_direct,4,61,0.0,5766.5,2.2546153846153847,13.9,1.6402420650106009,0.5455,0.8632478632478633,Industrial,unavailable,unavailable,unavailable,Normal,Industrial,0.9999,2166.9,4,Medium,Stable
22.36155,82.30333,300.49,0.46,0.63,2026-03-18,1927,N20,VIIRS,n,2,288.72,1.97,N,2.0,industrial_direct,2,96,0.0,25259.9,3.5459414225941424,26.78,3.275989787681158,0.5556,0.7489539748953975,Industrial,unavailable,unavailable,unavailable,Normal,Industrial,0.9996,7277.5,3,Medium,Stable
22.33464,82.60807,309.17,0.44,0.62,2026-03-18,1927,N20,VIIRS,n,2,290.41,1.81,N,0.0,industrial_direct,5,73,0.0,8854.2,2.765913043478261,15.28,2.376793836187871,0.6544,0.8260869565217391,Industrial,unavailable,unavailable,unavailable,Normal,Industrial,0.9997,499.4,6,High,Stable
22.35948,82.30046,305.71,0.7,0.75,2026-03-18,2108,N20,VIIRS,n,2,287.46,2.18,N,2.0,industrial_direct,2,96,0.0,25584.2,3.5459414225941424,26.78,3.275989787681158,0.6148,0.7489539748953975,Industrial,unavailable,unavailable,unavailable,Normal,Industrial,0.9995,7623.1,3,Medium,Stable
22.36057,82.30477,301.11,0.7,0.75,2026-03-18,2108,N20,VIIRS,n,2,288.05,2.21,N,2.0,industrial_direct,2,96,0.0,25127.9,3.5459414225941424,26.78,3.275989787681158,0.6232,0.7489539748953975,Industrial,unavailable,unavailable,unavailable,Normal,Industrial,0.9995,7163.2,3,Medium,Stable
22.35747,82.30205,315.7,0.35,0.57,2026-03-19,2049,N20,VIIRS,n,2,291.15,1.06,N,2.0,industrial_direct,2,96,0.0,25454.8,3.5459414225941424,26.78,3.275989787681158,0.2989,0.7489539748953975,Industrial,unavailable,unavailable,unavailable,Normal,Industrial,0.9996,7515.9,3,Medium,Stable
22.35558,82.3013,301.73,0.35,0.57,2026-03-19,2049,N20,VIIRS,n,2,289.55,0.87,N,2.0,industrial_direct,2,96,0.0,25563.5,3.5459414225941424,26.78,3.275989787681158,0.2454,0.7489539748953975,Industrial,unavailable,unavailable,unavailable,Normal,Industrial,0.9996,7500.2,3,Medium,Stable
22.35997,82.30581,302.82,0.35,0.57,2026-03-19,2049,N20,VIIRS,n,2,290.58,0.87,N,0.0,industrial_direct,2,96,0.0,25031.2,3.5459414225941424,26.78,3.275989787681158,0.2454,0.7489539748953975,Industrial,unavailable,unavailable,unavailable,Normal,Industrial,0.9995,7079.0,3,Medium,Stable
22.36068,82.30252,314.82,0.35,0.57,2026-03-19,2049,N20,VIIRS,n,2,291.68,0.87,N,2.0,industrial_direct,2,96,0.0,25355.6,3.5459414225941424,26.78,3.275989787681158,0.2454,0.7489539748953975,Industrial,unavailable,unavailable,unavailable,Normal,Industrial,0.9996,7383.1,3,Medium,Stable
22.35674,82.30532,306.88,0.35,0.57,2026-03-19,2049,N20,VIIRS,n,2,292.03,1.06,N,2.0,industrial_direct,2,96,0.0,25134.5,3.5459414225941424,26.78,3.275989787681158,0.2989,0.7489539748953975,Industrial,unavailable,unavailable,unavailable,Normal,Industrial,0.9996,7177.0,3,Medium,Stable
22.36257,82.30325,303.4,0.35,0.57,2026-03-19,2049,N20,VIIRS,n,2,290.76,1.06,N,2.0,industrial_direct,2,96,0.0,25253.2,3.5459414225941424,26.78,3.275989787681158,0.2989,0.7489539748953975,Industrial,unavailable,unavailable,unavailable,Normal,Industrial,0.9996,7257.5,3,Medium,Stable
22.35487,82.3046,303.2,0.35,0.57,2026-03-19,2049,N20,VIIRS,n,2,290.46,0.87,N,2.0,industrial_direct,2,96,0.0,25240.7,3.5459414225941424,26.78,3.275989787681158,0.2454,0.7489539748953975,Industrial,unavailable,unavailable,unavailable,Normal,Industrial,0.9996,7157.4,3,Medium,Stable
22.31768,82.52908,302.6,0.36,0.57,2026-03-19,2049,N20,VIIRS,n,2,291.36,1.41,N,2.0,industrial_direct,1,98,0.0,8354.9,2.508492063492064,11.71,1.680059238942467,0.5621,0.9232804232804231,Industrial,unavailable,unavailable,unavailable,Normal,Industrial,0.9999,775.0,5,High,Stable
22.32039,82.56584,309.38,0.36,0.58,2026-03-19,2049,N20,VIIRS,n,2,290.67,1.63,N,2.0,industrial_direct,1,98,0.0,8095.2,2.508492063492064,11.71,1.680059238942467,0.6498,0.9232804232804231,Industrial,unavailable,unavailable,unavailable,Normal,Industrial,0.9999,863.5,5,High,Stable
22.3202,82.59128,302.45,0.36,0.58,2026-03-19,2049,N20,VIIRS,n,2,289.61,0.6,N,2.0,industrial_direct,11,23,0.0,9092.0,1.7126666666666666,4.45,0.9003713154844096,0.3503,1.0,Industrial,unavailable,unavailable,unavailable,Normal,Industrial,0.9999,399.3,6,High,Stable
22.33377,82.55478,307.4,0.36,0.58,2026-03-19,2049,N20,VIIRS,n,2,289.56,0.82,N,0.0,industrial_direct,4,61,0.0,6425.1,2.2546153846153847,13.9,1.6402420650106009,0.3637,0.8632478632478633,Industrial,unavailable,unavailable,unavailable,Normal,Industrial,0.9999,1651.6,4,Medium,Stable
22.33427,82.57712,302.96,0.36,0.58,2026-03-19,2049,N20,VIIRS,n,2,290.65,1.05,N,2.0,industrial_direct,3,71,0.0,7033.0,2.7918248175182483,11.59,1.9379155034462177,0.3761,0.8394160583941606,Industrial,unavailable,unavailable,unavailable,Normal,Industrial,0.9999,1779.7,4,Medium,Stable
22.33896,82.55601,306.45,0.36,0.58,2026-03-19,2049,N20,VIIRS,n,2,288.96,0.82,N,0.0,industrial_direct,4,61,0.0,5874.8,2.2546153846153847,13.9,1.6402420650106009,0.3637,0.8632478632478633,Industrial,unavailable,unavailable,unavailable,Normal,Industrial,0.9999,2228.9,4,Medium,Stable
22.31692,82.5325,304.04,0.36,0.57,2026-03-19,2049,N20,VIIRS,n,2,290.61,1.56,N,2.0,industrial_direct,1,98,0.0,8368.0,2.508492063492064,11.71,1.680059238942467,0.6219,0.9232804232804231,Industrial,unavailable,unavailable,unavailable,Normal,Industrial,0.9999,507.5,5,High,Stable
22.31357,82.52812,303.84,0.55,0.43,2026-03-20,2030,N20,VIIRS,n,2,290.08,0.99,N,2.0,industrial_direct,1,98,0.0,8820.6,2.508492063492064,11.71,1.680059238942467,0.3947,0.9232804232804231,Industrial,unavailable,unavailable,unavailable,Normal,Industrial,0.9999,632.6,5,High,Stable
22.31556,82.51756,300.41,0.55,0.43,2026-03-20,2030,N20,VIIRS,n,2,289.3,1.51,N,2.0,industrial_direct,1,98,0.0,8911.8,2.508492063492064,11.71,1.680059238942467,0.602,0.9232804232804231,Industrial,unavailable,unavailable,unavailable,Normal,Industrial,0.9999,322.4,6,High,Stable
22.31645,82.53423,307.39,0.55,0.43,2026-03-20,2030,N20,VIIRS,n,2,290.32,1.69,N,2.0,industrial_direct,1,98,0.0,8389.9,2.508492063492064,11.71,1.680059238942467,0.6737,0.9232804232804231,Industrial,unavailable,unavailable,unavailable,Normal,Industrial,0.9999,419.6,6,High,Stable
22.31744,82.52895,304.76,0.55,0.43,2026-03-20,2030,N20,VIIRS,n,2,291.03,0.99,N,2.0,industrial_direct,1,98,0.0,8383.7,2.508492063492064,11.71,1.680059238942467,0.3947,0.9232804232804231,Industrial,unavailable,unavailable,unavailable,Normal,Industrial,0.9999,765.8,5,High,Stable
22.31824,82.5676,304.21,0.56,0.43,2026-03-20,2030,N20,VIIRS,n,2,290.09,1.09,N,2.0,industrial_direct,1,98,0.0,8371.0,2.508492063492064,11.71,1.680059238942467,0.4345,0.9232804232804231,Industrial,unavailable,unavailable,unavailable,Normal,Industrial,0.9999,568.1,5,High,Stable
22.31456,82.52284,301.15,0.55,0.43,2026-03-20,2030,N20,VIIRS,n,2,289.31,0.99,N,2.0,industrial_nearby,1,98,23.3,8849.4,2.508492063492064,11.71,1.680059238942467,0.3947,0.9232804232804231,Industrial,unavailable,unavailable,unavailable,Normal,Industrial,0.9999,580.4,5,High,Stable
22.33164,82.60387,313.4,0.56,0.43,2026-03-20,2030,N20,VIIRS,n,2,290.29,2.09,N,2.0,industrial_nearby,5,73,110.7,8811.9,2.765913043478261,15.28,2.376793836187871,0.7556,0.8260869565217391,Industrial,unavailable,unavailable,unavailable,Normal,Industrial,0.9996,608.8,5,High,Stable
22.333,82.57738,303.97,0.56,0.43,2026-03-20,2030,N20,VIIRS,n,2,289.67,0.9,N,2.0,industrial_direct,3,71,0.0,7171.4,2.7918248175182483,11.59,1.9379155034462177,0.3224,0.8394160583941606,Industrial,unavailable,unavailable,unavailable,Normal,Industrial,0.9999,1640.6,4,Medium,Stable
22.33402,82.57207,300.55,0.56,0.43,2026-03-20,2030,N20,VIIRS,n,2,288.81,0.82,N,2.0,industrial_direct,3,71,0.0,6849.1,2.7918248175182483,11.59,1.9379155034462177,0.2937,0.8394160583941606,Industrial,unavailable,unavailable,unavailable,Normal,Industrial,0.9999,1800.6,4,Medium,Stable
22.33713,82.556,320.4,0.55,0.43,2026-03-20,2030,N20,VIIRS,n,2,289.85,2.1,N,0.0,industrial_direct,4,61,0.0,6074.7,2.2546153846153847,13.9,1.6402420650106009,0.9314,0.8632478632478633,Industrial,unavailable,unavailable,unavailable,Normal,Industrial,0.9998,2042.1,4,Medium,Stable
22.33177,82.60464,314.06,0.56,0.43,2026-03-20,2030,N20,VIIRS,n,2,290.01,2.04,N,2.0,industrial_nearby,5,73,90.4,8853.6,2.765913043478261,15.28,2.376793836187871,0.7376,0.8260869565217391,Industrial,unavailable,unavailable,unavailable,Normal,Industrial,0.9996,544.8,5,High,Stable
22.33669,82.5551,323.66,0.55,0.43,2026-03-20,2030,N20,VIIRS,n,2,290.66,3.15,N,0.0,industrial_direct,4,61,0.0,6109.1,2.2546153846153847,13.9,1.6402420650106009,1.3971,0.8632478632478633,Industrial,unavailable,unavailable,unavailable,Normal,Industrial,0.9997,1960.8,4,Medium,Stable
22.12004,82.32343,345.27,0.38,0.36,2026-03-21,743,N20,VIIRS,n,2,311.89,2.97,D,0.0,unclassified,-1,0,2248.4,37842.0,,,,,,Natural Fire,unavailable,unavailable,unavailable,Normal,Natural Fire,0.9997,23533.4,0,Low,Stable
22.28572,82.33908,339.55,0.38,0.36,2026-03-21,743,N20,VIIRS,n,2,307.91,3.49,D,0.0,unclassified,-1,0,7977.3,24379.9,,,,,,Natural Fire,unavailable,unavailable,unavailable,Normal,Natural Fire,0.9998,5611.4,0,Low,Stable
22.33524,82.55466,342.1,0.38,0.36,2026-03-21,743,N20,VIIRS,n,2,309.57,3.42,D,0.0,industrial_direct,4,61,0.0,6262.1,2.2546153846153847,13.9,1.6402420650106009,1.5169,0.8632478632478633,Industrial,unavailable,unavailable,unavailable,Normal,Industrial,0.9997,1795.1,4,Medium,Stable
22.3584,82.30264,313.21,0.38,0.36,2026-03-21,2011,N20,VIIRS,n,2,289.5,1.3,N,2.0,industrial_direct,2,96,0.0,25379.4,3.5459414225941424,26.78,3.275989787681158,0.3666,0.7489539748953975,Industrial,unavailable,unavailable,unavailable,Normal,Industrial,0.9996,7442.0,3,Medium,Stable
22.35782,82.30634,316.05,0.38,0.36,2026-03-21,2011,N20,VIIRS,n,2,289.22,1.32,N,2.0,industrial_direct,2,96,0.0,25012.2,3.5459414225941424,26.78,3.275989787681158,0.3723,0.7489539748953975,Industrial,unavailable,unavailable,unavailable,Normal,Industrial,0.9995,7099.2,3,Medium,Stable
22.32454,82.5167,302.54,0.38,0.36,2026-03-21,2011,N20,VIIRS,n,2,291.6,0.9,N,2.0,industrial_direct,66,7,0.0,8016.7,1.997142857142857,4.37,1.3002911761821438,0.4506,1.0,Industrial,unavailable,unavailable,unavailable,Normal,Industrial,0.8871,1203.1,5,High,Stable
22.31632,82.56838,305.42,0.38,0.36,2026-03-21,2011,N20,VIIRS,n,2,291.54,0.53,N,0.0,industrial_nearby,1,98,82.4,8597.1,2.508492063492064,11.71,1.680059238942467,0.2113,0.9232804232804231,Industrial,unavailable,unavailable,unavailable,Normal,Industrial,0.9999,342.4,6,High,Stable
22.35511,82.30204,305.64,0.38,0.36,2026-03-21,2011,N20,VIIRS,n,2,288.59,1.3,N,2.0,industrial_direct,2,96,0.0,25496.6,3.5459414225941424,26.78,3.275989787681158,0.3666,0.7489539748953975,Industrial,unavailable,unavailable,unavailable,Normal,Industrial,0.9996,7409.6,3,Medium,Stable
22.35453,82.30573,312.74,0.38,0.36,2026-03-21,2011,N20,VIIRS,n,2,288.99,1.32,N,2.0,industrial_direct,2,96,0.0,25132.2,3.5459414225941424,26.78,3.275989787681158,0.3723,0.7489539748953975,Industrial,unavailable,unavailable,unavailable,Normal,Industrial,0.9996,7035.8,3,Medium,Stable
22.31832,82.53456,303.88,0.38,0.36,2026-03-21,2011,N20,VIIRS,n,2,293.6,0.95,N,2.0,industrial_direct,1,98,0.0,8180.1,2.508492063492064,11.71,1.680059238942467,0.3787,0.9232804232804231,Industrial,unavailable,unavailable,unavailable,Normal,Industrial,0.9999,535.1,5,High,Stable
22.31503,82.53396,310.84,0.38,0.36,2026-03-21,2011,N20,VIIRS,n,2,293.84,1.33,N,2.0,industrial_nearby,1,98,0.5,8549.6,2.508492063492064,11.71,1.680059238942467,0.5302,0.9232804232804231,Industrial,unavailable,unavailable,unavailable,Normal,Industrial,0.9999,264.9,6,High,Stable
22.31562,82.53026,310.15,0.38,0.36,2026-03-21,2011,N20,VIIRS,n,2,296.07,0.91,N,2.0,industrial_direct,1,98,0.0,8552.6,2.508492063492064,11.71,1.680059238942467,0.3628,0.9232804232804231,Industrial,unavailable,unavailable,unavailable,Normal,Industrial,0.9999,531.5,5,High,Stable
22.31468,82.51488,303.8,0.38,0.36,2026-03-21,2011,N20,VIIRS,n,2,291.72,1.24,N,2.0,industrial_nearby,1,98,48.4,9099.5,2.508492063492064,11.71,1.680059238942467,0.4943,0.9232804232804231,Industrial,unavailable,unavailable,unavailable,Normal,Industrial,0.9999,128.0,6,High,Stable
22.31292,82.52597,307.74,0.38,0.36,2026-03-21,2011,N20,VIIRS,n,2,292.28,0.91,N,2.0,industrial_direct,1,98,0.0,8941.3,2.508492063492064,11.71,1.680059238942467,0.3628,0.9232804232804231,Industrial,unavailable,unavailable,unavailable,Normal,Industrial,0.9999,528.9,5,High,Stable
22.31233,82.52966,306.94,0.38,0.36,2026-03-21,2011,N20,VIIRS,n,2,292.96,0.91,N,2.0,industrial_nearby,1,98,49.4,8921.9,2.508492063492064,11.71,1.680059238942467,0.3628,0.9232804232804231,Industrial,unavailable,unavailable,unavailable,Normal,Industrial,0.9999,466.5,6,High,Stable
22.31479,82.55671,305.22,0.38,0.36,2026-03-21,2011,N20,VIIRS,n,2,292.75,0.93,N,2.0,industrial_direct,1,98,0.0,8535.1,2.508492063492064,11.71,1.680059238942467,0.3707,0.9232804232804231,Industrial,unavailable,unavailable,unavailable,Normal,Industrial,0.9999,476.9,6,High,Stable
22.3196,82.56899,312.96,0.38,0.36,2026-03-21,2011,N20,VIIRS,n,2,294.96,1.84,N,0.0,industrial_direct,1,98,0.0,8262.9,2.508492063492064,11.71,1.680059238942467,0.7335,0.9232804232804231,Industrial,unavailable,unavailable,unavailable,Normal,Industrial,0.9999,669.5,5,High,Stable
22.32054,82.58437,309.56,0.38,0.36,2026-03-21,2011,N20,VIIRS,n,2,292.58,1.22,N,0.0,industrial_direct,11,23,0.0,8726.8,1.7126666666666666,4.45,0.9003713154844096,0.7123,1.0,Industrial,unavailable,unavailable,unavailable,Normal,Industrial,0.9998,489.4,6,High,Stable
22.32171,82.57698,304.14,0.38,0.36,2026-03-21,2011,N20,VIIRS,n,2,293.22,1.03,N,0.0,industrial_direct,11,23,0.0,8302.6,1.7126666666666666,4.45,0.9003713154844096,0.6014,1.0,Industrial,unavailable,unavailable,unavailable,Normal,Industrial,0.9998,390.0,6,High,Stable
22.36169,82.30324,313.34,0.38,0.36,2026-03-21,2011,N20,VIIRS,n,2,288.77,1.46,N,2.0,industrial_direct,2,96,0.0,25267.0,3.5459414225941424,26.78,3.275989787681158,0.4117,0.7489539748953975,Industrial,unavailable,unavailable,unavailable,Normal,Industrial,0.9996,7282.5,3,Medium,Stable
22.33402,82.60587,305.79,0.38,0.36,2026-03-21,2011,N20,VIIRS,n,2,292.18,0.73,N,2.0,industrial_direct,5,73,0.0,8753.9,2.765913043478261,15.28,2.376793836187871,0.2639,0.8260869565217391,Industrial,unavailable,unavailable,unavailable,Normal,Industrial,0.9998,603.6,5,High,Stable
22.32342,82.67236,305.79,0.38,0.36,2026-03-21,2011,N20,VIIRS,n,2,291.6,0.82,N,0.0,industrial_direct,28,16,0.0,12603.5,1.61,4.87,1.2244374458597422,0.5093,1.0,Industrial,unavailable,unavailable,unavailable,Normal,Industrial,0.9992,2873.3,4,Medium,Stable
22.36614,82.79053,301.75,0.39,0.36,2026-03-21,2011,N20,VIIRS,n,2,288.67,0.27,N,0.0,unclassified,-1,0,4744.0,10566.4,,,,,,Natural Fire,unavailable,unavailable,unavailable,Normal,Natural Fire,0.9987,6521.2,0,Low,Stable
22.33544,82.57571,313.97,0.38,0.36,2026-03-21,2011,N20,VIIRS,n,2,293.38,1.39,N,2.0,industrial_direct,3,71,0.0,6853.7,2.7918248175182483,11.59,1.9379155034462177,0.4979,0.8394160583941606,Industrial,unavailable,unavailable,unavailable,Normal,Industrial,0.9999,1907.4,4,Medium,Stable
22.33568,82.55295,330.61,0.38,0.36,2026-03-21,2011,N20,VIIRS,n,2,294.15,2.14,N,0.0,industrial_direct,4,61,0.0,6193.3,2.2546153846153847,13.9,1.6402420650106009,0.9492,0.8632478632478633,Industrial,unavailable,unavailable,unavailable,Normal,Industrial,0.9998,1770.6,4,Medium,Stable
22.33509,82.55664,315.09,0.38,0.36,2026-03-21,2011,N20,VIIRS,n,2,292.47,2.14,N,0.0,industrial_direct,4,61,0.0,6308.2,2.2546153846153847,13.9,1.6402420650106009,0.9492,0.8632478632478633,Industrial,unavailable,unavailable,unavailable,Normal,Industrial,0.9998,1869.1,4,Medium,Stable
22.33274,82.57141,301.99,0.38,0.36,2026-03-21,2011,N20,VIIRS,n,2,290.48,0.56,N,2.0,industrial_direct,3,71,0.0,6956.6,2.7918248175182483,11.59,1.9379155034462177,0.2006,0.8394160583941606,Industrial,unavailable,unavailable,unavailable,Normal,Industrial,0.9999,1681.9,4,Medium,Stable
22.33204,82.53328,304.15,0.38,0.36,2026-03-21,2011,N20,VIIRS,n,2,292.86,0.72,N,2.0,industrial_direct,6,16,0.0,6709.2,1.2005882352941175,1.95,0.356606761507604,0.5997,1.0,Industrial,unavailable,unavailable,unavailable,Normal,Industrial,0.9998,1575.0,4,Medium,Stable
22.32206,82.59605,302.78,0.38,0.36,2026-03-21,2011,N20,VIIRS,n,2,291.97,0.84,N,2.0,industrial_direct,11,23,0.0,9172.2,1.7126666666666666,4.45,0.9003713154844096,0.4905,1.0,Industrial,unavailable,unavailable,unavailable,Normal,Industrial,0.9999,642.6,5,High,Stable
22.33074,82.60526,325.46,0.38,0.36,2026-03-21,2011,N20,VIIRS,n,2,293.33,2.17,N,2.0,industrial_nearby,5,73,11.9,8981.3,2.765913043478261,15.28,2.376793836187871,0.7846,0.8260869565217391,Industrial,unavailable,unavailable,unavailable,Normal,Industrial,0.9995,436.2,6,High,Stable
22.2165,82.55434,311.31,0.38,0.36,2026-03-21,2012,N20,VIIRS,n,2,289.29,0.91,N,0.0,unclassified,-1,0,8569.0,19372.4,,,,,,Natural Fire,unavailable,unavailable,unavailable,Normal,Natural Fire,0.9999,8180.2,0,Low,Stable
22.21263,82.55742,301.68,0.38,0.36,2026-03-21,2012,N20,VIIRS,n,2,289.29,0.91,N,0.0,unclassified,-1,0,9083.5,19815.6,,,,,,Natural Fire,unavailable,unavailable,unavailable,Normal,Natural Fire,0.9999,8539.0,0,Low,Stable
22.39333,82.79815,331.77,0.51,0.41,2026-03-22,724,N20,VIIRS,l,2,304.76,4.16,D,0.0,unclassified,45,2,5174.2,9516.7,2.91,4.16,1.2165114056185418,1.4296,0.0,Natural Fire,unavailable,unavailable,unavailable,Normal,Natural Fire,0.9991,8248.8,0,Low,Escalating
22.44856,82.67503,330.53,0.51,0.41,2026-03-22,724,N20,VIIRS,l,2,305.2,3.17,D,0.0,unclassified,-1,0,2120.0,4508.2,,,,,,Natural Fire,unavailable,unavailable,unavailable,Normal,Natural Fire,0.9991,7304.6,0,Low,Stable
22.38871,82.79404,333.7,0.51,0.41,2026-03-22,724,N20,VIIRS,l,2,304.21,4.39,D,0.0,unclassified,78,2,4763.0,9380.4,6.98,10.17,2.936341260821024,0.6289,0.0,Natural Fire,unavailable,unavailable,unavailable,Normal,Natural Fire,0.9994,7652.0,0,Low,Escalating
22.33685,82.55456,335.09,0.52,0.42,2026-03-22,724,N20,VIIRS,l,2,307.1,1.44,D,0.0,industrial_direct,4,61,0.0,6084.0,2.2546153846153847,13.9,1.6402420650106009,0.6387,0.8632478632478633,Industrial,unavailable,unavailable,unavailable,Normal,Industrial,0.9999,1957.0,4,Medium,Stable
22.39705,82.79739,336.97,0.51,0.41,2026-03-22,724,N20,VIIRS,n,2,303.21,2.84,D,0.0,unclassified,45,2,5124.3,9273.1,2.91,4.16,1.2165114056185418,0.9759,0.0,Natural Fire,unavailable,unavailable,unavailable,Normal,Natural Fire,0.9996,8364.9,0,Low,Escalating
22.40311,83.01224,337.53,0.49,0.41,2026-03-22,724,N20,VIIRS,n,2,304.9,2.54,D,0.0,unclassified,-1,0,25618.1,19436.9,,,,,,Natural Fire,unavailable,unavailable,unavailable,Normal,Natural Fire,0.9901,9033.8,0,Low,Stable
22.11457,83.08047,340.23,0.5,0.41,2026-03-22,724,N20,VIIRS,n,2,308.94,3.09,D,0.0,unclassified,-1,0,29893.9,27675.4,,,,,,Natural Fire,unavailable,unavailable,unavailable,Normal,Natural Fire,0.9971,21461.9,0,Low,Stable
22.1147,82.81367,337.4,0.51,0.41,2026-03-22,724,N20,VIIRS,l,2,308.94,4.04,D,0.0,unclassified,79,2,12037.7,19229.2,4.09,4.14,0.0707106781186545,0.9878,0.0,Natural Fire,unavailable,unavailable,unavailable,Normal,Natural Fire,0.9999,4248.7,0,Low,Escalating
22.1435,82.82304,334.5,0.51,0.41,2026-03-22,724,N20,VIIRS,n,2,308.97,2.91,D,0.0,unclassified,-1,0,10566.0,15901.3,,,,,,Natural Fire,unavailable,unavailable,unavailable,Normal,Natural Fire,0.9996,2598.7,1,Low,Stable
22.22078,83.009,337.76,0.5,0.41,2026-03-22,724,N20,VIIRS,n,2,307.37,7.42,D,0.0,unclassified,80,1,19233.2,14949.2,5.335,7.42,2.948635277547903,1.3908,0.0,Natural Fire,unavailable,unavailable,unavailable,Normal,Natural Fire,0.9841,18926.7,0,Low,Stable
22.22447,83.00826,340.15,0.5,0.41,2026-03-22,724,N20,VIIRS,n,2,307.52,3.25,D,0.0,unclassified,80,1,19115.5,14709.3,5.335,7.42,2.948635277547903,0.6092,0.0,Natural Fire,unavailable,unavailable,unavailable,Normal,Natural Fire,0.9962,19061.8,0,Low,Stable
22.25742,83.02117,334.45,0.5,0.41,2026-03-22,724,N20,VIIRS,l,2,306.44,3.34,D,0.0,unclassified,-1,0,20452.8,14927.9,,,,,,Natural Fire,unavailable,unavailable,unavailable,Normal,Natural Fire,0.9998,22184.7,0,Low,Stable
22.27164,82.99364,340.07,0.5,0.41,2026-03-22,724,N20,VIIRS,n,2,306.49,4.23,D,0.0,unclassified,-1,0,17866.6,11921.4,,,,,,Natural Fire,unavailable,unavailable,unavailable,Normal,Natural Fire,0.9991,21052.4,0,Low,Stable
22.18559,82.49265,348.13,0.53,0.42,2026-03-22,724,N20,VIIRS,n,2,313.16,7.03,D,0.0,unclassified,-1,0,11901.9,23451.8,,,,,,Natural Fire,unavailable,unavailable,unavailable,Normal,Natural Fire,0.9998,12580.3,0,Low,Stable
22.13882,82.55989,337.16,0.53,0.42,2026-03-22,724,N20,VIIRS,l,2,310.76,5.55,D,0.0,unclassified,-1,0,14077.5,27990.4,,,,,,Natural Fire,unavailable,unavailable,unavailable,Normal,Natural Fire,0.9973,16629.7,0,Low,Stable
22.21614,82.46517,337.2,0.53,0.42,2026-03-22,724,N20,VIIRS,l,2,309.89,5.85,D,0.0,unclassified,81,1,10073.0,21140.3,7.3,8.75,2.050609665440988,0.8014,0.0,Natural Fire,unavailable,unavailable,unavailable,Normal,Natural Fire,0.9998,9960.7,0,Low,Escalating
22.28608,82.83658,335.06,0.51,0.41,2026-03-22,724,N20,VIIRS,n,2,304.95,4.14,D,0.0,unclassified,25,2,5145.9,4099.2,4.0375,4.24,0.1862569909202515,1.0254,0.0,Natural Fire,unavailable,unavailable,unavailable,Normal,Natural Fire,0.9991,6327.8,0,Low,Stable
22.28356,82.83849,336.33,0.51,0.41,2026-03-22,724,N20,VIIRS,l,2,306.42,3.94,D,0.0,unclassified,25,2,4936.7,3861.6,4.0375,4.24,0.1862569909202515,0.9759,0.0,Natural Fire,unavailable,unavailable,unavailable,Normal,Natural Fire,0.9995,6615.9,0,Low,Stable
22.21513,82.46721,339.75,0.53,0.42,2026-03-22,724,N20,VIIRS,l,2,312.01,8.75,D,0.0,unclassified,81,1,10041.1,21160.6,7.3,8.75,2.050609665440988,1.1986,0.0,Natural Fire,unavailable,unavailable,unavailable,Normal,Natural Fire,0.9999,9983.2,0,Low,Escalating
22.38803,82.79656,335.89,0.51,0.41,2026-03-22,724,N20,VIIRS,n,2,305.42,6.38,D,0.0,unclassified,78,2,5027.8,9643.3,6.98,10.17,2.936341260821024,0.914,0.0,Natural Fire,unavailable,unavailable,unavailable,Normal,Natural Fire,0.9991,7862.3,0,Low,Escalating
22.27689,82.45967,337.27,0.53,0.42,2026-03-22,724,N20,VIIRS,l,2,310.02,4.71,D,0.0,unclassified,-1,0,6683.9,15525.4,,,,,,Natural Fire,unavailable,unavailable,unavailable,Normal,Natural Fire,0.9999,5105.0,0,Low,Stable
22.41355,83.09297,339.24,0.49,0.4,2026-03-22,724,N20,VIIRS,n,2,306.63,3.57,D,0.0,unclassified,82,2,33708.0,26640.0,3.155,3.57,0.5868986283848343,1.1315,0.0,Natural Fire,unavailable,unavailable,unavailable,Normal,Natural Fire,0.9996,6509.4,0,Low,Stable
22.20321,82.54659,343.49,0.53,0.42,2026-03-22,724,N20,VIIRS,n,2,311.68,6.65,D,0.0,unclassified,-1,0,9743.5,20828.2,,,,,,Natural Fire,unavailable,unavailable,unavailable,Normal,Natural Fire,0.9997,9800.9,0,Low,Stable
22.35942,82.30101,304.64,0.55,0.43,2026-03-22,1953,N20,VIIRS,n,2,292.0,1.03,N,2.0,industrial_direct,2,96,0.0,25529.1,3.5459414225941424,26.78,3.275989787681158,0.2905,0.7489539748953975,Industrial,unavailable,unavailable,unavailable,Normal,Industrial,0.9996,7570.5,3,Medium,Stable
22.33332,82.60422,301.32,0.53,0.42,2026-03-22,1953,N20,VIIRS,n,2,276.03,1.8,N,2.0,industrial_direct,5,73,0.0,8697.0,2.765913043478261,15.28,2.376793836187871,0.6508,0.8260869565217391,Industrial,unavailable,unavailable,unavailable,Normal,Industrial,0.9997,678.7,5,High,Stable
22.33593,82.55262,315.88,0.53,0.42,2026-03-22,1953,N20,VIIRS,n,2,283.59,2.72,N,0.0,industrial_direct,4,61,0.0,6162.3,2.2546153846153847,13.9,1.6402420650106009,1.2064,0.8632478632478633,Industrial,unavailable,unavailable,unavailable,Normal,Industrial,0.9997,1782.5,4,Medium,Stable
22.36331,82.30162,302.66,0.55,0.43,2026-03-22,1953,N20,VIIRS,n,2,291.66,1.03,N,2.0,industrial_direct,2,96,0.0,25409.2,3.5459414225941424,26.78,3.275989787681158,0.2905,0.7489539748953975,Industrial,unavailable,unavailable,unavailable,Normal,Industrial,0.9996,7401.7,3,Medium,Stable
22.35876,82.30633,306.42,0.55,0.42,2026-03-22,1953,N20,VIIRS,n,2,292.83,1.03,N,2.0,industrial_direct,2,96,0.0,24997.6,3.5459414225941424,26.78,3.275989787681158,0.2905,0.7489539748953975,Industrial,unavailable,unavailable,unavailable,Normal,Industrial,0.9995,7067.6,3,Medium,Stable
22.31965,82.56884,298.03,0.53,0.42,2026-03-22,1953,N20,VIIRS,n,2,274.24,1.5,N,0.0,industrial_direct,1,98,0.0,8253.4,2.508492063492064,11.71,1.680059238942467,0.598,0.9232804232804231,Industrial,unavailable,unavailable,unavailable,Normal,Industrial,0.9999,677.6,5,High,Stable
22.337,82.55582,318.92,0.53,0.42,2026-03-22,1953,N20,VIIRS,n,2,283.25,2.34,N,0.0,industrial_direct,4,61,0.0,6086.1,2.2546153846153847,13.9,1.6402420650106009,1.0379,0.8632478632478633,Industrial,unavailable,unavailable,unavailable,Normal,Industrial,0.9997,2021.4,4,Medium,Stable
22.33026,82.60674,305.25,0.53,0.42,2026-03-22,1953,N20,VIIRS,n,2,274.63,0.79,N,2.0,industrial_direct,5,73,0.0,9122.4,2.765913043478261,15.28,2.376793836187871,0.2856,0.8260869565217391,Industrial,unavailable,unavailable,unavailable,Normal,Industrial,0.9998,276.0,6,High,Stable
22.35822,82.30423,314.19,0.55,0.42,2026-03-22,1953,N20,VIIRS,n,2,294.68,2.11,N,2.0,industrial_direct,2,96,0.0,25220.4,3.5459414225941424,26.78,3.275989787681158,0.595,0.7489539748953975,Industrial,unavailable,unavailable,unavailable,Normal,Industrial,0.9995,7291.8,3,Medium,Stable
22.32214,82.57958,296.95,0.53,0.42,2026-03-22,1953,N20,VIIRS,n,2,274.98,1.34,N,0.0,industrial_direct,11,23,0.0,8360.6,1.7126666666666666,4.45,0.9003713154844096,0.7824,1.0,Industrial,unavailable,unavailable,unavailable,Normal,Industrial,0.9997,497.8,6,High,Stable
22.32147,82.58469,301.22,0.53,0.42,2026-03-22,1953,N20,VIIRS,n,2,275.58,1.06,N,0.0,industrial_direct,11,23,0.0,8648.8,1.7126666666666666,4.45,0.9003713154844096,0.6189,1.0,Industrial,unavailable,unavailable,unavailable,Normal,Industrial,0.9998,596.8,5,High,Stable
22.35433,82.30362,306.63,0.55,0.42,2026-03-22,1953,N20,VIIRS,n,2,292.53,2.11,N,2.0,industrial_direct,2,96,0.0,25350.1,3.5459414225941424,26.78,3.275989787681158,0.595,0.7489539748953975,Industrial,unavailable,unavailable,unavailable,Normal,Industrial,0.9995,7226.0,3,Medium,Stable
22.33408,82.60732,295.74,0.53,0.42,2026-03-22,1953,N20,VIIRS,n,2,273.48,0.79,N,2.0,industrial_direct,5,73,0.0,8848.1,2.765913043478261,15.28,2.376793836187871,0.2856,0.8260869565217391,Industrial,unavailable,unavailable,unavailable,Normal,Industrial,0.9998,496.9,6,High,Stable
22.18862,82.62144,353.33,0.34,0.56,2026-03-23,705,N20,VIIRS,n,2,303.5,5.17,D,0.0,unclassified,83,1,10544.6,23720.9,5.17,5.17,0.0,1.0,0.0,Natural Fire,unavailable,unavailable,unavailable,Normal,Natural Fire,0.9988,11968.8,0,Low,Stable
22.18794,82.61826,352.01,0.34,0.56,2026-03-23,705,N20,VIIRS,n,2,302.14,5.17,D,0.0,unclassified,83,1,10789.3,23689.3,5.17,5.17,0.0,1.0,0.0,Natural Fire,unavailable,unavailable,unavailable,Normal,Natural Fire,0.9988,12011.4,0,Low,Stable
22.19365,82.62022,331.01,0.34,0.56,2026-03-23,705,N20,VIIRS,l,2,303.13,2.27,D,0.0,unclassified,-1,0,10392.2,23153.1,,,,,,Natural Fire,unavailable,unavailable,unavailable,Normal,Natural Fire,0.9991,11401.4,0,Low,Stable
22.12076,82.64319,345.38,0.34,0.56,2026-03-23,705,N20,VIIRS,n,2,306.29,4.33,D,0.0,unclassified,-1,0,5277.4,29657.6,,,,,,Natural Fire,unavailable,unavailable,unavailable,Normal,Natural Fire,0.9995,19736.1,0,Low,Stable
22.24141,82.77131,340.52,0.33,0.55,2026-03-23,705,N20,VIIRS,n,2,302.92,5.53,D,0.0,unclassified,84,1,3939.7,11510.8,4.003333333333334,5.53,1.3221321164442426,1.3813,0.0,Natural Fire,unavailable,unavailable,unavailable,Normal,Natural Fire,0.9947,6716.8,0,Low,Stable
22.24075,82.76818,334.59,0.33,0.55,2026-03-23,705,N20,VIIRS,l,2,305.2,3.24,D,0.0,unclassified,84,1,3628.2,11838.4,4.003333333333334,5.53,1.3221321164442426,0.8093,0.0,Natural Fire,unavailable,unavailable,unavailable,Normal,Natural Fire,0.9995,6818.8,0,Low,Stable
22.2401,82.76507,341.04,0.33,0.55,2026-03-23,705,N20,VIIRS,n,2,304.14,3.24,D,0.0,unclassified,84,1,3322.2,12163.9,4.003333333333334,5.53,1.3221321164442426,0.8093,0.0,Natural Fire,unavailable,unavailable,unavailable,Normal,Natural Fire,0.9997,6933.7,0,Low,Stable
22.2061,82.65399,332.34,0.33,0.56,2026-03-23,705,N20,VIIRS,l,2,302.36,1.47,D,0.0,unclassified,-1,0,6670.2,23277.4,,,,,,Natural Fire,unavailable,unavailable,unavailable,Normal,Natural Fire,0.9996,11009.0,0,Low,Stable
22.35925,82.30231,303.99,0.36,0.57,2026-03-23,1934,N20,VIIRS,n,2,290.26,1.69,N,2.0,industrial_direct,2,96,0.0,25399.3,3.5459414225941424,26.78,3.275989787681158,0.4766,0.7489539748953975,Industrial,unavailable,unavailable,unavailable,Normal,Industrial,0.9996,7447.2,3,Medium,Stable
22.33488,82.55077,305.74,0.35,0.57,2026-03-23,1934,N20,VIIRS,n,2,289.94,0.71,N,0.0,industrial_direct,4,61,0.0,6262.6,2.2546153846153847,13.9,1.6402420650106009,0.3149,0.8632478632478633,Industrial,unavailable,unavailable,unavailable,Normal,Industrial,0.9999,1607.1,4,Medium,Stable
22.33455,82.55418,306.84,0.35,0.56,2026-03-23,1934,N20,VIIRS,n,2,290.89,0.71,N,0.0,industrial_direct,4,61,0.0,6331.7,2.2546153846153847,13.9,1.6402420650106009,0.3149,0.8632478632478633,Industrial,unavailable,unavailable,unavailable,Normal,Industrial,0.9999,1705.6,4,Medium,Stable
22.32956,82.60446,302.92,0.34,0.56,2026-03-23,1934,N20,VIIRS,n,2,290.29,0.76,N,2.0,industrial_nearby,5,73,8.8,9025.8,2.765913043478261,15.28,2.376793836187871,0.2748,0.8260869565217391,Industrial,unavailable,unavailable,unavailable,Normal,Industrial,0.9998,381.9,6,High,Stable
22.31738,82.51427,304.06,0.35,0.57,2026-03-23,1934,N20,VIIRS,n,2,290.62,1.89,N,0.0,industrial_direct,1,98,0.0,8845.0,2.508492063492064,11.71,1.680059238942467,0.7534,0.9232804232804231,Industrial,unavailable,unavailable,unavailable,Normal,Industrial,0.9999,371.8,6,High,Stable
22.33135,82.53313,303.83,0.35,0.57,2026-03-23,1934,N20,VIIRS,n,2,291.51,0.89,N,2.0,industrial_direct,6,16,0.0,6787.1,1.2005882352941175,1.95,0.356606761507604,0.7413,1.0,Industrial,unavailable,unavailable,unavailable,Normal,Industrial,0.9998,1524.3,4,Medium,Stable
22.32116,82.58321,311.02,0.35,0.56,2026-03-23,1934,N20,VIIRS,n,2,290.64,1.77,N,0.0,industrial_direct,11,23,0.0,8613.3,1.7126666666666666,4.45,0.9003713154844096,1.0335,1.0,Industrial,unavailable,unavailable,unavailable,Normal,Industrial,0.9977,544.7,5,High,Stable
22.33441,82.60846,302.94,0.34,0.56,2026-03-23,1934,N20,VIIRS,n,2,291.05,0.76,N,0.0,industrial_direct,5,73,0.0,8900.2,2.765913043478261,15.28,2.376793836187871,0.2748,0.8260869565217391,Industrial,unavailable,unavailable,unavailable,Normal,Industrial,0.9998,457.1,6,High,Stable
22.32259,82.67453,306.91,0.34,0.56,2026-03-23,1934,N20,VIIRS,n,2,290.22,1.09,N,0.0,industrial_direct,28,16,0.0,12615.5,1.61,4.87,1.2244374458597422,0.677,1.0,Industrial,unavailable,unavailable,unavailable,Normal,Industrial,0.9988,3114.6,3,Medium,Stable
22.33474,82.6051,308.74,0.34,0.56,2026-03-23,1934,N20,VIIRS,n,2,290.58,0.76,N,0.0,industrial_direct,5,73,0.0,8641.7,2.765913043478261,15.28,2.376793836187871,0.2748,0.8260869565217391,Industrial,unavailable,unavailable,unavailable,Normal,Industrial,0.9998,715.6,5,High,Stable
22.31828,82.55901,304.67,0.35,0.56,2026-03-23,1934,N20,VIIRS,n,2,291.75,1.18,N,2.0,industrial_direct,1,98,0.0,8184.7,2.508492063492064,11.71,1.680059238942467,0.4704,0.9232804232804231,Industrial,unavailable,unavailable,unavailable,Normal,Industrial,0.9999,863.9,5,High,Stable
22.34007,82.55149,300.79,0.35,0.57,2026-03-23,1934,N20,VIIRS,n,2,289.6,0.71,N,0.0,industrial_direct,4,61,0.0,5695.2,2.2546153846153847,13.9,1.6402420650106009,0.3149,0.8632478632478633,Industrial,unavailable,unavailable,unavailable,Normal,Industrial,0.9999,2179.1,4,Medium,Stable
22.33777,82.57465,302.94,0.35,0.56,2026-03-23,1934,N20,VIIRS,n,2,291.25,0.81,N,2.0,industrial_direct,3,71,0.0,6573.8,2.7918248175182483,11.59,1.9379155034462177,0.2901,0.8394160583941606,Industrial,unavailable,unavailable,unavailable,Normal,Industrial,0.9999,2170.6,4,Medium,Stable
22.35431,82.80469,330.77,0.65,0.73,2026-03-24,647,N20,VIIRS,n,2,296.93,2.14,D,0.0,unclassified,85,2,4256.8,11071.0,5.525,8.91,4.787112908632927,0.3873,0.0,Natural Fire,unavailable,unavailable,unavailable,Normal,Natural Fire,0.9986,5733.2,0,Low,Escalating
22.15169,82.34282,332.6,0.45,0.63,2026-03-24,827,N20,VIIRS,l,2,305.0,1.7,D,0.0,unclassified,-1,0,4469.4,33848.1,,,,,,Natural Fire,unavailable,unavailable,unavailable,Normal,Natural Fire,0.9996,19743.5,0,Low,Stable
22.26994,82.42036,331.64,0.46,0.64,2026-03-24,827,N20,VIIRS,l,2,303.26,2.0,D,0.0,unclassified,-1,0,7503.8,18713.5,,,,,,Natural Fire,unavailable,unavailable,unavailable,Normal,Natural Fire,0.9999,8383.1,0,Low,Stable
22.3318,82.605,331.67,0.47,0.64,2026-03-24,827,N20,VIIRS,l,2,303.6,2.93,D,2.0,industrial_nearby,5,73,53.3,8875.8,2.765913043478261,15.28,2.376793836187871,1.0593,0.8260869565217391,Industrial,unavailable,unavailable,unavailable,Normal,Industrial,0.9986,514.5,5,High,Stable
22.35954,82.30457,337.96,0.45,0.63,2026-03-24,827,N20,VIIRS,n,2,307.7,8.72,D,2.0,industrial_direct,2,96,0.0,25164.4,3.5459414225941424,26.78,3.275989787681158,2.4591,0.7489539748953975,Industrial,unavailable,unavailable,unavailable,Normal,Industrial,0.9986,7215.0,3,Medium,Stable
22.3574,82.30392,325.53,0.44,0.62,2026-03-24,2055,N20,VIIRS,n,2,294.58,3.8,N,2.0,industrial_direct,2,96,0.0,25265.6,3.5459414225941424,26.78,3.275989787681158,1.0716,0.7489539748953975,Industrial,unavailable,unavailable,unavailable,Normal,Industrial,0.9987,7338.6,3,Medium,Stable
22.31489,82.52426,303.5,0.45,0.63,2026-03-24,2055,N20,VIIRS,n,2,291.28,1.37,N,2.0,industrial_nearby,1,98,46.5,8774.6,2.508492063492064,11.71,1.680059238942467,0.5461,0.9232804232804231,Industrial,unavailable,unavailable,unavailable,Normal,Industrial,0.9999,645.1,5,High,Stable
22.31332,82.52463,304.79,0.45,0.63,2026-03-24,2055,N20,VIIRS,n,2,291.79,3.04,N,2.0,industrial_direct,1,98,0.0,8932.5,2.508492063492064,11.71,1.680059238942467,1.2119,0.9232804232804231,Industrial,unavailable,unavailable,unavailable,Normal,Industrial,0.9996,495.2,6,High,Stable
22.36394,82.30119,306.58,0.44,0.62,2026-03-24,2055,N20,VIIRS,n,2,291.23,1.92,N,2.0,industrial_nearby,2,96,24.5,25444.4,3.5459414225941424,26.78,3.275989787681158,0.5415,0.7489539748953975,Industrial,unavailable,unavailable,unavailable,Normal,Industrial,0.9996,7429.6,3,Medium,Stable
22.31704,82.53468,304.48,0.46,0.63,2026-03-24,2055,N20,VIIRS,n,2,292.51,1.43,N,2.0,industrial_direct,1,98,0.0,8318.3,2.508492063492064,11.71,1.680059238942467,0.5701,0.9232804232804231,Industrial,unavailable,unavailable,unavailable,Normal,Industrial,0.9999,486.2,6,High,Stable
22.35479,82.30281,305.43,0.44,0.62,2026-03-24,2055,N20,VIIRS,n,2,291.32,2.29,N,2.0,industrial_direct,2,96,0.0,25424.1,3.5459414225941424,26.78,3.275989787681158,0.6458,0.7489539748953975,Industrial,unavailable,unavailable,unavailable,Normal,Industrial,0.9995,7322.7,3,Medium,Stable
22.36135,82.30007,311.33,0.44,0.62,2026-03-24,2055,N20,VIIRS,n,2,291.25,3.38,N,2.0,industrial_direct,2,96,0.0,25595.6,3.5459414225941424,26.78,3.275989787681158,0.9532,0.7489539748953975,Industrial,unavailable,unavailable,unavailable,Normal,Industrial,0.9985,7608.0,3,Medium,Stable
22.36039,82.30419,322.84,0.44,0.62,2026-03-24,2055,N20,VIIRS,n,2,293.38,2.29,N,2.0,industrial_direct,2,96,0.0,25189.8,3.5459414225941424,26.78,3.275989787681158,0.6458,0.7489539748953975,Industrial,unavailable,unavailable,unavailable,Normal,Industrial,0.9994,7226.1,3,Medium,Stable
22.31856,82.53429,305.58,0.45,0.63,2026-03-24,2055,N20,VIIRS,n,2,292.33,1.31,N,2.0,industrial_direct,1,98,0.0,8158.2,2.508492063492064,11.71,1.680059238942467,0.5222,0.9232804232804231,Industrial,unavailable,unavailable,unavailable,Normal,Industrial,0.9999,562.8,5,High,Stable
22.31389,82.52856,306.92,0.45,0.63,2026-03-24,2055,N20,VIIRS,n,2,292.77,1.37,N,2.0,industrial_direct,1,98,0.0,8776.2,2.508492063492064,11.71,1.680059238942467,0.5461,0.9232804232804231,Industrial,unavailable,unavailable,unavailable,Normal,Industrial,0.9999,609.1,5,High,Stable
22.33823,82.55308,306.31,0.46,0.63,2026-03-24,2055,N20,VIIRS,n,2,290.84,1.03,N,0.0,industrial_direct,4,61,0.0,5913.9,2.2546153846153847,13.9,1.6402420650106009,0.4568,0.8632478632478633,Industrial,unavailable,unavailable,unavailable,Normal,Industrial,0.9999,2036.5,4,Medium,Stable
22.33723,82.55737,303.88,0.46,0.63,2026-03-24,2055,N20,VIIRS,n,2,291.33,1.21,N,0.0,industrial_direct,4,61,0.0,6087.5,2.2546153846153847,13.9,1.6402420650106009,0.5367,0.8632478632478633,Industrial,unavailable,unavailable,unavailable,Normal,Industrial,0.9999,2113.5,4,Medium,Stable
22.48197,82.50809,307.12,0.45,0.63,2026-03-24,2055,N20,VIIRS,n,2,290.68,0.89,N,0.0,unclassified,-1,0,3042.8,10051.4,,,,,,Natural Fire,unavailable,unavailable,unavailable,Normal,Natural Fire,0.9989,12879.8,0,Low,Stable
22.47632,82.50665,309.14,0.45,0.63,2026-03-24,2055,N20,VIIRS,n,2,290.64,0.89,N,0.0,unclassified,-1,0,2503.0,9959.4,,,,,,Natural Fire,unavailable,unavailable,unavailable,Normal,Natural Fire,0.9989,12623.1,0,Low,Stable
22.33279,82.60236,312.22,0.46,0.63,2026-03-24,2055,N20,VIIRS,n,2,291.03,1.48,N,2.0,industrial_direct,5,73,0.0,8613.7,2.765913043478261,15.28,2.376793836187871,0.5351,0.8260869565217391,Industrial,unavailable,unavailable,unavailable,Normal,Industrial,0.9998,777.7,5,High,Stable
22.57911,82.96268,332.59,0.5,0.49,2026-03-25,808,N20,VIIRS,n,2,301.3,7.16,D,0.0,unclassified,86,1,29528.9,30325.3,7.935,8.71,1.0960155108391492,0.9023,0.0,Natural Fire,unavailable,unavailable,unavailable,Normal,Natural Fire,0.9881,8573.0,0,Low,Escalating
22.57668,82.96196,334.41,0.5,0.49,2026-03-25,808,N20,VIIRS,n,2,302.1,8.71,D,0.0,unclassified,86,1,29296.1,30118.0,7.935,8.71,1.0960155108391492,1.0977,0.0,Natural Fire,unavailable,unavailable,unavailable,Normal,Natural Fire,0.9973,8471.9,0,Low,Escalating
22.52008,82.58543,333.36,0.47,0.48,2026-03-25,808,N20,VIIRS,l,2,305.13,3.06,D,0.0,unclassified,-1,0,2977.8,13211.8,,,,,,Natural Fire,unavailable,unavailable,unavailable,Normal,Natural Fire,0.9998,12374.9,0,Low,Stable
22.22583,82.50594,332.29,0.46,0.47,2026-03-25,808,N20,VIIRS,n,2,301.63,2.7,D,0.0,unclassified,-1,0,7241.6,18800.4,,,,,,Natural Fire,unavailable,unavailable,unavailable,Normal,Natural Fire,0.9996,8080.4,0,Low,Stable
22.43579,82.75114,334.95,0.48,0.48,2026-03-25,808,N20,VIIRS,n,2,302.24,5.05,D,0.0,unclassified,89,1,3654.8,3769.5,3.965,5.05,1.534421715174808,1.2736,0.0,Natural Fire,unavailable,unavailable,unavailable,Normal,Natural Fire,0.9989,8648.8,0,Low,Stable
22.47689,83.051,331.39,0.5,0.49,2026-03-25,808,N20,VIIRS,n,2,300.78,3.0,D,0.0,unclassified,90,1,32324.8,28180.3,3.215,3.43,0.3040559159102157,0.9331,0.0,Natural Fire,unavailable,unavailable,unavailable,Normal,Natural Fire,0.9987,1704.0,1,Low,Escalating
22.12653,82.7365,334.13,0.47,0.48,2026-03-25,808,N20,VIIRS,n,2,303.85,3.18,D,0.0,unclassified,-1,0,4207.9,22113.1,,,,,,Natural Fire,unavailable,unavailable,unavailable,Normal,Natural Fire,0.9995,11488.8,0,Low,Stable
22.20127,83.00582,338.94,0.49,0.49,2026-03-25,808,N20,VIIRS,n,2,301.43,3.66,D,0.0,unclassified,-1,0,19274.9,15717.1,,,,,,Natural Fire,unavailable,unavailable,unavailable,Normal,Natural Fire,0.9911,17571.1,0,Low,Stable
22.23707,82.84194,333.06,0.48,0.48,2026-03-25,808,N20,VIIRS,n,2,302.56,2.02,D,0.0,unclassified,91,1,1919.9,5753.0,1.735,2.02,0.403050865276332,1.1643,0.0,Natural Fire,unavailable,unavailable,unavailable,Normal,Natural Fire,0.9936,9889.7,0,Low,Stable
22.23616,82.84344,331.48,0.48,0.48,2026-03-25,808,N20,VIIRS,l,2,301.57,1.45,D,0.0,unclassified,91,1,2091.6,5743.0,1.735,2.02,0.403050865276332,0.8357,0.0,Natural Fire,unavailable,unavailable,unavailable,Normal,Natural Fire,0.9949,10069.2,0,Low,Stable
22.22199,82.51096,336.74,0.46,0.47,2026-03-25,808,N20,VIIRS,n,2,302.72,3.02,D,0.0,unclassified,-1,0,7537.3,19108.4,,,,,,Natural Fire,unavailable,unavailable,unavailable,Normal,Natural Fire,0.9999,8537.0,0,Low,Stable
22.19371,82.77698,345.0,0.48,0.48,2026-03-25,808,N20,VIIRS,n,2,302.61,4.63,D,0.0,unclassified,-1,0,6882.8,13841.1,,,,,,Natural Fire,unavailable,unavailable,unavailable,Normal,Natural Fire,0.9999,9567.2,0,Low,Stable
22.33441,82.55755,335.06,0.47,0.47,2026-03-25,808,N20,VIIRS,n,2,304.92,2.91,D,0.0,industrial_direct,4,61,0.0,6398.1,2.2546153846153847,13.9,1.6402420650106009,1.2907,0.8632478632478633,Industrial,unavailable,unavailable,unavailable,Normal,Industrial,0.9996,1850.7,4,Medium,Stable
22.41627,82.97285,336.78,0.49,0.49,2026-03-25,808,N20,VIIRS,n,2,301.89,3.19,D,0.0,unclassified,-1,0,22461.0,18003.2,,,,,,Natural Fire,unavailable,unavailable,unavailable,Normal,Natural Fire,0.9993,11120.7,0,Low,Stable
22.35439,82.30705,333.96,0.45,0.47,2026-03-25,808,N20,VIIRS,l,2,308.89,2.26,D,2.0,industrial_direct,2,96,0.0,25000.7,3.5459414225941424,26.78,3.275989787681158,0.6373,0.7489539748953975,Industrial,unavailable,unavailable,unavailable,Normal,Industrial,0.9992,6905.4,3,Medium,Stable
22.35868,82.30647,342.62,0.45,0.47,2026-03-25,808,N20,VIIRS,n,2,307.65,4.5,D,2.0,industrial_direct,2,96,0.0,24984.7,3.5459414225941424,26.78,3.275989787681158,1.2691,0.7489539748953975,Industrial,unavailable,unavailable,unavailable,Normal,Industrial,0.9984,7056.6,3,Medium,Stable
22.43633,82.74973,330.64,0.48,0.48,2026-03-25,808,N20,VIIRS,l,2,303.44,2.88,D,0.0,unclassified,89,1,3701.4,3635.5,3.965,5.05,1.534421715174808,0.7264,0.0,Natural Fire,unavailable,unavailable,unavailable,Normal,Natural Fire,0.9987,8663.4,0,Low,Stable
22.47506,83.04948,334.06,0.5,0.49,2026-03-25,808,N20,VIIRS,n,2,301.04,3.43,D,0.0,unclassified,90,1,32122.7,27924.3,3.215,3.43,0.3040559159102157,1.0669,0.0,Natural Fire,unavailable,unavailable,unavailable,Normal,Natural Fire,0.9993,1747.7,1,Low,Escalating
22.35479,82.78349,338.71,0.48,0.48,2026-03-25,808,N20,VIIRS,n,2,305.36,3.21,D,0.0,unclassified,-1,0,3356.7,10971.1,,,,,,Natural Fire,unavailable,unavailable,unavailable,Normal,Natural Fire,0.9988,5180.7,0,Low,Stable
22.48939,82.89188,305.09,0.48,0.48,2026-03-25,2036,N20,VIIRS,n,2,292.02,1.54,N,0.0,unclassified,87,2,17698.7,19334.9,1.65,1.76,0.1555634918610405,0.9333,1.0,Natural Fire,unavailable,unavailable,unavailable,Normal,Natural Fire,0.9999,13442.6,0,Low,Escalating
22.36181,82.30195,324.4,0.44,0.46,2026-03-25,2037,N20,VIIRS,n,2,294.97,3.0,N,2.0,industrial_direct,2,96,0.0,25396.9,3.5459414225941424,26.78,3.275989787681158,0.846,0.7489539748953975,Industrial,unavailable,unavailable,unavailable,Normal,Industrial,0.9988,7407.8,3,Medium,Stable
22.3325,82.60408,318.42,0.46,0.47,2026-03-25,2037,N20,VIIRS,n,2,293.64,2.44,N,2.0,industrial_nearby,5,73,72.2,8754.9,2.765913043478261,15.28,2.376793836187871,0.8822,0.8260869565217391,Industrial,unavailable,unavailable,unavailable,Normal,Industrial,0.9987,636.0,5,High,Stable
22.33783,82.55496,321.15,0.46,0.47,2026-03-25,2037,N20,VIIRS,n,2,293.13,2.17,N,0.0,industrial_direct,4,61,0.0,5982.1,2.2546153846153847,13.9,1.6402420650106009,0.9625,0.8632478632478633,Industrial,unavailable,unavailable,unavailable,Normal,Industrial,0.9998,2073.1,4,Medium,Stable
22.33344,82.57703,303.85,0.46,0.47,2026-03-25,2037,N20,VIIRS,n,2,292.77,0.71,N,2.0,industrial_direct,3,71,0.0,7112.0,2.7918248175182483,11.59,1.9379155034462177,0.2543,0.8394160583941606,Industrial,unavailable,unavailable,unavailable,Normal,Industrial,0.9999,1687.4,4,Medium,Stable
22.36098,82.30611,320.78,0.44,0.46,2026-03-25,2037,N20,VIIRS,n,2,293.03,2.48,N,0.0,industrial_nearby,2,96,10.5,24984.9,3.5459414225941424,26.78,3.275989787681158,0.6994,0.7489539748953975,Industrial,unavailable,unavailable,unavailable,Normal,Industrial,0.9992,7018.0,3,Medium,Stable
22.31245,82.52657,306.04,0.46,0.47,2026-03-25,2037,N20,VIIRS,n,2,293.85,1.49,N,2.0,industrial_direct,1,98,0.0,8977.3,2.508492063492064,11.71,1.680059238942467,0.594,0.9232804232804231,Industrial,unavailable,unavailable,unavailable,Normal,Industrial,0.9999,525.4,5,High,Stable
22.31582,82.53185,312.41,0.46,0.47,2026-03-25,2037,N20,VIIRS,n,2,295.46,3.07,N,2.0,industrial_direct,1,98,0.0,8499.8,2.508492063492064,11.71,1.680059238942467,1.2238,0.9232804232804231,Industrial,unavailable,unavailable,unavailable,Normal,Industrial,0.9996,432.7,6,High,Stable
22.35763,82.30103,314.35,0.44,0.46,2026-03-25,2037,N20,VIIRS,n,2,293.98,2.21,N,2.0,industrial_direct,2,96,0.0,25556.0,3.5459414225941424,26.78,3.275989787681158,0.6232,0.7489539748953975,Industrial,unavailable,unavailable,unavailable,Normal,Industrial,0.9995,7618.5,3,Medium,Stable
22.35679,82.30521,318.07,0.44,0.46,2026-03-25,2037,N20,VIIRS,n,2,296.91,3.1,N,2.0,industrial_direct,2,96,0.0,25144.8,3.5459414225941424,26.78,3.275989787681158,0.8742,0.7489539748953975,Industrial,unavailable,unavailable,unavailable,Normal,Industrial,0.9984,7189.6,3,Medium,Stable
22.20309,82.52605,303.8,0.46,0.47,2026-03-25,2037,N20,VIIRS,n,2,291.5,0.57,N,0.0,unclassified,-1,0,9495.0,20950.6,,,,,,Natural Fire,unavailable,unavailable,unavailable,Normal,Natural Fire,0.9999,10455.4,0,Low,Stable
22.17565,82.55172,313.98,0.46,0.47,2026-03-25,2037,N20,VIIRS,n,2,292.24,1.43,N,0.0,unclassified,88,1,12836.2,23885.2,1.275,1.43,0.2192031021678295,1.1216,1.0,Natural Fire,unavailable,unavailable,unavailable,Normal,Natural Fire,0.9961,12674.4,0,Low,Stable
22.1779,82.54896,310.84,0.46,0.47,2026-03-25,2037,N20,VIIRS,n,2,291.72,1.12,N,0.0,unclassified,88,1,12533.4,23631.7,1.275,1.43,0.2192031021678295,0.8784,1.0,Natural Fire,unavailable,unavailable,unavailable,Normal,Natural Fire,0.9994,12478.6,0,Low,Stable
22.5761,82.62382,334.12,0.41,0.37,2026-03-26,749,N20,VIIRS,l,2,307.67,2.19,D,0.0,unclassified,-1,0,8929.8,15908.7,,,,,,Natural Fire,unavailable,unavailable,unavailable,Normal,Natural Fire,0.9998,18442.4,0,Low,Stable
22.58364,82.5783,335.03,0.41,0.37,2026-03-26,749,N20,VIIRS,l,2,309.25,3.06,D,0.0,unclassified,-1,0,9821.6,11303.0,,,,,,Natural Fire,unavailable,unavailable,unavailable,Normal,Natural Fire,0.9989,19439.4,0,Low,Stable
22.55516,82.6235,336.53,0.41,0.37,2026-03-26,749,N20,VIIRS,l,2,310.95,2.13,D,0.0,unclassified,-1,0,6692.7,15965.6,,,,,,Natural Fire,unavailable,unavailable,unavailable,Normal,Natural Fire,0.9998,16129.9,0,Low,Stable
22.51967,82.59641,338.65,0.41,0.37,2026-03-26,749,N20,VIIRS,l,2,313.28,4.55,D,0.0,unclassified,95,1,2499.8,14260.2,6.525,8.5,2.7930717856868625,0.6973,0.0,Natural Fire,unavailable,unavailable,unavailable,Normal,Natural Fire,0.9996,12183.1,0,Low,Escalating
22.52023,82.60039,352.38,0.41,0.37,2026-03-26,749,N20,VIIRS,n,2,315.36,8.5,D,0.0,unclassified,95,1,2491.8,14613.0,6.525,8.5,2.7930717856868625,1.3027,0.0,Natural Fire,unavailable,unavailable,unavailable,Normal,Natural Fire,0.9999,12216.9,0,Low,Escalating
22.54666,82.81215,335.6,0.42,0.37,2026-03-26,749,N20,VIIRS,l,2,307.81,5.62,D,0.0,unclassified,96,1,17255.9,16268.4,4.76,5.62,1.2162236636408617,1.1807,0.0,Natural Fire,unavailable,unavailable,unavailable,Normal,Natural Fire,0.9991,6098.7,0,Low,Stable
22.46669,82.96464,342.41,0.42,0.38,2026-03-26,749,N20,VIIRS,n,2,308.59,8.38,D,0.0,unclassified,97,1,23466.8,22549.0,6.15,8.38,3.1536962440920027,1.3626,0.0,Natural Fire,unavailable,unavailable,unavailable,Normal,Natural Fire,0.9971,9744.5,0,Low,Stable
22.56412,82.93668,331.44,0.42,0.38,2026-03-26,749,N20,VIIRS,l,2,305.34,2.12,D,0.0,unclassified,-1,0,26429.3,27178.1,,,,,,Natural Fire,unavailable,unavailable,unavailable,Normal,Natural Fire,0.999,10119.9,0,Low,Stable
22.20327,82.70781,339.74,0.41,0.37,2026-03-26,749,N20,VIIRS,l,2,311.31,2.91,D,0.0,unclassified,98,1,3517.0,19201.6,2.91,2.91,0.0,1.0,0.0,Natural Fire,unavailable,unavailable,unavailable,Normal,Natural Fire,0.9999,12881.4,0,Low,Stable
22.19987,82.70835,342.6,0.41,0.37,2026-03-26,749,N20,VIIRS,n,2,313.51,2.91,D,0.0,unclassified,98,1,3883.8,19318.4,2.91,2.91,0.0,1.0,0.0,Natural Fire,unavailable,unavailable,unavailable,Normal,Natural Fire,0.9995,13182.8,0,Low,Stable
22.20043,82.71232,336.87,0.41,0.37,2026-03-26,749,N20,VIIRS,l,2,311.47,2.91,D,0.0,unclassified,98,1,3749.8,18925.5,2.91,2.91,0.0,1.0,0.0,Natural Fire,unavailable,unavailable,unavailable,Normal,Natural Fire,0.9999,12936.0,0,Low,Stable
22.22744,82.90385,336.39,0.42,0.37,2026-03-26,749,N20,VIIRS,l,2,311.14,3.49,D,0.0,unclassified,-1,0,8391.0,6252.9,,,,,,Natural Fire,unavailable,unavailable,unavailable,Normal,Natural Fire,0.9995,11435.5,0,Low,Stable
22.21577,83.02141,344.52,0.42,0.38,2026-03-26,749,N20,VIIRS,n,2,309.95,4.27,D,0.0,unclassified,77,2,20571.3,16343.3,2.4966666666666666,4.27,1.535751716044404,1.7103,0.0,Natural Fire,unavailable,unavailable,unavailable,Normal,Natural Fire,0.9993,19808.8,0,Low,Escalating
22.18138,82.82496,345.08,0.41,0.37,2026-03-26,749,N20,VIIRS,n,2,309.64,4.59,D,0.0,unclassified,-1,0,6373.8,11955.2,,,,,,Natural Fire,unavailable,unavailable,unavailable,Normal,Natural Fire,0.9999,5354.5,0,Low,Stable
22.12683,82.48689,341.99,0.4,0.37,2026-03-26,749,N20,VIIRS,n,2,309.74,4.45,D,0.0,unclassified,-1,0,18358.2,29928.3,,,,,,Natural Fire,unavailable,unavailable,unavailable,Normal,Natural Fire,0.999,19113.3,0,Low,Stable
22.23487,82.90675,339.58,0.42,0.37,2026-03-26,749,N20,VIIRS,l,2,313.44,4.13,D,0.0,unclassified,-1,0,8589.7,5671.3,,,,,,Natural Fire,unavailable,unavailable,unavailable,Normal,Natural Fire,0.9997,12298.6,0,Low,Stable
22.19454,83.02062,342.68,0.42,0.38,2026-03-26,749,N20,VIIRS,n,2,311.77,4.08,D,0.0,unclassified,-1,0,20933.2,17404.4,,,,,,Natural Fire,unavailable,unavailable,unavailable,Normal,Natural Fire,0.9959,18361.0,0,Low,Stable
22.13358,82.68266,344.85,0.41,0.37,2026-03-26,749,N20,VIIRS,n,2,313.09,6.43,D,0.0,unclassified,-1,0,1827.3,25562.2,,,,,,Natural Fire,unavailable,unavailable,unavailable,Normal,Natural Fire,0.997,16989.8,0,Low,Stable
22.15227,83.06433,340.54,0.42,0.38,2026-03-26,749,N20,VIIRS,n,2,311.32,2.93,D,0.0,unclassified,-1,0,26652.4,23767.8,,,,,,Natural Fire,unavailable,unavailable,unavailable,Normal,Natural Fire,0.9975,20518.4,0,Low,Stable
22.11668,83.06169,342.25,0.42,0.38,2026-03-26,749,N20,VIIRS,n,2,312.85,3.85,D,0.0,unclassified,99,1,28075.1,26082.9,6.7075,7.66,1.905,0.574,0.0,Natural Fire,unavailable,unavailable,unavailable,Normal,Natural Fire,0.9996,19546.9,0,Low,Escalating
22.11724,83.06575,339.78,0.42,0.38,2026-03-26,749,N20,VIIRS,n,2,314.61,7.66,D,0.0,unclassified,99,1,28413.2,26346.6,6.7075,7.66,1.905,1.142,0.0,Natural Fire,unavailable,unavailable,unavailable,Normal,Natural Fire,0.9988,19969.6,0,Low,Escalating
22.1178,83.0698,335.1,0.42,0.38,2026-03-26,749,N20,VIIRS,l,2,309.31,7.66,D,0.0,unclassified,99,1,28752.6,26613.7,6.7075,7.66,1.905,1.142,0.0,Natural Fire,unavailable,unavailable,unavailable,Normal,Natural Fire,0.9995,20391.3,0,Low,Escalating
22.11379,83.06629,346.98,0.42,0.38,2026-03-26,749,N20,VIIRS,n,2,314.35,7.66,D,0.0,unclassified,99,1,28645.4,26647.8,6.7075,7.66,1.905,1.142,0.0,Natural Fire,unavailable,unavailable,unavailable,Normal,Natural Fire,0.9975,19996.0,0,Low,Escalating
22.54722,82.81612,334.51,0.42,0.37,2026-03-26,749,N20,VIIRS,n,2,305.99,3.9,D,0.0,unclassified,96,1,17474.8,16571.0,4.76,5.62,1.2162236636408617,0.8193,0.0,Natural Fire,unavailable,unavailable,unavailable,Normal,Natural Fire,0.9984,5905.4,0,Low,Stable
22.18206,82.98113,344.72,0.42,0.38,2026-03-26,749,N20,VIIRS,n,2,310.4,4.52,D,0.0,unclassified,-1,0,17457.7,15076.0,,,,,,Natural Fire,unavailable,unavailable,unavailable,Normal,Natural Fire,0.999,14253.8,0,Low,Stable
22.28082,82.73587,339.55,0.41,0.37,2026-03-26,749,N20,VIIRS,l,2,313.56,4.07,D,0.0,unclassified,100,1,3159.3,14407.1,3.645000000000001,4.07,0.6010407640085655,1.1166,0.0,Natural Fire,unavailable,unavailable,unavailable,Normal,Natural Fire,0.9997,4279.5,0,Low,Stable
22.13841,82.32604,339.99,0.4,0.37,2026-03-26,749,N20,VIIRS,l,2,313.39,6.11,D,0.0,unclassified,-1,0,2422.7,36077.7,,,,,,Natural Fire,unavailable,unavailable,unavailable,Normal,Natural Fire,0.9991,21487.0,0,Low,Stable
22.30043,82.851,341.45,0.42,0.37,2026-03-26,749,N20,VIIRS,l,2,311.61,4.54,D,0.0,unclassified,101,2,7145.7,3458.7,4.05,4.54,0.6929646455628163,1.121,0.0,Natural Fire,unavailable,unavailable,unavailable,Normal,Natural Fire,0.9998,7387.9,0,Low,Stable
22.49928,82.59985,340.07,0.41,0.37,2026-03-26,749,N20,VIIRS,l,2,313.99,4.02,D,0.0,industrial_nearby,39,2,239.4,12569.9,4.449999999999999,4.88,0.6081118318204308,0.9034,0.0,Unknown,unavailable,unavailable,unavailable,Normal,Unknown,0.9998,9904.7,3,Medium,Stable
22.50013,82.7298,343.56,0.41,0.37,2026-03-26,749,N20,VIIRS,n,2,315.09,5.31,D,0.0,unclassified,-1,0,9421.7,7823.8,,,,,,Natural Fire,unavailable,unavailable,unavailable,Normal,Natural Fire,0.9993,15187.9,0,Low,Stable
22.28026,82.7319,337.44,0.41,0.37,2026-03-26,749,N20,VIIRS,l,2,311.78,3.22,D,0.0,unclassified,100,1,3202.7,14815.2,3.645000000000001,4.07,0.6010407640085655,0.8834,0.0,Natural Fire,unavailable,unavailable,unavailable,Normal,Natural Fire,0.9995,4640.2,0,Low,Stable
22.44056,82.85354,349.99,0.42,0.37,2026-03-26,749,N20,VIIRS,n,2,313.14,4.81,D,0.0,unclassified,-1,0,11708.6,14311.5,,,,,,Natural Fire,unavailable,unavailable,unavailable,Normal,Natural Fire,0.9999,15809.6,0,Low,Stable
22.35923,82.30534,352.18,0.4,0.37,2026-03-26,749,N20,VIIRS,n,2,318.77,7.8,D,2.0,industrial_direct,2,96,0.0,25090.9,3.5459414225941424,26.78,3.275989787681158,2.1997,0.7489539748953975,Industrial,unavailable,unavailable,unavailable,Normal,Industrial,0.9983,7149.2,3,Medium,Stable
22.35304,82.31033,355.11,0.4,0.37,2026-03-26,749,N20,VIIRS,n,2,312.71,16.54,D,0.0,industrial_nearby,2,96,338.4,24693.5,3.5459414225941424,26.78,3.275989787681158,4.6645,0.7489539748953975,Industrial,0.3672,0.083,-0.4201,Abnormal spike,Industrial,0.998,6536.1,6,High,Abnormal
22.34967,82.31088,347.24,0.4,0.37,2026-03-26,749,N20,VIIRS,l,2,320.6,26.78,D,0.0,industrial_nearby,2,96,438.5,24706.1,3.5459414225941424,26.78,3.275989787681158,7.5523,0.7489539748953975,Industrial,0.2911,0.1168,-0.3931,Abnormal spike,Industrial,0.998,6338.0,6,High,Abnormal
22.35023,82.31476,338.14,0.4,0.37,2026-03-26,749,N20,VIIRS,l,2,310.89,18.81,D,0.0,industrial_nearby,2,96,808.0,24302.0,3.5459414225941424,26.78,3.275989787681158,5.3047,0.7489539748953975,Industrial,0.4261,0.075,-0.4926,Abnormal spike,Industrial,0.9982,5992.7,6,High,Abnormal
22.42235,82.82365,337.22,0.42,0.37,2026-03-26,749,N20,VIIRS,l,2,309.57,3.6,D,0.0,unclassified,-1,0,8154.4,11232.3,,,,,,Natural Fire,unavailable,unavailable,unavailable,Normal,Natural Fire,0.999,12130.6,0,Low,Stable
22.46897,82.96082,339.22,0.42,0.38,2026-03-26,749,N20,VIIRS,n,2,308.34,3.92,D,0.0,unclassified,97,1,23170.2,22630.2,6.15,8.38,3.1536962440920027,0.6374,0.0,Natural Fire,unavailable,unavailable,unavailable,Normal,Natural Fire,0.9985,9834.9,0,Low,Stable
22.38651,82.79255,347.15,0.41,0.37,2026-03-26,749,N20,VIIRS,n,2,315.81,10.17,D,0.0,unclassified,78,2,4635.7,9372.4,6.98,10.17,2.936341260821024,1.457,0.0,Natural Fire,unavailable,unavailable,unavailable,Normal,Natural Fire,0.9999,7416.4,0,Low,Escalating
22.39823,82.87682,333.1,0.42,0.37,2026-03-26,749,N20,VIIRS,l,2,307.5,1.59,D,0.0,unclassified,-1,0,13010.9,13133.9,,,,,,Natural Fire,unavailable,unavailable,unavailable,Normal,Natural Fire,0.9998,14143.6,0,Low,Stable
22.4093,83.00764,338.69,0.42,0.38,2026-03-26,749,N20,VIIRS,n,2,310.66,4.93,D,0.0,unclassified,102,2,25416.5,19599.3,5.83,6.73,1.272792206135786,0.8456,0.0,Natural Fire,unavailable,unavailable,unavailable,Normal,Natural Fire,0.9999,8815.0,0,Low,Escalating
22.33615,82.55704,338.42,0.41,0.37,2026-03-26,749,N20,VIIRS,l,2,312.72,4.04,D,0.0,industrial_direct,4,61,0.0,6199.3,2.2546153846153847,13.9,1.6402420650106009,1.7919,0.8632478632478633,Industrial,unavailable,unavailable,unavailable,Normal,Industrial,0.9997,1991.9,4,Medium,Stable
22.36381,82.90696,336.05,0.42,0.37,2026-03-26,749,N20,VIIRS,l,2,310.84,1.98,D,0.0,unclassified,-1,0,13948.6,9782.5,,,,,,Natural Fire,unavailable,unavailable,unavailable,Normal,Natural Fire,0.9987,14503.8,0,Low,Stable
22.38207,83.0663,334.86,0.42,0.38,2026-03-26,749,N20,VIIRS,l,2,307.4,1.56,D,0.0,unclassified,-1,0,29501.2,22460.0,,,,,,Natural Fire,unavailable,unavailable,unavailable,Normal,Natural Fire,0.9708,9448.8,0,Low,Stable
22.41157,82.79669,346.59,0.41,0.37,2026-03-26,749,N20,VIIRS,n,2,313.72,5.53,D,0.0,unclassified,-1,0,5179.6,8681.3,,,,,,Natural Fire,unavailable,unavailable,unavailable,Normal,Natural Fire,0.9997,9177.1,0,Low,Stable
22.32418,82.97101,348.85,0.42,0.38,2026-03-26,749,N20,VIIRS,n,2,310.57,6.45,D,0.0,unclassified,-1,0,17781.2,10765.1,,,,,,Natural Fire,unavailable,unavailable,unavailable,Normal,Natural Fire,0.9919,18655.6,0,Low,Stable
22.57208,82.63316,305.18,0.41,0.37,2026-03-26,2018,N20,VIIRS,n,2,294.89,1.62,N,0.0,unclassified,-1,0,8740.5,16860.2,,,,,,Natural Fire,unavailable,unavailable,unavailable,Normal,Natural Fire,0.9999,18103.7,0,Low,Stable
22.54613,82.72434,305.55,0.41,0.37,2026-03-26,2018,N20,VIIRS,n,2,294.78,1.4,N,0.0,unclassified,92,3,11800.5,12801.6,1.0775,1.53,0.4552929459882578,1.2993,1.0,Natural Fire,unavailable,unavailable,unavailable,Normal,Natural Fire,0.9998,12573.2,0,Low,Stable
22.54484,82.75233,305.59,0.41,0.37,2026-03-26,2018,N20,VIIRS,n,2,293.65,1.47,N,0.0,unclassified,-1,0,14245.9,13198.6,,,,,,Natural Fire,unavailable,unavailable,unavailable,Normal,Natural Fire,0.9991,10185.4,0,Low,Stable
22.55098,82.75723,310.69,0.41,0.37,2026-03-26,2018,N20,VIIRS,n,2,294.17,0.83,N,0.0,unclassified,93,2,15001.4,13999.2,1.7344444444444445,6.16,1.8615995213197112,0.4785,0.7777777777777778,Natural Fire,unavailable,unavailable,unavailable,Normal,Natural Fire,0.9987,9383.7,0,Low,Stable
22.55163,82.7534,304.32,0.41,0.37,2026-03-26,2018,N20,VIIRS,n,2,293.5,0.83,N,0.0,unclassified,93,2,14686.8,13950.3,1.7344444444444445,6.16,1.8615995213197112,0.4785,0.7777777777777778,Natural Fire,unavailable,unavailable,unavailable,Normal,Natural Fire,0.9994,9674.4,0,Low,Stable
22.55228,82.7496,308.37,0.41,0.37,2026-03-26,2018,N20,VIIRS,n,2,294.34,1.15,N,0.0,unclassified,93,2,14379.2,13913.6,1.7344444444444445,6.16,1.8615995213197112,0.663,0.7777777777777778,Natural Fire,unavailable,unavailable,unavailable,Normal,Natural Fire,0.9995,9970.0,0,Low,Stable
22.56281,82.68771,304.33,0.41,0.37,2026-03-26,2018,N20,VIIRS,n,2,293.41,0.82,N,0.0,unclassified,94,5,10273.6,14874.3,2.9922222222222223,8.74,2.504534776050124,0.274,0.6666666666666666,Natural Fire,unavailable,unavailable,unavailable,Normal,Natural Fire,0.9999,15442.8,0,Low,Stable
22.55438,82.75775,304.41,0.41,0.37,2026-03-26,2018,N20,VIIRS,n,2,293.19,0.83,N,0.0,unclassified,93,2,15225.3,14373.7,1.7344444444444445,6.16,1.8615995213197112,0.4785,0.7777777777777778,Natural Fire,unavailable,unavailable,unavailable,Normal,Natural Fire,0.9992,9133.5,0,Low,Stable
22.55568,82.75011,310.06,0.41,0.37,2026-03-26,2018,N20,VIIRS,n,2,294.49,1.15,N,0.0,unclassified,93,2,14612.7,14291.0,1.7344444444444445,6.16,1.8615995213197112,0.663,0.7777777777777778,Natural Fire,unavailable,unavailable,unavailable,Normal,Natural Fire,0.9996,9737.0,0,Low,Escalating
22.55842,82.75449,305.2,0.41,0.37,2026-03-26,2018,N20,VIIRS,n,2,292.38,0.48,N,0.0,unclassified,93,2,15154.9,14703.4,1.7344444444444445,6.16,1.8615995213197112,0.2767,0.7777777777777778,Natural Fire,unavailable,unavailable,unavailable,Normal,Natural Fire,0.9991,9196.0,0,Low,Escalating
22.5881,82.78495,308.98,0.41,0.37,2026-03-26,2018,N20,VIIRS,n,2,294.35,1.85,N,0.0,unclassified,-1,0,19564.2,18848.1,,,,,,Natural Fire,unavailable,unavailable,unavailable,Normal,Natural Fire,0.9996,5061.8,0,Low,Stable
22.22191,82.38796,306.11,0.4,0.37,2026-03-26,2018,N20,VIIRS,n,2,294.49,1.02,N,0.0,unclassified,-1,0,12708.4,24891.0,,,,,,Natural Fire,unavailable,unavailable,unavailable,Normal,Natural Fire,0.9995,11956.0,0,Low,Stable
22.53745,82.75475,307.83,0.41,0.37,2026-03-26,2018,N20,VIIRS,n,2,293.93,1.47,N,0.0,unclassified,-1,0,14015.8,12498.1,,,,,,Natural Fire,unavailable,unavailable,unavailable,Normal,Natural Fire,0.9991,10489.8,0,Low,Stable
22.55503,82.75392,313.21,0.41,0.37,2026-03-26,2018,N20,VIIRS,n,2,294.15,0.83,N,0.0,unclassified,93,2,14915.9,14326.6,1.7344444444444445,6.16,1.8615995213197112,0.4785,0.7777777777777778,Natural Fire,unavailable,unavailable,unavailable,Normal,Natural Fire,0.9992,9432.5,0,Low,Escalating
22.48861,82.89244,308.16,0.41,0.37,2026-03-26,2018,N20,VIIRS,n,2,294.25,1.76,N,0.0,unclassified,87,2,17700.8,19360.6,1.65,1.76,0.1555634918610405,1.0667,1.0,Natural Fire,unavailable,unavailable,unavailable,Normal,Natural Fire,0.9999,13545.5,0,Low,Escalating
22.33614,82.5527,325.38,0.41,0.37,2026-03-26,2018,N20,VIIRS,n,2,296.23,2.09,N,0.0,industrial_direct,4,61,0.0,6140.0,2.2546153846153847,13.9,1.6402420650106009,0.927,0.8632478632478633,Industrial,unavailable,unavailable,unavailable,Normal,Industrial,0.9998,1807.2,4,Medium,Stable
22.459,82.33678,305.85,0.4,0.37,2026-03-26,2018,N20,VIIRS,n,2,295.21,1.31,N,0.0,unclassified,-1,0,10837.3,17101.4,,,,,,Natural Fire,unavailable,unavailable,unavailable,Normal,Natural Fire,0.9999,7733.7,0,Low,Stable
22.27481,82.41318,308.42,0.4,0.37,2026-03-26,2018,N20,VIIRS,n,2,294.45,1.66,N,0.0,unclassified,-1,0,7149.1,18862.5,,,,,,Natural Fire,unavailable,unavailable,unavailable,Normal,Natural Fire,0.9999,7500.0,0,Low,Stable
22.31086,82.52824,309.85,0.4,0.37,2026-03-26,2018,N20,VIIRS,n,2,295.78,1.4,N,2.0,industrial_nearby,1,98,100.9,9111.1,2.508492063492064,11.71,1.680059238942467,0.5581,0.9232804232804231,Industrial,unavailable,unavailable,unavailable,Normal,Industrial,0.9999,332.4,6,High,Stable
22.31151,82.52436,307.45,0.4,0.37,2026-03-26,2018,N20,VIIRS,n,2,294.87,1.4,N,2.0,industrial_direct,1,98,0.0,9133.4,2.508492063492064,11.71,1.680059238942467,0.5581,0.9232804232804231,Industrial,unavailable,unavailable,unavailable,Normal,Industrial,0.9999,306.9,6,High,Stable
22.31357,82.53277,307.41,0.4,0.37,2026-03-26,2018,N20,VIIRS,n,2,295.26,1.04,N,2.0,industrial_nearby,1,98,84.6,8728.7,2.508492063492064,11.71,1.680059238942467,0.4146,0.9232804232804231,Industrial,unavailable,unavailable,unavailable,Normal,Industrial,0.9999,189.0,6,High,Stable
22.31618,82.51724,310.12,0.4,0.37,2026-03-26,2018,N20,VIIRS,n,2,297.49,1.89,N,2.0,industrial_direct,1,98,0.0,8858.5,2.508492063492064,11.71,1.680059238942467,0.7534,0.9232804232804231,Industrial,unavailable,unavailable,unavailable,Normal,Industrial,0.9999,360.8,6,High,Stable
22.35497,82.30585,312.73,0.4,0.37,2026-03-26,2018,N20,VIIRS,n,2,296.23,1.91,N,2.0,industrial_direct,2,96,0.0,25111.9,3.5459414225941424,26.78,3.275989787681158,0.5386,0.7489539748953975,Industrial,unavailable,unavailable,unavailable,Normal,Industrial,0.9995,7044.5,3,Medium,Stable
22.35561,82.30202,309.19,0.4,0.37,2026-03-26,2018,N20,VIIRS,n,2,295.69,1.91,N,2.0,industrial_direct,2,96,0.0,25489.8,3.5459414225941424,26.78,3.275989787681158,0.5386,0.7489539748953975,Industrial,unavailable,unavailable,unavailable,Normal,Industrial,0.9995,7433.5,3,Medium,Stable
22.31693,82.53342,320.17,0.4,0.37,2026-03-26,2018,N20,VIIRS,n,2,298.73,3.03,N,2.0,industrial_direct,1,98,0.0,8350.8,2.508492063492064,11.71,1.680059238942467,1.2079,0.9232804232804231,Industrial,unavailable,unavailable,unavailable,Normal,Industrial,0.9996,481.7,6,High,Stable
22.35831,82.30649,324.4,0.4,0.37,2026-03-26,2018,N20,VIIRS,n,2,296.34,1.91,N,2.0,industrial_direct,2,96,0.0,24988.8,3.5459414225941424,26.78,3.275989787681158,0.5386,0.7489539748953975,Industrial,unavailable,unavailable,unavailable,Normal,Industrial,0.9994,7067.4,3,Medium,Stable
22.35895,82.30266,328.33,0.4,0.37,2026-03-26,2018,N20,VIIRS,n,2,296.45,1.91,N,2.0,industrial_direct,2,96,0.0,25368.4,3.5459414225941424,26.78,3.275989787681158,0.5386,0.7489539748953975,Industrial,unavailable,unavailable,unavailable,Normal,Industrial,0.9995,7422.2,3,Medium,Stable
22.36229,82.30329,314.82,0.4,0.37,2026-03-26,2018,N20,VIIRS,n,2,295.51,1.48,N,2.0,industrial_direct,2,96,0.0,25253.1,3.5459414225941424,26.78,3.275989787681158,0.4174,0.7489539748953975,Industrial,unavailable,unavailable,unavailable,Normal,Industrial,0.9996,7261.0,3,Medium,Stable
22.33548,82.55659,318.23,0.41,0.37,2026-03-26,2018,N20,VIIRS,n,2,296.85,2.09,N,0.0,industrial_direct,4,61,0.0,6264.7,2.2546153846153847,13.9,1.6402420650106009,0.927,0.8632478632478633,Industrial,unavailable,unavailable,unavailable,Normal,Industrial,0.9998,1904.7,4,Medium,Stable
22.33087,82.60395,317.7,0.41,0.37,2026-03-26,2018,N20,VIIRS,n,2,295.61,1.47,N,2.0,industrial_nearby,5,73,144.3,8881.6,2.765913043478261,15.28,2.376793836187871,0.5315,0.8260869565217391,Industrial,unavailable,unavailable,unavailable,Normal,Industrial,0.9998,532.0,5,High,Stable
22.33551,82.57675,308.84,0.41,0.37,2026-03-26,2018,N20,VIIRS,n,2,296.13,0.98,N,2.0,industrial_direct,3,71,0.0,6892.8,2.7918248175182483,11.59,1.9379155034462177,0.351,0.8394160583941606,Industrial,unavailable,unavailable,unavailable,Normal,Industrial,0.9999,1915.3,4,Medium,Stable
22.33424,82.6046,317.27,0.41,0.37,2026-03-26,2018,N20,VIIRS,n,2,295.5,1.47,N,2.0,industrial_direct,5,73,0.0,8648.4,2.765913043478261,15.28,2.376793836187871,0.5315,0.8260869565217391,Industrial,unavailable,unavailable,unavailable,Normal,Industrial,0.9998,720.3,5,High,Stable
22.35839,82.89327,306.85,0.41,0.37,2026-03-26,2018,N20,VIIRS,n,2,295.1,1.46,N,0.0,unclassified,-1,0,12422.6,8859.2,,,,,,Natural Fire,unavailable,unavailable,unavailable,Normal,Natural Fire,0.9995,12972.4,0,Low,Stable
22.50839,82.73405,307.28,0.41,0.37,2026-03-26,2018,N20,VIIRS,n,2,296.1,1.66,N,0.0,unclassified,-1,0,10313.1,8810.3,,,,,,Natural Fire,unavailable,unavailable,unavailable,Normal,Natural Fire,0.9995,14231.5,0,Low,Stable
22.10363,82.71828,338.38,0.44,0.38,2026-03-27,730,N20,VIIRS,l,2,309.99,4.68,D,0.0,unclassified,-1,0,2627.6,25263.4,,,,,,Natural Fire,unavailable,unavailable,unavailable,Normal,Natural Fire,0.9996,13811.1,0,Low,Stable
22.19977,82.7259,341.33,0.44,0.38,2026-03-27,730,N20,VIIRS,l,2,311.56,3.66,D,0.0,unclassified,-1,0,3742.6,17727.5,,,,,,Natural Fire,unavailable,unavailable,unavailable,Normal,Natural Fire,0.9999,12422.4,0,Low,Stable
22.20518,82.69458,334.03,0.44,0.38,2026-03-27,730,N20,VIIRS,l,2,308.98,3.13,D,0.0,unclassified,-1,0,3731.9,20353.6,,,,,,Natural Fire,unavailable,unavailable,unavailable,Normal,Natural Fire,0.9999,13406.4,0,Low,Stable
22.26741,82.74288,340.22,0.44,0.38,2026-03-27,730,N20,VIIRS,n,2,306.36,4.31,D,0.0,unclassified,-1,0,2135.6,13737.8,,,,,,Natural Fire,unavailable,unavailable,unavailable,Normal,Natural Fire,0.9998,4930.2,0,Low,Stable
22.29539,82.86628,334.89,0.43,0.38,2026-03-27,730,N20,VIIRS,n,2,298.45,2.76,D,0.0,unclassified,104,1,7453.5,2031.9,2.76,2.76,0.0,1.0,0.0,Natural Fire,unavailable,unavailable,unavailable,Normal,Natural Fire,0.9995,9022.2,0,Low,Stable
22.15468,82.42364,336.46,0.45,0.39,2026-03-27,730,N20,VIIRS,n,2,298.79,3.09,D,0.0,unclassified,-1,0,12648.9,29112.2,,,,,,Natural Fire,unavailable,unavailable,unavailable,Normal,Natural Fire,0.9922,17947.1,0,Low,Stable
22.30922,82.84216,330.64,0.43,0.38,2026-03-27,730,N20,VIIRS,n,2,292.81,2.58,D,0.0,unclassified,-1,0,6708.3,4789.2,,,,,,Natural Fire,unavailable,unavailable,unavailable,Normal,Natural Fire,0.9986,6434.8,0,Low,Stable
22.34219,82.9969,336.76,0.43,0.38,2026-03-27,730,N20,VIIRS,n,2,302.01,3.5,D,0.0,unclassified,-1,0,21097.8,14060.7,,,,,,Natural Fire,unavailable,unavailable,unavailable,Normal,Natural Fire,0.9934,15609.5,0,Low,Stable
22.33138,82.60539,339.46,0.44,0.38,2026-03-27,730,N20,VIIRS,n,2,308.55,3.8,D,2.0,industrial_nearby,5,73,13.0,8937.3,2.765913043478261,15.28,2.376793836187871,1.3739,0.8260869565217391,Industrial,unavailable,unavailable,unavailable,Normal,Industrial,0.999,456.3,6,High,Stable
22.35971,82.30527,340.87,0.45,0.39,2026-03-27,730,N20,VIIRS,n,2,310.83,6.16,D,2.0,industrial_direct,2,96,0.0,25090.3,3.5459414225941424,26.78,3.275989787681158,1.7372,0.7489539748953975,Industrial,unavailable,unavailable,unavailable,Normal,Industrial,0.9983,7140.6,3,Medium,Stable
22.2947,82.86215,335.24,0.43,0.38,2026-03-27,730,N20,VIIRS,n,2,299.12,2.76,D,0.0,unclassified,104,1,7145.0,2206.0,2.76,2.76,0.0,1.0,0.0,Natural Fire,unavailable,unavailable,unavailable,Normal,Natural Fire,0.9996,8614.3,0,Low,Stable
22.55449,82.76028,335.62,0.43,0.38,2026-03-27,731,N20,VIIRS,n,2,302.75,6.16,D,0.0,unclassified,93,2,15460.1,14467.4,1.7344444444444445,6.16,1.8615995213197112,3.5516,0.7777777777777778,Natural Fire,unavailable,unavailable,unavailable,Abnormal spike,Natural Fire,0.9981,8907.7,3,Medium,Abnormal
22.5607,82.75476,336.12,0.43,0.38,2026-03-27,731,N20,VIIRS,n,2,302.69,3.35,D,0.0,unclassified,93,2,15308.9,14953.7,1.7344444444444445,6.16,1.8615995213197112,1.9315,0.7777777777777778,Natural Fire,unavailable,unavailable,unavailable,Normal,Natural Fire,0.9933,9052.9,0,Low,Escalating
22.33525,82.57729,305.94,0.44,0.39,2026-03-27,1959,N20,VIIRS,n,2,295.68,0.76,N,2.0,industrial_direct,3,71,0.0,6943.2,2.7918248175182483,11.59,1.9379155034462177,0.2722,0.8394160583941606,Industrial,unavailable,unavailable,unavailable,Normal,Industrial,0.9999,1888.9,4,Medium,Stable
22.33472,82.55537,326.23,0.45,0.39,2026-03-27,1959,N20,VIIRS,n,2,296.55,4.08,N,0.0,industrial_direct,4,61,0.0,6329.0,2.2546153846153847,13.9,1.6402420650106009,1.8096,0.8632478632478633,Industrial,unavailable,unavailable,unavailable,Normal,Industrial,0.9996,1772.7,4,Medium,Stable
22.36291,82.30163,305.54,0.46,0.39,2026-03-27,1959,N20,VIIRS,n,2,295.08,0.77,N,2.0,industrial_direct,2,96,0.0,25413.8,3.5459414225941424,26.78,3.275989787681158,0.2171,0.7489539748953975,Industrial,unavailable,unavailable,unavailable,Normal,Industrial,0.9996,7410.8,3,Medium,Stable
22.33068,82.53267,308.93,0.45,0.39,2026-03-27,1959,N20,VIIRS,n,2,295.56,1.22,N,2.0,industrial_direct,6,16,0.0,6869.6,1.2005882352941175,1.95,0.356606761507604,1.0162,1.0,Industrial,unavailable,unavailable,unavailable,Normal,Industrial,0.9991,1497.2,5,High,Stable
22.35515,82.30486,311.11,0.46,0.39,2026-03-27,1959,N20,VIIRS,n,2,296.94,1.88,N,2.0,industrial_direct,2,96,0.0,25209.3,3.5459414225941424,26.78,3.275989787681158,0.5302,0.7489539748953975,Industrial,unavailable,unavailable,unavailable,Normal,Industrial,0.9995,7145.6,3,Medium,Stable
22.31652,82.5304,307.96,0.45,0.39,2026-03-27,1959,N20,VIIRS,n,2,297.2,1.56,N,2.0,industrial_direct,1,98,0.0,8452.1,2.508492063492064,11.71,1.680059238942467,0.6219,0.9232804232804231,Industrial,unavailable,unavailable,unavailable,Normal,Industrial,0.9999,588.1,5,High,Stable
22.3242,82.52724,306.5,0.45,0.39,2026-03-27,1959,N20,VIIRS,n,2,294.68,1.16,N,0.0,industrial_direct,103,4,0.0,7699.3,3.452857142857144,5.28,1.5045454937811429,0.336,0.7142857142857143,Unknown,unavailable,unavailable,unavailable,Normal,Unknown,0.9996,1434.9,5,High,Stable
22.31645,82.5568,307.04,0.45,0.39,2026-03-27,1959,N20,VIIRS,n,2,295.11,1.5,N,2.0,industrial_direct,1,98,0.0,8353.8,2.508492063492064,11.71,1.680059238942467,0.598,0.9232804232804231,Industrial,unavailable,unavailable,unavailable,Normal,Industrial,0.9999,564.7,5,High,Stable
22.31592,82.53471,311.92,0.45,0.39,2026-03-27,1959,N20,VIIRS,n,2,296.38,1.56,N,2.0,industrial_direct,1,98,0.0,8440.5,2.508492063492064,11.71,1.680059238942467,0.6219,0.9232804232804231,Industrial,unavailable,unavailable,unavailable,Normal,Industrial,0.9999,362.9,6,High,Stable
22.31479,82.51689,308.55,0.45,0.39,2026-03-27,1959,N20,VIIRS,n,2,295.89,1.4,N,2.0,industrial_direct,1,98,0.0,9015.4,2.508492063492064,11.71,1.680059238942467,0.5581,0.9232804232804231,Industrial,unavailable,unavailable,unavailable,Normal,Industrial,0.9999,212.7,6,High,Stable
22.31299,82.52982,308.73,0.45,0.39,2026-03-27,1959,N20,VIIRS,n,2,295.23,1.42,N,2.0,industrial_direct,1,98,0.0,8847.0,2.508492063492064,11.71,1.680059238942467,0.5661,0.9232804232804231,Industrial,unavailable,unavailable,unavailable,Normal,Industrial,0.9999,460.7,6,High,Stable
22.33101,82.60735,330.13,0.44,0.39,2026-03-27,1959,N20,VIIRS,n,2,296.67,3.72,N,2.0,industrial_direct,5,73,0.0,9103.3,2.765913043478261,15.28,2.376793836187871,1.3449,0.8260869565217391,Industrial,unavailable,unavailable,unavailable,Normal,Industrial,0.9988,267.6,6,High,Stable
22.32601,82.51431,305.58,0.45,0.39,2026-03-27,1959,N20,VIIRS,n,2,294.49,0.96,N,2.0,industrial_direct,66,7,0.0,7967.0,1.997142857142857,4.37,1.3002911761821438,0.4807,1.0,Industrial,unavailable,unavailable,unavailable,Normal,Industrial,0.7316,1304.7,5,High,Stable
22.53015,82.75665,303.3,0.44,0.38,2026-03-27,1959,N20,VIIRS,n,2,291.6,0.51,N,0.0,unclassified,-1,0,13632.8,11807.7,,,,,,Natural Fire,unavailable,unavailable,unavailable,Normal,Natural Fire,0.9977,10884.7,0,Low,Stable
22.35872,82.30545,321.65,0.46,0.39,2026-03-27,1959,N20,VIIRS,n,2,297.48,1.88,N,2.0,industrial_direct,2,96,0.0,25087.9,3.5459414225941424,26.78,3.275989787681158,0.5302,0.7489539748953975,Industrial,unavailable,unavailable,unavailable,Normal,Industrial,0.9995,7155.3,3,Medium,Stable
22.54585,82.72606,305.53,0.44,0.38,2026-03-27,1959,N20,VIIRS,n,2,293.68,0.61,N,0.0,unclassified,92,3,11933.3,12785.5,1.0775,1.53,0.4552929459882578,0.5661,1.0,Natural Fire,unavailable,unavailable,unavailable,Normal,Natural Fire,0.9996,12430.8,0,Low,Stable
22.545,82.72802,305.51,0.44,0.38,2026-03-27,1959,N20,VIIRS,n,2,293.74,0.77,N,0.0,unclassified,92,3,12055.5,12711.8,1.0775,1.53,0.4552929459882578,0.7146,1.0,Natural Fire,unavailable,unavailable,unavailable,Normal,Natural Fire,0.9996,12297.9,0,Low,Stable
22.56279,82.7605,338.86,0.52,0.5,2026-03-28,712,N20,VIIRS,n,2,300.4,8.88,D,0.0,unclassified,-1,0,15933.7,15346.9,,,,,,Natural Fire,unavailable,unavailable,unavailable,Normal,Natural Fire,0.9253,8422.4,0,Low,Stable
22.3526,82.33054,334.22,0.55,0.51,2026-03-28,712,N20,VIIRS,l,2,307.98,2.97,D,0.0,unclassified,-1,0,2420.4,22656.7,,,,,,Natural Fire,unavailable,unavailable,unavailable,Normal,Natural Fire,0.9996,4690.2,0,Low,Stable
22.41644,82.71732,332.42,0.52,0.5,2026-03-28,712,N20,VIIRS,l,2,307.19,2.87,D,0.0,unclassified,-1,0,1981.3,1569.7,,,,,,Agricultural Burning,unavailable,unavailable,unavailable,Normal,Agricultural Burning,0.9997,6166.4,1,Low,Stable
22.32731,82.32545,335.04,0.55,0.51,2026-03-28,712,N20,VIIRS,n,2,307.26,3.23,D,0.0,unclassified,-1,0,3265.8,23859.3,,,,,,Natural Fire,unavailable,unavailable,unavailable,Normal,Natural Fire,0.9886,4395.6,0,Low,Stable
22.27745,82.54626,334.83,0.54,0.51,2026-03-28,712,N20,VIIRS,l,2,308.29,1.75,D,0.0,unclassified,-1,0,2515.6,12608.2,,,,,,Natural Fire,unavailable,unavailable,unavailable,Normal,Natural Fire,0.9997,2189.4,1,Low,Stable
22.19488,83.07354,336.48,0.5,0.49,2026-03-28,712,N20,VIIRS,n,2,304.55,4.51,D,0.0,unclassified,106,2,26254.3,22193.7,5.0175,8.06,2.059730969487682,0.8989,0.0,Natural Fire,unavailable,unavailable,unavailable,Normal,Natural Fire,0.9995,23110.4,0,Low,Stable
22.35879,82.30499,310.45,0.57,0.52,2026-03-28,1940,N20,VIIRS,n,2,296.06,3.21,N,2.0,industrial_direct,2,96,0.0,25133.6,3.5459414225941424,26.78,3.275989787681158,0.9053,0.7489539748953975,Industrial,unavailable,unavailable,unavailable,Normal,Industrial,0.9984,7198.1,3,Medium,Stable
22.22957,82.37275,308.34,0.56,0.52,2026-03-28,1940,N20,VIIRS,n,2,295.76,3.1,N,0.0,unclassified,105,4,12326.4,25341.3,2.83,3.1,0.1732050807568878,1.0954,0.8333333333333334,Natural Fire,unavailable,unavailable,unavailable,Normal,Natural Fire,0.9998,10949.1,0,Low,Stable
22.31618,82.51431,306.33,0.55,0.51,2026-03-28,1940,N20,VIIRS,n,2,295.62,2.11,N,2.0,industrial_direct,1,98,0.0,8966.6,2.508492063492064,11.71,1.680059238942467,0.8411,0.9232804232804231,Industrial,unavailable,unavailable,unavailable,Normal,Industrial,0.9998,246.1,6,High,Stable
22.31614,82.55772,307.84,0.55,0.51,2026-03-28,1940,N20,VIIRS,n,2,295.95,2.0,N,2.0,industrial_direct,1,98,0.0,8400.1,2.508492063492064,11.71,1.680059238942467,0.7973,0.9232804232804231,Industrial,unavailable,unavailable,unavailable,Normal,Industrial,0.9998,630.5,5,High,Stable
22.3586,82.30406,312.15,0.57,0.52,2026-03-28,1940,N20,VIIRS,n,2,296.59,2.89,N,2.0,industrial_direct,2,96,0.0,25231.5,3.5459414225941424,26.78,3.275989787681158,0.815,0.7489539748953975,Industrial,unavailable,unavailable,unavailable,Normal,Industrial,0.9989,7295.8,3,Medium,Stable
22.32954,82.60785,309.33,0.54,0.51,2026-03-28,1940,N20,VIIRS,n,2,295.47,1.21,N,2.0,industrial_nearby,5,73,87.6,9258.2,2.765913043478261,15.28,2.376793836187871,0.4375,0.8260869565217391,Industrial,unavailable,unavailable,unavailable,Normal,Industrial,0.9998,138.1,6,High,Stable
22.33549,82.55488,320.01,0.55,0.51,2026-03-28,1940,N20,VIIRS,n,2,296.83,3.0,N,0.0,industrial_direct,4,61,0.0,6237.6,2.2546153846153847,13.9,1.6402420650106009,1.3306,0.8632478632478633,Industrial,unavailable,unavailable,unavailable,Normal,Industrial,0.9997,1829.5,4,Medium,Stable
22.33422,82.60843,309.96,0.54,0.51,2026-03-28,1940,N20,VIIRS,n,2,295.66,1.83,N,0.0,industrial_direct,5,73,0.0,8913.5,2.765913043478261,15.28,2.376793836187871,0.6616,0.8260869565217391,Industrial,unavailable,unavailable,unavailable,Normal,Industrial,0.9997,440.4,6,High,Stable
22.32519,82.67257,306.69,0.54,0.51,2026-03-28,1940,N20,VIIRS,n,2,294.84,1.38,N,0.0,industrial_direct,28,16,0.0,12412.1,1.61,4.87,1.2244374458597422,0.8571,1.0,Industrial,unavailable,unavailable,unavailable,Normal,Industrial,0.9962,2813.7,4,Medium,Stable
22.33744,82.55635,308.63,0.55,0.51,2026-03-28,1940,N20,VIIRS,n,2,295.74,2.01,N,0.0,industrial_direct,4,61,0.0,6046.6,2.2546153846153847,13.9,1.6402420650106009,0.8915,0.8632478632478633,Industrial,unavailable,unavailable,unavailable,Normal,Industrial,0.9998,2088.2,4,Medium,Stable
22.33801,82.55097,314.38,0.55,0.51,2026-03-28,1940,N20,VIIRS,n,2,294.39,2.01,N,0.0,industrial_direct,4,61,0.0,5918.3,2.2546153846153847,13.9,1.6402420650106009,0.8915,0.8632478632478633,Industrial,unavailable,unavailable,unavailable,Normal,Industrial,0.9998,1945.0,4,Medium,Stable
22.33243,82.60401,317.48,0.55,0.51,2026-03-28,1940,N20,VIIRS,n,2,295.83,3.72,N,2.0,industrial_nearby,5,73,68.8,8755.9,2.765913043478261,15.28,2.376793836187871,1.3449,0.8260869565217391,Industrial,unavailable,unavailable,unavailable,Normal,Industrial,0.9988,637.9,5,High,Stable
22.22388,83.02942,330.01,0.5,0.66,2026-03-29,653,N20,VIIRS,l,2,301.37,2.53,D,0.0,unclassified,107,1,21294.5,16748.3,2.165,2.53,0.5161879502661796,1.1686,0.0,Natural Fire,unavailable,unavailable,unavailable,Normal,Natural Fire,0.9988,20947.8,0,Low,Stable
22.44613,82.70973,331.02,0.52,0.67,2026-03-29,653,N20,VIIRS,l,2,303.93,4.09,D,0.0,unclassified,-1,0,3694.4,1766.2,,,,,,Agricultural Burning,unavailable,unavailable,unavailable,Normal,Agricultural Burning,0.9996,9536.7,1,Low,Stable
22.28399,82.81007,335.23,0.52,0.67,2026-03-29,653,N20,VIIRS,n,2,302.22,4.89,D,0.0,unclassified,108,1,4736.2,6781.4,4.279999999999999,4.89,0.8626702730475875,1.1425,0.0,Natural Fire,unavailable,unavailable,unavailable,Normal,Natural Fire,0.9992,4022.4,0,Low,Stable
22.27551,82.7784,332.64,0.52,0.67,2026-03-29,653,N20,VIIRS,n,2,302.07,1.49,D,0.0,unclassified,109,2,4234.7,10027.3,1.605,1.72,0.1626345596729059,0.9283,0.0,Natural Fire,unavailable,unavailable,unavailable,Normal,Natural Fire,0.9988,2937.0,1,Low,Escalating
22.28349,82.813,340.06,0.52,0.67,2026-03-29,653,N20,VIIRS,n,2,300.92,3.67,D,0.0,unclassified,108,1,4790.0,6476.1,4.279999999999999,4.89,0.8626702730475875,0.8575,0.0,Natural Fire,unavailable,unavailable,unavailable,Normal,Natural Fire,0.9992,4311.7,0,Low,Stable
22.25277,82.78995,334.73,0.52,0.67,2026-03-29,653,N20,VIIRS,n,2,302.48,2.78,D,0.0,unclassified,-1,0,3609.8,9279.8,,,,,,Natural Fire,unavailable,unavailable,unavailable,Normal,Natural Fire,0.9992,5633.9,0,Low,Stable
22.22026,83.02879,331.75,0.5,0.66,2026-03-29,653,N20,VIIRS,n,2,301.5,1.8,D,0.0,unclassified,107,1,21268.0,16838.3,2.165,2.53,0.5161879502661796,0.8314,0.0,Natural Fire,unavailable,unavailable,unavailable,Normal,Natural Fire,0.9913,20710.6,0,Low,Stable
22.35859,82.30563,336.08,0.57,0.69,2026-03-29,833,N20,VIIRS,l,2,306.36,4.05,D,2.0,industrial_direct,2,96,0.0,25071.7,3.5459414225941424,26.78,3.275989787681158,1.1422,0.7489539748953975,Industrial,unavailable,unavailable,unavailable,Normal,Industrial,0.9986,7142.0,3,Medium,Stable
22.32631,82.52733,304.52,0.56,0.69,2026-03-29,1921,N20,VIIRS,n,2,292.78,2.63,N,0.0,industrial_direct,103,4,0.0,7471.5,3.452857142857144,5.28,1.5045454937811429,0.7617,0.7142857142857143,Unknown,unavailable,unavailable,unavailable,Normal,Unknown,0.9999,1539.2,4,Medium,Stable
22.31832,82.51491,304.1,0.56,0.69,2026-03-29,1921,N20,VIIRS,n,2,293.16,2.07,N,2.0,industrial_direct,1,98,0.0,8723.7,2.508492063492064,11.71,1.680059238942467,0.8252,0.9232804232804231,Industrial,unavailable,unavailable,unavailable,Normal,Industrial,0.9998,490.5,6,High,Stable
22.32401,82.67386,302.72,0.55,0.68,2026-03-29,1921,N20,VIIRS,n,2,292.35,1.38,N,0.0,industrial_direct,28,16,0.0,12489.8,1.61,4.87,1.2244374458597422,0.8571,1.0,Industrial,unavailable,unavailable,unavailable,Normal,Industrial,0.9962,2986.7,4,Medium,Stable
22.33301,82.60496,307.65,0.55,0.68,2026-03-29,1921,N20,VIIRS,n,2,293.44,1.94,N,2.0,industrial_direct,5,73,0.0,8773.7,2.765913043478261,15.28,2.376793836187871,0.7014,0.8260869565217391,Industrial,unavailable,unavailable,unavailable,Normal,Industrial,0.9997,598.7,5,High,Stable
22.33727,82.55076,309.68,0.56,0.69,2026-03-29,1921,N20,VIIRS,n,2,293.2,1.86,N,0.0,industrial_direct,4,61,0.0,5998.5,2.2546153846153847,13.9,1.6402420650106009,0.825,0.8632478632478633,Industrial,unavailable,unavailable,unavailable,Normal,Industrial,0.9999,1860.3,4,Medium,Stable
22.35796,82.30657,306.3,0.55,0.68,2026-03-29,2102,N20,VIIRS,n,2,292.85,2.97,N,2.0,industrial_direct,2,96,0.0,24986.5,3.5459414225941424,26.78,3.275989787681158,0.8376,0.7489539748953975,Industrial,unavailable,unavailable,unavailable,Normal,Industrial,0.9985,7071.8,3,Medium,Stable
22.3592,82.30145,315.25,0.55,0.68,2026-03-29,2102,N20,VIIRS,n,2,292.46,3.66,N,2.0,industrial_direct,2,96,0.0,25487.7,3.5459414225941424,26.78,3.275989787681158,1.0322,0.7489539748953975,Industrial,unavailable,unavailable,unavailable,Normal,Industrial,0.9987,7533.8,3,Medium,Stable
22.31664,82.5313,305.51,0.57,0.69,2026-03-29,2102,N20,VIIRS,n,2,292.93,2.33,N,2.0,industrial_direct,1,98,0.0,8421.0,2.508492063492064,11.71,1.680059238942467,0.9288,0.9232804232804231,Industrial,unavailable,unavailable,unavailable,Normal,Industrial,0.9997,539.5,5,High,Stable
22.3375,82.55419,305.83,0.57,0.69,2026-03-29,2102,N20,VIIRS,n,2,291.35,1.13,N,0.0,industrial_direct,4,61,0.0,6007.7,2.2546153846153847,13.9,1.6402420650106009,0.5012,0.8632478632478633,Industrial,unavailable,unavailable,unavailable,Normal,Industrial,0.9999,2007.0,4,Medium,Stable
22.43192,82.80948,334.92,0.61,0.53,2026-03-30,814,N20,VIIRS,n,2,303.04,3.38,D,0.0,unclassified,-1,0,7164.6,9735.9,,,,,,Natural Fire,unavailable,unavailable,unavailable,Normal,Natural Fire,0.9995,11632.9,0,Low,Stable
22.35616,82.30387,340.8,0.56,0.52,2026-03-30,814,N20,VIIRS,l,2,310.89,8.54,D,2.0,industrial_direct,2,96,0.0,25292.0,3.5459414225941424,26.78,3.275989787681158,2.4084,0.7489539748953975,Industrial,unavailable,unavailable,unavailable,Normal,Industrial,0.9986,7284.8,3,Medium,Stable
22.35593,82.30788,335.09,0.56,0.52,2026-03-30,814,N20,VIIRS,l,2,307.17,10.91,D,2.0,industrial_nearby,2,96,99.1,24888.4,3.5459414225941424,26.78,3.275989787681158,3.0768,0.7489539748953975,Industrial,unavailable,unavailable,unavailable,Abnormal spike,Industrial,0.9973,6900.7,6,High,Abnormal
22.36638,82.86867,337.92,0.61,0.54,2026-03-30,814,N20,VIIRS,n,2,304.95,3.95,D,0.0,unclassified,-1,0,10393.8,9655.7,,,,,,Natural Fire,unavailable,unavailable,unavailable,Normal,Natural Fire,0.9994,11224.4,0,Low,Stable
22.31992,82.75481,337.43,0.6,0.53,2026-03-30,814,N20,VIIRS,n,2,305.73,4.62,D,0.0,industrial_nearby,-1,0,256.5,12915.5,,,,,,Unknown,unavailable,unavailable,unavailable,Normal,Unknown,0.9993,2097.9,4,Medium,Stable
22.23625,82.50405,336.01,0.58,0.52,2026-03-30,814,N20,VIIRS,l,2,308.47,2.93,D,0.0,unclassified,-1,0,6202.1,17725.1,,,,,,Natural Fire,unavailable,unavailable,unavailable,Normal,Natural Fire,0.9999,6922.7,0,Low,Stable
22.13442,82.36401,331.7,0.57,0.52,2026-03-30,814,N20,VIIRS,l,2,306.02,3.69,D,0.0,unclassified,-1,0,6294.4,34115.1,,,,,,Natural Fire,unavailable,unavailable,unavailable,Normal,Natural Fire,0.9991,21480.8,0,Low,Stable
22.16273,82.64536,334.42,0.59,0.53,2026-03-30,814,N20,VIIRS,l,2,306.53,1.54,D,0.0,unclassified,110,1,6844.3,26981.3,1.5,1.54,0.0565685424949238,1.0267,0.0,Natural Fire,unavailable,unavailable,unavailable,Normal,Natural Fire,0.9998,15244.3,0,Low,Stable
22.15868,82.41402,337.35,0.57,0.52,2026-03-30,814,N20,VIIRS,l,2,308.15,4.09,D,0.0,unclassified,-1,0,11767.8,29165.8,,,,,,Natural Fire,unavailable,unavailable,unavailable,Normal,Natural Fire,0.9998,18039.4,0,Low,Stable
22.1645,82.64755,336.8,0.59,0.53,2026-03-30,814,N20,VIIRS,n,2,306.69,1.46,D,0.0,unclassified,110,1,6810.6,26689.5,1.5,1.54,0.0565685424949238,0.9733,0.0,Natural Fire,unavailable,unavailable,unavailable,Normal,Natural Fire,0.9998,15113.4,0,Low,Stable
22.12223,82.85864,342.56,0.61,0.53,2026-03-30,814,N20,VIIRS,n,2,309.88,18.28,D,0.0,unclassified,111,2,13427.8,17370.8,13.465,18.28,6.809438302826452,1.3576,0.0,Natural Fire,unavailable,unavailable,unavailable,Normal,Natural Fire,0.9721,1939.1,1,Low,Stable
22.23143,82.50456,333.04,0.58,0.52,2026-03-30,814,N20,VIIRS,l,2,307.46,2.93,D,0.0,unclassified,-1,0,6689.3,18229.9,,,,,,Natural Fire,unavailable,unavailable,unavailable,Normal,Natural Fire,0.9999,7457.0,0,Low,Stable
22.3143,82.52969,310.2,0.46,0.39,2026-03-31,2024,N20,VIIRS,n,2,296.08,1.9,N,2.0,industrial_direct,1,98,0.0,8707.6,2.508492063492064,11.71,1.680059238942467,0.7574,0.9232804232804231,Industrial,unavailable,unavailable,unavailable,Normal,Industrial,0.9999,510.7,5,High,Stable
22.31666,82.51651,307.14,0.46,0.39,2026-03-31,2024,N20,VIIRS,n,2,295.54,1.41,N,2.0,industrial_direct,1,98,0.0,8834.8,2.508492063492064,11.71,1.680059238942467,0.5621,0.9232804232804231,Industrial,unavailable,unavailable,unavailable,Normal,Industrial,0.9999,382.4,6,High,Stable
22.35462,82.30392,305.14,0.45,0.39,2026-03-31,2024,N20,VIIRS,n,2,294.26,2.07,N,2.0,industrial_direct,2,96,0.0,25314.4,3.5459414225941424,26.78,3.275989787681158,0.5838,0.7489539748953975,Industrial,unavailable,unavailable,unavailable,Normal,Industrial,0.9995,7210.3,3,Medium,Stable
22.31707,82.53481,314.63,0.46,0.39,2026-03-31,2024,N20,VIIRS,n,2,296.41,1.9,N,2.0,industrial_direct,1,98,0.0,8313.0,2.508492063492064,11.71,1.680059238942467,0.7574,0.9232804232804231,Industrial,unavailable,unavailable,unavailable,Normal,Industrial,0.9999,490.7,6,High,Stable
22.35815,82.30462,327.41,0.45,0.39,2026-03-31,2024,N20,VIIRS,n,2,297.85,2.07,N,2.0,industrial_direct,2,96,0.0,25181.8,3.5459414225941424,26.78,3.275989787681158,0.5838,0.7489539748953975,Industrial,unavailable,unavailable,unavailable,Normal,Industrial,0.9995,7256.0,3,Medium,Stable
22.36243,82.30104,306.06,0.45,0.39,2026-03-31,2024,N20,VIIRS,n,2,293.86,0.83,N,2.0,industrial_direct,2,96,0.0,25480.8,3.5459414225941424,26.78,3.275989787681158,0.2341,0.7489539748953975,Industrial,unavailable,unavailable,unavailable,Normal,Industrial,0.9996,7482.2,3,Medium,Stable
22.33211,82.57453,305.48,0.46,0.39,2026-03-31,2024,N20,VIIRS,n,2,294.75,1.6,N,2.0,industrial_direct,3,71,0.0,7141.0,2.7918248175182483,11.59,1.9379155034462177,0.5731,0.8394160583941606,Industrial,unavailable,unavailable,unavailable,Normal,Industrial,0.9999,1547.6,4,Medium,Stable
22.32855,82.57379,320.33,0.46,0.39,2026-03-31,2024,N20,VIIRS,n,2,294.8,1.6,N,2.0,industrial_direct,3,71,0.0,7477.6,2.7918248175182483,11.59,1.9379155034462177,0.5731,0.8394160583941606,Industrial,unavailable,unavailable,unavailable,Normal,Industrial,0.9999,1170.5,5,High,Stable
22.33528,82.55679,316.58,0.46,0.39,2026-03-31,2024,N20,VIIRS,n,2,295.49,1.26,N,0.0,industrial_direct,4,61,0.0,6289.9,2.2546153846153847,13.9,1.6402420650106009,0.5589,0.8632478632478633,Industrial,unavailable,unavailable,unavailable,Normal,Industrial,0.9999,1895.0,4,Medium,Stable
22.33606,82.55238,306.01,0.46,0.39,2026-03-31,2024,N20,VIIRS,n,2,294.19,1.26,N,0.0,industrial_direct,4,61,0.0,6145.6,2.2546153846153847,13.9,1.6402420650106009,0.5589,0.8632478632478633,Industrial,unavailable,unavailable,unavailable,Normal,Industrial,0.9999,1786.5,4,Medium,Stable
22.33017,82.60615,310.34,0.46,0.39,2026-03-31,2024,N20,VIIRS,n,2,295.05,1.04,N,2.0,industrial_direct,5,73,0.0,9089.3,2.765913043478261,15.28,2.376793836187871,0.376,0.8260869565217391,Industrial,unavailable,unavailable,unavailable,Normal,Industrial,0.9998,326.0,6,High,Stable
22.33374,82.60688,310.04,0.46,0.39,2026-03-31,2024,N20,VIIRS,n,2,294.91,1.04,N,2.0,industrial_direct,5,73,0.0,8846.0,2.765913043478261,15.28,2.376793836187871,0.376,0.8260869565217391,Industrial,unavailable,unavailable,unavailable,Normal,Industrial,0.9998,503.7,5,High,Stable
22.32575,82.52751,317.7,0.46,0.39,2026-03-31,2024,N20,VIIRS,n,2,294.86,2.46,N,0.0,industrial_direct,103,4,0.0,7526.4,3.452857142857144,5.28,1.5045454937811429,0.7125,0.7142857142857143,Unknown,unavailable,unavailable,unavailable,Normal,Unknown,0.9999,1490.7,5,High,Stable
22.58092,82.60159,336.27,0.39,0.36,2026-04-01,737,N20,VIIRS,l,2,310.79,2.99,D,0.0,unclassified,-1,0,9200.0,13656.0,,,,,,Natural Fire,unavailable,unavailable,unavailable,Normal,Natural Fire,0.9999,18922.3,0,Low,Stable
22.1345,82.74284,333.59,0.39,0.36,2026-04-01,737,N20,VIIRS,l,2,307.1,2.1,D,0.0,unclassified,-1,0,5038.1,21017.3,,,,,,Natural Fire,unavailable,unavailable,unavailable,Normal,Natural Fire,0.9999,10780.7,0,Low,Stable
22.21179,83.06062,335.9,0.39,0.36,2026-04-01,737,N20,VIIRS,l,2,307.81,3.27,D,0.0,unclassified,-1,0,24637.7,20232.6,,,,,,Natural Fire,unavailable,unavailable,unavailable,Normal,Natural Fire,0.9999,22861.9,0,Low,Stable
22.13321,82.42075,337.33,0.4,0.37,2026-04-01,737,N20,VIIRS,l,2,309.36,3.82,D,0.0,unclassified,-1,0,12147.7,31391.2,,,,,,Natural Fire,unavailable,unavailable,unavailable,Normal,Natural Fire,0.9998,20213.8,0,Low,Stable
22.18161,82.5928,335.47,0.4,0.37,2026-04-01,737,N20,VIIRS,l,2,307.17,3.28,D,0.0,unclassified,-1,0,12458.6,23699.4,,,,,,Natural Fire,unavailable,unavailable,unavailable,Normal,Natural Fire,0.9999,12037.2,0,Low,Stable
22.27238,83.0996,333.97,0.39,0.36,2026-04-01,737,N20,VIIRS,l,2,307.41,1.3,D,0.0,unclassified,-1,0,28670.3,22825.8,,,,,,Natural Fire,unavailable,unavailable,unavailable,Normal,Natural Fire,0.9855,21848.6,0,Low,Stable
22.11147,82.81313,339.35,0.39,0.36,2026-04-01,737,N20,VIIRS,l,2,314.08,4.14,D,0.0,unclassified,79,2,11994.1,19584.9,4.09,4.14,0.0707106781186545,1.0122,0.0,Natural Fire,unavailable,unavailable,unavailable,Normal,Natural Fire,0.9999,4508.0,0,Low,Escalating
22.33446,82.95371,335.57,0.39,0.36,2026-04-01,737,N20,VIIRS,l,2,308.93,2.7,D,0.0,unclassified,-1,0,16947.6,9872.8,,,,,,Natural Fire,unavailable,unavailable,unavailable,Normal,Natural Fire,0.9995,18168.7,0,Low,Stable
22.32427,82.53138,339.05,0.4,0.37,2026-04-01,737,N20,VIIRS,l,2,312.48,4.16,D,0.0,industrial_direct,103,4,0.0,7591.4,3.452857142857144,5.28,1.5045454937811429,1.2048,0.7142857142857143,Unknown,unavailable,unavailable,unavailable,Normal,Unknown,0.9999,1066.7,5,High,Stable
22.32365,82.52757,341.55,0.4,0.37,2026-04-01,737,N20,VIIRS,l,2,313.29,5.28,D,0.0,industrial_direct,103,4,0.0,7749.3,3.452857142857144,5.28,1.5045454937811429,1.5292,0.7142857142857143,Unknown,unavailable,unavailable,unavailable,Normal,Unknown,0.9999,1379.2,5,High,Stable
22.48588,83.02997,337.44,0.39,0.36,2026-04-01,737,N20,VIIRS,n,2,306.24,2.67,D,0.0,unclassified,-1,0,30518.8,27679.7,,,,,,Natural Fire,unavailable,unavailable,unavailable,Normal,Natural Fire,0.9838,4078.3,0,Low,Stable
22.34323,83.05228,338.87,0.39,0.36,2026-04-01,737,N20,VIIRS,n,2,308.61,1.94,D,0.0,unclassified,-1,0,26164.4,19275.2,,,,,,Natural Fire,unavailable,unavailable,unavailable,Normal,Natural Fire,0.9974,13838.2,0,Low,Stable
22.33678,82.55215,308.15,0.4,0.37,2026-04-01,2005,N20,VIIRS,n,2,293.68,1.87,N,0.0,industrial_direct,4,61,0.0,6064.0,2.2546153846153847,13.9,1.6402420650106009,0.8294,0.8632478632478633,Industrial,unavailable,unavailable,unavailable,Normal,Industrial,0.9999,1852.4,4,Medium,Stable
22.3306,82.57069,310.7,0.4,0.37,2026-04-01,2005,N20,VIIRS,n,2,293.41,2.24,N,0.0,industrial_direct,3,71,0.0,7153.6,2.7918248175182483,11.59,1.9379155034462177,0.8023,0.8394160583941606,Industrial,unavailable,unavailable,unavailable,Normal,Industrial,0.9999,1483.8,5,High,Stable
22.33291,82.53181,308.76,0.4,0.37,2026-04-01,2005,N20,VIIRS,n,2,294.19,1.46,N,2.0,industrial_direct,6,16,0.0,6648.4,1.2005882352941175,1.95,0.356606761507604,1.2161,1.0,Industrial,unavailable,unavailable,unavailable,Normal,Industrial,0.9991,1744.1,4,Medium,Stable
22.33066,82.53184,309.98,0.4,0.37,2026-04-01,2005,N20,VIIRS,n,2,294.84,1.95,N,2.0,industrial_direct,6,16,0.0,6890.3,1.2005882352941175,1.95,0.356606761507604,1.6242,1.0,Industrial,unavailable,unavailable,unavailable,Normal,Industrial,0.9976,1544.5,4,Medium,Stable
22.32397,82.53069,330.44,0.4,0.37,2026-04-01,2005,N20,VIIRS,n,2,297.52,5.13,N,0.0,industrial_direct,103,4,0.0,7639.0,3.452857142857144,5.28,1.5045454937811429,1.4857,0.7142857142857143,Unknown,unavailable,unavailable,unavailable,Normal,Unknown,1.0,1108.4,5,High,Stable
22.3167,82.53338,315.49,0.4,0.37,2026-04-01,2005,N20,VIIRS,n,2,298.01,1.95,N,2.0,industrial_direct,1,98,0.0,8376.6,2.508492063492064,11.71,1.680059238942467,0.7774,0.9232804232804231,Industrial,unavailable,unavailable,unavailable,Normal,Industrial,0.9998,457.6,6,High,Stable
22.31821,82.56901,307.31,0.4,0.37,2026-04-01,2005,N20,VIIRS,n,2,294.84,1.34,N,0.0,industrial_direct,1,98,0.0,8411.8,2.508492063492064,11.71,1.680059238942467,0.5342,0.9232804232804231,Industrial,unavailable,unavailable,unavailable,Normal,Industrial,0.9999,517.7,5,High,Stable
22.33621,82.55599,328.63,0.4,0.37,2026-04-01,2005,N20,VIIRS,n,2,295.0,3.14,N,0.0,industrial_direct,4,61,0.0,6175.2,2.2546153846153847,13.9,1.6402420650106009,1.3927,0.8632478632478633,Industrial,unavailable,unavailable,unavailable,Normal,Industrial,0.9997,1949.1,4,Medium,Stable
22.31565,82.51745,312.62,0.4,0.37,2026-04-01,2005,N20,VIIRS,n,2,296.14,2.61,N,2.0,industrial_direct,1,98,0.0,8906.2,2.508492063492064,11.71,1.680059238942467,1.0405,0.9232804232804231,Industrial,unavailable,unavailable,unavailable,Normal,Industrial,0.9996,323.2,6,High,Stable
22.3145,82.52512,309.87,0.4,0.37,2026-04-01,2005,N20,VIIRS,n,2,294.72,2.62,N,2.0,industrial_nearby,1,98,44.5,8793.3,2.508492063492064,11.71,1.680059238942467,1.0445,0.9232804232804231,Industrial,unavailable,unavailable,unavailable,Normal,Industrial,0.9996,634.9,5,High,Stable
22.31335,82.5328,307.89,0.4,0.37,2026-04-01,2005,N20,VIIRS,n,2,294.81,1.95,N,2.0,industrial_nearby,1,98,107.5,8752.3,2.508492063492064,11.71,1.680059238942467,0.7774,0.9232804232804231,Industrial,unavailable,unavailable,unavailable,Normal,Industrial,0.9998,174.5,6,High,Stable
22.32454,82.52686,309.35,0.4,0.37,2026-04-01,2005,N20,VIIRS,n,2,294.61,3.35,N,0.0,industrial_direct,103,4,0.0,7673.3,3.452857142857144,5.28,1.5045454937811429,0.9702,0.7142857142857143,Unknown,unavailable,unavailable,unavailable,Normal,Unknown,0.9999,1486.3,5,High,Stable
22.33219,82.60631,324.94,0.4,0.37,2026-04-01,2005,N20,VIIRS,n,2,295.47,3.1,N,2.0,industrial_direct,5,73,0.0,8934.6,2.765913043478261,15.28,2.376793836187871,1.1208,0.8260869565217391,Industrial,unavailable,unavailable,unavailable,Normal,Industrial,0.9988,435.6,6,High,Stable
22.33338,82.57509,308.53,0.4,0.37,2026-04-01,2005,N20,VIIRS,n,2,293.59,1.59,N,2.0,industrial_direct,3,71,0.0,7034.9,2.7918248175182483,11.59,1.9379155034462177,0.5695,0.8394160583941606,Industrial,unavailable,unavailable,unavailable,Normal,Industrial,0.9999,1682.5,4,Medium,Stable
22.42383,82.9026,307.16,0.39,0.36,2026-04-01,2005,N20,VIIRS,n,2,293.57,1.22,N,0.0,unclassified,112,2,16155.5,16165.6,1.56,1.9,0.4808326112068521,0.7821,0.5,Natural Fire,unavailable,unavailable,unavailable,Normal,Natural Fire,0.9998,17441.5,0,Low,Escalating
22.54956,82.64645,335.04,0.42,0.45,2026-04-02,718,N20,VIIRS,n,2,304.9,4.07,D,0.0,unclassified,113,1,6878.9,14898.9,3.09,4.07,1.3859292911256331,1.3172,0.0,Natural Fire,unavailable,unavailable,unavailable,Normal,Natural Fire,0.9996,15907.1,0,Low,Stable
22.54711,82.64688,333.35,0.42,0.45,2026-04-02,718,N20,VIIRS,l,2,305.94,2.11,D,0.0,unclassified,113,1,6664.7,14639.0,3.09,4.07,1.3859292911256331,0.6828,0.0,Natural Fire,unavailable,unavailable,unavailable,Normal,Natural Fire,0.9997,15654.7,0,Low,Stable
22.5216,82.80419,335.39,0.41,0.45,2026-04-02,718,N20,VIIRS,n,2,302.68,3.51,D,0.0,unclassified,-1,0,14383.7,13618.4,,,,,,Natural Fire,unavailable,unavailable,unavailable,Normal,Natural Fire,0.9888,8986.0,0,Low,Stable
22.50792,82.79916,331.49,0.41,0.45,2026-04-02,718,N20,VIIRS,n,2,301.54,1.34,D,0.0,unclassified,-1,0,12790.2,12168.1,,,,,,Natural Fire,unavailable,unavailable,unavailable,Normal,Natural Fire,0.994,10586.8,0,Low,Stable
22.41832,82.67875,333.7,0.42,0.45,2026-04-02,718,N20,VIIRS,l,2,306.87,3.6,D,0.0,industrial_nearby,-1,0,100.3,3896.7,,,,,,Unknown,unavailable,unavailable,unavailable,Normal,Unknown,0.9994,5903.6,3,Medium,Stable
22.33408,82.55372,337.96,0.43,0.46,2026-04-02,718,N20,VIIRS,l,2,308.74,3.81,D,0.0,industrial_direct,4,61,0.0,6377.9,2.2546153846153847,13.9,1.6402420650106009,1.6899,0.8632478632478633,Industrial,unavailable,unavailable,unavailable,Normal,Industrial,0.9997,1639.6,4,Medium,Stable
22.36174,82.76226,334.94,0.42,0.45,2026-04-02,718,N20,VIIRS,n,2,304.68,2.37,D,0.0,unclassified,-1,0,2535.1,9049.4,,,,,,Natural Fire,unavailable,unavailable,unavailable,Normal,Natural Fire,0.9985,3648.4,0,Low,Stable
22.4134,83.09502,334.45,0.4,0.44,2026-04-02,718,N20,VIIRS,n,2,303.04,2.74,D,0.0,unclassified,82,2,33873.0,26806.6,3.155,3.57,0.5868986283848343,0.8685,0.0,Natural Fire,unavailable,unavailable,unavailable,Normal,Natural Fire,0.9992,6608.1,0,Low,Stable
22.28834,82.50248,336.58,0.43,0.46,2026-04-02,718,N20,VIIRS,n,2,305.76,1.85,D,0.0,unclassified,-1,0,2099.4,12281.3,,,,,,Natural Fire,unavailable,unavailable,unavailable,Normal,Natural Fire,0.9997,1158.6,2,Low,Stable
22.30125,82.72855,338.08,0.42,0.45,2026-04-02,718,N20,VIIRS,l,2,308.94,8.55,D,0.0,industrial_nearby,114,1,967.4,14369.4,8.55,8.55,0.0,1.0,0.0,Unknown,unavailable,unavailable,unavailable,Normal,Unknown,0.9995,4090.4,3,Medium,Stable
22.30202,82.73258,335.26,0.42,0.45,2026-04-02,718,N20,VIIRS,l,2,308.27,8.55,D,0.0,industrial_nearby,114,1,792.6,14333.1,8.55,8.55,0.0,1.0,0.0,Unknown,unavailable,unavailable,unavailable,Normal,Unknown,0.9996,3668.5,3,Medium,Stable
22.27617,82.77593,331.01,0.42,0.45,2026-04-02,718,N20,VIIRS,l,2,305.51,1.72,D,0.0,unclassified,109,2,4139.7,10279.6,1.605,1.72,0.1626345596729059,1.0717,0.0,Natural Fire,unavailable,unavailable,unavailable,Normal,Natural Fire,0.9982,2852.2,1,Low,Escalating
22.1907,83.07516,341.97,0.4,0.44,2026-04-02,718,N20,VIIRS,n,2,303.62,8.06,D,0.0,unclassified,106,2,26510.5,22541.6,5.0175,8.06,2.059730969487682,1.6064,0.0,Natural Fire,unavailable,unavailable,unavailable,Normal,Natural Fire,0.9993,23059.6,0,Low,Stable
22.19418,83.07372,330.44,0.4,0.44,2026-04-02,718,N20,VIIRS,l,2,304.7,3.75,D,0.0,unclassified,106,2,26287.5,22243.0,5.0175,8.06,2.059730969487682,0.7474,0.0,Natural Fire,unavailable,unavailable,unavailable,Normal,Natural Fire,0.9998,23092.8,0,Low,Stable
22.19015,83.07463,342.65,0.4,0.44,2026-04-02,718,N20,VIIRS,n,2,304.06,3.75,D,0.0,unclassified,106,2,26469.8,22518.7,5.0175,8.06,2.059730969487682,0.7474,0.0,Natural Fire,unavailable,unavailable,unavailable,Normal,Natural Fire,0.9996,22984.3,0,Low,Stable
22.59105,82.92618,331.38,0.4,0.45,2026-04-02,718,N20,VIIRS,l,2,304.98,2.87,D,0.0,unclassified,-1,0,27799.3,28059.7,,,,,,Natural Fire,unavailable,unavailable,unavailable,Normal,Natural Fire,0.9997,9269.7,0,Low,Stable
22.33865,82.55504,316.02,0.44,0.46,2026-04-02,1946,N20,VIIRS,n,2,291.36,2.26,N,0.0,industrial_direct,4,61,0.0,5893.4,2.2546153846153847,13.9,1.6402420650106009,1.0024,0.8632478632478633,Industrial,unavailable,unavailable,unavailable,Normal,Industrial,0.9997,2159.6,4,Medium,Stable
22.33252,82.60558,315.32,0.43,0.46,2026-04-02,1946,N20,VIIRS,n,2,290.86,1.93,N,2.0,industrial_nearby,5,73,11.9,8856.8,2.765913043478261,15.28,2.376793836187871,0.6978,0.8260869565217391,Industrial,unavailable,unavailable,unavailable,Normal,Industrial,0.9997,515.0,5,High,Stable
22.33442,82.5544,318.63,0.44,0.46,2026-04-02,1946,N20,VIIRS,n,2,291.23,2.26,N,0.0,industrial_direct,4,61,0.0,6348.8,2.2546153846153847,13.9,1.6402420650106009,1.0024,0.8632478632478633,Industrial,unavailable,unavailable,unavailable,Normal,Industrial,0.9997,1701.1,4,Medium,Stable
22.33189,82.57532,307.78,0.44,0.46,2026-04-02,1946,N20,VIIRS,n,2,290.9,1.98,N,2.0,industrial_direct,3,71,0.0,7195.5,2.7918248175182483,11.59,1.9379155034462177,0.7092,0.8394160583941606,Industrial,unavailable,unavailable,unavailable,Normal,Industrial,0.9999,1516.4,4,Medium,Stable
22.36019,82.30299,311.09,0.45,0.47,2026-04-02,1946,N20,VIIRS,n,2,294.76,2.87,N,2.0,industrial_direct,2,96,0.0,25315.2,3.5459414225941424,26.78,3.275989787681158,0.8094,0.7489539748953975,Industrial,unavailable,unavailable,unavailable,Normal,Industrial,0.9989,7351.0,3,Medium,Stable
22.31951,82.53497,302.37,0.44,0.46,2026-04-02,1946,N20,VIIRS,n,2,288.15,1.61,N,2.0,industrial_direct,1,98,0.0,8043.4,2.508492063492064,11.71,1.680059238942467,0.6418,0.9232804232804231,Industrial,unavailable,unavailable,unavailable,Normal,Industrial,0.9999,506.1,5,High,Stable
22.35536,82.30679,310.82,0.45,0.47,2026-04-02,1946,N20,VIIRS,n,2,293.36,2.24,N,2.0,industrial_direct,2,96,0.0,25009.4,3.5459414225941424,26.78,3.275989787681158,0.6317,0.7489539748953975,Industrial,unavailable,unavailable,unavailable,Normal,Industrial,0.9993,6974.7,3,Medium,Stable
22.31646,82.56049,306.62,0.44,0.46,2026-04-02,1946,N20,VIIRS,n,2,290.9,1.92,N,2.0,industrial_direct,1,98,0.0,8408.1,2.508492063492064,11.71,1.680059238942467,0.7654,0.9232804232804231,Industrial,unavailable,unavailable,unavailable,Normal,Industrial,0.9999,843.8,5,High,Stable
22.3173,82.51734,309.58,0.44,0.46,2026-04-02,1946,N20,VIIRS,n,2,292.69,1.9,N,2.0,industrial_direct,1,98,0.0,8738.5,2.508492063492064,11.71,1.680059238942467,0.7574,0.9232804232804231,Industrial,unavailable,unavailable,unavailable,Normal,Industrial,0.9999,477.2,6,High,Stable
22.10614,82.99388,308.84,0.41,0.45,2026-04-02,1946,N20,VIIRS,n,2,286.46,1.25,N,0.0,unclassified,-1,0,22935.6,22523.5,,,,,,Natural Fire,unavailable,unavailable,unavailable,Normal,Natural Fire,0.9982,12488.5,0,Low,Stable
22.33275,82.53249,305.71,0.44,0.46,2026-04-02,1946,N20,VIIRS,n,2,289.94,0.96,N,2.0,industrial_direct,6,16,0.0,6649.8,1.2005882352941175,1.95,0.356606761507604,0.7996,1.0,Industrial,unavailable,unavailable,unavailable,Normal,Industrial,0.9998,1686.8,4,Medium,Stable
22.31154,82.52949,308.67,0.44,0.46,2026-04-02,1946,N20,VIIRS,n,2,291.06,2.41,N,2.0,industrial_nearby,1,98,111.6,9011.1,2.508492063492064,11.71,1.680059238942467,0.9607,0.9232804232804231,Industrial,unavailable,unavailable,unavailable,Normal,Industrial,0.9996,424.1,6,High,Stable
22.33431,82.60622,297.23,0.44,0.62,2026-04-03,1927,N20,VIIRS,n,2,274.08,1.16,N,2.0,industrial_direct,5,73,0.0,8753.6,2.765913043478261,15.28,2.376793836187871,0.4194,0.8260869565217391,Industrial,unavailable,unavailable,unavailable,Normal,Industrial,0.9998,596.4,5,High,Stable
22.33172,82.57107,297.35,0.44,0.62,2026-04-03,1927,N20,VIIRS,n,2,273.48,1.07,N,2.0,industrial_direct,3,71,0.0,7050.2,2.7918248175182483,11.59,1.9379155034462177,0.3833,0.8394160583941606,Industrial,unavailable,unavailable,unavailable,Normal,Industrial,0.9999,1585.6,4,Medium,Stable
22.339,82.55502,297.78,0.44,0.62,2026-04-03,1927,N20,VIIRS,n,2,274.19,1.02,N,0.0,industrial_direct,4,61,0.0,5854.8,2.2546153846153847,13.9,1.6402420650106009,0.4524,0.8632478632478633,Industrial,unavailable,unavailable,unavailable,Normal,Industrial,0.9999,2193.7,4,Medium,Stable
22.3292,82.57018,301.8,0.36,0.57,2026-04-04,2049,N20,VIIRS,n,2,285.32,1.79,N,0.0,industrial_direct,3,71,0.0,7282.9,2.7918248175182483,11.59,1.9379155034462177,0.6412,0.8394160583941606,Industrial,unavailable,unavailable,unavailable,Normal,Industrial,0.9999,1365.0,5,High,Stable
22.32051,82.53533,310.51,0.36,0.57,2026-04-04,2049,N20,VIIRS,n,2,285.3,1.5,N,0.0,industrial_nearby,1,98,44.2,7928.4,2.508492063492064,11.71,1.680059238942467,0.598,0.9232804232804231,Industrial,unavailable,unavailable,unavailable,Normal,Industrial,0.9999,507.5,5,High,Stable
22.35976,82.30487,337.29,0.54,0.42,2026-04-05,802,N20,VIIRS,n,2,306.09,6.11,D,2.0,industrial_direct,2,96,0.0,25130.3,3.5459414225941424,26.78,3.275989787681158,1.7231,0.7489539748953975,Industrial,unavailable,unavailable,unavailable,Normal,Industrial,0.9986,7178.4,3,Medium,Stable
22.46277,82.5259,336.74,0.56,0.43,2026-04-05,802,N20,VIIRS,n,2,302.65,7.72,D,0.0,unclassified,-1,0,1029.7,7812.9,,,,,,Natural Fire,unavailable,unavailable,unavailable,Normal,Natural Fire,0.9901,10139.3,0,Low,Stable
22.46211,82.52048,336.4,0.56,0.43,2026-04-05,802,N20,VIIRS,n,2,303.85,7.76,D,0.0,industrial_nearby,-1,0,750.3,7937.7,,,,,,Unknown,unavailable,unavailable,unavailable,Normal,Unknown,0.9952,10560.2,3,Medium,Stable
22.31861,82.53581,303.58,0.55,0.43,2026-04-05,2030,N20,VIIRS,n,2,284.84,2.1,N,2.0,industrial_direct,1,98,0.0,8129.5,2.508492063492064,11.71,1.680059238942467,0.8372,0.9232804232804231,Industrial,unavailable,unavailable,unavailable,Normal,Industrial,0.9998,406.4,6,High,Stable
22.33492,82.55573,304.49,0.55,0.43,2026-04-05,2030,N20,VIIRS,n,2,277.78,1.03,N,0.0,industrial_direct,4,61,0.0,6312.4,2.2546153846153847,13.9,1.6402420650106009,0.4568,0.8632478632478633,Industrial,unavailable,unavailable,unavailable,Normal,Industrial,0.9999,1808.9,4,Medium,Stable
22.33191,82.57172,299.15,0.55,0.43,2026-04-05,2030,N20,VIIRS,n,2,278.06,0.77,N,2.0,industrial_direct,3,71,0.0,7053.9,2.7918248175182483,11.59,1.9379155034462177,0.2758,0.8394160583941606,Industrial,unavailable,unavailable,unavailable,Normal,Industrial,0.9999,1584.7,4,Medium,Stable
22.35803,82.30356,341.17,0.38,0.36,2026-04-06,743,N20,VIIRS,l,2,311.65,6.82,D,2.0,industrial_direct,2,96,0.0,25291.8,3.5459414225941424,26.78,3.275989787681158,1.9233,0.7489539748953975,Industrial,unavailable,unavailable,unavailable,Normal,Industrial,0.9986,7363.9,3,Medium,Stable
22.33467,82.55447,334.31,0.38,0.36,2026-04-06,743,N20,VIIRS,l,2,304.62,2.45,D,0.0,industrial_direct,4,61,0.0,6322.2,2.2546153846153847,13.9,1.6402420650106009,1.0867,0.8632478632478633,Industrial,unavailable,unavailable,unavailable,Normal,Industrial,0.9997,1729.4,4,Medium,Stable
22.32724,82.66224,338.14,0.38,0.36,2026-04-06,743,N20,VIIRS,n,2,306.33,3.03,D,0.0,industrial_direct,115,2,0.0,12613.7,3.31,3.59,0.3959797974644668,0.9154,0.5,Unknown,unavailable,unavailable,unavailable,Normal,Unknown,0.9998,1752.0,4,Medium,Escalating
22.31418,82.53059,307.47,0.38,0.36,2026-04-06,2012,N20,VIIRS,n,2,294.04,1.68,N,2.0,industrial_direct,1,98,0.0,8702.3,2.508492063492064,11.71,1.680059238942467,0.6697,0.9232804232804231,Industrial,unavailable,unavailable,unavailable,Normal,Industrial,0.9999,419.8,6,High,Stable
22.36018,82.30352,322.85,0.38,0.36,2026-04-06,2012,N20,VIIRS,n,2,295.22,1.7,N,2.0,industrial_direct,2,96,0.0,25261.4,3.5459414225941424,26.78,3.275989787681158,0.4794,0.7489539748953975,Industrial,unavailable,unavailable,unavailable,Normal,Industrial,0.9996,7298.8,3,Medium,Stable
22.3569,82.30292,305.9,0.38,0.36,2026-04-06,2012,N20,VIIRS,n,2,294.68,1.7,N,2.0,industrial_direct,2,96,0.0,25375.9,3.5459414225941424,26.78,3.275989787681158,0.4794,0.7489539748953975,Industrial,unavailable,unavailable,unavailable,Normal,Industrial,0.9996,7408.0,3,Medium,Stable
22.3306,82.53359,305.96,0.38,0.36,2026-04-06,2012,N20,VIIRS,n,2,293.63,0.69,N,2.0,industrial_direct,6,16,0.0,6858.9,1.2005882352941175,1.95,0.356606761507604,0.5747,1.0,Industrial,unavailable,unavailable,unavailable,Normal,Industrial,0.9998,1430.0,5,High,Stable
22.31688,82.53487,319.72,0.38,0.36,2026-04-06,2012,N20,VIIRS,n,2,294.22,1.68,N,2.0,industrial_direct,1,98,0.0,8332.9,2.508492063492064,11.71,1.680059238942467,0.6697,0.9232804232804231,Industrial,unavailable,unavailable,unavailable,Normal,Industrial,0.9999,470.3,6,High,Stable
22.31652,82.51582,308.12,0.38,0.36,2026-04-06,2012,N20,VIIRS,n,2,294.33,1.32,N,2.0,industrial_direct,1,98,0.0,8874.6,2.508492063492064,11.71,1.680059238942467,0.5262,0.9232804232804231,Industrial,unavailable,unavailable,unavailable,Normal,Industrial,0.9999,349.0,6,High,Stable
22.31958,82.53916,308.1,0.38,0.36,2026-04-06,2012,N20,VIIRS,n,2,293.68,0.82,N,2.0,industrial_nearby,1,98,15.9,7981.9,2.508492063492064,11.71,1.680059238942467,0.3269,0.9232804232804231,Industrial,unavailable,unavailable,unavailable,Normal,Industrial,0.9999,114.5,6,High,Stable
22.32803,82.57111,304.18,0.38,0.36,2026-04-06,2012,N20,VIIRS,n,2,292.73,1.07,N,0.0,industrial_direct,3,71,0.0,7436.5,2.7918248175182483,11.59,1.9379155034462177,0.3833,0.8394160583941606,Industrial,unavailable,unavailable,unavailable,Normal,Industrial,0.9999,1206.3,5,High,Stable
22.32063,82.59636,304.32,0.38,0.36,2026-04-06,2012,N20,VIIRS,n,2,293.63,0.93,N,2.0,industrial_direct,11,23,0.0,9322.6,1.7126666666666666,4.45,0.9003713154844096,0.543,1.0,Industrial,unavailable,unavailable,unavailable,Normal,Industrial,0.9999,484.0,6,High,Stable
22.33425,82.55326,305.33,0.38,0.36,2026-04-06,2012,N20,VIIRS,n,2,292.08,0.41,N,0.0,industrial_nearby,4,61,24.9,6354.1,2.2546153846153847,13.9,1.6402420650106009,0.1818,0.8632478632478633,Industrial,unavailable,unavailable,unavailable,Normal,Industrial,0.9999,1640.6,4,Medium,Stable
22.32932,82.60555,309.05,0.38,0.36,2026-04-06,2012,N20,VIIRS,n,2,293.4,0.98,N,2.0,industrial_direct,5,73,0.0,9119.2,2.765913043478261,15.28,2.376793836187871,0.3543,0.8260869565217391,Industrial,unavailable,unavailable,unavailable,Normal,Industrial,0.9998,342.8,6,High,Stable
22.33753,82.55386,314.54,0.38,0.36,2026-04-06,2012,N20,VIIRS,n,2,293.08,1.17,N,0.0,industrial_direct,4,61,0.0,6000.2,2.2546153846153847,13.9,1.6402420650106009,0.5189,0.8632478632478633,Industrial,unavailable,unavailable,unavailable,Normal,Industrial,0.9999,1995.9,4,Medium,Stable
22.3326,82.60616,309.65,0.38,0.36,2026-04-06,2012,N20,VIIRS,n,2,293.68,0.98,N,2.0,industrial_direct,5,73,0.0,8890.8,2.765913043478261,15.28,2.376793836187871,0.3543,0.8260869565217391,Industrial,unavailable,unavailable,unavailable,Normal,Industrial,0.9998,479.4,6,High,Stable
22.33131,82.57172,312.37,0.38,0.36,2026-04-06,2012,N20,VIIRS,n,2,292.85,1.07,N,2.0,industrial_direct,3,71,0.0,7116.1,2.7918248175182483,11.59,1.9379155034462177,0.3833,0.8394160583941606,Industrial,unavailable,unavailable,unavailable,Normal,Industrial,0.9999,1521.2,4,Medium,Stable
22.3353,82.55547,334.41,0.53,0.42,2026-04-07,724,N20,VIIRS,l,2,308.05,4.0,D,0.0,industrial_direct,4,61,0.0,6266.9,2.2546153846153847,13.9,1.6402420650106009,1.7741,0.8632478632478633,Industrial,unavailable,unavailable,unavailable,Normal,Industrial,0.9996,1835.1,4,Medium,Stable
22.33136,82.57391,332.4,0.52,0.42,2026-04-07,724,N20,VIIRS,l,2,306.36,2.95,D,2.0,industrial_direct,3,71,0.0,7193.2,2.7918248175182483,11.59,1.9379155034462177,1.0567,0.8394160583941606,Industrial,unavailable,unavailable,unavailable,Normal,Industrial,0.9997,1474.0,5,High,Stable
22.14988,82.65082,340.84,0.52,0.42,2026-04-07,724,N20,VIIRS,n,2,308.89,7.33,D,0.0,unclassified,-1,0,5525.8,27205.3,,,,,,Natural Fire,unavailable,unavailable,unavailable,Normal,Natural Fire,0.9991,16763.9,0,Low,Stable
22.14769,82.97194,302.35,0.5,0.41,2026-04-07,1953,N20,VIIRS,n,2,292.13,0.43,N,0.0,unclassified,-1,0,18365.2,17430.0,,,,,,Natural Fire,unavailable,unavailable,unavailable,Normal,Natural Fire,0.9987,11399.4,0,Low,Stable
22.31562,82.51727,312.84,0.54,0.42,2026-04-07,1953,N20,VIIRS,n,2,296.31,3.08,N,2.0,industrial_direct,1,98,0.0,8915.7,2.508492063492064,11.71,1.680059238942467,1.2278,0.9232804232804231,Industrial,unavailable,unavailable,unavailable,Normal,Industrial,0.9996,309.6,6,High,Stable
22.31745,82.53336,313.6,0.53,0.42,2026-04-07,1953,N20,VIIRS,n,2,298.0,3.51,N,2.0,industrial_direct,1,98,0.0,8295.0,2.508492063492064,11.71,1.680059238942467,1.3992,0.9232804232804231,Industrial,unavailable,unavailable,unavailable,Normal,Industrial,0.9996,539.4,5,High,Stable
22.35919,82.30431,312.83,0.55,0.43,2026-04-07,1953,N20,VIIRS,n,2,295.98,2.67,N,2.0,industrial_direct,2,96,0.0,25196.5,3.5459414225941424,26.78,3.275989787681158,0.753,0.7489539748953975,Industrial,unavailable,unavailable,unavailable,Normal,Industrial,0.9992,7251.9,3,Medium,Stable
22.33102,82.60876,305.75,0.53,0.42,2026-04-07,1953,N20,VIIRS,n,2,295.58,2.46,N,0.0,industrial_nearby,5,73,123.8,9199.9,2.765913043478261,15.28,2.376793836187871,0.8894,0.8260869565217391,Industrial,unavailable,unavailable,unavailable,Normal,Industrial,0.999,163.4,6,High,Stable
22.33849,82.55237,306.4,0.53,0.42,2026-04-07,1953,N20,VIIRS,n,2,293.71,2.77,N,0.0,industrial_direct,4,61,0.0,5877.7,2.2546153846153847,13.9,1.6402420650106009,1.2286,0.8632478632478633,Industrial,unavailable,unavailable,unavailable,Normal,Industrial,0.9997,2038.4,4,Medium,Stable
22.3313,82.53224,305.43,0.53,0.42,2026-04-07,1953,N20,VIIRS,n,2,295.35,1.16,N,2.0,industrial_direct,6,16,0.0,6812.1,1.2005882352941175,1.95,0.356606761507604,0.9662,1.0,Industrial,unavailable,unavailable,unavailable,Normal,Industrial,0.9992,1578.8,4,Medium,Stable
22.33195,82.57218,313.58,0.53,0.42,2026-04-07,1953,N20,VIIRS,n,2,294.63,2.72,N,2.0,industrial_direct,3,71,0.0,7066.7,2.7918248175182483,11.59,1.9379155034462177,0.9743,0.8394160583941606,Industrial,unavailable,unavailable,unavailable,Normal,Industrial,0.9997,1575.8,4,Medium,Stable
22.32998,82.57401,311.01,0.53,0.42,2026-04-07,1953,N20,VIIRS,n,2,294.76,2.58,N,2.0,industrial_direct,3,71,0.0,7338.7,2.7918248175182483,11.59,1.9379155034462177,0.9241,0.8394160583941606,Industrial,unavailable,unavailable,unavailable,Normal,Industrial,0.9997,1321.6,5,High,Stable
22.32993,82.60551,310.15,0.53,0.42,2026-04-07,1953,N20,VIIRS,n,2,295.6,2.02,N,2.0,industrial_direct,5,73,0.0,9065.6,2.765913043478261,15.28,2.376793836187871,0.7303,0.8260869565217391,Industrial,unavailable,unavailable,unavailable,Normal,Industrial,0.9997,374.6,6,High,Stable
22.3364,82.55416,317.78,0.53,0.42,2026-04-07,1953,N20,VIIRS,n,2,295.51,2.44,N,0.0,industrial_direct,4,61,0.0,6128.2,2.2546153846153847,13.9,1.6402420650106009,1.0822,0.8632478632478633,Industrial,unavailable,unavailable,unavailable,Normal,Industrial,0.9997,1896.0,4,Medium,Stable
22.36004,82.30094,306.7,0.55,0.43,2026-04-07,1953,N20,VIIRS,n,2,294.86,2.27,N,2.0,industrial_direct,2,96,0.0,25526.6,3.5459414225941424,26.78,3.275989787681158,0.6402,0.7489539748953975,Industrial,unavailable,unavailable,unavailable,Normal,Industrial,0.9995,7558.8,3,Medium,Stable
22.28873,82.72582,334.64,0.33,0.55,2026-04-08,705,N20,VIIRS,n,2,298.06,2.29,D,0.0,unclassified,116,1,2242.2,15479.1,2.29,2.29,0.0,1.0,0.0,Natural Fire,unavailable,unavailable,unavailable,Normal,Natural Fire,0.9991,4718.5,0,Low,Stable
22.28806,82.72267,333.26,0.33,0.55,2026-04-08,705,N20,VIIRS,n,2,297.83,2.29,D,0.0,unclassified,116,1,1974.8,15778.5,2.29,2.29,0.0,1.0,0.0,Natural Fire,unavailable,unavailable,unavailable,Normal,Natural Fire,0.995,5046.8,0,Low,Stable
22.33822,82.54789,304.05,0.71,0.75,2026-04-09,1915,N20,VIIRS,n,2,291.15,1.33,N,0.0,industrial_nearby,4,61,162.7,5880.4,2.2546153846153847,13.9,1.6402420650106009,0.5899,0.8632478632478633,Industrial,unavailable,unavailable,unavailable,Normal,Industrial,0.9999,1908.6,4,Medium,Stable
22.35693,82.30179,305.18,0.44,0.62,2026-04-09,2055,N20,VIIRS,n,2,294.19,1.0,N,2.0,industrial_direct,2,96,0.0,25490.4,3.5459414225941424,26.78,3.275989787681158,0.282,0.7489539748953975,Industrial,unavailable,unavailable,unavailable,Normal,Industrial,0.9996,7515.0,3,Medium,Stable
22.31232,82.5202,302.48,0.45,0.63,2026-04-09,2055,N20,VIIRS,n,2,291.82,0.6,N,0.0,industrial_nearby,1,98,32.6,9165.4,2.508492063492064,11.71,1.680059238942467,0.2392,0.9232804232804231,Industrial,unavailable,unavailable,unavailable,Normal,Industrial,0.9999,251.9,6,High,Stable
22.36252,82.30317,310.35,0.44,0.62,2026-04-09,2055,N20,VIIRS,n,2,293.98,1.0,N,2.0,industrial_direct,2,96,0.0,25262.1,3.5459414225941424,26.78,3.275989787681158,0.282,0.7489539748953975,Industrial,unavailable,unavailable,unavailable,Normal,Industrial,0.9996,7266.8,3,Medium,Stable
22.32941,82.60203,305.49,0.46,0.63,2026-04-09,2055,N20,VIIRS,n,2,291.89,1.08,N,2.0,industrial_nearby,5,73,48.0,8878.0,2.765913043478261,15.28,2.376793836187871,0.3905,0.8260869565217391,Industrial,unavailable,unavailable,unavailable,Normal,Industrial,0.9998,443.5,6,High,Stable
22.33467,82.55313,304.58,0.45,0.63,2026-04-09,2055,N20,VIIRS,n,2,291.69,0.89,N,0.0,industrial_direct,4,61,0.0,6306.4,2.2546153846153847,13.9,1.6402420650106009,0.3947,0.8632478632478633,Industrial,unavailable,unavailable,unavailable,Normal,Industrial,0.9999,1677.2,4,Medium,Stable
22.316,82.53015,306.63,0.45,0.63,2026-04-09,2055,N20,VIIRS,n,2,293.71,2.24,N,2.0,industrial_direct,1,98,0.0,8513.6,2.508492063492064,11.71,1.680059238942467,0.893,0.9232804232804231,Industrial,unavailable,unavailable,unavailable,Normal,Industrial,0.9996,567.0,5,High,Stable
22.37046,83.04004,335.42,0.5,0.49,2026-04-10,808,N20,VIIRS,l,2,306.4,3.98,D,0.0,unclassified,-1,0,26527.2,19477.6,,,,,,Natural Fire,unavailable,unavailable,unavailable,Normal,Natural Fire,0.9999,11092.4,0,Low,Stable
22.40056,82.67174,343.3,0.47,0.48,2026-04-10,808,N20,VIIRS,n,2,308.48,5.94,D,0.0,industrial_nearby,-1,0,537.6,5486.0,,,,,,Unknown,unavailable,unavailable,unavailable,Normal,Unknown,0.9997,4848.5,3,Medium,Stable
22.167,82.53976,340.86,0.46,0.47,2026-04-10,808,N20,VIIRS,l,2,313.13,5.53,D,0.0,unclassified,-1,0,13578.1,24848.0,,,,,,Natural Fire,unavailable,unavailable,unavailable,Normal,Natural Fire,0.9949,13859.4,0,Low,Stable
22.33415,82.55725,306.31,0.45,0.47,2026-04-10,2037,N20,VIIRS,n,2,294.81,1.2,N,0.0,industrial_direct,4,61,0.0,6421.2,2.2546153846153847,13.9,1.6402420650106009,0.5322,0.8632478632478633,Industrial,unavailable,unavailable,unavailable,Normal,Industrial,0.9999,1810.1,4,Medium,Stable
22.31298,82.52993,310.32,0.45,0.47,2026-04-10,2037,N20,VIIRS,n,2,296.35,1.9,N,2.0,industrial_nearby,1,98,5.8,8845.9,2.508492063492064,11.71,1.680059238942467,0.7574,0.9232804232804231,Industrial,unavailable,unavailable,unavailable,Normal,Industrial,0.9999,449.4,6,High,Stable
22.35786,82.30148,309.97,0.44,0.46,2026-04-10,2037,N20,VIIRS,n,2,295.1,1.79,N,2.0,industrial_direct,2,96,0.0,25506.4,3.5459414225941424,26.78,3.275989787681158,0.5048,0.7489539748953975,Industrial,unavailable,unavailable,unavailable,Normal,Industrial,0.9995,7573.8,3,Medium,Stable
22.31636,82.53517,310.93,0.45,0.47,2026-04-10,2037,N20,VIIRS,n,2,295.86,1.99,N,2.0,industrial_direct,1,98,0.0,8385.4,2.508492063492064,11.71,1.680059238942467,0.7933,0.9232804232804231,Industrial,unavailable,unavailable,unavailable,Normal,Industrial,0.9998,415.9,6,High,Stable
22.36203,82.30239,318.51,0.44,0.46,2026-04-10,2037,N20,VIIRS,n,2,295.6,2.27,N,2.0,industrial_direct,2,96,0.0,25348.8,3.5459414225941424,26.78,3.275989787681158,0.6402,0.7489539748953975,Industrial,unavailable,unavailable,unavailable,Normal,Industrial,0.9994,7357.9,3,Medium,Stable
22.33499,82.55292,305.09,0.45,0.47,2026-04-10,2037,N20,VIIRS,n,2,293.55,0.72,N,0.0,industrial_direct,4,61,0.0,6268.9,2.2546153846153847,13.9,1.6402420650106009,0.3193,0.8632478632478633,Industrial,unavailable,unavailable,unavailable,Normal,Industrial,0.9999,1699.8,4,Medium,Stable
22.33761,82.55684,307.49,0.45,0.47,2026-04-10,2037,N20,VIIRS,n,2,294.17,1.49,N,0.0,industrial_direct,4,61,0.0,6036.5,2.2546153846153847,13.9,1.6402420650106009,0.6609,0.8632478632478633,Industrial,unavailable,unavailable,unavailable,Normal,Industrial,0.9999,2126.7,4,Medium,Stable
22.33218,82.6055,308.22,0.46,0.47,2026-04-10,2037,N20,VIIRS,n,2,294.79,1.29,N,2.0,industrial_nearby,5,73,12.4,8879.1,2.765913043478261,15.28,2.376793836187871,0.4664,0.8260869565217391,Industrial,unavailable,unavailable,unavailable,Normal,Industrial,0.9998,496.6,6,High,Stable
22.33772,82.66608,306.96,0.46,0.47,2026-04-10,2037,N20,VIIRS,n,2,293.0,0.63,N,0.0,industrial_direct,117,8,0.0,11395.9,2.413,6.07,2.0614991847897706,0.2611,0.8,Unknown,unavailable,unavailable,unavailable,Normal,Unknown,0.9982,1967.3,4,Medium,Stable
22.32904,82.60601,304.82,0.46,0.47,2026-04-10,2037,N20,VIIRS,n,2,294.61,1.52,N,2.0,industrial_direct,5,73,0.0,9173.7,2.765913043478261,15.28,2.376793836187871,0.5495,0.8260869565217391,Industrial,unavailable,unavailable,unavailable,Normal,Industrial,0.9998,290.5,6,High,Stable
22.58264,82.62193,336.13,0.41,0.37,2026-04-11,749,N20,VIIRS,l,2,310.76,2.27,D,0.0,unclassified,119,1,9592.4,15756.1,1.71,2.27,0.7919595949289333,1.3275,0.0,Natural Fire,unavailable,unavailable,unavailable,Normal,Natural Fire,0.9999,19149.2,0,Low,Stable
22.59579,82.59168,338.05,0.41,0.37,2026-04-11,749,N20,VIIRS,l,2,312.64,3.62,D,0.0,unclassified,-1,0,10906.4,12885.8,,,,,,Natural Fire,unavailable,unavailable,unavailable,Normal,Natural Fire,0.9999,20624.0,0,Low,Stable
22.16504,82.51265,345.93,0.4,0.37,2026-04-11,749,N20,VIIRS,l,2,319.83,10.19,D,0.0,unclassified,-1,0,13764.0,25300.0,,,,,,Natural Fire,unavailable,unavailable,unavailable,Normal,Natural Fire,0.9931,14837.6,0,Low,Stable
22.2452,82.76097,345.93,0.41,0.37,2026-04-11,749,N20,VIIRS,l,2,317.4,6.74,D,0.0,unclassified,120,2,2844.7,12380.8,6.955,7.17,0.3040559159102152,0.9691,0.0,Natural Fire,unavailable,unavailable,unavailable,Normal,Natural Fire,0.9999,6462.6,0,Low,Escalating
22.26719,82.84276,342.99,0.41,0.37,2026-04-11,749,N20,VIIRS,n,2,316.8,1.76,D,0.0,unclassified,-1,0,3502.4,3612.1,,,,,,Natural Fire,unavailable,unavailable,unavailable,Normal,Natural Fire,0.999,7870.3,0,Low,Stable
22.22865,82.49826,343.31,0.4,0.37,2026-04-11,749,N20,VIIRS,l,2,318.13,4.33,D,0.0,unclassified,121,2,7196.6,18692.0,4.315,4.36,0.051961524227066,1.0035,0.0,Natural Fire,unavailable,unavailable,unavailable,Normal,Natural Fire,0.9993,7781.8,0,Low,Stable
22.27766,82.34745,349.02,0.4,0.37,2026-04-11,749,N20,VIIRS,n,2,318.2,8.64,D,0.0,unclassified,122,1,9156.2,24081.7,7.7,8.64,1.32936074863071,1.1221,0.0,Natural Fire,unavailable,unavailable,unavailable,Normal,Natural Fire,0.9996,6025.8,0,Low,Stable
22.28103,82.34693,351.01,0.4,0.37,2026-04-11,749,N20,VIIRS,n,2,317.45,6.76,D,0.0,unclassified,122,1,8800.4,23934.6,7.7,8.64,1.32936074863071,0.8779,0.0,Natural Fire,unavailable,unavailable,unavailable,Normal,Natural Fire,0.9991,5700.5,0,Low,Stable
22.42541,82.89983,337.14,0.42,0.37,2026-04-11,749,N20,VIIRS,n,2,311.8,1.9,D,0.0,unclassified,112,2,15903.1,16296.9,1.56,1.9,0.4808326112068521,1.2179,0.5,Natural Fire,unavailable,unavailable,unavailable,Normal,Natural Fire,0.9989,17666.8,0,Low,Escalating
22.39668,82.69278,340.34,0.41,0.37,2026-04-11,749,N20,VIIRS,n,2,314.1,5.8,D,0.0,industrial_nearby,-1,0,160.3,4337.3,,,,,,Unknown,unavailable,unavailable,unavailable,Normal,Unknown,0.9993,4966.5,3,Medium,Stable
22.2281,82.49437,344.52,0.4,0.37,2026-04-11,749,N20,VIIRS,l,2,319.33,4.33,D,0.0,unclassified,121,2,7404.8,18861.5,4.315,4.36,0.051961524227066,1.0035,0.0,Natural Fire,unavailable,unavailable,unavailable,Normal,Natural Fire,0.9998,7879.7,0,Low,Stable
22.51371,82.8812,337.79,0.42,0.37,2026-04-11,749,N20,VIIRS,l,2,308.52,3.41,D,0.0,unclassified,123,2,18451.9,19420.0,3.25,3.41,0.2262741699796954,1.0492,0.0,Natural Fire,unavailable,unavailable,unavailable,Normal,Natural Fire,0.9999,10541.4,0,Low,Stable
22.50675,82.77997,336.57,0.41,0.37,2026-04-11,749,N20,VIIRS,l,2,310.02,0.86,D,0.0,unclassified,-1,0,11974.3,10748.0,,,,,,Natural Fire,unavailable,unavailable,unavailable,Normal,Natural Fire,0.9997,11506.9,0,Low,Stable
22.52265,82.76877,332.94,0.41,0.37,2026-04-11,749,N20,VIIRS,l,2,307.69,3.17,D,0.0,unclassified,-1,0,13435.4,11580.8,,,,,,Natural Fire,unavailable,unavailable,unavailable,Normal,Natural Fire,0.9771,10662.7,0,Low,Stable
22.55194,82.67924,344.77,0.41,0.37,2026-04-11,749,N20,VIIRS,n,2,311.81,3.44,D,0.0,unclassified,124,1,8788.0,13895.3,3.8766666666666665,4.75,0.7563288526384099,0.8874,0.0,Natural Fire,unavailable,unavailable,unavailable,Normal,Natural Fire,0.9999,16618.6,0,Low,Escalating
22.55139,82.67532,342.22,0.41,0.37,2026-04-11,749,N20,VIIRS,n,2,311.85,3.44,D,0.0,unclassified,124,1,8501.3,13947.9,3.8766666666666665,4.75,0.7563288526384099,0.8874,0.0,Natural Fire,unavailable,unavailable,unavailable,Normal,Natural Fire,0.9997,16984.7,0,Low,Escalating
22.55083,82.67137,340.24,0.41,0.37,2026-04-11,749,N20,VIIRS,l,2,312.83,4.75,D,0.0,unclassified,124,1,8222.3,14012.0,3.8766666666666665,4.75,0.7563288526384099,1.2253,0.0,Natural Fire,unavailable,unavailable,unavailable,Normal,Natural Fire,0.9999,16789.4,0,Low,Escalating
22.50981,82.90234,332.52,0.42,0.37,2026-04-11,749,N20,VIIRS,l,2,307.44,3.28,D,0.0,unclassified,-1,0,19870.1,21180.5,,,,,,Natural Fire,unavailable,unavailable,unavailable,Normal,Natural Fire,0.9999,12038.2,0,Low,Stable
22.58207,82.62179,336.65,0.41,0.37,2026-04-11,749,N20,VIIRS,l,2,311.2,1.15,D,0.0,unclassified,119,1,9527.7,15736.8,1.71,2.27,0.7919595949289333,0.6725,0.0,Natural Fire,unavailable,unavailable,unavailable,Normal,Natural Fire,0.9999,19085.2,0,Low,Stable
22.59037,82.48044,306.11,0.4,0.37,2026-04-11,2018,N20,VIIRS,n,2,294.84,0.98,N,0.0,unclassified,118,3,15372.3,2303.4,2.558333333333333,6.31,1.9520186132992343,0.3831,0.5,Natural Fire,unavailable,unavailable,unavailable,Normal,Natural Fire,0.9973,23100.2,0,Low,Stable
22.58765,82.47604,305.44,0.4,0.37,2026-04-11,2018,N20,VIIRS,n,2,294.09,1.03,N,0.0,unclassified,118,3,15199.0,1814.1,2.558333333333333,6.31,1.9520186132992343,0.4026,0.5,Agricultural Burning,unavailable,unavailable,unavailable,Normal,Agricultural Burning,0.9995,22632.3,1,Low,Stable
22.54276,82.72322,311.93,0.41,0.37,2026-04-11,2018,N20,VIIRS,n,2,295.34,1.53,N,0.0,unclassified,92,3,11504.8,12421.0,1.0775,1.53,0.4552929459882578,1.42,1.0,Natural Fire,unavailable,unavailable,unavailable,Normal,Natural Fire,0.9998,12850.1,0,Low,Stable
22.33765,82.66604,315.44,0.41,0.37,2026-04-11,2018,N20,VIIRS,n,2,294.52,1.74,N,0.0,industrial_direct,117,8,0.0,11404.7,2.413,6.07,2.0614991847897706,0.7211,0.8,Unknown,unavailable,unavailable,unavailable,Normal,Unknown,0.9996,1962.2,4,Medium,Stable
22.33065,82.60433,312.18,0.41,0.37,2026-04-11,2018,N20,VIIRS,n,2,295.65,1.87,N,2.0,industrial_nearby,5,73,99.4,8925.6,2.765913043478261,15.28,2.376793836187871,0.6761,0.8260869565217391,Industrial,unavailable,unavailable,unavailable,Normal,Industrial,0.9997,503.3,5,High,Stable
22.33513,82.55708,309.54,0.4,0.37,2026-04-11,2018,N20,VIIRS,n,2,296.63,1.26,N,0.0,industrial_direct,4,61,0.0,6311.3,2.2546153846153847,13.9,1.6402420650106009,0.5589,0.8632478632478633,Industrial,unavailable,unavailable,unavailable,Normal,Industrial,0.9999,1895.2,4,Medium,Stable
22.33251,82.57265,308.48,0.4,0.37,2026-04-11,2018,N20,VIIRS,n,2,295.1,1.23,N,2.0,industrial_direct,3,71,0.0,7026.6,2.7918248175182483,11.59,1.9379155034462177,0.4406,0.8394160583941606,Industrial,unavailable,unavailable,unavailable,Normal,Industrial,0.9999,1624.1,4,Medium,Stable
22.32319,82.58683,309.26,0.4,0.37,2026-04-11,2018,N20,VIIRS,n,2,295.71,1.47,N,2.0,industrial_direct,11,23,0.0,8580.3,1.7126666666666666,4.45,0.9003713154844096,0.8583,1.0,Industrial,unavailable,unavailable,unavailable,Normal,Industrial,0.9991,847.2,5,High,Stable
22.31825,82.53382,308.49,0.4,0.37,2026-04-11,2018,N20,VIIRS,n,2,297.58,1.86,N,2.0,industrial_direct,1,98,0.0,8199.8,2.508492063492064,11.71,1.680059238942467,0.7415,0.9232804232804231,Industrial,unavailable,unavailable,unavailable,Normal,Industrial,0.9999,611.6,5,High,Stable
22.36031,82.30374,325.64,0.4,0.37,2026-04-11,2018,N20,VIIRS,n,2,298.68,1.58,N,2.0,industrial_direct,2,96,0.0,25236.9,3.5459414225941424,26.78,3.275989787681158,0.4456,0.7489539748953975,Industrial,unavailable,unavailable,unavailable,Normal,Industrial,0.9996,7273.1,3,Medium,Stable
22.55086,82.73708,311.83,0.41,0.37,2026-04-11,2018,N20,VIIRS,n,2,295.16,2.2,N,0.0,unclassified,-1,0,13189.0,13484.0,,,,,,Natural Fire,unavailable,unavailable,unavailable,Normal,Natural Fire,0.9995,11169.5,0,Low,Stable
22.31433,82.55704,306.34,0.4,0.37,2026-04-11,2018,N20,VIIRS,n,2,295.86,1.12,N,2.0,industrial_direct,1,98,0.0,8589.8,2.508492063492064,11.71,1.680059238942467,0.4465,0.9232804232804231,Industrial,unavailable,unavailable,unavailable,Normal,Industrial,0.9999,477.2,6,High,Stable
22.3175,82.51769,319.16,0.4,0.37,2026-04-11,2018,N20,VIIRS,n,2,297.51,2.69,N,2.0,industrial_direct,1,98,0.0,8705.3,2.508492063492064,11.71,1.680059238942467,1.0724,0.9232804232804231,Industrial,unavailable,unavailable,unavailable,Normal,Industrial,0.9996,512.1,5,High,Stable
22.31619,82.52543,307.16,0.4,0.37,2026-04-11,2018,N20,VIIRS,n,2,296.48,1.79,N,2.0,industrial_direct,1,98,0.0,8604.3,2.508492063492064,11.71,1.680059238942467,0.7136,0.9232804232804231,Industrial,unavailable,unavailable,unavailable,Normal,Industrial,0.9999,819.9,5,High,Stable
22.31489,82.53316,315.84,0.4,0.37,2026-04-11,2018,N20,VIIRS,n,2,297.39,1.86,N,2.0,industrial_direct,1,98,0.0,8578.0,2.508492063492064,11.71,1.680059238942467,0.7415,0.9232804232804231,Industrial,unavailable,unavailable,unavailable,Normal,Industrial,0.9999,274.3,6,High,Stable
22.27955,82.42289,307.44,0.4,0.37,2026-04-11,2018,N20,VIIRS,n,2,296.83,2.26,N,0.0,unclassified,-1,0,6411.1,17776.3,,,,,,Natural Fire,unavailable,unavailable,unavailable,Normal,Natural Fire,0.9998,7776.9,0,Low,Stable
22.32048,82.58227,312.2,0.4,0.37,2026-04-11,2018,N20,VIIRS,n,2,295.71,1.73,N,2.0,industrial_direct,11,23,0.0,8640.9,1.7126666666666666,4.45,0.9003713154844096,1.0101,1.0,Industrial,unavailable,unavailable,unavailable,Normal,Industrial,0.9979,441.8,6,High,Stable
22.5849,82.66689,308.45,0.4,0.37,2026-04-11,2018,N20,VIIRS,n,2,293.52,1.55,N,0.0,unclassified,-1,0,11320.9,17752.3,,,,,,Natural Fire,unavailable,unavailable,unavailable,Normal,Natural Fire,0.9999,17138.8,0,Low,Stable
22.33578,82.55321,314.74,0.4,0.37,2026-04-11,2018,N20,VIIRS,n,2,296.0,1.41,N,0.0,industrial_direct,4,61,0.0,6185.1,2.2546153846153847,13.9,1.6402420650106009,0.6254,0.8632478632478633,Industrial,unavailable,unavailable,unavailable,Normal,Industrial,0.9999,1791.8,4,Medium,Stable
22.14499,83.05588,353.33,0.43,0.38,2026-04-12,730,N20,VIIRS,n,2,319.2,10.63,D,0.0,unclassified,-1,0,26151.9,23566.2,,,,,,Natural Fire,unavailable,unavailable,unavailable,Normal,Natural Fire,0.9862,19468.4,0,Low,Stable
22.58904,82.48232,339.71,0.44,0.39,2026-04-12,731,N20,VIIRS,l,2,314.41,6.31,D,0.0,unclassified,118,3,15183.2,2300.8,2.558333333333333,6.31,1.9520186132992343,2.4664,0.5,Natural Fire,unavailable,unavailable,unavailable,Normal,Natural Fire,0.9991,23054.3,0,Low,Stable
22.55423,82.68427,335.02,0.44,0.38,2026-04-12,731,N20,VIIRS,l,2,309.93,3.74,D,0.0,unclassified,94,5,9305.6,14016.2,2.9922222222222223,8.74,2.504534776050124,1.2499,0.6666666666666666,Natural Fire,unavailable,unavailable,unavailable,Normal,Natural Fire,1.0,16048.4,0,Low,Stable
22.19054,82.80894,344.41,0.44,0.38,2026-04-12,731,N20,VIIRS,l,2,318.99,8.8,D,0.0,unclassified,32,2,5544.1,11921.6,4.385,8.8,3.2116195291472494,2.0068,0.25,Natural Fire,unavailable,unavailable,unavailable,Normal,Natural Fire,0.9999,7071.7,0,Low,Stable
22.17286,82.6429,342.07,0.44,0.39,2026-04-12,731,N20,VIIRS,l,2,315.96,4.52,D,0.0,unclassified,-1,0,7804.8,26129.3,,,,,,Natural Fire,unavailable,unavailable,unavailable,Normal,Natural Fire,0.9999,14094.9,0,Low,Stable
22.32069,83.09388,356.7,0.42,0.38,2026-04-12,731,N20,VIIRS,n,2,316.53,8.23,D,0.0,unclassified,127,1,29244.1,22686.4,6.66,8.23,2.2203152929257595,1.2357,0.0,Natural Fire,unavailable,unavailable,unavailable,Normal,Natural Fire,0.996,16472.0,0,Low,Stable
22.32347,83.09426,342.57,0.42,0.38,2026-04-12,731,N20,VIIRS,n,2,314.5,5.09,D,0.0,unclassified,127,1,29376.3,22788.6,6.66,8.23,2.2203152929257595,0.7643,0.0,Natural Fire,unavailable,unavailable,unavailable,Normal,Natural Fire,0.9947,16175.0,0,Low,Stable
22.20863,82.34521,350.43,0.45,0.39,2026-04-12,731,N20,VIIRS,n,2,317.36,5.71,D,0.0,unclassified,-1,0,8814.8,28990.4,,,,,,Natural Fire,unavailable,unavailable,unavailable,Normal,Natural Fire,0.9995,13477.3,0,Low,Stable
22.37301,82.96668,337.94,0.43,0.38,2026-04-12,731,N20,VIIRS,l,2,312.33,4.41,D,0.0,unclassified,128,1,20135.2,13788.1,4.335,4.41,0.1060660171779823,1.0173,0.0,Natural Fire,unavailable,unavailable,unavailable,Normal,Natural Fire,0.9999,14634.3,0,Low,Stable
22.34428,82.75396,349.15,0.44,0.38,2026-04-12,731,N20,VIIRS,l,2,316.57,7.86,D,0.0,industrial_nearby,-1,0,448.0,10361.9,,,,,,Unknown,unavailable,unavailable,unavailable,Normal,Unknown,0.9995,3069.6,3,Medium,Stable
22.40813,83.00638,351.25,0.43,0.38,2026-04-12,731,N20,VIIRS,n,2,315.49,6.73,D,0.0,unclassified,102,2,25248.4,19416.1,5.83,6.73,1.272792206135786,1.1544,0.0,Natural Fire,unavailable,unavailable,unavailable,Normal,Natural Fire,0.9999,8998.2,0,Low,Escalating
22.38751,82.86166,338.02,0.43,0.38,2026-04-12,731,N20,VIIRS,l,2,312.68,2.73,D,0.0,unclassified,-1,0,11050.3,12066.3,,,,,,Natural Fire,unavailable,unavailable,unavailable,Normal,Natural Fire,0.9999,12202.2,0,Low,Stable
22.36956,82.96735,344.0,0.43,0.38,2026-04-12,731,N20,VIIRS,l,2,315.62,4.26,D,0.0,unclassified,128,1,20104.4,13550.7,4.335,4.41,0.1060660171779823,0.9827,0.0,Natural Fire,unavailable,unavailable,unavailable,Normal,Natural Fire,0.9999,14863.6,0,Low,Stable
22.51615,82.90244,340.1,0.43,0.38,2026-04-12,731,N20,VIIRS,l,2,306.72,3.25,D,0.0,unclassified,129,1,20303.7,21488.8,3.25,3.25,0.0,1.0,0.0,Natural Fire,unavailable,unavailable,unavailable,Normal,Natural Fire,1.0,11474.7,0,Low,Stable
22.49261,82.94537,339.81,0.43,0.38,2026-04-12,731,N20,VIIRS,n,2,306.14,3.19,D,0.0,unclassified,-1,0,22682.2,24580.3,,,,,,Natural Fire,unavailable,unavailable,unavailable,Normal,Natural Fire,0.9994,9592.1,0,Low,Stable
22.55494,82.68843,351.46,0.44,0.38,2026-04-12,731,N20,VIIRS,n,2,311.19,3.74,D,0.0,unclassified,94,5,9638.4,14004.5,2.9922222222222223,8.74,2.504534776050124,1.2499,0.6666666666666666,Natural Fire,unavailable,unavailable,unavailable,Normal,Natural Fire,1.0,15617.0,0,Low,Stable
22.54653,82.68127,337.13,0.44,0.38,2026-04-12,731,N20,VIIRS,l,2,311.91,5.73,D,0.0,unclassified,-1,0,8452.0,13262.6,,,,,,Natural Fire,unavailable,unavailable,unavailable,Normal,Natural Fire,0.9996,16617.4,0,Low,Stable
22.54375,82.6861,347.68,0.44,0.38,2026-04-12,731,N20,VIIRS,n,2,314.21,7.88,D,0.0,unclassified,-1,0,8561.2,12843.1,,,,,,Natural Fire,unavailable,unavailable,unavailable,Normal,Natural Fire,0.9999,16263.9,0,Low,Stable
22.58655,82.93951,336.11,0.43,0.38,2026-04-12,731,N20,VIIRS,l,2,307.11,4.16,D,0.0,unclassified,-1,0,28367.3,28834.8,,,,,,Natural Fire,unavailable,unavailable,unavailable,Normal,Natural Fire,0.9995,10691.2,0,Low,Stable
22.55842,82.68776,335.6,0.44,0.38,2026-04-12,731,N20,VIIRS,n,2,308.58,3.37,D,0.0,unclassified,94,5,9892.2,14395.9,2.9922222222222223,8.74,2.504534776050124,1.1263,0.6666666666666666,Natural Fire,unavailable,unavailable,unavailable,Normal,Natural Fire,1.0,15568.8,0,Low,Stable
22.51239,82.8178,342.23,0.43,0.38,2026-04-12,731,N20,VIIRS,n,2,309.6,4.99,D,0.0,unclassified,-1,0,14125.4,13917.8,,,,,,Natural Fire,unavailable,unavailable,unavailable,Normal,Natural Fire,0.9953,9623.5,0,Low,Stable
22.51961,82.90175,334.41,0.43,0.38,2026-04-12,731,N20,VIIRS,l,2,307.94,3.25,D,0.0,unclassified,129,1,20487.1,21596.5,3.25,3.25,0.0,1.0,0.0,Natural Fire,unavailable,unavailable,unavailable,Normal,Natural Fire,0.9999,11125.5,0,Low,Stable
22.51121,82.87356,337.21,0.43,0.38,2026-04-12,731,N20,VIIRS,l,2,306.97,2.74,D,0.0,unclassified,-1,0,17683.1,18596.7,,,,,,Natural Fire,unavailable,unavailable,unavailable,Normal,Natural Fire,1.0,10465.1,0,Low,Stable
22.53948,82.82979,331.34,0.43,0.38,2026-04-12,731,N20,VIIRS,l,2,306.19,2.02,D,0.0,unclassified,-1,0,17339.4,16867.9,,,,,,Natural Fire,unavailable,unavailable,unavailable,Normal,Natural Fire,0.9994,6499.4,0,Low,Stable
22.33064,82.53321,309.24,0.45,0.39,2026-04-12,1959,N20,VIIRS,n,2,298.39,1.75,N,2.0,industrial_direct,6,16,0.0,6862.4,1.2005882352941175,1.95,0.356606761507604,1.4576,1.0,Industrial,unavailable,unavailable,unavailable,Normal,Industrial,0.9981,1458.7,5,High,Stable
22.33232,82.57321,311.81,0.45,0.39,2026-04-12,1959,N20,VIIRS,n,2,296.31,2.32,N,2.0,industrial_direct,3,71,0.0,7067.5,2.7918248175182483,11.59,1.9379155034462177,0.831,0.8394160583941606,Industrial,unavailable,unavailable,unavailable,Normal,Industrial,0.9999,1591.4,4,Medium,Stable
22.33472,82.55605,311.05,0.45,0.39,2026-04-12,1959,N20,VIIRS,n,2,297.92,2.15,N,0.0,industrial_direct,4,61,0.0,6339.2,2.2546153846153847,13.9,1.6402420650106009,0.9536,0.8632478632478633,Industrial,unavailable,unavailable,unavailable,Normal,Industrial,0.9998,1804.3,4,Medium,Stable
22.33532,82.55171,308.4,0.45,0.39,2026-04-12,1959,N20,VIIRS,n,2,296.53,1.75,N,0.0,industrial_nearby,4,61,46.1,6221.2,2.2546153846153847,13.9,1.6402420650106009,0.7762,0.8632478632478633,Industrial,unavailable,unavailable,unavailable,Normal,Industrial,0.9999,1685.1,4,Medium,Stable
22.50432,82.86599,309.64,0.44,0.38,2026-04-12,1959,N20,VIIRS,n,2,296.85,2.31,N,0.0,unclassified,-1,0,16593.3,17550.3,,,,,,Natural Fire,unavailable,unavailable,unavailable,Normal,Natural Fire,0.9995,10910.3,0,Low,Stable
22.33164,82.60402,309.06,0.45,0.39,2026-04-12,1959,N20,VIIRS,n,2,296.79,1.72,N,2.0,industrial_nearby,5,73,121.2,8822.1,2.765913043478261,15.28,2.376793836187871,0.6219,0.8260869565217391,Industrial,unavailable,unavailable,unavailable,Normal,Industrial,0.9997,594.9,5,High,Stable
22.32283,82.58941,310.57,0.45,0.39,2026-04-12,1959,N20,VIIRS,n,2,296.93,2.26,N,2.0,industrial_direct,11,23,0.0,8743.6,1.7126666666666666,4.45,0.9003713154844096,1.3196,1.0,Industrial,unavailable,unavailable,unavailable,Normal,Industrial,0.997,733.9,5,High,Stable
22.52263,82.78678,306.97,0.44,0.38,2026-04-12,1959,N20,VIIRS,n,2,296.56,1.53,N,0.0,unclassified,-1,0,13860.1,12571.9,,,,,,Natural Fire,unavailable,unavailable,unavailable,Normal,Natural Fire,0.9979,9628.6,0,Low,Stable
22.33104,82.60834,307.8,0.45,0.39,2026-04-12,1959,N20,VIIRS,n,2,297.01,1.57,N,0.0,industrial_nearby,5,73,82.1,9169.8,2.765913043478261,15.28,2.376793836187871,0.5676,0.8260869565217391,Industrial,unavailable,unavailable,unavailable,Normal,Industrial,0.9998,199.3,6,High,Stable
22.35857,82.30453,317.41,0.46,0.39,2026-04-12,1959,N20,VIIRS,n,2,299.35,3.41,N,2.0,industrial_direct,2,96,0.0,25184.1,3.5459414225941424,26.78,3.275989787681158,0.9617,0.7489539748953975,Industrial,unavailable,unavailable,unavailable,Normal,Industrial,0.9985,7250.6,3,Medium,Stable
22.21025,82.35663,329.05,0.46,0.39,2026-04-12,1959,N20,VIIRS,n,2,299.56,4.21,N,0.0,unclassified,125,3,9618.4,28030.9,4.044,5.37,1.193515814725553,1.041,0.8,Natural Fire,unavailable,unavailable,unavailable,Normal,Natural Fire,0.9997,13138.3,0,Low,Escalating
22.3164,82.5575,309.37,0.45,0.39,2026-04-12,1959,N20,VIIRS,n,2,298.22,2.03,N,2.0,industrial_direct,1,98,0.0,8368.5,2.508492063492064,11.71,1.680059238942467,0.8093,0.9232804232804231,Industrial,unavailable,unavailable,unavailable,Normal,Industrial,0.9998,623.7,5,High,Stable
22.31585,82.53527,311.75,0.45,0.39,2026-04-12,1959,N20,VIIRS,n,2,298.18,2.64,N,2.0,industrial_direct,1,98,0.0,8439.9,2.508492063492064,11.71,1.680059238942467,1.0524,0.9232804232804231,Industrial,unavailable,unavailable,unavailable,Normal,Industrial,0.9996,360.6,6,High,Stable
22.3147,82.51733,323.81,0.45,0.39,2026-04-12,1959,N20,VIIRS,n,2,298.24,3.18,N,2.0,industrial_direct,1,98,0.0,9009.4,2.508492063492064,11.71,1.680059238942467,1.2677,0.9232804232804231,Industrial,unavailable,unavailable,unavailable,Normal,Industrial,0.9996,237.9,6,High,Stable
22.28327,82.42809,309.22,0.45,0.39,2026-04-12,1959,N20,VIIRS,n,2,298.33,3.05,N,0.0,unclassified,126,1,5935.3,17105.1,3.175,3.3,0.1767766952966369,0.9606,1.0,Natural Fire,unavailable,unavailable,unavailable,Normal,Natural Fire,0.9997,7432.5,0,Low,Escalating
22.2839,82.43044,310.82,0.45,0.39,2026-04-12,1959,N20,VIIRS,n,2,299.03,3.3,N,0.0,unclassified,126,1,5849.7,16883.8,3.175,3.3,0.1767766952966369,1.0394,1.0,Natural Fire,unavailable,unavailable,unavailable,Normal,Natural Fire,0.9997,7220.4,0,Low,Escalating
22.21103,82.84329,310.17,0.44,0.38,2026-04-12,1959,N20,VIIRS,n,2,298.1,2.35,N,0.0,unclassified,-1,0,3717.0,8180.2,,,,,,Natural Fire,unavailable,unavailable,unavailable,Normal,Natural Fire,0.9984,8098.0,0,Low,Stable
22.19484,82.80602,312.29,0.44,0.38,2026-04-12,1959,N20,VIIRS,n,2,298.03,1.84,N,0.0,unclassified,32,2,5178.2,11717.8,4.385,8.8,3.2116195291472494,0.4196,0.25,Natural Fire,unavailable,unavailable,unavailable,Normal,Natural Fire,0.9996,7634.6,0,Low,Stable
22.20966,82.36092,313.13,0.46,0.39,2026-04-12,1959,N20,VIIRS,n,2,299.17,2.85,N,0.0,unclassified,125,3,9836.5,27771.1,4.044,5.37,1.193515814725553,0.7047,0.8,Natural Fire,unavailable,unavailable,unavailable,Normal,Natural Fire,0.9996,13169.3,0,Low,Escalating
22.55431,82.66391,308.04,0.45,0.39,2026-04-12,1959,N20,VIIRS,n,2,296.14,1.9,N,0.0,unclassified,-1,0,8171.7,14633.4,,,,,,Natural Fire,unavailable,unavailable,unavailable,Normal,Natural Fire,0.9999,16924.2,0,Low,Stable
22.31989,82.58455,307.77,0.45,0.39,2026-04-12,1959,N20,VIIRS,n,2,296.8,1.63,N,0.0,industrial_direct,11,23,0.0,8799.7,1.7126666666666666,4.45,0.9003713154844096,0.9517,1.0,Industrial,unavailable,unavailable,unavailable,Normal,Industrial,0.999,423.2,6,High,Stable
22.54332,82.74203,323.99,0.44,0.39,2026-04-12,1959,N20,VIIRS,n,2,297.7,3.29,N,0.0,unclassified,-1,0,13223.0,12764.1,,,,,,Natural Fire,unavailable,unavailable,unavailable,Normal,Natural Fire,0.9977,11155.7,0,Low,Stable
22.21037,82.37132,346.15,0.56,0.51,2026-04-13,712,N20,VIIRS,n,2,306.94,10.78,D,0.0,unclassified,-1,0,10598.2,26985.0,,,,,,Natural Fire,unavailable,unavailable,unavailable,Normal,Natural Fire,0.9996,13069.6,0,Low,Stable
22.28884,82.40906,339.17,0.55,0.51,2026-04-13,712,N20,VIIRS,n,2,307.73,9.11,D,0.0,unclassified,-1,0,5844.4,18165.1,,,,,,Natural Fire,unavailable,unavailable,unavailable,Normal,Natural Fire,0.9993,6042.8,0,Low,Stable
22.44617,82.94981,330.24,0.51,0.49,2026-04-13,712,N20,VIIRS,l,2,303.34,3.36,D,0.0,unclassified,-1,0,21397.2,19864.5,,,,,,Natural Fire,unavailable,unavailable,unavailable,Normal,Natural Fire,0.9999,12118.0,0,Low,Stable
22.23149,82.99348,336.66,0.51,0.49,2026-04-13,712,N20,VIIRS,n,2,307.98,2.56,D,0.0,unclassified,-1,0,17537.9,13001.1,,,,,,Natural Fire,unavailable,unavailable,unavailable,Normal,Natural Fire,0.9805,18191.0,0,Low,Stable
22.58105,82.8118,337.01,0.52,0.5,2026-04-13,712,N20,VIIRS,n,2,305.81,5.96,D,0.0,unclassified,-1,0,20807.7,19393.8,,,,,,Natural Fire,unavailable,unavailable,unavailable,Normal,Natural Fire,0.9958,2892.0,1,Low,Stable
22.58468,82.8066,331.41,0.52,0.5,2026-04-13,712,N20,VIIRS,l,2,303.62,4.88,D,0.0,unclassified,-1,0,21027.4,19474.9,,,,,,Natural Fire,unavailable,unavailable,unavailable,Normal,Natural Fire,0.9999,3098.8,0,Low,Stable
22.51701,82.61561,344.55,0.53,0.5,2026-04-13,712,N20,VIIRS,n,2,311.38,7.52,D,0.0,unclassified,-1,0,2407.4,13951.9,,,,,,Natural Fire,unavailable,unavailable,unavailable,Normal,Natural Fire,0.9998,11854.7,0,Low,Stable
22.33729,82.55223,313.23,0.55,0.51,2026-04-13,1940,N20,VIIRS,n,2,295.79,3.31,N,0.0,industrial_direct,4,61,0.0,6008.6,2.2546153846153847,13.9,1.6402420650106009,1.4681,0.8632478632478633,Industrial,unavailable,unavailable,unavailable,Normal,Industrial,0.9997,1908.3,4,Medium,Stable
22.20749,82.35126,319.48,0.57,0.52,2026-04-13,1940,N20,VIIRS,n,2,298.23,5.57,N,0.0,unclassified,-1,0,9047.5,28636.8,,,,,,Natural Fire,unavailable,unavailable,unavailable,Normal,Natural Fire,0.9974,13504.8,0,Low,Stable
22.21205,82.35385,307.5,0.57,0.52,2026-04-13,1940,N20,VIIRS,n,2,296.5,2.79,N,0.0,unclassified,125,3,9614.7,28090.6,4.044,5.37,1.193515814725553,0.6899,0.8,Natural Fire,unavailable,unavailable,unavailable,Normal,Natural Fire,0.9996,12970.5,0,Low,Escalating
22.31514,82.51991,307.79,0.56,0.51,2026-04-13,1940,N20,VIIRS,n,2,297.03,3.89,N,2.0,industrial_direct,1,98,0.0,8877.2,2.508492063492064,11.71,1.680059238942467,1.5507,0.9232804232804231,Industrial,unavailable,unavailable,unavailable,Normal,Industrial,0.9996,408.6,6,High,Stable
22.31573,82.51452,313.02,0.56,0.51,2026-04-13,1940,N20,VIIRS,n,2,296.08,2.67,N,2.0,industrial_direct,1,98,0.0,9004.8,2.508492063492064,11.71,1.680059238942467,1.0644,0.9232804232804231,Industrial,unavailable,unavailable,unavailable,Normal,Industrial,0.9996,210.1,6,High,Stable
22.3157,82.5583,307.4,0.55,0.51,2026-04-13,1940,N20,VIIRS,n,2,296.44,2.61,N,2.0,industrial_direct,1,98,0.0,8456.5,2.508492063492064,11.71,1.680059238942467,1.0405,0.9232804232804231,Industrial,unavailable,unavailable,unavailable,Normal,Industrial,0.9996,662.3,5,High,Stable
22.35831,82.30227,308.98,0.58,0.52,2026-04-13,1940,N20,VIIRS,n,2,296.08,2.94,N,2.0,industrial_direct,2,96,0.0,25418.5,3.5459414225941424,26.78,3.275989787681158,0.8291,0.7489539748953975,Industrial,unavailable,unavailable,unavailable,Normal,Industrial,0.9989,7481.3,3,Medium,Stable
22.33513,82.55541,309.09,0.55,0.51,2026-04-13,1940,N20,VIIRS,n,2,296.17,2.58,N,0.0,industrial_direct,4,61,0.0,6284.6,2.2546153846153847,13.9,1.6402420650106009,1.1443,0.8632478632478633,Industrial,unavailable,unavailable,unavailable,Normal,Industrial,0.9997,1815.5,4,Medium,Stable
22.3631,82.30295,304.54,0.58,0.52,2026-04-13,1940,N20,VIIRS,n,2,294.3,1.53,N,2.0,industrial_direct,2,96,0.0,25276.3,3.5459414225941424,26.78,3.275989787681158,0.4315,0.7489539748953975,Industrial,unavailable,unavailable,unavailable,Normal,Industrial,0.9996,7273.7,3,Medium,Stable
22.3317,82.60574,310.69,0.55,0.51,2026-04-13,1940,N20,VIIRS,n,2,296.74,2.89,N,2.0,industrial_direct,5,73,0.0,8935.1,2.765913043478261,15.28,2.376793836187871,1.0449,0.8260869565217391,Industrial,unavailable,unavailable,unavailable,Normal,Industrial,0.9988,444.8,6,High,Stable
22.2069,82.35674,318.95,0.57,0.52,2026-04-13,1940,N20,VIIRS,n,2,298.96,5.37,N,0.0,unclassified,125,3,9329.6,28289.7,4.044,5.37,1.193515814725553,1.3279,0.8,Natural Fire,unavailable,unavailable,unavailable,Normal,Natural Fire,0.9984,13506.6,0,Low,Escalating
22.36289,82.30475,305.37,0.58,0.52,2026-04-13,1940,N20,VIIRS,n,2,294.61,1.72,N,2.0,industrial_direct,2,96,0.0,25095.4,3.5459414225941424,26.78,3.275989787681158,0.4851,0.7489539748953975,Industrial,unavailable,unavailable,unavailable,Normal,Industrial,0.9995,7099.0,3,Medium,Stable
22.56775,82.61884,309.91,0.55,0.51,2026-04-13,1940,N20,VIIRS,n,2,295.9,3.58,N,0.0,unclassified,130,1,7913.5,15392.0,2.5166666666666666,3.58,0.9257609482654436,1.4225,1.0,Natural Fire,unavailable,unavailable,unavailable,Normal,Natural Fire,0.9998,17483.0,0,Low,Stable
22.56606,82.6164,309.05,0.55,0.51,2026-04-13,1940,N20,VIIRS,n,2,294.72,2.08,N,0.0,unclassified,130,1,7681.1,15147.1,2.5166666666666666,3.58,0.9257609482654436,0.8265,1.0,Natural Fire,unavailable,unavailable,unavailable,Normal,Natural Fire,0.9996,17282.8,0,Low,Stable
22.5829,82.78751,305.94,0.54,0.51,2026-04-13,1940,N20,VIIRS,n,2,294.09,2.39,N,0.0,unclassified,-1,0,19467.7,18422.6,,,,,,Natural Fire,unavailable,unavailable,unavailable,Normal,Natural Fire,0.9964,4972.2,0,Low,Stable
22.56834,82.61323,309.45,0.55,0.51,2026-04-13,1940,N20,VIIRS,n,2,294.91,1.89,N,0.0,unclassified,130,1,7878.8,14813.7,2.5166666666666666,3.58,0.9257609482654436,0.751,1.0,Natural Fire,unavailable,unavailable,unavailable,Normal,Natural Fire,0.9996,17523.1,0,Low,Stable
22.51901,82.87634,330.97,0.51,0.66,2026-04-14,653,N20,VIIRS,n,2,303.43,3.55,D,0.0,unclassified,-1,0,18484.0,19271.0,,,,,,Natural Fire,unavailable,unavailable,unavailable,Normal,Natural Fire,0.9942,9793.4,0,Low,Stable
22.36144,82.64709,331.4,0.53,0.67,2026-04-14,653,N20,VIIRS,l,2,306.38,3.04,D,0.0,unclassified,-1,0,1540.1,10302.3,,,,,,Natural Fire,unavailable,unavailable,unavailable,Normal,Natural Fire,0.9923,1531.2,1,Low,Stable
22.53205,82.80984,340.79,0.62,0.71,2026-04-14,833,N20,VIIRS,n,2,304.38,6.32,D,0.0,unclassified,133,1,15677.5,14868.8,6.5600000000000005,6.8,0.3394112549695421,0.9634,0.0,Natural Fire,unavailable,unavailable,unavailable,Normal,Natural Fire,0.9987,7702.7,0,Low,Escalating
22.53335,82.81076,336.6,0.61,0.71,2026-04-14,833,N20,VIIRS,n,2,303.67,6.8,D,0.0,unclassified,133,1,15847.7,15039.5,6.5600000000000005,6.8,0.3394112549695421,1.0366,0.0,Natural Fire,unavailable,unavailable,unavailable,Normal,Natural Fire,0.9974,7536.4,0,Low,Escalating
22.52198,82.83572,348.64,0.62,0.71,2026-04-14,833,N20,VIIRS,n,2,305.11,6.77,D,0.0,unclassified,134,2,16018.1,16014.6,6.535,6.77,0.3323401871576775,1.036,0.0,Natural Fire,unavailable,unavailable,unavailable,Normal,Natural Fire,0.9954,8430.1,0,Low,Stable
22.31919,82.51897,306.95,0.56,0.69,2026-04-14,1921,N20,VIIRS,n,2,294.6,3.09,N,2.0,industrial_direct,1,98,0.0,8484.4,2.508492063492064,11.71,1.680059238942467,1.2318,0.9232804232804231,Industrial,unavailable,unavailable,unavailable,Normal,Industrial,0.9996,738.7,5,High,Stable
22.28665,82.44556,306.75,0.57,0.69,2026-04-14,1921,N20,VIIRS,n,2,294.83,2.56,N,0.0,unclassified,131,3,5687.3,15588.8,4.78,7.06,2.2505999200213265,0.5356,0.6666666666666666,Natural Fire,unavailable,unavailable,unavailable,Normal,Natural Fire,0.9996,6053.3,0,Low,Escalating
22.31549,82.51499,312.92,0.57,0.69,2026-04-14,1921,N20,VIIRS,n,2,293.39,2.79,N,2.0,industrial_direct,1,98,0.0,9011.8,2.508492063492064,11.71,1.680059238942467,1.1122,0.9232804232804231,Industrial,unavailable,unavailable,unavailable,Normal,Industrial,0.9996,218.4,6,High,Stable
22.59699,82.81637,305.64,0.55,0.68,2026-04-14,1921,N20,VIIRS,n,2,293.81,3.0,N,0.0,unclassified,132,1,22630.9,21155.4,2.85,3.0,0.2121320343559641,1.0526,1.0,Natural Fire,unavailable,unavailable,unavailable,Normal,Natural Fire,0.9999,1709.8,1,Low,Stable
22.35769,82.30309,303.74,0.58,0.7,2026-04-14,1921,N20,VIIRS,n,2,292.84,1.46,N,2.0,industrial_direct,2,96,0.0,25345.3,3.5459414225941424,26.78,3.275989787681158,0.4117,0.7489539748953975,Industrial,unavailable,unavailable,unavailable,Normal,Industrial,0.9996,7421.6,3,Medium,Stable
22.59443,82.81618,307.87,0.55,0.68,2026-04-14,1921,N20,VIIRS,n,2,294.32,2.7,N,0.0,unclassified,132,1,22355.7,20899.6,2.85,3.0,0.2121320343559641,0.9474,1.0,Natural Fire,unavailable,unavailable,unavailable,Normal,Natural Fire,0.9999,1775.2,1,Low,Stable
22.33835,82.55093,305.37,0.56,0.69,2026-04-14,1921,N20,VIIRS,n,2,292.64,1.64,N,0.0,industrial_direct,4,61,0.0,5880.5,2.2546153846153847,13.9,1.6402420650106009,0.7274,0.8632478632478633,Industrial,unavailable,unavailable,unavailable,Normal,Industrial,0.9999,1980.2,4,Medium,Stable
22.22283,82.36532,312.43,0.56,0.68,2026-04-14,2102,N20,VIIRS,n,2,293.14,3.49,N,0.0,unclassified,-1,0,11271.4,26410.5,,,,,,Natural Fire,unavailable,unavailable,unavailable,Normal,Natural Fire,0.9996,11692.1,0,Low,Stable
22.36014,82.30434,305.01,0.55,0.68,2026-04-14,2102,N20,VIIRS,n,2,294.12,2.63,N,2.0,industrial_direct,2,96,0.0,25178.4,3.5459414225941424,26.78,3.275989787681158,0.7417,0.7489539748953975,Industrial,unavailable,unavailable,unavailable,Normal,Industrial,0.9993,7218.9,3,Medium,Stable
22.31818,82.53229,305.09,0.57,0.69,2026-04-14,2102,N20,VIIRS,n,2,293.96,2.78,N,2.0,industrial_direct,1,98,0.0,8234.6,2.508492063492064,11.71,1.680059238942467,1.1082,0.9232804232804231,Industrial,unavailable,unavailable,unavailable,Normal,Industrial,0.9996,645.9,5,High,Stable
22.32306,82.53933,308.22,0.57,0.69,2026-04-14,2102,N20,VIIRS,n,2,292.63,2.42,N,0.0,industrial_direct,1,98,0.0,7596.7,2.508492063492064,11.71,1.680059238942467,0.9647,0.9232804232804231,Industrial,unavailable,unavailable,unavailable,Normal,Industrial,0.9998,412.3,6,High,Stable
22.33205,82.57243,304.72,0.57,0.69,2026-04-14,2102,N20,VIIRS,n,2,292.18,1.17,N,2.0,industrial_direct,3,71,0.0,7065.6,2.7918248175182483,11.59,1.9379155034462177,0.4191,0.8394160583941606,Industrial,unavailable,unavailable,unavailable,Normal,Industrial,0.9999,1579.9,4,Medium,Stable
22.33615,82.55583,302.64,0.57,0.69,2026-04-14,2102,N20,VIIRS,n,2,292.3,1.21,N,0.0,industrial_direct,4,61,0.0,6179.2,2.2546153846153847,13.9,1.6402420650106009,0.5367,0.8632478632478633,Industrial,unavailable,unavailable,unavailable,Normal,Industrial,0.9999,1936.1,4,Medium,Stable
22.23657,82.48774,337.57,0.57,0.52,2026-04-15,814,N20,VIIRS,l,2,311.31,3.58,D,0.0,unclassified,-1,0,6892.4,18181.8,,,,,,Natural Fire,unavailable,unavailable,unavailable,Normal,Natural Fire,0.9999,7073.2,0,Low,Stable
22.21308,82.35767,335.9,0.56,0.52,2026-04-15,814,N20,VIIRS,l,2,307.61,5.0,D,0.0,unclassified,125,3,9934.6,27732.2,4.044,5.37,1.193515814725553,1.2364,0.8,Natural Fire,unavailable,unavailable,unavailable,Normal,Natural Fire,0.9998,12816.5,0,Low,Escalating
22.31931,82.5377,340.55,0.58,0.52,2026-04-15,815,N20,VIIRS,n,2,309.4,6.26,D,2.0,industrial_direct,1,98,0.0,8027.8,2.508492063492064,11.71,1.680059238942467,2.4955,0.9232804232804231,Industrial,unavailable,unavailable,unavailable,Normal,Industrial,0.9993,231.2,6,High,Stable
22.3741,82.64095,335.27,0.59,0.53,2026-04-15,815,N20,VIIRS,n,2,305.58,3.13,D,0.0,industrial_nearby,-1,0,972.3,9601.6,,,,,,Unknown,unavailable,unavailable,unavailable,Normal,Unknown,0.9958,2304.0,4,Medium,Stable
22.35686,82.80659,344.84,0.6,0.53,2026-04-15,815,N20,VIIRS,n,2,306.28,8.91,D,0.0,unclassified,85,2,4599.1,11158.6,5.525,8.91,4.787112908632927,1.6127,0.0,Natural Fire,unavailable,unavailable,unavailable,Normal,Natural Fire,0.9999,6073.8,0,Low,Escalating
22.31465,82.53116,312.78,0.57,0.52,2026-04-15,2043,N20,VIIRS,n,2,298.4,3.21,N,2.0,industrial_direct,1,98,0.0,8640.2,2.508492063492064,11.71,1.680059238942467,1.2797,0.9232804232804231,Industrial,unavailable,unavailable,unavailable,Normal,Industrial,0.9996,393.3,6,High,Stable
22.229,82.37126,310.93,0.55,0.51,2026-04-15,2043,N20,VIIRS,n,2,298.47,2.65,N,0.0,unclassified,105,4,12184.2,25494.6,2.83,3.1,0.1732050807568878,0.9364,0.8333333333333334,Natural Fire,unavailable,unavailable,unavailable,Normal,Natural Fire,0.9998,11007.4,0,Low,Stable
22.23006,82.3662,313.95,0.55,0.51,2026-04-15,2043,N20,VIIRS,n,2,298.83,2.65,N,0.0,unclassified,105,4,11979.5,25785.5,2.83,3.1,0.1732050807568878,0.9364,0.8333333333333334,Natural Fire,unavailable,unavailable,unavailable,Normal,Natural Fire,0.9997,10889.6,0,Low,Stable
22.2889,82.44495,313.1,0.56,0.51,2026-04-15,2043,N20,VIIRS,n,2,299.41,4.72,N,0.0,unclassified,131,3,5430.4,15447.0,4.78,7.06,2.2505999200213265,0.9874,0.6666666666666666,Natural Fire,unavailable,unavailable,unavailable,Normal,Natural Fire,0.9999,5876.3,0,Low,Escalating
22.35739,82.30357,310.44,0.55,0.51,2026-04-15,2043,N20,VIIRS,n,2,298.93,2.77,N,2.0,industrial_direct,2,96,0.0,25301.4,3.5459414225941424,26.78,3.275989787681158,0.7812,0.7489539748953975,Industrial,unavailable,unavailable,unavailable,Normal,Industrial,0.9989,7370.6,3,Medium,Stable
22.31819,82.53763,318.37,0.57,0.52,2026-04-15,2043,N20,VIIRS,n,2,297.68,3.21,N,2.0,industrial_direct,1,98,0.0,8151.8,2.508492063492064,11.71,1.680059238942467,1.2797,0.9232804232804231,Industrial,unavailable,unavailable,unavailable,Normal,Industrial,0.9995,220.7,6,High,Stable
22.3372,82.66414,306.3,0.58,0.52,2026-04-15,2043,N20,VIIRS,n,2,295.73,2.02,N,0.0,industrial_direct,117,8,0.0,11535.9,2.413,6.07,2.0614991847897706,0.8371,0.8,Unknown,unavailable,unavailable,unavailable,Normal,Unknown,0.9997,1761.6,4,Medium,Stable
22.33004,82.57471,308.95,0.57,0.52,2026-04-15,2043,N20,VIIRS,n,2,296.98,3.59,N,2.0,industrial_direct,3,71,0.0,7359.7,2.7918248175182483,11.59,1.9379155034462177,1.2859,0.8394160583941606,Industrial,unavailable,unavailable,unavailable,Normal,Industrial,0.9997,1317.8,5,High,Stable
22.22471,82.77867,347.99,0.47,0.4,2026-04-16,756,N20,VIIRS,n,2,317.41,8.57,D,0.0,unclassified,-1,0,4807.7,11635.0,,,,,,Natural Fire,unavailable,unavailable,unavailable,Normal,Natural Fire,0.9986,8555.5,0,Low,Stable
22.21451,82.59155,356.27,0.46,0.39,2026-04-16,756,N20,VIIRS,n,2,319.65,17.51,D,0.0,unclassified,-1,0,10727.6,20113.3,,,,,,Natural Fire,unavailable,unavailable,unavailable,Normal,Natural Fire,0.9999,8438.8,0,Low,Stable
22.27262,82.74498,343.13,0.47,0.4,2026-04-16,756,N20,VIIRS,l,2,314.4,6.93,D,0.0,unclassified,-1,0,2749.1,13481.9,,,,,,Natural Fire,unavailable,unavailable,unavailable,Normal,Natural Fire,0.9993,4327.2,0,Low,Stable
22.29776,82.85292,341.76,0.48,0.4,2026-04-16,756,N20,VIIRS,n,2,311.84,3.56,D,0.0,unclassified,101,2,6960.5,3113.9,4.05,4.54,0.6929646455628163,0.879,0.0,Natural Fire,unavailable,unavailable,unavailable,Normal,Natural Fire,0.9993,7621.8,0,Low,Stable
22.28877,82.44928,344.48,0.46,0.39,2026-04-16,756,N20,VIIRS,l,2,315.82,7.06,D,0.0,unclassified,131,3,5562.0,15158.5,4.78,7.06,2.2505999200213265,1.477,0.6666666666666666,Natural Fire,unavailable,unavailable,unavailable,Normal,Natural Fire,0.9999,5657.0,0,Low,Escalating
22.31932,82.54031,345.24,0.46,0.39,2026-04-16,756,N20,VIIRS,l,2,317.24,7.78,D,0.0,industrial_nearby,1,98,105.7,7999.8,2.508492063492064,11.71,1.680059238942467,3.1015,0.9232804232804231,Industrial,unavailable,unavailable,unavailable,Abnormal spike,Industrial,0.9996,15.5,9,Critical,Abnormal
22.33135,82.57509,344.1,0.46,0.39,2026-04-16,756,N20,VIIRS,l,2,317.5,5.62,D,2.0,industrial_direct,3,71,0.0,7241.0,2.7918248175182483,11.59,1.9379155034462177,2.013,0.8394160583941606,Industrial,unavailable,unavailable,unavailable,Normal,Industrial,0.9996,1458.4,5,High,Stable
22.32876,82.57179,342.89,0.46,0.39,2026-04-16,756,N20,VIIRS,l,2,316.89,5.04,D,0.0,industrial_direct,3,71,0.0,7383.6,2.7918248175182483,11.59,1.9379155034462177,1.8053,0.8394160583941606,Industrial,unavailable,unavailable,unavailable,Normal,Industrial,0.9996,1252.5,5,High,Stable
22.32252,82.49525,346.56,0.46,0.39,2026-04-16,756,N20,VIIRS,n,2,318.92,7.77,D,0.0,unclassified,-1,0,1390.5,9284.0,,,,,,Natural Fire,unavailable,unavailable,unavailable,Normal,Natural Fire,0.9973,878.2,2,Low,Stable
22.21456,82.38479,341.71,0.45,0.39,2026-04-16,756,N20,VIIRS,l,2,315.41,3.67,D,0.0,unclassified,-1,0,11905.2,25720.8,,,,,,Natural Fire,unavailable,unavailable,unavailable,Normal,Natural Fire,0.9999,12712.3,0,Low,Stable
22.52479,82.90995,336.09,0.48,0.4,2026-04-16,756,N20,VIIRS,l,2,308.53,5.38,D,0.0,unclassified,-1,0,21503.9,22609.1,,,,,,Natural Fire,unavailable,unavailable,unavailable,Normal,Natural Fire,0.997,11226.8,0,Low,Stable
22.45254,82.95358,337.79,0.48,0.4,2026-04-16,756,N20,VIIRS,n,2,311.32,2.86,D,0.0,unclassified,-1,0,21941.0,20663.9,,,,,,Natural Fire,unavailable,unavailable,unavailable,Normal,Natural Fire,0.9994,11609.2,0,Low,Stable
22.56606,82.3149,340.14,0.45,0.39,2026-04-16,756,N20,VIIRS,l,2,310.92,2.62,D,0.0,unclassified,-1,0,22090.8,14370.5,,,,,,Natural Fire,unavailable,unavailable,unavailable,Normal,Natural Fire,0.9998,19317.4,0,Low,Stable
22.56153,82.64496,344.08,0.47,0.4,2026-04-16,756,N20,VIIRS,n,2,313.18,4.38,D,0.0,unclassified,-1,0,8003.7,16148.0,,,,,,Natural Fire,unavailable,unavailable,unavailable,Normal,Natural Fire,0.9997,17163.7,0,Low,Stable
22.57401,82.77132,334.01,0.48,0.4,2026-04-16,756,N20,VIIRS,l,2,308.76,5.21,D,0.0,unclassified,138,1,17534.5,16884.4,5.475,5.74,0.3747665940288707,0.9516,0.0,Natural Fire,unavailable,unavailable,unavailable,Normal,Natural Fire,0.9992,6882.8,0,Low,Escalating
22.59254,82.48719,346.81,0.46,0.39,2026-04-16,756,N20,VIIRS,n,2,313.73,4.51,D,0.0,unclassified,137,1,15453.7,2922.1,3.17,4.51,1.895046173579947,1.4227,0.5,Natural Fire,unavailable,unavailable,unavailable,Normal,Natural Fire,0.9999,23627.1,0,Low,Stable
22.56984,82.76969,340.66,0.48,0.4,2026-04-16,756,N20,VIIRS,l,2,312.5,5.74,D,0.0,unclassified,138,1,17147.0,16393.1,5.475,5.74,0.3747665940288707,1.0484,0.0,Natural Fire,unavailable,unavailable,unavailable,Normal,Natural Fire,0.9994,7226.5,0,Low,Escalating
22.52061,82.84868,339.3,0.48,0.4,2026-04-16,756,N20,VIIRS,l,2,309.5,5.86,D,0.0,unclassified,-1,0,16693.7,16981.6,,,,,,Natural Fire,unavailable,unavailable,unavailable,Normal,Natural Fire,0.9979,8721.3,0,Low,Stable
22.51753,82.85373,338.09,0.48,0.4,2026-04-16,756,N20,VIIRS,l,2,308.14,2.22,D,0.0,unclassified,-1,0,16764.2,17213.2,,,,,,Natural Fire,unavailable,unavailable,unavailable,Normal,Natural Fire,0.9941,9161.4,0,Low,Stable
22.59475,82.9008,343.62,0.48,0.4,2026-04-16,756,N20,VIIRS,n,2,314.77,3.95,D,0.0,unclassified,-1,0,26470.0,26369.1,,,,,,Natural Fire,unavailable,unavailable,unavailable,Normal,Natural Fire,0.9916,6632.4,0,Low,Stable
22.33722,82.66351,310.32,0.46,0.39,2026-04-16,2024,N20,VIIRS,n,2,297.22,1.87,N,0.0,industrial_direct,117,8,0.0,11563.1,2.413,6.07,2.0614991847897706,0.775,0.8,Unknown,unavailable,unavailable,unavailable,Normal,Unknown,0.9997,1697.5,4,Medium,Stable
22.33935,82.54987,308.25,0.46,0.39,2026-04-16,2024,N20,VIIRS,n,2,296.3,0.81,N,0.0,industrial_nearby,4,61,58.2,5763.0,2.2546153846153847,13.9,1.6402420650106009,0.3593,0.8632478632478633,Industrial,unavailable,unavailable,unavailable,Normal,Industrial,0.9999,2063.2,4,Medium,Stable
22.33562,82.55586,316.63,0.46,0.39,2026-04-16,2024,N20,VIIRS,n,2,299.76,2.16,N,0.0,industrial_direct,4,61,0.0,6237.7,2.2546153846153847,13.9,1.6402420650106009,0.958,0.8632478632478633,Industrial,unavailable,unavailable,unavailable,Normal,Industrial,0.9998,1884.4,4,Medium,Stable
22.33251,82.57355,314.62,0.46,0.39,2026-04-16,2024,N20,VIIRS,n,2,297.83,2.92,N,2.0,industrial_direct,3,71,0.0,7061.3,2.7918248175182483,11.59,1.9379155034462177,1.0459,0.8394160583941606,Industrial,unavailable,unavailable,unavailable,Normal,Industrial,0.9997,1605.7,4,Medium,Stable
22.32896,82.57278,330.02,0.46,0.39,2026-04-16,2024,N20,VIIRS,n,2,298.77,2.92,N,2.0,industrial_direct,3,71,0.0,7398.0,2.7918248175182483,11.59,1.9379155034462177,1.0459,0.8394160583941606,Industrial,unavailable,unavailable,unavailable,Normal,Industrial,0.9997,1240.4,5,High,Stable
22.35706,82.37141,307.68,0.45,0.39,2026-04-16,2024,N20,VIIRS,n,2,297.34,1.73,N,0.0,unclassified,-1,0,5615.1,18434.4,,,,,,Natural Fire,unavailable,unavailable,unavailable,Normal,Natural Fire,0.9999,2306.8,1,Low,Stable
22.32296,82.5442,309.19,0.46,0.39,2026-04-16,2024,N20,VIIRS,n,2,298.45,1.86,N,0.0,industrial_nearby,1,98,73.4,7573.6,2.508492063492064,11.71,1.680059238942467,0.7415,0.9232804232804231,Industrial,unavailable,unavailable,unavailable,Normal,Industrial,0.9999,197.9,6,High,Stable
22.32018,82.53911,328.72,0.46,0.39,2026-04-16,2024,N20,VIIRS,n,2,299.41,1.86,N,0.0,industrial_direct,1,98,0.0,7916.3,2.508492063492064,11.71,1.680059238942467,0.7415,0.9232804232804231,Industrial,unavailable,unavailable,unavailable,Normal,Industrial,0.9999,164.4,6,High,Stable
22.36206,82.30145,311.53,0.45,0.39,2026-04-16,2024,N20,VIIRS,n,2,298.64,1.85,N,2.0,industrial_direct,2,96,0.0,25444.3,3.5459414225941424,26.78,3.275989787681158,0.5217,0.7489539748953975,Industrial,unavailable,unavailable,unavailable,Normal,Industrial,0.9995,7451.0,3,Medium,Stable
22.31741,82.53401,316.12,0.46,0.39,2026-04-16,2024,N20,VIIRS,n,2,300.7,2.0,N,2.0,industrial_direct,1,98,0.0,8288.5,2.508492063492064,11.71,1.680059238942467,0.7973,0.9232804232804231,Industrial,unavailable,unavailable,unavailable,Normal,Industrial,0.9998,526.8,5,High,Stable
22.55124,82.68961,317.81,0.46,0.39,2026-04-16,2024,N20,VIIRS,n,2,298.15,3.29,N,0.0,unclassified,94,5,9411.5,13579.1,2.9922222222222223,8.74,2.504534776050124,1.0995,0.6666666666666666,Natural Fire,unavailable,unavailable,unavailable,Normal,Natural Fire,0.9999,15633.4,0,Low,Escalating
22.31695,82.51582,314.23,0.46,0.39,2026-04-16,2024,N20,VIIRS,n,2,299.86,1.97,N,2.0,industrial_direct,1,98,0.0,8830.2,2.508492063492064,11.71,1.680059238942467,0.7853,0.9232804232804231,Industrial,unavailable,unavailable,unavailable,Normal,Industrial,0.9998,394.4,6,High,Stable
22.31386,82.53329,310.68,0.46,0.39,2026-04-16,2024,N20,VIIRS,n,2,298.94,2.0,N,2.0,industrial_nearby,1,98,81.8,8688.3,2.508492063492064,11.71,1.680059238942467,0.7973,0.9232804232804231,Industrial,unavailable,unavailable,unavailable,Normal,Industrial,0.9998,170.1,6,High,Stable
22.25974,82.81614,309.5,0.47,0.4,2026-04-16,2024,N20,VIIRS,n,2,296.25,1.24,N,0.0,unclassified,135,1,2169.5,6474.3,1.24,1.24,0.0,1.0,1.0,Natural Fire,unavailable,unavailable,unavailable,Normal,Natural Fire,0.9988,6241.9,0,Low,Stable
22.25616,82.81533,309.16,0.47,0.4,2026-04-16,2024,N20,VIIRS,n,2,296.93,1.24,N,0.0,unclassified,135,1,1836.9,6689.6,1.24,1.24,0.0,1.0,1.0,Natural Fire,unavailable,unavailable,unavailable,Normal,Natural Fire,0.9932,6492.0,0,Low,Stable
22.28738,82.45512,309.36,0.45,0.39,2026-04-16,2024,N20,VIIRS,n,2,298.25,2.88,N,0.0,unclassified,-1,0,5913.3,14885.5,,,,,,Natural Fire,unavailable,unavailable,unavailable,Normal,Natural Fire,0.9999,5117.7,0,Low,Stable
22.23299,82.37325,328.99,0.45,0.39,2026-04-16,2024,N20,VIIRS,n,2,298.56,2.9,N,0.0,unclassified,105,4,12661.9,25038.2,2.83,3.1,0.1732050807568878,1.0247,0.8333333333333334,Natural Fire,unavailable,unavailable,unavailable,Normal,Natural Fire,0.999,10573.0,0,Low,Stable
22.23375,82.36893,313.67,0.45,0.39,2026-04-16,2024,N20,VIIRS,n,2,298.64,2.9,N,0.0,unclassified,105,4,12475.6,25299.7,2.83,3.1,0.1732050807568878,1.0247,0.8333333333333334,Natural Fire,unavailable,unavailable,unavailable,Normal,Natural Fire,0.9998,10478.2,0,Low,Stable
22.22547,82.35381,316.91,0.45,0.39,2026-04-16,2024,N20,VIIRS,n,2,298.21,3.56,N,0.0,unclassified,136,2,10871.5,27063.4,3.257142857142857,3.68,0.4371008383166782,1.093,0.1428571428571428,Natural Fire,unavailable,unavailable,unavailable,Normal,Natural Fire,0.9995,11496.8,0,Low,Stable
22.3578,82.30502,316.55,0.45,0.39,2026-04-16,2024,N20,VIIRS,n,2,301.33,3.48,N,2.0,industrial_direct,2,96,0.0,25146.9,3.5459414225941424,26.78,3.275989787681158,0.9814,0.7489539748953975,Industrial,unavailable,unavailable,unavailable,Normal,Industrial,0.9986,7228.9,3,Medium,Stable
22.5655,82.65154,309.51,0.46,0.39,2026-04-16,2024,N20,VIIRS,n,2,297.23,2.72,N,0.0,unclassified,-1,0,8686.5,16261.6,,,,,,Natural Fire,unavailable,unavailable,unavailable,Normal,Natural Fire,0.9999,17746.4,0,Low,Stable
22.33065,82.60497,313.07,0.46,0.39,2026-04-16,2024,N20,VIIRS,n,2,298.06,2.62,N,2.0,industrial_nearby,5,73,37.0,8969.0,2.765913043478261,15.28,2.376793836187871,0.9472,0.8260869565217391,Industrial,unavailable,unavailable,unavailable,Normal,Industrial,0.999,458.6,6,High,Stable
22.55863,82.77164,307.55,0.46,0.39,2026-04-16,2024,N20,VIIRS,n,2,295.63,2.32,N,0.0,unclassified,-1,0,16707.3,15309.2,,,,,,Natural Fire,unavailable,unavailable,unavailable,Normal,Natural Fire,0.9964,7682.1,0,Low,Stable
22.59468,82.48938,308.85,0.45,0.39,2026-04-16,2024,N20,VIIRS,n,2,296.04,1.83,N,0.0,unclassified,137,1,15643.8,3248.9,3.17,4.51,1.895046173579947,0.5773,0.5,Natural Fire,unavailable,unavailable,unavailable,Normal,Natural Fire,0.9994,23728.0,0,Low,Stable
22.20874,82.67542,340.19,0.4,0.37,2026-04-17,737,N20,VIIRS,l,2,311.76,3.4,D,0.0,unclassified,-1,0,4679.0,22037.4,,,,,,Natural Fire,unavailable,unavailable,unavailable,Normal,Natural Fire,1.0,11873.6,0,Low,Stable
22.2994,82.85748,336.98,0.39,0.36,2026-04-17,737,N20,VIIRS,l,2,311.55,1.5,D,0.0,unclassified,-1,0,7338.1,2913.8,,,,,,Natural Fire,unavailable,unavailable,unavailable,Normal,Natural Fire,0.9995,8064.2,0,Low,Stable
22.23667,82.36747,343.68,0.4,0.37,2026-04-17,737,N20,VIIRS,l,2,310.33,2.78,D,0.0,unclassified,105,4,12662.9,25187.8,2.83,3.1,0.1732050807568878,0.9823,0.8333333333333334,Natural Fire,unavailable,unavailable,unavailable,Normal,Natural Fire,0.9976,10155.6,0,Low,Stable
22.31999,82.54106,340.59,0.4,0.37,2026-04-17,737,N20,VIIRS,l,2,314.8,4.35,D,0.0,industrial_nearby,1,98,62.5,7919.8,2.508492063492064,11.71,1.680059238942467,1.7341,0.9232804232804231,Industrial,unavailable,unavailable,unavailable,Normal,Industrial,0.9997,31.7,6,High,Stable
22.51906,82.8912,334.92,0.39,0.36,2026-04-17,737,N20,VIIRS,l,2,305.82,2.56,D,0.0,unclassified,-1,0,19616.1,20606.7,,,,,,Natural Fire,unavailable,unavailable,unavailable,Normal,Natural Fire,0.9991,10545.8,0,Low,Stable
22.32884,82.57474,341.63,0.4,0.37,2026-04-17,737,N20,VIIRS,l,2,315.77,4.15,D,2.0,industrial_direct,3,71,0.0,7483.8,2.7918248175182483,11.59,1.9379155034462177,1.4865,0.8394160583941606,Industrial,unavailable,unavailable,unavailable,Normal,Industrial,0.9997,1185.6,5,High,Stable
22.53827,82.86369,333.97,0.39,0.36,2026-04-17,737,N20,VIIRS,l,2,307.35,2.33,D,0.0,unclassified,140,1,19185.5,19390.2,2.52,2.71,0.268700576850888,0.9246,0.0,Natural Fire,unavailable,unavailable,unavailable,Normal,Natural Fire,0.9991,7310.3,0,Low,Escalating
22.53767,82.8599,333.64,0.39,0.36,2026-04-17,737,N20,VIIRS,l,2,308.36,2.71,D,0.0,unclassified,140,1,18891.8,19042.4,2.52,2.71,0.268700576850888,1.0754,0.0,Natural Fire,unavailable,unavailable,unavailable,Normal,Natural Fire,0.9999,7222.7,0,Low,Escalating
22.52348,82.45183,338.44,0.4,0.37,2026-04-17,737,N20,VIIRS,l,2,311.66,2.07,D,0.0,unclassified,-1,0,10000.7,4529.9,,,,,,Natural Fire,unavailable,unavailable,unavailable,Normal,Natural Fire,0.9995,15167.3,0,Low,Stable
22.58221,82.48084,338.65,0.4,0.37,2026-04-17,737,N20,VIIRS,l,2,312.12,2.3,D,0.0,unclassified,118,3,14487.1,1657.8,2.558333333333333,6.31,1.9520186132992343,0.899,0.5,Agricultural Burning,unavailable,unavailable,unavailable,Normal,Agricultural Burning,0.9997,22311.3,1,Low,Stable
22.58555,82.48023,337.55,0.4,0.37,2026-04-17,737,N20,VIIRS,l,2,311.29,2.3,D,0.0,unclassified,118,3,14860.7,1868.0,2.558333333333333,6.31,1.9520186132992343,0.899,0.5,Agricultural Burning,unavailable,unavailable,unavailable,Normal,Agricultural Burning,0.9997,22612.5,1,Low,Stable
22.53555,82.86803,333.1,0.39,0.36,2026-04-17,737,N20,VIIRS,l,2,308.04,2.33,D,0.0,unclassified,-1,0,19237.0,19564.9,,,,,,Natural Fire,unavailable,unavailable,unavailable,Normal,Natural Fire,0.9978,7772.2,0,Low,Stable
22.32969,82.53267,306.75,0.4,0.37,2026-04-17,2005,N20,VIIRS,n,2,290.94,1.44,N,2.0,industrial_direct,6,16,0.0,6976.8,1.2005882352941175,1.95,0.356606761507604,1.1994,1.0,Industrial,unavailable,unavailable,unavailable,Normal,Industrial,0.9992,1407.6,5,High,Stable
22.55353,82.69575,306.78,0.4,0.37,2026-04-17,2005,N20,VIIRS,n,2,290.04,0.97,N,0.0,unclassified,94,5,10029.5,13724.2,2.9922222222222223,8.74,2.504534776050124,0.3242,0.6666666666666666,Natural Fire,unavailable,unavailable,unavailable,Normal,Natural Fire,0.9998,14953.5,0,Low,Escalating
22.50382,82.32332,307.68,0.41,0.37,2026-04-17,2005,N20,VIIRS,n,2,293.25,0.6,N,0.0,unclassified,-1,0,15371.2,15281.0,,,,,,Natural Fire,unavailable,unavailable,unavailable,Normal,Natural Fire,0.9981,12676.2,0,Low,Stable
22.33689,82.55368,310.87,0.4,0.37,2026-04-17,2005,N20,VIIRS,n,2,290.05,2.12,N,0.0,industrial_direct,4,61,0.0,6068.3,2.2546153846153847,13.9,1.6402420650106009,0.9403,0.8632478632478633,Industrial,unavailable,unavailable,unavailable,Normal,Industrial,0.9998,1923.7,4,Medium,Stable
22.33069,82.57227,328.54,0.4,0.37,2026-04-17,2005,N20,VIIRS,n,2,285.1,2.34,N,2.0,industrial_direct,3,71,0.0,7200.3,2.7918248175182483,11.59,1.9379155034462177,0.8382,0.8394160583941606,Industrial,unavailable,unavailable,unavailable,Normal,Industrial,0.9998,1439.0,5,High,Stable
22.32734,82.57171,301.26,0.4,0.37,2026-04-17,2005,N20,VIIRS,n,2,281.99,0.68,N,0.0,industrial_direct,3,71,0.0,7529.0,2.7918248175182483,11.59,1.9379155034462177,0.2436,0.8394160583941606,Industrial,unavailable,unavailable,unavailable,Normal,Industrial,0.9999,1110.9,5,High,Stable
22.36006,82.30333,319.25,0.4,0.37,2026-04-17,2005,N20,VIIRS,n,2,300.68,2.03,N,2.0,industrial_direct,2,96,0.0,25282.6,3.5459414225941424,26.78,3.275989787681158,0.5725,0.7489539748953975,Industrial,unavailable,unavailable,unavailable,Normal,Industrial,0.9995,7321.3,3,Medium,Stable
22.3152,82.51438,302.5,0.4,0.37,2026-04-17,2005,N20,VIIRS,n,2,284.66,0.51,N,2.0,industrial_nearby,1,98,17.4,9064.7,2.508492063492064,11.71,1.680059238942467,0.2033,0.9232804232804231,Industrial,unavailable,unavailable,unavailable,Normal,Industrial,0.9999,153.1,6,High,Stable
22.31849,82.53866,318.66,0.4,0.37,2026-04-17,2005,N20,VIIRS,n,2,290.43,1.8,N,2.0,industrial_direct,1,98,0.0,8107.1,2.508492063492064,11.71,1.680059238942467,0.7176,0.9232804232804231,Industrial,unavailable,unavailable,unavailable,Normal,Industrial,0.9999,112.5,6,High,Stable
22.31627,82.53037,304.98,0.4,0.37,2026-04-17,2005,N20,VIIRS,n,2,288.09,1.51,N,2.0,industrial_direct,1,98,0.0,8479.8,2.508492063492064,11.71,1.680059238942467,0.602,0.9232804232804231,Industrial,unavailable,unavailable,unavailable,Normal,Industrial,0.9999,570.5,5,High,Stable
22.3157,82.53423,311.05,0.4,0.37,2026-04-17,2005,N20,VIIRS,n,2,288.99,1.8,N,2.0,industrial_direct,1,98,0.0,8472.0,2.508492063492064,11.71,1.680059238942467,0.7176,0.9232804232804231,Industrial,unavailable,unavailable,unavailable,Normal,Industrial,0.9999,336.6,6,High,Stable
22.31463,82.51823,311.08,0.4,0.37,2026-04-17,2005,N20,VIIRS,n,2,285.63,1.24,N,2.0,industrial_direct,1,98,0.0,8986.0,2.508492063492064,11.71,1.680059238942467,0.4943,0.9232804232804231,Industrial,unavailable,unavailable,unavailable,Normal,Industrial,0.9999,273.5,6,High,Stable
22.31013,82.52536,299.78,0.4,0.37,2026-04-17,2005,N20,VIIRS,n,2,283.16,1.08,N,2.0,industrial_direct,1,98,0.0,9256.3,2.508492063492064,11.71,1.680059238942467,0.4305,0.9232804232804231,Industrial,unavailable,unavailable,unavailable,Normal,Industrial,0.9999,278.5,6,High,Stable
22.2375,82.37585,314.67,0.4,0.37,2026-04-17,2005,N20,VIIRS,n,2,289.31,2.06,N,0.0,unclassified,-1,0,12462.1,24497.7,,,,,,Natural Fire,unavailable,unavailable,unavailable,Normal,Natural Fire,0.9998,10090.4,0,Low,Stable
22.35668,82.30274,310.15,0.4,0.37,2026-04-17,2005,N20,VIIRS,n,2,299.92,2.03,N,2.0,industrial_direct,2,96,0.0,25398.0,3.5459414225941424,26.78,3.275989787681158,0.5725,0.7489539748953975,Industrial,unavailable,unavailable,unavailable,Normal,Industrial,0.9995,7414.5,3,Medium,Stable
22.5541,82.69196,310.07,0.4,0.37,2026-04-17,2005,N20,VIIRS,n,2,290.25,0.97,N,0.0,unclassified,94,5,9808.3,13847.5,2.9922222222222223,8.74,2.504534776050124,0.3242,0.6666666666666666,Natural Fire,unavailable,unavailable,unavailable,Normal,Natural Fire,0.9998,15301.4,0,Low,Escalating
22.55688,82.6963,307.3,0.4,0.37,2026-04-17,2005,N20,VIIRS,n,2,289.9,1.29,N,0.0,unclassified,94,5,10337.2,14083.7,2.9922222222222223,8.74,2.504534776050124,0.4311,0.6666666666666666,Natural Fire,unavailable,unavailable,unavailable,Normal,Natural Fire,0.9999,14780.7,0,Low,Escalating
22.58108,82.64933,304.46,0.4,0.37,2026-04-17,2005,N20,VIIRS,n,2,288.63,0.67,N,0.0,unclassified,139,1,10179.5,17940.7,0.76,0.85,0.1272792206135785,0.8816,1.0,Natural Fire,unavailable,unavailable,unavailable,Normal,Natural Fire,0.9999,18976.3,0,Low,Escalating
22.58507,82.48405,310.38,0.4,0.37,2026-04-17,2005,N20,VIIRS,n,2,297.41,2.43,N,0.0,unclassified,118,3,14714.3,2114.6,2.558333333333333,6.31,1.9520186132992343,0.9498,0.5,Natural Fire,unavailable,unavailable,unavailable,Normal,Natural Fire,0.9987,22744.3,0,Low,Stable
22.58165,82.64553,305.52,0.4,0.37,2026-04-17,2005,N20,VIIRS,n,2,288.52,0.85,N,0.0,unclassified,139,1,10107.3,18148.7,0.76,0.85,0.1272792206135785,1.1184,1.0,Natural Fire,unavailable,unavailable,unavailable,Normal,Natural Fire,0.9999,19357.5,0,Low,Escalating
22.33054,82.57436,337.75,0.43,0.46,2026-04-18,718,N20,VIIRS,n,2,307.07,3.82,D,2.0,industrial_direct,3,71,0.0,7294.8,2.7918248175182483,11.59,1.9379155034462177,1.3683,0.8394160583941606,Industrial,unavailable,unavailable,unavailable,Normal,Industrial,0.9998,1377.3,5,High,Stable
22.52468,82.62593,333.35,0.43,0.46,2026-04-18,718,N20,VIIRS,l,2,304.89,0.99,D,0.0,unclassified,141,2,3486.8,13825.2,3.475,5.96,3.514320702497141,0.2849,0.0,Natural Fire,unavailable,unavailable,unavailable,Normal,Natural Fire,0.9994,12802.7,0,Low,Escalating
22.52422,82.86207,330.36,0.41,0.45,2026-04-18,718,N20,VIIRS,n,2,299.21,3.08,D,0.0,unclassified,142,1,17886.6,18339.1,3.08,3.08,0.0,1.0,0.0,Natural Fire,unavailable,unavailable,unavailable,Normal,Natural Fire,1.0,8694.1,0,Low,Stable
22.52012,82.86278,332.21,0.41,0.45,2026-04-18,718,N20,VIIRS,n,2,298.54,3.08,D,0.0,unclassified,142,1,17597.8,18148.3,3.08,3.08,0.0,1.0,0.0,Natural Fire,unavailable,unavailable,unavailable,Normal,Natural Fire,0.9997,9146.4,0,Low,Stable
22.31529,82.51752,340.49,0.44,0.46,2026-04-18,718,N20,VIIRS,l,2,313.08,4.54,D,2.0,industrial_direct,1,98,0.0,8941.3,2.508492063492064,11.71,1.680059238942467,1.8099,0.9232804232804231,Industrial,unavailable,unavailable,unavailable,Normal,Industrial,0.9995,297.2,6,High,Stable
22.33177,82.57501,323.11,0.44,0.46,2026-04-18,1946,N20,VIIRS,n,2,298.3,6.42,N,2.0,industrial_direct,3,71,0.0,7195.0,2.7918248175182483,11.59,1.9379155034462177,2.2996,0.8394160583941606,Industrial,unavailable,unavailable,unavailable,Normal,Industrial,0.9994,1505.4,4,Medium,Stable
22.31697,82.51643,314.3,0.44,0.46,2026-04-18,1946,N20,VIIRS,n,2,286.29,2.43,N,2.0,industrial_direct,1,98,0.0,8805.6,2.508492063492064,11.71,1.680059238942467,0.9687,0.9232804232804231,Industrial,unavailable,unavailable,unavailable,Normal,Industrial,0.9996,413.8,6,High,Stable
22.31874,82.53855,308.26,0.44,0.46,2026-04-18,1946,N20,VIIRS,n,2,290.97,2.54,N,2.0,industrial_direct,1,98,0.0,8080.8,2.508492063492064,11.71,1.680059238942467,1.0126,0.9232804232804231,Industrial,unavailable,unavailable,unavailable,Normal,Industrial,0.9996,127.6,6,High,Stable
22.35897,82.30423,311.56,0.46,0.47,2026-04-18,1946,N20,VIIRS,n,2,297.85,5.48,N,2.0,industrial_direct,2,96,0.0,25208.1,3.5459414225941424,26.78,3.275989787681158,1.5454,0.7489539748953975,Industrial,unavailable,unavailable,unavailable,Normal,Industrial,0.9985,7266.9,3,Medium,Stable
22.33248,82.60559,315.74,0.44,0.46,2026-04-18,1946,N20,VIIRS,n,2,298.4,4.63,N,2.0,industrial_nearby,5,73,16.4,8860.8,2.765913043478261,15.28,2.376793836187871,1.6739,0.8260869565217391,Industrial,unavailable,unavailable,unavailable,Normal,Industrial,0.9985,511.2,5,High,Stable
22.57808,82.77911,309.73,0.43,0.46,2026-04-18,1946,N20,VIIRS,n,2,297.4,1.79,N,0.0,unclassified,-1,0,18452.3,17593.6,,,,,,Natural Fire,unavailable,unavailable,unavailable,Normal,Natural Fire,0.9994,5970.2,0,Low,Stable
22.15246,82.32339,339.85,0.45,0.63,2026-04-19,659,N20,VIIRS,l,2,310.17,6.21,D,0.0,unclassified,143,1,2649.4,35062.0,4.703333333333333,6.21,1.625863872940577,1.3203,0.0,Natural Fire,unavailable,unavailable,unavailable,Normal,Natural Fire,0.9995,20028.6,0,Low,Stable
22.14892,82.32626,336.18,0.45,0.63,2026-04-19,659,N20,VIIRS,l,2,310.45,2.98,D,0.0,unclassified,143,1,2750.3,35166.9,4.703333333333333,6.21,1.625863872940577,0.6336,0.0,Natural Fire,unavailable,unavailable,unavailable,Normal,Natural Fire,0.9996,20344.4,0,Low,Stable
22.15458,82.32484,339.05,0.45,0.63,2026-04-19,659,N20,VIIRS,l,2,309.69,4.92,D,0.0,unclassified,143,1,2899.9,34786.8,4.703333333333333,6.21,1.625863872940577,1.0461,0.0,Natural Fire,unavailable,unavailable,unavailable,Normal,Natural Fire,0.9998,19765.8,0,Low,Stable
22.31555,82.52976,314.46,0.35,0.57,2026-04-20,2049,N20,VIIRS,n,2,299.18,1.75,N,2.0,industrial_direct,1,98,0.0,8570.6,2.508492063492064,11.71,1.680059238942467,0.6976,0.9232804232804231,Industrial,unavailable,unavailable,unavailable,Normal,Industrial,0.9999,568.6,5,High,Stable
22.36054,82.30097,309.3,0.34,0.56,2026-04-20,2049,N20,VIIRS,n,2,296.05,1.5,N,2.0,industrial_direct,2,96,0.0,25515.9,3.5459414225941424,26.78,3.275989787681158,0.423,0.7489539748953975,Industrial,unavailable,unavailable,unavailable,Normal,Industrial,0.9996,7541.1,3,Medium,Stable
22.35983,82.3042,311.24,0.34,0.56,2026-04-20,2049,N20,VIIRS,n,2,298.01,1.87,N,2.0,industrial_direct,2,96,0.0,25197.5,3.5459414225941424,26.78,3.275989787681158,0.5274,0.7489539748953975,Industrial,unavailable,unavailable,unavailable,Normal,Industrial,0.9995,7242.4,3,Medium,Stable
22.31481,82.53312,311.09,0.35,0.57,2026-04-20,2049,N20,VIIRS,n,2,296.5,1.75,N,2.0,industrial_direct,1,98,0.0,8587.4,2.508492063492064,11.71,1.680059238942467,0.6976,0.9232804232804231,Industrial,unavailable,unavailable,unavailable,Normal,Industrial,0.9999,268.2,6,High,Stable
22.31919,82.53776,334.5,0.36,0.57,2026-04-20,2049,N20,VIIRS,n,2,297.4,2.1,N,2.0,industrial_direct,1,98,0.0,8040.2,2.508492063492064,11.71,1.680059238942467,0.8372,0.9232804232804231,Industrial,unavailable,unavailable,unavailable,Normal,Industrial,0.9998,220.4,6,High,Stable
22.33677,82.55634,311.82,0.36,0.57,2026-04-20,2049,N20,VIIRS,n,2,295.67,1.79,N,0.0,industrial_direct,4,61,0.0,6119.6,2.2546153846153847,13.9,1.6402420650106009,0.7939,0.8632478632478633,Industrial,unavailable,unavailable,unavailable,Normal,Industrial,0.9999,2020.6,4,Medium,Stable
22.32786,82.57225,331.07,0.36,0.57,2026-04-20,2049,N20,VIIRS,n,2,296.17,4.02,N,2.0,industrial_direct,3,71,0.0,7493.4,2.7918248175182483,11.59,1.9379155034462177,1.4399,0.8394160583941606,Industrial,unavailable,unavailable,unavailable,Normal,Industrial,0.9997,1142.5,5,High,Stable
22.33298,82.57366,316.78,0.36,0.57,2026-04-20,2049,N20,VIIRS,n,2,295.15,1.2,N,2.0,industrial_direct,3,71,0.0,7017.5,2.7918248175182483,11.59,1.9379155034462177,0.4298,0.8394160583941606,Industrial,unavailable,unavailable,unavailable,Normal,Industrial,0.9999,1655.2,4,Medium,Stable
22.33812,82.57495,308.39,0.36,0.57,2026-04-20,2049,N20,VIIRS,n,2,294.55,1.2,N,2.0,industrial_direct,3,71,0.0,6552.0,2.7918248175182483,11.59,1.9379155034462177,0.4298,0.8394160583941606,Industrial,unavailable,unavailable,unavailable,Normal,Industrial,0.9999,2207.3,4,Medium,Stable
22.32359,82.54239,306.72,0.36,0.57,2026-04-20,2049,N20,VIIRS,n,2,294.91,2.1,N,0.0,industrial_direct,1,98,0.0,7512.8,2.508492063492064,11.71,1.680059238942467,0.8372,0.9232804232804231,Industrial,unavailable,unavailable,unavailable,Normal,Industrial,0.9999,307.9,6,High,Stable
22.51735,82.88326,334.82,0.39,0.44,2026-04-21,802,N20,VIIRS,l,2,307.8,3.09,D,0.0,unclassified,123,2,18878.7,19798.8,3.25,3.41,0.2262741699796954,0.9508,0.0,Natural Fire,unavailable,unavailable,unavailable,Normal,Natural Fire,0.9999,10284.7,0,Low,Stable
22.55815,83.05019,342.33,0.4,0.44,2026-04-21,802,N20,VIIRS,n,2,311.8,4.44,D,0.0,unclassified,144,1,35600.7,35569.1,4.44,4.44,0.0,1.0,0.0,Natural Fire,unavailable,unavailable,unavailable,Normal,Natural Fire,0.9998,3484.3,0,Low,Stable
22.55768,83.0463,347.45,0.4,0.44,2026-04-21,802,N20,VIIRS,n,2,314.68,4.44,D,0.0,unclassified,144,1,35225.3,35326.0,4.44,4.44,0.0,1.0,0.0,Natural Fire,unavailable,unavailable,unavailable,Normal,Natural Fire,0.9997,3240.2,0,Low,Stable
22.5839,82.95105,335.32,0.39,0.44,2026-04-21,802,N20,VIIRS,l,2,308.15,1.72,D,0.0,unclassified,145,1,29004.8,29626.2,2.205,2.69,0.6858935777509511,0.78,0.0,Natural Fire,unavailable,unavailable,unavailable,Normal,Natural Fire,0.9989,9849.8,0,Low,Escalating
22.58795,82.95063,335.45,0.39,0.44,2026-04-21,802,N20,VIIRS,l,2,310.14,2.69,D,0.0,unclassified,145,1,29285.2,29849.7,2.205,2.69,0.6858935777509511,1.22,0.0,Natural Fire,unavailable,unavailable,unavailable,Normal,Natural Fire,0.9999,10152.2,0,Low,Escalating
22.59598,82.98396,334.9,0.39,0.44,2026-04-21,802,N20,VIIRS,l,2,309.52,2.42,D,0.0,unclassified,-1,0,32406.2,33178.7,,,,,,Natural Fire,unavailable,unavailable,unavailable,Normal,Natural Fire,0.9936,8455.7,0,Low,Stable
22.49335,82.85314,331.34,0.39,0.44,2026-04-21,802,N20,VIIRS,l,2,306.26,1.37,D,0.0,unclassified,-1,0,14797.7,15822.4,,,,,,Natural Fire,unavailable,unavailable,unavailable,Normal,Natural Fire,0.9993,11773.7,0,Low,Stable
22.4701,82.93169,339.87,0.39,0.44,2026-04-21,802,N20,VIIRS,n,2,308.21,2.98,D,0.0,unclassified,149,1,20391.4,21801.3,2.98,2.98,0.0,1.0,0.0,Natural Fire,unavailable,unavailable,unavailable,Normal,Natural Fire,0.9998,12076.3,0,Low,Stable
22.15263,82.35537,345.12,0.54,0.42,2026-04-21,802,N20,VIIRS,l,2,316.09,11.01,D,0.0,unclassified,42,2,5747.0,32977.1,5.4366666666666665,11.01,4.868894467261879,2.0251,0.0,Natural Fire,unavailable,unavailable,unavailable,Normal,Natural Fire,0.9998,19507.3,0,Low,Escalating
22.43049,82.82114,343.17,0.38,0.43,2026-04-21,802,N20,VIIRS,n,2,310.92,1.79,D,0.0,unclassified,-1,0,8195.7,10935.4,,,,,,Natural Fire,unavailable,unavailable,unavailable,Normal,Natural Fire,0.9993,12450.0,0,Low,Stable
22.10402,82.76083,342.93,0.57,0.43,2026-04-21,802,N20,VIIRS,n,2,312.3,8.52,D,0.0,unclassified,150,2,6731.8,22658.8,5.009090909090909,9.79,2.916742890778872,1.7009,0.3636363636363636,Natural Fire,unavailable,unavailable,unavailable,Normal,Natural Fire,0.9997,9634.0,0,Low,Stable
22.10865,82.76563,346.31,0.57,0.43,2026-04-21,802,N20,VIIRS,n,2,314.89,6.68,D,0.0,unclassified,150,2,7134.9,21963.4,5.009090909090909,9.79,2.916742890778872,1.3336,0.3636363636363636,Natural Fire,unavailable,unavailable,unavailable,Normal,Natural Fire,0.9999,8986.5,0,Low,Stable
22.10796,82.76012,342.12,0.57,0.43,2026-04-21,802,N20,VIIRS,l,2,314.97,6.68,D,0.0,unclassified,150,2,6582.0,22326.8,5.009090909090909,9.79,2.916742890778872,1.3336,0.3636363636363636,Natural Fire,unavailable,unavailable,unavailable,Normal,Natural Fire,0.9998,9547.0,0,Low,Stable
22.1026,82.75854,338.09,0.57,0.43,2026-04-21,802,N20,VIIRS,l,2,312.2,4.92,D,0.0,unclassified,150,2,6536.7,22916.6,5.009090909090909,9.79,2.916742890778872,0.9822,0.3636363636363636,Natural Fire,unavailable,unavailable,unavailable,Normal,Natural Fire,0.9999,9912.4,0,Low,Stable
22.10719,82.76337,343.69,0.57,0.43,2026-04-21,802,N20,VIIRS,n,2,315.51,9.79,D,0.0,unclassified,150,2,6926.3,22222.6,5.009090909090909,9.79,2.916742890778872,1.9544,0.3636363636363636,Natural Fire,unavailable,unavailable,unavailable,Normal,Natural Fire,0.9992,9261.6,0,Low,Stable
22.10654,82.7579,341.9,0.57,0.43,2026-04-21,802,N20,VIIRS,l,2,313.71,4.92,D,0.0,unclassified,150,2,6381.4,22582.3,5.009090909090909,9.79,2.916742890778872,0.9822,0.3636363636363636,Natural Fire,unavailable,unavailable,unavailable,Normal,Natural Fire,0.9999,9815.8,0,Low,Stable
22.11113,82.76263,340.4,0.57,0.43,2026-04-21,802,N20,VIIRS,l,2,312.89,6.46,D,0.0,unclassified,150,2,6797.5,21891.8,5.009090909090909,9.79,2.916742890778872,1.2897,0.3636363636363636,Natural Fire,unavailable,unavailable,unavailable,Normal,Natural Fire,0.9999,9188.6,0,Low,Stable
22.15763,82.88116,342.61,0.38,0.43,2026-04-21,802,N20,VIIRS,n,2,310.32,5.58,D,0.0,unclassified,-1,0,10803.7,13362.5,,,,,,Natural Fire,unavailable,unavailable,unavailable,Normal,Natural Fire,0.9997,4013.4,0,Low,Stable
22.15743,82.45587,342.45,0.54,0.42,2026-04-21,802,N20,VIIRS,l,2,314.04,7.25,D,0.0,unclassified,-1,0,15976.6,27539.1,,,,,,Natural Fire,unavailable,unavailable,unavailable,Normal,Natural Fire,0.999,16398.0,0,Low,Stable
22.20796,82.50583,339.57,0.55,0.43,2026-04-21,802,N20,VIIRS,l,2,314.07,7.11,D,0.0,unclassified,151,1,9165.5,20735.9,8.63,10.15,2.1496046148071044,0.8239,0.0,Natural Fire,unavailable,unavailable,unavailable,Normal,Natural Fire,0.9999,10057.9,0,Low,Escalating
22.47053,82.93526,339.7,0.39,0.44,2026-04-21,802,N20,VIIRS,n,2,306.57,2.98,D,0.0,unclassified,149,1,20751.2,21943.1,2.98,2.98,0.0,1.0,0.0,Natural Fire,unavailable,unavailable,unavailable,Normal,Natural Fire,0.9998,11747.2,0,Low,Stable
22.36128,82.3944,339.0,0.54,0.42,2026-04-21,802,N20,VIIRS,l,2,313.7,8.95,D,0.0,unclassified,-1,0,3634.8,16021.5,,,,,,Natural Fire,unavailable,unavailable,unavailable,Normal,Natural Fire,0.986,2837.9,1,Low,Stable
22.21187,82.50529,340.43,0.55,0.43,2026-04-21,802,N20,VIIRS,l,2,314.05,10.15,D,0.0,unclassified,151,1,8755.6,20323.8,8.63,10.15,2.1496046148071044,1.1761,0.0,Natural Fire,unavailable,unavailable,unavailable,Normal,Natural Fire,0.9999,9623.8,0,Low,Escalating
22.21122,82.49998,349.45,0.55,0.43,2026-04-21,802,N20,VIIRS,n,2,313.67,10.15,D,0.0,unclassified,152,1,8966.1,20515.8,8.63,10.15,2.149604614807105,1.1761,0.0,Natural Fire,unavailable,unavailable,unavailable,Normal,Natural Fire,0.9999,9700.1,0,Low,Stable
22.23335,82.51848,367.0,0.55,0.43,2026-04-21,802,N20,VIIRS,h,2,319.34,23.09,D,0.0,unclassified,153,1,6177.9,17732.2,21.01,23.09,2.9415642097360366,1.099,0.0,Natural Fire,unavailable,unavailable,unavailable,Normal,Natural Fire,0.9999,7358.3,0,Low,Stable
22.23726,82.51794,355.25,0.55,0.43,2026-04-21,802,N20,VIIRS,n,2,318.73,18.93,D,0.0,unclassified,153,1,5754.1,17314.8,21.01,23.09,2.9415642097360366,0.901,0.0,Natural Fire,unavailable,unavailable,unavailable,Normal,Natural Fire,0.9997,6950.6,0,Low,Stable
22.28033,82.7711,343.42,0.57,0.43,2026-04-21,802,N20,VIIRS,n,2,313.68,8.88,D,0.0,unclassified,154,1,3681.1,10776.0,6.34,8.88,3.592102448427662,1.4006,0.0,Natural Fire,unavailable,unavailable,unavailable,Normal,Natural Fire,0.9992,2438.2,1,Low,Stable
22.28431,82.77058,339.46,0.57,0.43,2026-04-21,802,N20,VIIRS,n,2,309.27,3.8,D,0.0,unclassified,154,1,3246.3,10845.3,6.34,8.88,3.592102448427662,0.5994,0.0,Natural Fire,unavailable,unavailable,unavailable,Normal,Natural Fire,0.9992,2021.0,1,Low,Stable
22.25372,82.36405,347.35,0.54,0.42,2026-04-21,802,N20,VIIRS,n,2,312.11,6.76,D,0.0,unclassified,-1,0,11614.3,24216.5,,,,,,Natural Fire,unavailable,unavailable,unavailable,Normal,Natural Fire,0.9996,8280.6,0,Low,Stable
22.4268,82.92349,340.4,0.39,0.44,2026-04-21,802,N20,VIIRS,n,2,309.07,2.91,D,0.0,unclassified,-1,0,18331.3,16953.1,,,,,,Natural Fire,unavailable,unavailable,unavailable,Normal,Natural Fire,0.991,15289.0,0,Low,Stable
22.20732,82.50053,339.09,0.55,0.43,2026-04-21,802,N20,VIIRS,n,2,307.02,7.11,D,0.0,unclassified,152,1,9365.5,20922.8,8.63,10.15,2.149604614807105,0.8239,0.0,Natural Fire,unavailable,unavailable,unavailable,Normal,Natural Fire,0.9996,10129.8,0,Low,Stable
22.59028,82.63374,309.59,0.55,0.42,2026-04-21,2030,N20,VIIRS,n,2,296.71,3.73,N,0.0,unclassified,-1,0,10717.3,17050.8,,,,,,Natural Fire,unavailable,unavailable,unavailable,Normal,Natural Fire,0.9997,20109.8,0,Low,Stable
22.58606,82.49887,305.81,0.54,0.42,2026-04-21,2030,N20,VIIRS,n,2,289.88,3.44,N,0.0,unclassified,-1,0,14374.1,3457.9,,,,,,Natural Fire,unavailable,unavailable,unavailable,Normal,Natural Fire,0.9959,22413.1,0,Low,Stable
22.33736,82.5732,311.28,0.55,0.42,2026-04-21,2030,N20,VIIRS,n,2,296.05,2.41,N,2.0,industrial_direct,3,71,0.0,6553.1,2.7918248175182483,11.59,1.9379155034462177,0.8632,0.8394160583941606,Industrial,unavailable,unavailable,unavailable,Normal,Industrial,0.9997,2141.8,4,Medium,Stable
22.33145,82.60453,318.66,0.55,0.43,2026-04-21,2030,N20,VIIRS,n,2,296.71,4.14,N,2.0,industrial_nearby,5,73,101.9,8872.6,2.765913043478261,15.28,2.376793836187871,1.4968,0.8260869565217391,Industrial,unavailable,unavailable,unavailable,Normal,Industrial,0.9988,538.5,5,High,Stable
22.3365,82.5565,316.89,0.55,0.42,2026-04-21,2030,N20,VIIRS,n,2,297.97,2.31,N,0.0,industrial_direct,4,61,0.0,6151.8,2.2546153846153847,13.9,1.6402420650106009,1.0246,0.8632478632478633,Industrial,unavailable,unavailable,unavailable,Normal,Industrial,0.9997,2000.9,4,Medium,Stable
22.33351,82.57237,306.13,0.55,0.42,2026-04-21,2030,N20,VIIRS,n,2,295.36,3.17,N,2.0,industrial_direct,3,71,0.0,6913.0,2.7918248175182483,11.59,1.9379155034462177,1.1355,0.8394160583941606,Industrial,unavailable,unavailable,unavailable,Normal,Industrial,0.9997,1738.5,4,Medium,Stable
22.32967,82.57151,325.59,0.55,0.42,2026-04-21,2030,N20,VIIRS,n,2,296.49,3.17,N,0.0,industrial_direct,3,71,0.0,7279.0,2.7918248175182483,11.59,1.9379155034462177,1.1355,0.8394160583941606,Industrial,unavailable,unavailable,unavailable,Normal,Industrial,0.9997,1356.9,5,High,Stable
22.32023,82.53677,330.11,0.55,0.42,2026-04-21,2030,N20,VIIRS,n,2,298.82,6.35,N,0.0,industrial_direct,1,98,0.0,7938.5,2.508492063492064,11.71,1.680059238942467,2.5314,0.9232804232804231,Industrial,unavailable,unavailable,unavailable,Abnormal spike,Industrial,0.9995,359.4,9,Critical,Abnormal
22.31639,82.53593,311.95,0.55,0.42,2026-04-21,2030,N20,VIIRS,n,2,298.44,3.14,N,2.0,industrial_direct,1,98,0.0,8371.3,2.508492063492064,11.71,1.680059238942467,1.2517,0.9232804232804231,Industrial,unavailable,unavailable,unavailable,Normal,Industrial,0.9996,367.6,6,High,Stable
22.3165,82.51432,308.8,0.54,0.42,2026-04-21,2030,N20,VIIRS,n,2,297.89,3.78,N,2.0,industrial_direct,1,98,0.0,8933.3,2.508492063492064,11.71,1.680059238942467,1.5069,0.9232804232804231,Industrial,unavailable,unavailable,unavailable,Normal,Industrial,0.9996,280.0,6,High,Stable
22.31353,82.52991,313.44,0.54,0.42,2026-04-21,2030,N20,VIIRS,n,2,298.84,4.81,N,2.0,industrial_direct,1,98,0.0,8786.6,2.508492063492064,11.71,1.680059238942467,1.9175,0.9232804232804231,Industrial,unavailable,unavailable,unavailable,Normal,Industrial,0.9994,464.7,6,High,Stable
22.25899,82.36629,308.93,0.53,0.42,2026-04-21,2030,N20,VIIRS,n,2,294.72,3.35,N,0.0,unclassified,146,2,11012.9,23671.8,4.925,6.5,2.2273863607376247,0.6802,0.5,Natural Fire,unavailable,unavailable,unavailable,Normal,Natural Fire,0.9998,7687.5,0,Low,Escalating
22.2514,82.38558,312.76,0.54,0.42,2026-04-21,2030,N20,VIIRS,n,2,299.17,3.59,N,0.0,unclassified,147,2,10633.0,22710.4,2.6666666666666665,3.59,0.905556918881046,1.3462,1.0,Natural Fire,unavailable,unavailable,unavailable,Normal,Natural Fire,0.9995,8700.9,0,Low,Stable
22.25041,82.39085,315.6,0.54,0.42,2026-04-21,2030,N20,VIIRS,n,2,299.12,3.59,N,0.0,unclassified,148,2,10494.2,22392.8,2.9850000000000003,5.03,1.283744522870497,1.2027,0.75,Natural Fire,unavailable,unavailable,unavailable,Normal,Natural Fire,0.9994,8931.8,0,Low,Stable
22.33748,82.55132,307.14,0.55,0.42,2026-04-21,2030,N20,VIIRS,n,2,296.04,2.31,N,0.0,industrial_direct,4,61,0.0,5979.6,2.2546153846153847,13.9,1.6402420650106009,1.0246,0.8632478632478633,Industrial,unavailable,unavailable,unavailable,Normal,Industrial,0.9997,1898.7,4,Medium,Stable
22.57391,82.88812,339.31,0.39,0.36,2026-04-22,743,N20,VIIRS,l,2,311.02,3.88,D,0.0,unclassified,-1,0,23842.5,23847.6,,,,,,Natural Fire,unavailable,unavailable,unavailable,Normal,Natural Fire,0.9976,6032.4,0,Low,Stable
22.55573,82.85691,341.9,0.39,0.36,2026-04-22,743,N20,VIIRS,n,2,310.07,2.95,D,0.0,unclassified,-1,0,20334.7,20120.2,,,,,,Natural Fire,unavailable,unavailable,unavailable,Normal,Natural Fire,0.9996,5262.3,0,Low,Stable
22.56902,82.96909,339.28,0.39,0.36,2026-04-22,743,N20,VIIRS,l,2,311.83,3.58,D,0.0,unclassified,-1,0,29314.5,30303.3,,,,,,Natural Fire,unavailable,unavailable,unavailable,Normal,Natural Fire,0.9998,7385.8,0,Low,Stable
22.45044,82.3427,341.46,0.38,0.36,2026-04-22,743,N20,VIIRS,l,2,312.3,6.8,D,0.0,unclassified,155,2,10172.8,17368.3,3.2325,6.8,2.5293395053518086,2.1036,0.75,Natural Fire,unavailable,unavailable,unavailable,Normal,Natural Fire,0.9997,6610.2,0,Low,Stable
22.53107,82.92181,341.4,0.39,0.36,2026-04-22,743,N20,VIIRS,l,2,314.57,3.97,D,0.0,unclassified,-1,0,22891.6,24012.5,,,,,,Natural Fire,unavailable,unavailable,unavailable,Normal,Natural Fire,0.9986,10990.8,0,Low,Stable
22.53274,82.93299,346.9,0.39,0.36,2026-04-22,743,N20,VIIRS,n,2,312.53,4.68,D,0.0,unclassified,159,2,23916.1,25120.9,2.55,4.68,1.2497822032480523,1.8353,0.8,Natural Fire,unavailable,unavailable,unavailable,Normal,Natural Fire,0.9995,9841.3,0,Low,Stable
22.49921,82.93495,348.11,0.39,0.36,2026-04-22,743,N20,VIIRS,n,2,310.74,5.62,D,0.0,unclassified,-1,0,22065.9,23880.0,,,,,,Natural Fire,unavailable,unavailable,unavailable,Normal,Natural Fire,0.988,10284.0,0,Low,Stable
22.56599,82.76715,336.99,0.39,0.36,2026-04-22,743,N20,VIIRS,l,2,309.22,3.96,D,0.0,unclassified,-1,0,16702.5,15903.1,,,,,,Natural Fire,unavailable,unavailable,unavailable,Normal,Natural Fire,0.9976,7652.2,0,Low,Stable
22.46839,82.88704,342.37,0.39,0.36,2026-04-22,743,N20,VIIRS,n,2,308.98,5.23,D,0.0,unclassified,158,1,16111.8,18199.7,2.595,5.23,1.815608254369134,2.0154,0.75,Natural Fire,unavailable,unavailable,unavailable,Normal,Natural Fire,0.9997,15385.2,0,Low,Stable
22.44313,82.89907,335.35,0.39,0.36,2026-04-22,743,N20,VIIRS,l,2,307.96,4.58,D,0.0,unclassified,-1,0,16251.8,18233.3,,,,,,Natural Fire,unavailable,unavailable,unavailable,Normal,Natural Fire,0.9999,16543.4,0,Low,Stable
22.34439,82.55968,348.29,0.38,0.36,2026-04-22,743,N20,VIIRS,n,2,314.64,5.77,D,0.0,industrial_nearby,-1,0,2.3,5363.3,,,,,,Unknown,unavailable,unavailable,unavailable,Normal,Unknown,0.9996,2930.7,4,Medium,Stable
22.32962,82.57366,351.15,0.38,0.36,2026-04-22,743,N20,VIIRS,n,2,318.52,7.61,D,2.0,industrial_direct,3,71,0.0,7362.4,2.7918248175182483,11.59,1.9379155034462177,2.7258,0.8394160583941606,Industrial,unavailable,unavailable,unavailable,Abnormal spike,Industrial,0.9994,1289.2,8,Critical,Abnormal
22.33137,82.60752,347.84,0.38,0.36,2026-04-22,743,N20,VIIRS,n,2,319.39,6.92,D,2.0,industrial_direct,5,73,0.0,9085.9,2.765913043478261,15.28,2.376793836187871,2.5019,0.8260869565217391,Industrial,unavailable,unavailable,unavailable,Abnormal spike,Industrial,0.9981,284.9,9,Critical,Abnormal
22.2614,82.36935,350.4,0.38,0.36,2026-04-22,743,N20,VIIRS,n,2,315.62,6.5,D,0.0,unclassified,146,2,10607.9,23258.9,4.925,6.5,2.2273863607376247,1.3198,0.5,Natural Fire,unavailable,unavailable,unavailable,Normal,Natural Fire,0.9999,7417.2,0,Low,Escalating
22.25435,82.38956,350.25,0.38,0.36,2026-04-22,743,N20,VIIRS,n,2,316.94,5.03,D,0.0,unclassified,148,2,10156.7,22187.7,2.9850000000000003,5.03,1.283744522870497,1.6851,0.75,Natural Fire,unavailable,unavailable,unavailable,Normal,Natural Fire,0.9994,8476.1,0,Low,Stable
22.25163,82.39384,344.71,0.38,0.36,2026-04-22,743,N20,VIIRS,l,2,316.69,3.91,D,0.0,unclassified,148,2,10246.1,22078.0,2.9850000000000003,5.03,1.283744522870497,1.3099,0.75,Natural Fire,unavailable,unavailable,unavailable,Normal,Natural Fire,0.9996,8886.4,0,Low,Stable
22.29059,82.81213,347.74,0.39,0.36,2026-04-22,743,N20,VIIRS,l,2,320.46,6.2,D,0.0,unclassified,52,2,4427.6,6667.8,4.3,6.2,2.687005768508881,1.4419,0.0,Natural Fire,unavailable,unavailable,unavailable,Normal,Natural Fire,0.9998,3828.2,0,Low,Escalating
22.38831,82.44479,347.46,0.38,0.36,2026-04-22,743,N20,VIIRS,n,2,313.96,5.85,D,0.0,unclassified,-1,0,4642.0,10474.6,,,,,,Natural Fire,unavailable,unavailable,unavailable,Normal,Natural Fire,0.9997,6117.6,0,Low,Stable
22.58522,82.76015,343.73,0.39,0.36,2026-04-22,743,N20,VIIRS,n,2,312.44,8.85,D,0.0,unclassified,160,2,17316.6,17718.0,4.3825,8.85,3.0419661952975963,2.0194,0.25,Natural Fire,unavailable,unavailable,unavailable,Normal,Natural Fire,0.9994,7623.4,0,Low,Stable
22.51833,82.83649,343.12,0.39,0.36,2026-04-22,743,N20,VIIRS,l,2,315.96,6.3,D,0.0,unclassified,134,2,15733.4,15825.7,6.535,6.77,0.3323401871576775,0.964,0.0,Natural Fire,unavailable,unavailable,unavailable,Normal,Natural Fire,0.9992,8836.7,0,Low,Stable
22.33204,82.53484,306.0,0.38,0.36,2026-04-22,2012,N20,VIIRS,n,2,293.82,1.06,N,2.0,industrial_direct,6,16,0.0,6677.8,1.2005882352941175,1.95,0.356606761507604,0.8829,1.0,Industrial,unavailable,unavailable,unavailable,Normal,Industrial,0.9993,1484.0,5,High,Stable
22.36155,82.3046,308.22,0.38,0.36,2026-04-22,2012,N20,VIIRS,n,2,297.96,1.42,N,2.0,industrial_direct,2,96,0.0,25130.3,3.5459414225941424,26.78,3.275989787681158,0.4005,0.7489539748953975,Industrial,unavailable,unavailable,unavailable,Normal,Industrial,0.9996,7151.1,3,Medium,Stable
22.32371,82.54472,310.96,0.38,0.36,2026-04-22,2012,N20,VIIRS,n,2,296.45,1.18,N,0.0,industrial_direct,1,98,0.0,7488.9,2.508492063492064,11.71,1.680059238942467,0.4704,0.9232804232804231,Industrial,unavailable,unavailable,unavailable,Normal,Industrial,0.9999,282.6,6,High,Stable
22.45197,82.33514,306.09,0.38,0.36,2026-04-22,2012,N20,VIIRS,n,2,293.19,1.3,N,0.0,unclassified,-1,0,10046.3,17773.5,,,,,,Natural Fire,unavailable,unavailable,unavailable,Normal,Natural Fire,0.9999,7230.7,0,Low,Stable
22.35826,82.30399,316.44,0.38,0.36,2026-04-22,2012,N20,VIIRS,n,2,300.09,1.42,N,2.0,industrial_direct,2,96,0.0,25244.2,3.5459414225941424,26.78,3.275989787681158,0.4005,0.7489539748953975,Industrial,unavailable,unavailable,unavailable,Normal,Industrial,0.9996,7314.0,3,Medium,Stable
22.321,82.54043,318.16,0.38,0.36,2026-04-22,2012,N20,VIIRS,n,2,295.16,1.18,N,0.0,industrial_direct,1,98,0.0,7813.4,2.508492063492064,11.71,1.680059238942467,0.4704,0.9232804232804231,Industrial,unavailable,unavailable,unavailable,Normal,Industrial,0.9999,160.4,6,High,Stable
22.32948,82.57235,336.56,0.38,0.36,2026-04-22,2012,N20,VIIRS,n,2,296.65,2.66,N,2.0,industrial_direct,3,71,0.0,7328.6,2.7918248175182483,11.59,1.9379155034462177,0.9528,0.8394160583941606,Industrial,unavailable,unavailable,unavailable,Normal,Industrial,0.9998,1308.5,5,High,Stable
22.31961,82.57054,311.15,0.38,0.36,2026-04-22,2012,N20,VIIRS,n,2,298.79,1.79,N,0.0,industrial_direct,1,98,0.0,8306.1,2.508492063492064,11.71,1.680059238942467,0.7136,0.9232804232804231,Industrial,unavailable,unavailable,unavailable,Normal,Industrial,0.9999,597.4,5,High,Stable
22.33277,82.57295,320.45,0.38,0.36,2026-04-22,2012,N20,VIIRS,n,2,296.2,2.66,N,2.0,industrial_direct,3,71,0.0,7011.3,2.7918248175182483,11.59,1.9379155034462177,0.9528,0.8394160583941606,Industrial,unavailable,unavailable,unavailable,Normal,Industrial,0.9997,1645.6,4,Medium,Stable
22.39567,82.43513,307.67,0.38,0.36,2026-04-22,2012,N20,VIIRS,n,2,293.86,1.9,N,0.0,unclassified,-1,0,5374.9,11468.3,,,,,,Natural Fire,unavailable,unavailable,unavailable,Normal,Natural Fire,0.9939,5279.3,0,Low,Stable
22.33605,82.57355,314.84,0.38,0.36,2026-04-22,2012,N20,VIIRS,n,2,295.73,1.96,N,2.0,industrial_direct,3,71,0.0,6700.4,2.7918248175182483,11.59,1.9379155034462177,0.702,0.8394160583941606,Industrial,unavailable,unavailable,unavailable,Normal,Industrial,0.9999,1993.1,4,Medium,Stable
22.33956,82.55141,307.07,0.38,0.36,2026-04-22,2012,N20,VIIRS,n,2,293.52,1.13,N,0.0,industrial_direct,4,61,0.0,5750.8,2.2546153846153847,13.9,1.6402420650106009,0.5012,0.8632478632478633,Industrial,unavailable,unavailable,unavailable,Normal,Industrial,0.9999,2122.5,4,Medium,Stable
22.33078,82.6068,332.33,0.38,0.36,2026-04-22,2012,N20,VIIRS,n,2,298.01,3.89,N,2.0,industrial_direct,5,73,0.0,9083.9,2.765913043478261,15.28,2.376793836187871,1.4064,0.8260869565217391,Industrial,unavailable,unavailable,unavailable,Normal,Industrial,0.9987,297.4,6,High,Stable
22.31771,82.53983,317.8,0.38,0.36,2026-04-22,2012,N20,VIIRS,n,2,295.34,1.82,N,0.0,industrial_nearby,1,98,93.3,8181.6,2.508492063492064,11.71,1.680059238942467,0.7255,0.9232804232804231,Industrial,unavailable,unavailable,unavailable,Normal,Industrial,0.9999,33.7,6,High,Stable
22.39954,82.43204,314.63,0.38,0.36,2026-04-22,2012,N20,VIIRS,n,2,295.03,2.49,N,0.0,unclassified,-1,0,5818.5,11808.6,,,,,,Natural Fire,unavailable,unavailable,unavailable,Normal,Natural Fire,0.9995,4931.1,0,Low,Stable
22.44346,82.36781,307.31,0.38,0.36,2026-04-22,2012,N20,VIIRS,n,2,293.98,1.67,N,0.0,unclassified,-1,0,10753.0,16406.8,,,,,,Natural Fire,unavailable,unavailable,unavailable,Normal,Natural Fire,0.9999,4701.9,0,Low,Stable
22.44752,82.34193,312.96,0.38,0.36,2026-04-22,2012,N20,VIIRS,n,2,293.05,1.58,N,0.0,unclassified,155,2,9845.0,17663.0,3.2325,6.8,2.5293395053518086,0.4888,0.75,Natural Fire,unavailable,unavailable,unavailable,Normal,Natural Fire,0.9999,6405.0,0,Low,Stable
22.4481,82.33824,310.11,0.38,0.36,2026-04-22,2012,N20,VIIRS,n,2,293.13,1.3,N,0.0,unclassified,155,2,9756.5,17868.1,3.2325,6.8,2.5293395053518086,0.4022,0.75,Natural Fire,unavailable,unavailable,unavailable,Normal,Natural Fire,0.9999,6697.9,0,Low,Stable
22.33569,82.55451,323.94,0.38,0.36,2026-04-22,2012,N20,VIIRS,n,2,297.83,2.82,N,0.0,industrial_direct,4,61,0.0,6210.7,2.2546153846153847,13.9,1.6402420650106009,1.2508,0.8632478632478633,Industrial,unavailable,unavailable,unavailable,Normal,Industrial,0.9997,1835.3,4,Medium,Stable
22.31479,82.55829,310.81,0.38,0.36,2026-04-22,2012,N20,VIIRS,n,2,297.52,1.91,N,2.0,industrial_direct,1,98,0.0,8556.2,2.508492063492064,11.71,1.680059238942467,0.7614,0.9232804232804231,Industrial,unavailable,unavailable,unavailable,Normal,Industrial,0.9999,569.7,5,High,Stable
22.2591,82.39249,319.21,0.38,0.36,2026-04-22,2012,N20,VIIRS,n,2,298.98,1.87,N,0.0,unclassified,148,2,9551.6,21608.4,2.9850000000000003,5.03,1.283744522870497,0.6265,0.75,Natural Fire,unavailable,unavailable,unavailable,Normal,Natural Fire,0.9999,8055.5,0,Low,Stable
22.31501,82.53553,312.93,0.38,0.36,2026-04-22,2012,N20,VIIRS,n,2,295.66,1.85,N,2.0,industrial_nearby,1,98,84.3,8528.3,2.508492063492064,11.71,1.680059238942467,0.7375,0.9232804232804231,Industrial,unavailable,unavailable,unavailable,Normal,Industrial,0.9999,272.0,6,High,Stable
22.11541,82.76167,311.16,0.38,0.36,2026-04-22,2012,N20,VIIRS,n,2,300.36,1.57,N,0.0,unclassified,150,2,6671.8,21545.8,5.009090909090909,9.79,2.916742890778872,0.3134,0.3636363636363636,Natural Fire,unavailable,unavailable,unavailable,Normal,Natural Fire,0.9999,9148.5,0,Low,Stable
22.116,82.75799,313.25,0.38,0.36,2026-04-22,2012,N20,VIIRS,n,2,299.99,2.42,N,0.0,unclassified,150,2,6291.1,21700.9,5.009090909090909,9.79,2.916742890778872,0.4831,0.3636363636363636,Natural Fire,unavailable,unavailable,unavailable,Normal,Natural Fire,0.9998,9499.6,0,Low,Stable
22.1187,82.76227,317.55,0.38,0.36,2026-04-22,2012,N20,VIIRS,n,2,300.23,1.57,N,0.0,unclassified,150,2,6735.8,21207.1,5.009090909090909,9.79,2.916742890778872,0.3134,0.3636363636363636,Natural Fire,unavailable,unavailable,unavailable,Normal,Natural Fire,0.9999,9000.4,0,Low,Stable
22.11811,82.76597,320.45,0.38,0.36,2026-04-22,2012,N20,VIIRS,n,2,301.25,1.57,N,0.0,unclassified,150,2,7115.7,21054.3,5.009090909090909,9.79,2.916742890778872,0.3134,0.3636363636363636,Natural Fire,unavailable,unavailable,unavailable,Normal,Natural Fire,0.9999,8644.2,0,Low,Stable
22.24266,82.38947,315.29,0.38,0.36,2026-04-22,2012,N20,VIIRS,n,2,301.25,1.73,N,0.0,unclassified,156,3,11336.4,23098.7,2.6925,4.2,1.197173755141667,0.6425,0.75,Natural Fire,unavailable,unavailable,unavailable,Normal,Natural Fire,0.9996,9731.4,0,Low,Escalating
22.24595,82.39008,315.65,0.38,0.36,2026-04-22,2012,N20,VIIRS,n,2,301.02,1.73,N,0.0,unclassified,156,3,10977.3,22795.8,2.6925,4.2,1.197173755141667,0.6425,0.75,Natural Fire,unavailable,unavailable,unavailable,Normal,Natural Fire,0.9996,9391.0,0,Low,Escalating
22.25369,82.38388,313.29,0.38,0.36,2026-04-22,2012,N20,VIIRS,n,2,297.17,2.63,N,0.0,unclassified,147,2,10492.0,22667.4,2.6666666666666665,3.59,0.905556918881046,0.9862,1.0,Natural Fire,unavailable,unavailable,unavailable,Normal,Natural Fire,0.9996,8418.3,0,Low,Stable
22.2624,82.32854,317.92,0.38,0.36,2026-04-22,2012,N20,VIIRS,n,2,300.68,1.44,N,0.0,unclassified,157,1,10089.6,26629.6,1.5775,2.39,0.5735488935856589,0.9128,1.0,Natural Fire,unavailable,unavailable,unavailable,Normal,Natural Fire,0.9997,8387.4,0,Low,Stable
22.31559,82.53183,316.1,0.38,0.36,2026-04-22,2012,N20,VIIRS,n,2,300.17,1.85,N,2.0,industrial_direct,1,98,0.0,8525.2,2.508492063492064,11.71,1.680059238942467,0.7375,0.9232804232804231,Industrial,unavailable,unavailable,unavailable,Normal,Industrial,0.9999,413.7,6,High,Stable
22.26298,82.32485,310.42,0.38,0.36,2026-04-22,2012,N20,VIIRS,n,2,300.28,1.44,N,0.0,unclassified,157,1,9949.7,26917.2,1.5775,2.39,0.5735488935856589,0.9128,1.0,Natural Fire,unavailable,unavailable,unavailable,Normal,Natural Fire,0.9997,8523.8,0,Low,Stable
22.25195,82.39497,330.23,0.38,0.36,2026-04-22,2012,N20,VIIRS,n,2,301.69,3.96,N,0.0,unclassified,148,2,10168.1,21970.1,2.9850000000000003,5.03,1.283744522870497,1.3266,0.75,Natural Fire,unavailable,unavailable,unavailable,Normal,Natural Fire,0.9999,8887.4,0,Low,Stable
22.25698,82.38448,307.65,0.38,0.36,2026-04-22,2012,N20,VIIRS,n,2,296.24,1.78,N,0.0,unclassified,147,2,10143.8,22377.8,2.6666666666666665,3.59,0.905556918881046,0.6675,1.0,Natural Fire,unavailable,unavailable,unavailable,Normal,Natural Fire,0.9995,8072.9,0,Low,Stable
22.26568,82.32915,311.8,0.38,0.36,2026-04-22,2012,N20,VIIRS,n,2,299.68,2.39,N,0.0,unclassified,157,1,9750.1,26383.1,1.5775,2.39,0.5735488935856589,1.5151,1.0,Natural Fire,unavailable,unavailable,unavailable,Normal,Natural Fire,0.9997,8040.4,0,Low,Stable
22.25524,82.39556,327.56,0.38,0.36,2026-04-22,2012,N20,VIIRS,n,2,301.32,1.87,N,0.0,unclassified,148,2,9808.9,21672.0,2.9850000000000003,5.03,1.283744522870497,0.6265,0.75,Natural Fire,unavailable,unavailable,unavailable,Normal,Natural Fire,0.9999,8560.7,0,Low,Stable
22.25853,82.39616,309.68,0.38,0.36,2026-04-22,2012,N20,VIIRS,n,2,299.03,1.87,N,0.0,unclassified,148,2,9450.1,21375.3,2.9850000000000003,5.03,1.283744522870497,0.6265,0.75,Natural Fire,unavailable,unavailable,unavailable,Normal,Natural Fire,0.9999,8238.0,0,Low,Stable
22.25969,82.38877,318.13,0.38,0.36,2026-04-22,2012,N20,VIIRS,n,2,298.84,1.78,N,0.0,unclassified,148,2,9667.7,21848.2,2.9850000000000003,5.03,1.283744522870497,0.5963,0.75,Natural Fire,unavailable,unavailable,unavailable,Normal,Natural Fire,0.9999,7883.9,0,Low,Stable
22.3123,82.53123,308.19,0.38,0.36,2026-04-22,2012,N20,VIIRS,n,2,296.42,1.19,N,2.0,industrial_nearby,1,98,143.6,8894.6,2.508492063492064,11.71,1.680059238942467,0.4744,0.9232804232804231,Industrial,unavailable,unavailable,unavailable,Normal,Industrial,0.9999,304.9,6,High,Stable
22.31464,82.51646,320.77,0.38,0.36,2026-04-22,2012,N20,VIIRS,n,2,298.25,2.52,N,2.0,industrial_direct,1,98,0.0,9046.2,2.508492063492064,11.71,1.680059238942467,1.0046,0.9232804232804231,Industrial,unavailable,unavailable,unavailable,Normal,Industrial,0.9996,173.0,6,High,Stable
22.26356,82.32115,309.74,0.38,0.36,2026-04-22,2012,N20,VIIRS,n,2,297.92,1.04,N,0.0,unclassified,157,1,9822.8,27208.2,1.5775,2.39,0.5735488935856589,0.6593,1.0,Natural Fire,unavailable,unavailable,unavailable,Normal,Natural Fire,0.9997,8675.8,0,Low,Stable
22.42083,82.91541,311.11,0.39,0.36,2026-04-22,2012,N20,VIIRS,n,2,299.89,2.09,N,0.0,unclassified,-1,0,17413.6,16100.1,,,,,,Natural Fire,unavailable,unavailable,unavailable,Normal,Natural Fire,0.9995,16286.7,0,Low,Stable
22.46783,82.94298,322.55,0.39,0.36,2026-04-22,2012,N20,VIIRS,n,2,300.79,3.13,N,0.0,unclassified,-1,0,21392.4,21884.5,,,,,,Natural Fire,unavailable,unavailable,unavailable,Normal,Natural Fire,0.9999,11291.1,0,Low,Stable
22.46747,82.8819,312.53,0.38,0.36,2026-04-22,2012,N20,VIIRS,n,2,297.61,2.2,N,0.0,unclassified,158,1,15594.0,17661.4,2.595,5.23,1.815608254369134,0.8478,0.75,Natural Fire,unavailable,unavailable,unavailable,Normal,Natural Fire,0.9999,15299.8,0,Low,Stable
22.46688,82.8856,309.09,0.38,0.36,2026-04-22,2012,N20,VIIRS,n,2,296.22,1.85,N,0.0,unclassified,158,1,15904.5,18017.7,2.595,5.23,1.815608254369134,0.7129,0.75,Natural Fire,unavailable,unavailable,unavailable,Normal,Natural Fire,0.9999,15489.4,0,Low,Stable
22.58142,82.76524,309.22,0.38,0.36,2026-04-22,2012,N20,VIIRS,n,2,297.72,2.03,N,0.0,unclassified,160,2,17480.6,17460.9,4.3825,8.85,3.0419661952975963,0.4632,0.25,Natural Fire,unavailable,unavailable,unavailable,Normal,Natural Fire,0.9999,7207.6,0,Low,Stable
22.47076,82.88251,308.47,0.38,0.36,2026-04-22,2012,N20,VIIRS,n,2,295.91,1.1,N,0.0,unclassified,158,1,15819.3,17809.3,2.595,5.23,1.815608254369134,0.4239,0.75,Natural Fire,unavailable,unavailable,unavailable,Normal,Natural Fire,0.9999,14976.9,0,Low,Stable
22.5631,82.32098,320.41,0.38,0.36,2026-04-22,2012,N20,VIIRS,n,2,299.04,3.39,N,0.0,unclassified,161,1,21848.2,13760.6,3.145,3.39,0.3464823227814084,1.0779,1.0,Natural Fire,unavailable,unavailable,unavailable,Normal,Natural Fire,0.9999,18794.4,0,Low,Stable
22.56552,82.99123,311.66,0.39,0.36,2026-04-22,2012,N20,VIIRS,n,2,300.87,2.42,N,0.0,unclassified,-1,0,30894.9,32108.7,,,,,,Natural Fire,unavailable,unavailable,unavailable,Normal,Natural Fire,0.9879,5359.9,0,Low,Stable
22.56639,82.32158,320.8,0.38,0.36,2026-04-22,2012,N20,VIIRS,n,2,297.86,2.9,N,0.0,unclassified,161,1,22217.6,13682.8,3.145,3.39,0.3464823227814084,0.9221,1.0,Natural Fire,unavailable,unavailable,unavailable,Normal,Natural Fire,0.9998,19118.3,0,Low,Stable
22.47262,82.95535,314.05,0.39,0.36,2026-04-22,2012,N20,VIIRS,n,2,299.74,2.51,N,0.0,unclassified,-1,0,22769.9,22802.7,,,,,,Natural Fire,unavailable,unavailable,unavailable,Normal,Natural Fire,0.9839,9973.0,0,Low,Stable
22.57626,82.38805,313.28,0.38,0.36,2026-04-22,2012,N20,VIIRS,n,2,293.98,2.08,N,0.0,unclassified,-1,0,18747.9,6873.5,,,,,,Natural Fire,unavailable,unavailable,unavailable,Normal,Natural Fire,0.9988,19194.5,0,Low,Stable
22.49564,82.95966,313.71,0.39,0.36,2026-04-22,2012,N20,VIIRS,n,2,299.4,2.5,N,0.0,unclassified,-1,0,24154.0,25351.1,,,,,,Natural Fire,unavailable,unavailable,unavailable,Normal,Natural Fire,0.9966,8135.7,0,Low,Stable
22.5022,82.91877,311.5,0.39,0.36,2026-04-22,2012,N20,VIIRS,n,2,298.64,2.18,N,0.0,unclassified,162,1,20795.9,22421.1,1.79,2.18,0.5515432893255072,1.2179,1.0,Natural Fire,unavailable,unavailable,unavailable,Normal,Natural Fire,0.9993,11762.8,0,Low,Stable
22.49832,82.92181,312.82,0.39,0.36,2026-04-22,2012,N20,VIIRS,n,2,297.84,2.34,N,0.0,unclassified,-1,0,20841.5,22568.5,,,,,,Natural Fire,unavailable,unavailable,unavailable,Normal,Natural Fire,0.9863,11591.9,0,Low,Stable
22.52283,82.9379,309.59,0.39,0.36,2026-04-22,2012,N20,VIIRS,n,2,298.3,2.72,N,0.0,unclassified,159,2,23690.8,25109.1,2.55,4.68,1.2497822032480523,1.0667,0.8,Natural Fire,unavailable,unavailable,unavailable,Normal,Natural Fire,0.9999,9385.5,0,Low,Stable
22.52402,82.93042,316.89,0.39,0.36,2026-04-22,2012,N20,VIIRS,n,2,297.98,1.51,N,0.0,unclassified,159,2,23133.1,24462.7,2.55,4.68,1.2497822032480523,0.5922,0.8,Natural Fire,unavailable,unavailable,unavailable,Normal,Natural Fire,0.9998,10139.5,0,Low,Stable
22.52462,82.9267,312.7,0.39,0.36,2026-04-22,2012,N20,VIIRS,n,2,296.46,1.51,N,0.0,unclassified,159,2,22861.1,24144.6,2.55,4.68,1.2497822032480523,0.5922,0.8,Natural Fire,unavailable,unavailable,unavailable,Normal,Natural Fire,0.9965,10515.9,0,Low,Stable
22.59227,82.50131,311.18,0.38,0.36,2026-04-22,2012,N20,VIIRS,n,2,294.44,1.25,N,0.0,unclassified,163,1,14676.1,4015.3,1.25,1.25,0.0,1.0,1.0,Natural Fire,unavailable,unavailable,unavailable,Normal,Natural Fire,0.9983,22893.8,0,Low,Stable
22.59286,82.49761,310.23,0.38,0.36,2026-04-22,2012,N20,VIIRS,n,2,294.69,1.25,N,0.0,unclassified,163,1,14990.2,3741.4,1.25,1.25,0.0,1.0,1.0,Natural Fire,unavailable,unavailable,unavailable,Normal,Natural Fire,0.9981,23133.2,0,Low,Stable
22.53473,82.909,315.84,0.38,0.36,2026-04-22,2012,N20,VIIRS,n,2,297.91,2.85,N,0.0,unclassified,-1,0,22136.8,23051.0,,,,,,Natural Fire,unavailable,unavailable,unavailable,Normal,Natural Fire,0.9989,10370.6,0,Low,Stable
22.53919,82.90224,311.03,0.38,0.36,2026-04-22,2012,N20,VIIRS,n,2,298.2,1.94,N,0.0,unclassified,-1,0,21954.5,22707.7,,,,,,Natural Fire,unavailable,unavailable,unavailable,Normal,Natural Fire,0.9966,9527.9,0,Low,Stable
22.55504,82.90898,315.2,0.38,0.36,2026-04-22,2012,N20,VIIRS,n,2,298.43,3.13,N,0.0,unclassified,-1,0,23677.3,24249.3,,,,,,Natural Fire,unavailable,unavailable,unavailable,Normal,Natural Fire,0.9997,8951.6,0,Low,Stable
22.50548,82.91939,309.73,0.39,0.36,2026-04-22,2012,N20,VIIRS,n,2,296.63,1.4,N,0.0,unclassified,162,1,21043.6,22610.9,1.79,2.18,0.5515432893255072,0.7821,1.0,Natural Fire,unavailable,unavailable,unavailable,Normal,Natural Fire,0.9996,11605.7,0,Low,Stable
22.38227,82.96111,332.12,0.5,0.41,2026-04-23,724,N20,VIIRS,l,2,306.24,1.94,D,0.0,unclassified,-1,0,19886.0,14220.7,,,,,,Natural Fire,unavailable,unavailable,unavailable,Normal,Natural Fire,0.9985,14341.1,0,Low,Stable
22.49621,82.87265,338.65,0.51,0.41,2026-04-23,724,N20,VIIRS,n,2,293.91,6.32,D,0.0,unclassified,-1,0,16529.6,17776.5,,,,,,Natural Fire,unavailable,unavailable,unavailable,Normal,Natural Fire,0.9849,11981.4,0,Low,Stable
22.52727,82.93741,339.48,0.5,0.41,2026-04-23,724,N20,VIIRS,n,2,298.55,4.48,D,0.0,unclassified,159,2,23928.2,25266.6,2.55,4.68,1.2497822032480523,1.7569,0.8,Natural Fire,unavailable,unavailable,unavailable,Normal,Natural Fire,0.9999,9397.9,0,Low,Stable
22.58121,82.76466,330.35,0.51,0.41,2026-04-23,724,N20,VIIRS,n,2,297.63,3.2,D,0.0,unclassified,160,2,17418.7,17421.0,4.3825,8.85,3.0419661952975963,0.7302,0.25,Natural Fire,unavailable,unavailable,unavailable,Normal,Natural Fire,0.9999,7271.2,0,Low,Stable
22.58129,82.76199,332.73,0.51,0.41,2026-04-23,724,N20,VIIRS,n,2,297.9,3.45,D,0.0,unclassified,160,2,17202.7,17350.6,4.3825,8.85,3.0419661952975963,0.7872,0.25,Natural Fire,unavailable,unavailable,unavailable,Normal,Natural Fire,0.9989,7534.5,0,Low,Stable
22.51397,82.94884,331.85,0.5,0.41,2026-04-23,724,N20,VIIRS,n,2,298.82,2.66,D,0.0,unclassified,-1,0,24117.8,25776.4,,,,,,Natural Fire,unavailable,unavailable,unavailable,Normal,Natural Fire,0.9857,8438.1,0,Low,Stable
22.33073,82.60809,317.78,0.53,0.42,2026-04-23,1953,N20,VIIRS,n,2,296.66,3.68,N,0.0,industrial_nearby,5,73,68.7,9177.8,2.765913043478261,15.28,2.376793836187871,1.3305,0.8260869565217391,Industrial,unavailable,unavailable,unavailable,Normal,Industrial,0.9988,192.9,6,High,Stable
22.44396,82.34167,311.23,0.55,0.43,2026-04-23,1953,N20,VIIRS,n,2,299.61,3.25,N,0.0,unclassified,155,2,9474.9,17978.6,3.2325,6.8,2.5293395053518086,1.0054,0.75,Natural Fire,unavailable,unavailable,unavailable,Normal,Natural Fire,1.0,6120.4,0,Low,Stable
22.43731,82.36223,308.65,0.55,0.43,2026-04-23,1953,N20,VIIRS,n,2,298.2,3.34,N,0.0,unclassified,-1,0,9865.0,17291.4,,,,,,Natural Fire,unavailable,unavailable,unavailable,Normal,Natural Fire,0.9999,4294.4,0,Low,Stable
22.33792,82.55107,307.86,0.54,0.42,2026-04-23,1953,N20,VIIRS,n,2,294.41,1.52,N,0.0,industrial_direct,4,61,0.0,5929.0,2.2546153846153847,13.9,1.6402420650106009,0.6742,0.8632478632478633,Industrial,unavailable,unavailable,unavailable,Normal,Industrial,0.9999,1938.2,4,Medium,Stable
22.33727,82.5563,311.02,0.54,0.42,2026-04-23,1953,N20,VIIRS,n,2,296.33,1.52,N,0.0,industrial_direct,4,61,0.0,6064.3,2.2546153846153847,13.9,1.6402420650106009,0.6742,0.8632478632478633,Industrial,unavailable,unavailable,unavailable,Normal,Industrial,0.9999,2069.0,4,Medium,Stable
22.33146,82.57111,329.4,0.54,0.42,2026-04-23,1953,N20,VIIRS,n,2,295.21,6.56,N,2.0,industrial_direct,3,71,0.0,7078.7,2.7918248175182483,11.59,1.9379155034462177,2.3497,0.8394160583941606,Industrial,unavailable,unavailable,unavailable,Normal,Industrial,0.9994,1557.1,4,Medium,Stable
22.56023,82.40022,308.35,0.55,0.43,2026-04-23,1953,N20,VIIRS,n,2,297.44,3.77,N,0.0,unclassified,164,1,16608.0,5698.2,3.615,3.77,0.2192031021678299,1.0429,1.0,Natural Fire,unavailable,unavailable,unavailable,Normal,Natural Fire,0.9998,17512.6,0,Low,Stable
22.36056,82.30622,306.35,0.56,0.43,2026-04-23,1953,N20,VIIRS,n,2,296.32,1.43,N,2.0,industrial_nearby,2,96,11.3,24980.1,3.5459414225941424,26.78,3.275989787681158,0.4033,0.7489539748953975,Industrial,unavailable,unavailable,unavailable,Normal,Industrial,0.9995,7020.0,3,Medium,Stable
22.3199,82.53769,317.48,0.54,0.42,2026-04-23,1953,N20,VIIRS,n,2,298.79,4.24,N,2.0,industrial_direct,1,98,0.0,7963.0,2.508492063492064,11.71,1.680059238942467,1.6903,0.9232804232804231,Industrial,unavailable,unavailable,unavailable,Normal,Industrial,0.9997,258.4,6,High,Stable
22.36085,82.30573,307.55,0.56,0.43,2026-04-23,1953,N20,VIIRS,n,2,297.23,4.04,N,2.0,industrial_direct,2,96,0.0,25025.6,3.5459414225941424,26.78,3.275989787681158,1.1393,0.7489539748953975,Industrial,unavailable,unavailable,unavailable,Normal,Industrial,0.9987,7059.6,3,Medium,Stable
22.31803,82.54203,310.54,0.54,0.42,2026-04-23,1953,N20,VIIRS,n,2,297.0,3.91,N,0.0,industrial_nearby,1,98,291.6,8129.6,2.508492063492064,11.71,1.680059238942467,1.5587,0.9232804232804231,Industrial,unavailable,unavailable,unavailable,Normal,Industrial,0.9996,0.0,6,High,Stable
22.2425,82.38522,310.44,0.55,0.43,2026-04-23,1953,N20,VIIRS,n,2,298.92,4.2,N,0.0,unclassified,156,3,11532.8,23420.4,2.6925,4.2,1.197173755141667,1.5599,0.75,Natural Fire,unavailable,unavailable,unavailable,Normal,Natural Fire,0.9994,9661.7,0,Low,Escalating
22.3334,82.55569,309.31,0.54,0.42,2026-04-23,1953,N20,VIIRS,n,2,297.05,2.64,N,0.0,industrial_direct,4,61,0.0,6478.4,2.2546153846153847,13.9,1.6402420650106009,1.1709,0.8632478632478633,Industrial,unavailable,unavailable,unavailable,Normal,Industrial,0.9997,1658.0,4,Medium,Stable
22.19059,82.50999,312.79,0.54,0.42,2026-04-23,1953,N20,VIIRS,n,2,291.83,2.41,N,0.0,unclassified,-1,0,10984.5,22546.3,,,,,,Natural Fire,unavailable,unavailable,unavailable,Normal,Natural Fire,0.9997,11997.3,0,Low,Stable
22.53676,82.80669,311.89,0.52,0.42,2026-04-23,1953,N20,VIIRS,n,2,297.7,1.48,N,0.0,unclassified,-1,0,16027.8,15060.4,,,,,,Natural Fire,unavailable,unavailable,unavailable,Normal,Natural Fire,0.9996,7324.7,0,Low,Stable
22.52418,82.93475,310.93,0.52,0.41,2026-04-23,1953,N20,VIIRS,n,2,299.16,3.45,N,0.0,unclassified,159,2,23507.9,24874.8,2.55,4.68,1.2497822032480523,1.3529,0.8,Natural Fire,unavailable,unavailable,unavailable,Normal,Natural Fire,0.9999,9694.1,0,Low,Stable
22.56019,82.40161,308.46,0.55,0.43,2026-04-23,1953,N20,VIIRS,n,2,297.6,3.46,N,0.0,unclassified,164,1,16503.0,5559.0,3.615,3.77,0.2192031021678299,0.9571,1.0,Natural Fire,unavailable,unavailable,unavailable,Normal,Natural Fire,0.9996,17524.3,0,Low,Stable
22.58646,82.50905,309.33,0.54,0.42,2026-04-23,1953,N20,VIIRS,n,2,293.29,3.09,N,0.0,unclassified,-1,0,13660.4,4434.6,,,,,,Natural Fire,unavailable,unavailable,unavailable,Normal,Natural Fire,0.9906,21954.3,0,Low,Stable
22.53234,82.9315,309.72,0.52,0.41,2026-04-23,1953,N20,VIIRS,n,2,297.0,1.59,N,0.0,unclassified,159,2,23767.0,24964.1,2.55,4.68,1.2497822032480523,0.6235,0.8,Natural Fire,unavailable,unavailable,unavailable,Normal,Natural Fire,0.9998,9994.1,0,Low,Stable
22.53171,82.93633,309.56,0.52,0.41,2026-04-23,1953,N20,VIIRS,n,2,298.06,1.59,N,0.0,unclassified,159,2,24124.3,25378.1,2.55,4.68,1.2497822032480523,0.6235,0.8,Natural Fire,unavailable,unavailable,unavailable,Normal,Natural Fire,0.9998,9496.8,0,Low,Stable
22.5832,82.50349,323.53,0.55,0.42,2026-04-23,1953,N20,VIIRS,n,2,294.74,4.61,N,0.0,unclassified,-1,0,13811.2,3770.0,,,,,,Natural Fire,unavailable,unavailable,unavailable,Normal,Natural Fire,0.9924,21904.6,0,Low,Stable
22.52795,82.93553,310.6,0.52,0.41,2026-04-23,1953,N20,VIIRS,n,2,299.21,1.59,N,0.0,unclassified,159,2,23813.8,25123.5,2.55,4.68,1.2497822032480523,0.6235,0.8,Natural Fire,unavailable,unavailable,unavailable,Normal,Natural Fire,0.9998,9587.6,0,Low,Stable
22.53547,82.93718,309.61,0.52,0.41,2026-04-23,1953,N20,VIIRS,n,2,296.75,2.38,N,0.0,unclassified,159,2,24442.4,25641.9,2.55,4.68,1.2497822032480523,0.9333,0.8,Natural Fire,unavailable,unavailable,unavailable,Normal,Natural Fire,0.9996,9419.2,0,Low,Stable
22.14796,82.72276,340.87,0.34,0.56,2026-04-24,705,N20,VIIRS,n,2,307.76,4.0,D,0.0,unclassified,167,1,4022.5,21386.6,3.815,4.0,0.2616295090390226,1.0485,0.0,Natural Fire,unavailable,unavailable,unavailable,Normal,Natural Fire,0.9995,12907.5,0,Low,Stable
22.59332,82.32057,336.43,0.35,0.57,2026-04-24,706,N20,VIIRS,l,2,309.87,2.2,D,0.0,unclassified,165,1,25157.4,14014.0,2.2,2.2,0.0,1.0,0.0,Natural Fire,unavailable,unavailable,unavailable,Normal,Natural Fire,0.9996,21990.1,0,Low,Stable
22.594,82.32372,337.53,0.35,0.57,2026-04-24,706,N20,VIIRS,l,2,309.17,2.2,D,0.0,unclassified,165,1,25006.2,13709.9,2.2,2.2,0.0,1.0,0.0,Natural Fire,unavailable,unavailable,unavailable,Normal,Natural Fire,0.9996,21972.1,0,Low,Stable
22.33032,82.57623,343.11,0.34,0.56,2026-04-24,706,N20,VIIRS,l,2,313.74,5.25,D,0.0,industrial_direct,3,71,0.0,7392.3,2.7918248175182483,11.59,1.9379155034462177,1.8805,0.8394160583941606,Industrial,unavailable,unavailable,unavailable,Normal,Industrial,0.9996,1339.8,5,High,Stable
22.33319,82.57513,338.05,0.34,0.56,2026-04-24,706,N20,VIIRS,l,2,311.76,2.31,D,2.0,industrial_direct,3,71,0.0,7055.8,2.7918248175182483,11.59,1.9379155034462177,0.8274,0.8394160583941606,Industrial,unavailable,unavailable,unavailable,Normal,Industrial,0.9999,1661.3,4,Medium,Stable
22.24075,82.38324,337.65,0.35,0.57,2026-04-24,706,N20,VIIRS,n,2,309.65,3.11,D,0.0,unclassified,156,3,11795.6,23701.7,2.6925,4.2,1.197173755141667,1.1551,0.75,Natural Fire,unavailable,unavailable,unavailable,Normal,Natural Fire,0.9997,9819.1,0,Low,Escalating
22.25006,82.45116,343.01,0.35,0.57,2026-04-24,706,N20,VIIRS,l,2,315.76,5.1,D,0.0,unclassified,-1,0,8601.8,18483.9,,,,,,Natural Fire,unavailable,unavailable,unavailable,Normal,Natural Fire,0.9998,7614.2,0,Low,Stable
22.16452,82.43629,336.09,0.35,0.57,2026-04-24,706,N20,VIIRS,n,2,303.7,2.47,D,0.0,unclassified,-1,0,14152.0,27572.2,,,,,,Natural Fire,unavailable,unavailable,unavailable,Normal,Natural Fire,0.9677,16394.6,0,Low,Stable
22.14637,82.72278,339.97,0.34,0.56,2026-04-24,706,N20,VIIRS,n,2,307.98,3.63,D,0.0,unclassified,167,1,3899.4,21504.5,3.815,4.0,0.2616295090390226,0.9515,0.0,Natural Fire,unavailable,unavailable,unavailable,Normal,Natural Fire,0.9995,12889.9,0,Low,Stable
22.52752,82.62453,367.0,0.34,0.56,2026-04-24,706,N20,VIIRS,h,2,313.9,5.96,D,0.0,unclassified,141,2,3740.0,14157.1,3.475,5.96,3.514320702497141,1.7151,0.0,Natural Fire,unavailable,unavailable,unavailable,Normal,Natural Fire,0.9997,13096.6,0,Low,Escalating
22.33605,82.64864,305.8,0.35,0.57,2026-04-24,1934,N20,VIIRS,n,2,294.52,0.95,N,0.0,industrial_direct,-1,0,0.0,11997.8,,,,,,Unknown,unavailable,unavailable,unavailable,Normal,Unknown,0.9993,176.1,6,High,Stable
22.44842,82.90914,314.38,0.34,0.56,2026-04-24,1934,N20,VIIRS,n,2,293.9,2.56,N,0.0,unclassified,166,1,17411.2,18962.0,2.095,2.56,0.6576093065034891,1.222,1.0,Natural Fire,unavailable,unavailable,unavailable,Normal,Natural Fire,0.9999,15361.8,0,Low,Stable
22.44875,82.90578,304.58,0.34,0.56,2026-04-24,1934,N20,VIIRS,n,2,291.26,1.63,N,0.0,unclassified,166,1,17091.1,18942.9,2.095,2.56,0.6576093065034891,0.778,1.0,Natural Fire,unavailable,unavailable,unavailable,Normal,Natural Fire,0.9999,15618.5,0,Low,Stable
22.53322,82.94313,308.19,0.34,0.56,2026-04-24,1934,N20,VIIRS,n,2,294.48,2.65,N,0.0,unclassified,-1,0,24789.3,26080.5,,,,,,Natural Fire,unavailable,unavailable,unavailable,Normal,Natural Fire,0.9995,8799.1,0,Low,Stable
22.52747,82.97719,310.24,0.33,0.56,2026-04-24,1934,N20,VIIRS,n,2,296.63,2.53,N,0.0,unclassified,-1,0,27390.3,29036.9,,,,,,Natural Fire,unavailable,unavailable,unavailable,Normal,Natural Fire,0.9987,5312.4,0,Low,Stable
22.55577,82.79285,311.36,0.34,0.56,2026-04-24,1934,N20,VIIRS,n,2,294.7,2.49,N,0.0,unclassified,-1,0,17558.1,15992.3,,,,,,Natural Fire,unavailable,unavailable,unavailable,Normal,Natural Fire,0.9842,6257.2,0,Low,Stable
22.20223,82.50629,333.12,0.7,0.75,2026-04-25,647,N20,VIIRS,l,2,305.93,1.8,D,0.0,unclassified,168,1,9776.9,21348.1,2.105,2.41,0.4313351365237941,0.8551,0.0,Natural Fire,unavailable,unavailable,unavailable,Normal,Natural Fire,0.9999,10693.3,0,Low,Escalating
22.30255,82.54662,341.55,0.69,0.74,2026-04-25,647,N20,VIIRS,n,2,309.66,5.66,D,0.0,unclassified,169,1,1422.4,9828.9,5.375,5.66,0.4030508652763322,1.053,0.0,Natural Fire,unavailable,unavailable,unavailable,Normal,Natural Fire,0.9959,247.5,3,Medium,Stable
22.30044,82.54848,341.13,0.69,0.74,2026-04-25,647,N20,VIIRS,n,2,311.71,5.09,D,0.0,unclassified,169,1,1561.7,10064.0,5.375,5.66,0.4030508652763322,0.947,0.0,Natural Fire,unavailable,unavailable,unavailable,Normal,Natural Fire,0.9961,426.9,3,Medium,Stable
22.23021,82.48894,337.46,0.46,0.63,2026-04-25,827,N20,VIIRS,l,2,310.83,4.36,D,0.0,unclassified,121,2,7439.7,18807.4,4.315,4.36,0.051961524227066,1.0104,0.0,Natural Fire,unavailable,unavailable,unavailable,Normal,Natural Fire,0.9999,7735.7,0,Low,Stable
22.23124,82.49285,339.92,0.46,0.63,2026-04-25,827,N20,VIIRS,l,2,310.57,4.24,D,0.0,unclassified,121,2,7154.6,18574.9,4.315,4.36,0.051961524227066,0.9826,0.0,Natural Fire,unavailable,unavailable,unavailable,Normal,Natural Fire,0.9999,7555.5,0,Low,Stable
22.21835,82.48058,336.34,0.46,0.63,2026-04-25,827,N20,VIIRS,l,2,310.34,2.81,D,0.0,unclassified,-1,0,9005.4,20329.8,,,,,,Natural Fire,unavailable,unavailable,unavailable,Normal,Natural Fire,1.0,9209.3,0,Low,Stable
22.20118,82.41961,335.87,0.45,0.63,2026-04-25,827,N20,VIIRS,l,2,309.86,1.58,D,0.0,unclassified,-1,0,13941.8,24797.0,,,,,,Natural Fire,unavailable,unavailable,unavailable,Normal,Natural Fire,0.9996,13828.3,0,Low,Stable
22.20275,82.5044,340.16,0.46,0.63,2026-04-25,827,N20,VIIRS,n,2,310.1,2.41,D,0.0,unclassified,168,1,9760.5,21330.7,2.105,2.41,0.4313351365237941,1.1449,0.0,Natural Fire,unavailable,unavailable,unavailable,Normal,Natural Fire,0.9999,10632.1,0,Low,Escalating
22.12581,82.6973,343.89,0.47,0.64,2026-04-25,827,N20,VIIRS,n,2,315.35,5.59,D,0.0,industrial_nearby,-1,0,469.6,24980.1,,,,,,Unknown,unavailable,unavailable,unavailable,Normal,Unknown,0.9983,15524.2,3,Medium,Stable
22.31721,82.53931,338.74,0.46,0.64,2026-04-25,827,N20,VIIRS,l,2,309.08,5.88,D,2.0,industrial_nearby,1,98,74.8,8241.6,2.508492063492064,11.71,1.680059238942467,2.344,0.9232804232804231,Industrial,unavailable,unavailable,unavailable,Normal,Industrial,0.9993,107.5,6,High,Stable
22.33524,82.5527,308.72,0.45,0.63,2026-04-25,2055,N20,VIIRS,n,2,295.66,2.62,N,0.0,industrial_direct,4,61,0.0,6239.1,2.2546153846153847,13.9,1.6402420650106009,1.1621,0.8632478632478633,Industrial,unavailable,unavailable,unavailable,Normal,Industrial,0.9997,1715.6,4,Medium,Stable
22.33117,82.57,312.89,0.45,0.63,2026-04-25,2055,N20,VIIRS,n,2,295.2,2.44,N,2.0,industrial_direct,3,71,0.0,7070.5,2.7918248175182483,11.59,1.9379155034462177,0.874,0.8394160583941606,Industrial,unavailable,unavailable,unavailable,Normal,Industrial,0.9997,1569.9,4,Medium,Stable
22.32381,82.67365,306.73,0.46,0.63,2026-04-25,2055,N20,VIIRS,n,2,295.27,1.11,N,2.0,industrial_direct,28,16,0.0,12517.9,1.61,4.87,1.2244374458597422,0.6894,1.0,Industrial,unavailable,unavailable,unavailable,Normal,Industrial,0.9988,2975.8,4,Medium,Stable
22.33882,82.55518,311.65,0.45,0.63,2026-04-25,2055,N20,VIIRS,n,2,295.69,2.86,N,0.0,industrial_direct,4,61,0.0,5876.9,2.2546153846153847,13.9,1.6402420650106009,1.2685,0.8632478632478633,Industrial,unavailable,unavailable,unavailable,Normal,Industrial,0.9997,2182.8,4,Medium,Stable
22.31453,82.53099,314.06,0.45,0.63,2026-04-25,2055,N20,VIIRS,n,2,298.19,3.0,N,2.0,industrial_direct,1,98,0.0,8656.5,2.508492063492064,11.71,1.680059238942467,1.1959,0.9232804232804231,Industrial,unavailable,unavailable,unavailable,Normal,Industrial,0.9996,400.9,6,High,Stable
22.31919,82.53668,325.87,0.45,0.63,2026-04-25,2055,N20,VIIRS,n,2,298.13,3.0,N,2.0,industrial_direct,1,98,0.0,8053.8,2.508492063492064,11.71,1.680059238942467,1.1959,0.9232804232804231,Industrial,unavailable,unavailable,unavailable,Normal,Industrial,0.9995,326.6,6,High,Stable
22.36104,82.3021,307.09,0.43,0.62,2026-04-25,2055,N20,VIIRS,n,2,296.82,2.14,N,2.0,industrial_direct,2,96,0.0,25393.0,3.5459414225941424,26.78,3.275989787681158,0.6035,0.7489539748953975,Industrial,unavailable,unavailable,unavailable,Normal,Industrial,0.9995,7414.4,3,Medium,Stable
22.33578,82.57584,313.34,0.45,0.63,2026-04-25,2055,N20,VIIRS,n,2,296.89,2.44,N,2.0,industrial_direct,3,71,0.0,6825.3,2.7918248175182483,11.59,1.9379155034462177,0.874,0.8394160583941606,Industrial,unavailable,unavailable,unavailable,Normal,Industrial,0.9997,1944.7,4,Medium,Stable
22.32922,82.57109,320.25,0.45,0.63,2026-04-25,2055,N20,VIIRS,n,2,296.6,4.59,N,0.0,industrial_direct,3,71,0.0,7311.4,2.7918248175182483,11.59,1.9379155034462177,1.6441,0.8394160583941606,Industrial,unavailable,unavailable,unavailable,Normal,Industrial,0.9996,1327.0,5,High,Stable
22.31946,82.67071,304.39,0.45,0.63,2026-04-25,2055,N20,VIIRS,n,2,293.94,1.36,N,0.0,industrial_nearby,28,16,283.7,13073.7,1.61,4.87,1.2244374458597422,0.8447,1.0,Industrial,unavailable,unavailable,unavailable,Normal,Industrial,0.9974,2948.5,4,Medium,Stable
22.55455,82.783,331.92,0.48,0.48,2026-04-26,808,N20,VIIRS,n,2,305.81,2.19,D,0.0,unclassified,-1,0,17182.7,15388.4,,,,,,Natural Fire,unavailable,unavailable,unavailable,Normal,Natural Fire,0.9847,7058.4,0,Low,Stable
22.18194,82.40488,356.07,0.45,0.47,2026-04-26,808,N20,VIIRS,n,2,319.5,14.06,D,0.0,unclassified,170,1,11638.7,27408.4,10.4,14.06,5.176021638285528,1.3519,0.0,Natural Fire,unavailable,unavailable,unavailable,Normal,Natural Fire,0.9998,16441.4,0,Low,Stable
22.19853,82.51311,342.4,0.45,0.47,2026-04-26,808,N20,VIIRS,l,2,313.09,4.76,D,0.0,unclassified,171,1,10071.1,21626.3,4.76,4.76,0.0,1.0,0.0,Natural Fire,unavailable,unavailable,unavailable,Normal,Natural Fire,0.9996,11144.0,0,Low,Stable
22.18622,82.4043,342.26,0.45,0.47,2026-04-26,808,N20,VIIRS,l,2,316.39,6.74,D,0.0,unclassified,170,1,11780.0,27041.1,10.4,14.06,5.176021638285528,0.6481,0.0,Natural Fire,unavailable,unavailable,unavailable,Normal,Natural Fire,0.9997,16108.6,0,Low,Stable
22.20284,82.51258,346.15,0.45,0.47,2026-04-26,808,N20,VIIRS,n,2,313.35,4.76,D,0.0,unclassified,171,1,9604.5,21164.4,4.76,4.76,0.0,1.0,0.0,Natural Fire,unavailable,unavailable,unavailable,Normal,Natural Fire,0.9996,10663.8,0,Low,Stable
22.26152,82.43023,341.2,0.45,0.47,2026-04-26,808,N20,VIIRS,l,2,315.38,5.73,D,0.0,unclassified,172,1,8326.5,18726.6,6.065,6.4,0.4737615433949868,0.9448,0.0,Natural Fire,unavailable,unavailable,unavailable,Normal,Natural Fire,0.9999,8583.4,0,Low,Escalating
22.31734,82.53887,345.31,0.46,0.47,2026-04-26,808,N20,VIIRS,n,2,314.14,8.44,D,2.0,industrial_nearby,1,98,28.4,8231.6,2.508492063492064,11.71,1.680059238942467,3.3646,0.9232804232804231,Industrial,0.081,0.1971,-0.1659,Abnormal spike,Industrial,0.9994,140.0,9,Critical,Abnormal
22.33003,82.57352,343.8,0.46,0.47,2026-04-26,808,N20,VIIRS,l,2,314.95,5.8,D,2.0,industrial_direct,3,71,0.0,7314.9,2.7918248175182483,11.59,1.9379155034462177,2.0775,0.8394160583941606,Industrial,unavailable,unavailable,unavailable,Normal,Industrial,0.9995,1336.6,5,High,Stable
22.45642,82.39658,334.94,0.45,0.47,2026-04-26,808,N20,VIIRS,l,2,308.63,4.53,D,0.0,unclassified,-1,0,12213.4,13633.6,,,,,,Natural Fire,unavailable,unavailable,unavailable,Normal,Natural Fire,0.9999,6109.9,0,Low,Stable
22.2587,82.42992,345.29,0.45,0.47,2026-04-26,808,N20,VIIRS,n,2,315.43,6.4,D,0.0,unclassified,172,1,8639.7,18987.6,6.065,6.4,0.4737615433949868,1.0552,0.0,Natural Fire,unavailable,unavailable,unavailable,Normal,Natural Fire,0.9999,8765.6,0,Low,Escalating
22.33635,82.55432,329.74,0.45,0.47,2026-04-26,2037,N20,VIIRS,n,2,297.4,7.48,N,0.0,industrial_direct,4,61,0.0,6135.7,2.2546153846153847,13.9,1.6402420650106009,3.3176,0.8632478632478633,Industrial,unavailable,unavailable,unavailable,Abnormal spike,Industrial,0.9995,1896.5,7,Critical,Abnormal
22.33288,82.57168,317.15,0.45,0.47,2026-04-26,2037,N20,VIIRS,n,2,295.51,3.72,N,2.0,industrial_direct,3,71,0.0,6952.1,2.7918248175182483,11.59,1.9379155034462177,1.3325,0.8394160583941606,Industrial,unavailable,unavailable,unavailable,Normal,Industrial,0.9997,1688.8,4,Medium,Stable
22.32867,82.57066,317.84,0.45,0.47,2026-04-26,2037,N20,VIIRS,n,2,296.39,3.72,N,0.0,industrial_direct,3,71,0.0,7354.4,2.7918248175182483,11.59,1.9379155034462177,1.3325,0.8394160583941606,Industrial,unavailable,unavailable,unavailable,Normal,Industrial,0.9997,1290.4,5,High,Stable
22.32541,82.54293,308.36,0.45,0.47,2026-04-26,2037,N20,VIIRS,n,2,293.89,3.66,N,0.0,industrial_direct,1,98,0.0,7308.5,2.508492063492064,11.71,1.680059238942467,1.459,0.9232804232804231,Industrial,unavailable,unavailable,unavailable,Normal,Industrial,0.9997,486.6,6,High,Stable
22.14735,82.88164,309.45,0.47,0.48,2026-04-26,2037,N20,VIIRS,n,2,296.8,4.22,N,0.0,unclassified,-1,0,11794.4,14501.9,,,,,,Natural Fire,unavailable,unavailable,unavailable,Normal,Natural Fire,0.9999,3575.7,0,Low,Stable
22.31783,82.53679,311.56,0.45,0.47,2026-04-26,2037,N20,VIIRS,n,2,297.46,4.53,N,2.0,industrial_direct,1,98,0.0,8201.8,2.508492063492064,11.71,1.680059238942467,1.8059,0.9232804232804231,Industrial,unavailable,unavailable,unavailable,Normal,Industrial,0.9995,313.1,6,High,Stable
22.31447,82.53159,314.96,0.45,0.47,2026-04-26,2037,N20,VIIRS,n,2,298.05,4.14,N,2.0,industrial_direct,1,98,0.0,8651.6,2.508492063492064,11.71,1.680059238942467,1.6504,0.9232804232804231,Industrial,unavailable,unavailable,unavailable,Normal,Industrial,0.9995,345.5,6,High,Stable
22.31112,82.5264,308.88,0.45,0.47,2026-04-26,2037,N20,VIIRS,n,2,295.72,4.14,N,2.0,industrial_direct,1,98,0.0,9124.6,2.508492063492064,11.71,1.680059238942467,1.6504,0.9232804232804231,Industrial,unavailable,unavailable,unavailable,Normal,Industrial,0.9995,379.3,6,High,Stable
22.12635,82.75492,309.12,0.47,0.47,2026-04-26,2037,N20,VIIRS,n,2,296.41,5.35,N,0.0,unclassified,-1,0,6068.6,20946.8,,,,,,Natural Fire,unavailable,unavailable,unavailable,Normal,Natural Fire,0.9992,9602.1,0,Low,Stable
22.32204,82.53775,326.93,0.45,0.47,2026-04-26,2037,N20,VIIRS,n,2,298.26,4.53,N,0.0,industrial_direct,1,98,0.0,7727.0,2.508492063492064,11.71,1.680059238942467,1.8059,0.9232804232804231,Industrial,unavailable,unavailable,unavailable,Normal,Industrial,0.9997,413.2,6,High,Stable
22.32155,82.67258,307.29,0.46,0.47,2026-04-26,2037,N20,VIIRS,n,2,294.81,3.73,N,2.0,industrial_nearby,28,16,97.5,12790.6,1.61,4.87,1.2244374458597422,2.3168,1.0,Industrial,unavailable,unavailable,unavailable,Normal,Industrial,0.9866,2989.0,4,Medium,Stable
22.53805,82.8864,307.45,0.47,0.47,2026-04-26,2037,N20,VIIRS,n,2,293.43,1.55,N,0.0,unclassified,-1,0,20708.7,21270.4,,,,,,Natural Fire,unavailable,unavailable,unavailable,Normal,Natural Fire,0.9997,8544.1,0,Low,Stable
22.5371,82.37924,310.73,0.43,0.46,2026-04-26,2037,N20,VIIRS,n,2,296.04,3.17,N,0.0,unclassified,-1,0,16696.7,8500.2,,,,,,Natural Fire,unavailable,unavailable,unavailable,Normal,Natural Fire,0.9998,14849.6,0,Low,Stable
22.14664,82.90826,337.34,0.41,0.37,2026-04-27,749,N20,VIIRS,l,2,309.64,3.84,D,0.0,unclassified,173,1,13465.6,14928.2,3.84,3.84,0.0,1.0,0.0,Natural Fire,unavailable,unavailable,unavailable,Normal,Natural Fire,0.9996,6139.9,0,Low,Stable
22.11464,82.53248,340.88,0.4,0.37,2026-04-27,749,N20,VIIRS,l,2,313.25,6.29,D,0.0,unclassified,-1,0,16641.2,30670.3,,,,,,Natural Fire,unavailable,unavailable,unavailable,Normal,Natural Fire,0.9995,19680.4,0,Low,Stable
22.2257,82.85115,338.1,0.41,0.37,2026-04-27,749,N20,VIIRS,l,2,312.62,3.62,D,0.0,unclassified,174,1,3229.7,6366.9,3.775,3.93,0.2192031021678296,0.9589,0.0,Natural Fire,unavailable,unavailable,unavailable,Normal,Natural Fire,0.9992,9713.7,0,Low,Escalating
22.22514,82.84719,339.53,0.41,0.37,2026-04-27,749,N20,VIIRS,l,2,312.85,3.93,D,0.0,unclassified,174,1,2903.8,6595.0,3.775,3.93,0.2192031021678296,1.0411,0.0,Natural Fire,unavailable,unavailable,unavailable,Normal,Natural Fire,0.9996,9646.5,0,Low,Escalating
22.19936,82.66624,344.99,0.41,0.37,2026-04-27,749,N20,VIIRS,l,2,318.71,5.74,D,0.0,unclassified,-1,0,6074.1,23297.1,,,,,,Natural Fire,unavailable,unavailable,unavailable,Normal,Natural Fire,0.9996,12248.8,0,Low,Stable
22.31866,82.53938,342.33,0.4,0.37,2026-04-27,749,N20,VIIRS,l,2,315.78,8.38,D,2.0,industrial_nearby,1,98,21.5,8081.1,2.508492063492064,11.71,1.680059238942467,3.3407,0.9232804232804231,Industrial,unavailable,unavailable,unavailable,Abnormal spike,Industrial,0.9994,43.8,9,Critical,Abnormal
22.14607,82.90411,341.43,0.41,0.37,2026-04-27,749,N20,VIIRS,n,2,309.73,3.84,D,0.0,unclassified,173,1,13239.9,14905.5,3.84,3.84,0.0,1.0,0.0,Natural Fire,unavailable,unavailable,unavailable,Normal,Natural Fire,0.9971,5809.5,0,Low,Stable
22.33491,82.55666,347.06,0.4,0.37,2026-04-27,749,N20,VIIRS,l,2,317.78,13.9,D,0.0,industrial_direct,4,61,0.0,6328.2,2.2546153846153847,13.9,1.6402420650106009,6.1651,0.8632478632478633,Industrial,0.1397,0.2407,-0.2459,Abnormal spike,Industrial,0.9995,1852.7,7,Critical,Abnormal
22.36312,82.51213,341.95,0.4,0.37,2026-04-27,749,N20,VIIRS,l,2,316.04,12.19,D,0.0,unclassified,-1,0,2437.5,4741.2,,,,,,Natural Fire,unavailable,unavailable,unavailable,Normal,Natural Fire,0.9994,3155.6,0,Low,Stable
22.54226,82.88953,340.29,0.41,0.37,2026-04-27,749,N20,VIIRS,n,2,310.2,5.66,D,0.0,unclassified,-1,0,21268.3,21798.7,,,,,,Natural Fire,unavailable,unavailable,unavailable,Normal,Natural Fire,0.9984,8384.5,0,Low,Stable
22.33037,82.57345,353.33,0.4,0.37,2026-04-27,749,N20,VIIRS,n,2,317.24,11.52,D,2.0,industrial_direct,3,71,0.0,7277.2,2.7918248175182483,11.59,1.9379155034462177,4.1263,0.8394160583941606,Industrial,0.1452,0.2803,-0.25,Abnormal spike,Industrial,0.9994,1374.9,8,Critical,Abnormal
22.33027,82.5707,320.42,0.4,0.37,2026-04-27,2018,N20,VIIRS,n,2,296.61,2.69,N,0.0,industrial_direct,3,71,0.0,7188.4,2.7918248175182483,11.59,1.9379155034462177,0.9635,0.8394160583941606,Industrial,unavailable,unavailable,unavailable,Normal,Industrial,0.9997,1449.7,5,High,Stable
22.32961,82.57458,325.66,0.4,0.37,2026-04-27,2018,N20,VIIRS,n,2,298.37,2.69,N,2.0,industrial_direct,3,71,0.0,7398.6,2.7918248175182483,11.59,1.9379155034462177,0.9635,0.8394160583941606,Industrial,unavailable,unavailable,unavailable,Normal,Industrial,0.9997,1272.2,5,High,Stable
22.3248,82.54169,307.13,0.4,0.37,2026-04-27,2018,N20,VIIRS,n,2,295.34,1.3,N,0.0,industrial_direct,1,98,0.0,7383.9,2.508492063492064,11.71,1.680059238942467,0.5182,0.9232804232804231,Industrial,unavailable,unavailable,unavailable,Normal,Industrial,0.9999,458.2,6,High,Stable
22.32415,82.54554,310.16,0.4,0.37,2026-04-27,2018,N20,VIIRS,n,2,297.62,1.36,N,2.0,industrial_direct,1,98,0.0,7438.3,2.508492063492064,11.71,1.680059238942467,0.5422,0.9232804232804231,Industrial,unavailable,unavailable,unavailable,Normal,Industrial,0.9999,336.6,6,High,Stable
22.32349,82.5494,310.11,0.4,0.37,2026-04-27,2018,N20,VIIRS,n,2,296.95,1.36,N,2.0,industrial_nearby,1,98,42.4,7515.1,2.508492063492064,11.71,1.680059238942467,0.5422,0.9232804232804231,Industrial,unavailable,unavailable,unavailable,Normal,Industrial,0.9999,385.8,6,High,Stable
22.32022,82.5687,313.04,0.4,0.37,2026-04-27,2018,N20,VIIRS,n,2,299.69,2.91,N,0.0,industrial_direct,1,98,0.0,8188.8,2.508492063492064,11.71,1.680059238942467,1.1601,0.9232804232804231,Industrial,unavailable,unavailable,unavailable,Normal,Industrial,0.9996,742.3,5,High,Stable
22.32754,82.51517,306.02,0.4,0.37,2026-04-27,2018,N20,VIIRS,n,2,294.64,1.56,N,0.0,industrial_direct,66,7,0.0,7776.0,1.997142857142857,4.37,1.3002911761821438,0.7811,1.0,Unknown,unavailable,unavailable,unavailable,Normal,Unknown,0.7982,1485.8,5,High,Stable
22.31853,82.56921,312.34,0.4,0.37,2026-04-27,2018,N20,VIIRS,n,2,298.68,2.51,N,0.0,industrial_direct,1,98,0.0,8383.1,2.508492063492064,11.71,1.680059238942467,1.0006,0.9232804232804231,Industrial,unavailable,unavailable,unavailable,Normal,Industrial,0.9996,549.0,5,High,Stable
22.32033,82.53767,329.96,0.4,0.37,2026-04-27,2018,N20,VIIRS,n,2,297.86,2.59,N,0.0,industrial_direct,1,98,0.0,7916.0,2.508492063492064,11.71,1.680059238942467,1.0325,0.9232804232804231,Industrial,unavailable,unavailable,unavailable,Normal,Industrial,0.9997,285.8,6,High,Stable
22.3171,82.55698,310.09,0.4,0.37,2026-04-27,2018,N20,VIIRS,n,2,296.77,1.96,N,2.0,industrial_direct,1,98,0.0,8284.7,2.508492063492064,11.71,1.680059238942467,0.7813,0.9232804232804231,Industrial,unavailable,unavailable,unavailable,Normal,Industrial,0.9998,620.1,5,High,Stable
22.33297,82.57523,318.76,0.4,0.37,2026-04-27,2018,N20,VIIRS,n,2,297.76,2.09,N,2.0,industrial_direct,3,71,0.0,7082.2,2.7918248175182483,11.59,1.9379155034462177,0.7486,0.8394160583941606,Industrial,unavailable,unavailable,unavailable,Normal,Industrial,0.9999,1636.3,4,Medium,Stable
22.31684,82.51709,307.97,0.4,0.37,2026-04-27,2018,N20,VIIRS,n,2,296.63,1.58,N,2.0,industrial_direct,1,98,0.0,8795.2,2.508492063492064,11.71,1.680059238942467,0.6299,0.9232804232804231,Industrial,unavailable,unavailable,unavailable,Normal,Industrial,0.9999,420.3,6,High,Stable
22.31427,82.53252,313.55,0.4,0.37,2026-04-27,2018,N20,VIIRS,n,2,297.01,3.6,N,2.0,industrial_nearby,1,98,4.2,8656.6,2.508492063492064,11.71,1.680059238942467,1.4351,0.9232804232804231,Industrial,unavailable,unavailable,unavailable,Normal,Industrial,0.999,257.4,6,High,Stable
22.31156,82.52801,309.1,0.4,0.37,2026-04-27,2018,N20,VIIRS,n,2,296.51,1.75,N,2.0,industrial_nearby,1,98,23.6,9040.3,2.508492063492064,11.71,1.680059238942467,0.6976,0.9232804232804231,Industrial,unavailable,unavailable,unavailable,Normal,Industrial,0.9999,410.5,6,High,Stable
22.32304,82.54218,309.64,0.4,0.37,2026-04-27,2018,N20,VIIRS,n,2,296.07,2.59,N,0.0,industrial_direct,1,98,0.0,7574.9,2.508492063492064,11.71,1.680059238942467,1.0325,0.9232804232804231,Industrial,unavailable,unavailable,unavailable,Normal,Industrial,0.9997,257.6,6,High,Stable
22.31697,82.53703,311.57,0.4,0.37,2026-04-27,2018,N20,VIIRS,n,2,297.65,1.79,N,2.0,industrial_direct,1,98,0.0,8293.2,2.508492063492064,11.71,1.680059238942467,0.7136,0.9232804232804231,Industrial,unavailable,unavailable,unavailable,Normal,Industrial,0.9999,268.9,6,High,Stable
22.3369,82.55199,313.28,0.4,0.37,2026-04-27,2018,N20,VIIRS,n,2,296.57,3.3,N,0.0,industrial_direct,4,61,0.0,6049.3,2.2546153846153847,13.9,1.6402420650106009,1.4637,0.8632478632478633,Industrial,unavailable,unavailable,unavailable,Normal,Industrial,0.9997,1859.3,4,Medium,Stable
22.31989,82.67271,306.35,0.4,0.37,2026-04-27,2018,N20,VIIRS,n,2,295.34,3.7,N,0.0,industrial_nearby,28,16,280.0,12959.5,1.61,4.87,1.2244374458597422,2.2981,1.0,Industrial,unavailable,unavailable,unavailable,Normal,Industrial,0.9874,3094.1,3,Medium,Stable
22.33625,82.55585,339.34,0.4,0.37,2026-04-27,2018,N20,VIIRS,n,2,300.07,4.8,N,0.0,industrial_direct,4,61,0.0,6168.6,2.2546153846153847,13.9,1.6402420650106009,2.129,0.8632478632478633,Industrial,unavailable,unavailable,unavailable,Normal,Industrial,0.9997,1947.0,4,Medium,Stable
22.54125,82.37566,317.46,0.4,0.37,2026-04-27,2018,N20,VIIRS,n,2,297.4,3.13,N,0.0,unclassified,-1,0,17256.2,8675.3,,,,,,Natural Fire,unavailable,unavailable,unavailable,Normal,Natural Fire,0.9998,15319.5,0,Low,Stable
22.33803,82.66823,307.72,0.4,0.37,2026-04-27,2018,N20,VIIRS,n,2,296.23,2.99,N,0.0,industrial_direct,117,8,0.0,11270.0,2.413,6.07,2.0614991847897706,1.2391,0.8,Unknown,unavailable,unavailable,unavailable,Normal,Unknown,0.9997,2191.4,4,Medium,Stable
22.33632,82.57589,321.49,0.4,0.37,2026-04-27,2018,N20,VIIRS,n,2,297.65,2.09,N,2.0,industrial_direct,3,71,0.0,6773.6,2.7918248175182483,11.59,1.9379155034462177,0.7486,0.8394160583941606,Industrial,unavailable,unavailable,unavailable,Normal,Industrial,0.9999,2004.4,4,Medium,Stable
22.33109,82.60679,321.35,0.4,0.37,2026-04-27,2018,N20,VIIRS,n,2,298.42,2.25,N,2.0,industrial_direct,5,73,0.0,9057.8,2.765913043478261,15.28,2.376793836187871,0.8135,0.8260869565217391,Industrial,unavailable,unavailable,unavailable,Normal,Industrial,0.9994,317.6,6,High,Stable
22.33668,82.669,341.82,0.44,0.39,2026-04-28,731,N20,VIIRS,l,2,313.0,6.07,D,0.0,industrial_direct,117,8,0.0,11373.0,2.413,6.07,2.0614991847897706,2.5155,0.8,Unknown,unavailable,unavailable,unavailable,Abnormal spike,Unknown,0.9996,2251.8,7,Critical,Abnormal
22.41603,82.73192,340.44,0.44,0.38,2026-04-28,731,N20,VIIRS,l,2,311.87,3.38,D,0.0,unclassified,-1,0,1483.6,2384.2,,,,,,Natural Fire,unavailable,unavailable,unavailable,Normal,Natural Fire,0.9975,6090.9,0,Low,Stable
22.33514,82.55495,346.47,0.45,0.39,2026-04-28,731,N20,VIIRS,l,2,317.48,7.59,D,0.0,industrial_direct,4,61,0.0,6277.0,2.2546153846153847,13.9,1.6402420650106009,3.3664,0.8632478632478633,Industrial,unavailable,unavailable,unavailable,Abnormal spike,Industrial,0.9995,1796.8,7,Critical,Abnormal
22.33104,82.57333,348.39,0.45,0.39,2026-04-28,731,N20,VIIRS,l,2,316.04,7.4,D,2.0,industrial_direct,3,71,0.0,7203.7,2.7918248175182483,11.59,1.9379155034462177,2.6506,0.8394160583941606,Industrial,unavailable,unavailable,unavailable,Abnormal spike,Industrial,0.9994,1450.1,8,Critical,Abnormal
22.33595,82.66477,340.77,0.44,0.39,2026-04-28,731,N20,VIIRS,l,2,313.63,6.07,D,0.0,industrial_direct,117,8,0.0,11631.2,2.413,6.07,2.0614991847897706,2.5155,0.8,Unknown,unavailable,unavailable,unavailable,Abnormal spike,Unknown,0.9996,1810.6,7,Critical,Abnormal
22.30469,82.78307,342.64,0.44,0.38,2026-04-28,731,N20,VIIRS,l,2,313.82,5.41,D,0.0,unclassified,-1,0,1185.4,9949.9,,,,,,Natural Fire,unavailable,unavailable,unavailable,Normal,Natural Fire,0.9969,454.3,3,Medium,Stable
22.25265,82.49868,342.69,0.45,0.39,2026-04-28,731,N20,VIIRS,l,2,317.14,6.35,D,0.0,unclassified,-1,0,4785.0,16133.6,,,,,,Natural Fire,unavailable,unavailable,unavailable,Normal,Natural Fire,0.9991,5129.5,0,Low,Stable
22.10823,82.52634,343.76,0.45,0.39,2026-04-28,731,N20,VIIRS,l,2,316.56,8.03,D,0.0,unclassified,-1,0,17285.1,31415.3,,,,,,Natural Fire,unavailable,unavailable,unavailable,Normal,Natural Fire,0.9992,20510.3,0,Low,Stable
22.32899,82.57298,319.3,0.45,0.39,2026-04-28,1959,N20,VIIRS,n,2,297.39,3.97,N,2.0,industrial_direct,3,71,0.0,7402.2,2.7918248175182483,11.59,1.9379155034462177,1.422,0.8394160583941606,Industrial,unavailable,unavailable,unavailable,Normal,Industrial,0.9997,1237.9,5,High,Stable
22.35833,82.30251,308.72,0.46,0.39,2026-04-28,1959,N20,VIIRS,n,2,296.15,4.07,N,2.0,industrial_direct,2,96,0.0,25393.8,3.5459414225941424,26.78,3.275989787681158,1.1478,0.7489539748953975,Industrial,unavailable,unavailable,unavailable,Normal,Industrial,0.9988,7457.1,3,Medium,Stable
22.32603,82.51459,313.3,0.45,0.39,2026-04-28,1959,N20,VIIRS,n,2,298.49,4.37,N,0.0,industrial_direct,66,7,0.0,7952.9,1.997142857142857,4.37,1.3002911761821438,2.1881,1.0,Unknown,unavailable,unavailable,unavailable,Normal,Unknown,0.9923,1311.0,5,High,Stable
22.3189,82.54025,319.39,0.45,0.39,2026-04-28,1959,N20,VIIRS,n,2,298.72,4.55,N,0.0,industrial_nearby,1,98,115.0,8046.7,2.508492063492064,11.71,1.680059238942467,1.8138,0.9232804232804231,Industrial,unavailable,unavailable,unavailable,Normal,Industrial,0.9994,0.0,6,High,Stable
22.31653,82.55772,314.17,0.45,0.39,2026-04-28,1959,N20,VIIRS,n,2,299.73,5.06,N,2.0,industrial_direct,1,98,0.0,8357.3,2.508492063492064,11.71,1.680059238942467,2.0171,0.9232804232804231,Industrial,unavailable,unavailable,unavailable,Normal,Industrial,0.9994,650.5,5,High,Stable
22.31727,82.53375,317.32,0.45,0.39,2026-04-28,1959,N20,VIIRS,n,2,302.12,5.66,N,2.0,industrial_direct,1,98,0.0,8308.1,2.508492063492064,11.71,1.680059238942467,2.2563,0.9232804232804231,Industrial,unavailable,unavailable,unavailable,Normal,Industrial,0.9993,513.7,5,High,Stable
22.31616,82.5157,314.07,0.45,0.39,2026-04-28,1959,N20,VIIRS,n,2,299.39,5.16,N,2.0,industrial_direct,1,98,0.0,8916.2,2.508492063492064,11.71,1.680059238942467,2.057,0.9232804232804231,Industrial,unavailable,unavailable,unavailable,Normal,Industrial,0.9994,307.2,6,High,Stable
22.31474,82.51722,315.42,0.45,0.39,2026-04-28,1959,N20,VIIRS,n,2,299.93,4.62,N,2.0,industrial_direct,1,98,0.0,9009.1,2.508492063492064,11.71,1.680059238942467,1.8417,0.9232804232804231,Industrial,unavailable,unavailable,unavailable,Normal,Industrial,0.9995,232.3,6,High,Stable
22.31358,82.55992,311.37,0.45,0.39,2026-04-28,1959,N20,VIIRS,n,2,295.67,3.4,N,2.0,industrial_nearby,1,98,132.1,8713.4,2.508492063492064,11.71,1.680059238942467,1.3554,0.9232804232804231,Industrial,unavailable,unavailable,unavailable,Normal,Industrial,0.9995,559.4,5,High,Stable
22.33552,82.55187,319.78,0.45,0.39,2026-04-28,1959,N20,VIIRS,n,2,299.37,3.6,N,0.0,industrial_nearby,4,61,18.7,6200.5,2.2546153846153847,13.9,1.6402420650106009,1.5967,0.8632478632478633,Industrial,unavailable,unavailable,unavailable,Normal,Industrial,0.9993,1711.7,4,Medium,Stable
22.31594,82.5353,313.65,0.45,0.39,2026-04-28,1959,N20,VIIRS,n,2,299.96,6.03,N,2.0,industrial_direct,1,98,0.0,8429.6,2.508492063492064,11.71,1.680059238942467,2.4038,0.9232804232804231,Industrial,unavailable,unavailable,unavailable,Normal,Industrial,0.9991,370.8,6,High,Stable
22.33255,82.57355,330.88,0.45,0.39,2026-04-28,1959,N20,VIIRS,n,2,300.49,3.97,N,2.0,industrial_direct,3,71,0.0,7057.2,2.7918248175182483,11.59,1.9379155034462177,1.422,0.8394160583941606,Industrial,unavailable,unavailable,unavailable,Normal,Industrial,0.9997,1610.1,4,Medium,Stable
22.33193,82.60461,315.56,0.45,0.39,2026-04-28,1959,N20,VIIRS,n,2,295.13,4.05,N,2.0,industrial_nearby,5,73,93.2,8838.3,2.765913043478261,15.28,2.376793836187871,1.4643,0.8260869565217391,Industrial,unavailable,unavailable,unavailable,Normal,Industrial,0.9988,556.3,5,High,Stable
22.33611,82.57411,315.55,0.45,0.39,2026-04-28,1959,N20,VIIRS,n,2,298.82,4.52,N,2.0,industrial_direct,3,71,0.0,6717.6,2.7918248175182483,11.59,1.9379155034462177,1.619,0.8394160583941606,Industrial,unavailable,unavailable,unavailable,Normal,Industrial,0.9996,1992.6,4,Medium,Stable
22.53247,82.38551,314.19,0.46,0.39,2026-04-28,1959,N20,VIIRS,n,2,298.13,2.87,N,0.0,unclassified,-1,0,15877.1,8142.9,,,,,,Natural Fire,unavailable,unavailable,unavailable,Normal,Natural Fire,0.9998,14340.2,0,Low,Stable
22.33492,82.55624,324.65,0.45,0.39,2026-04-28,1959,N20,VIIRS,n,2,300.7,3.6,N,0.0,industrial_direct,4,61,0.0,6320.3,2.2546153846153847,13.9,1.6402420650106009,1.5967,0.8632478632478633,Industrial,unavailable,unavailable,unavailable,Normal,Industrial,0.9993,1833.0,4,Medium,Stable
22.51509,82.79518,332.8,0.52,0.5,2026-04-29,712,N20,VIIRS,l,2,306.13,2.02,D,0.0,unclassified,175,1,13358.9,12462.4,3.3200000000000003,4.62,1.8384776310850235,0.6084,0.0,Natural Fire,unavailable,unavailable,unavailable,Normal,Natural Fire,0.9996,9995.3,0,Low,Escalating
22.51401,82.79283,340.71,0.53,0.5,2026-04-29,712,N20,VIIRS,n,2,307.92,4.62,D,0.0,unclassified,175,1,13159.7,12213.0,3.3200000000000003,4.62,1.8384776310850235,1.3916,0.0,Natural Fire,unavailable,unavailable,unavailable,Normal,Natural Fire,0.9978,10201.9,0,Low,Escalating
22.12327,82.78873,335.96,0.53,0.5,2026-04-29,712,N20,VIIRS,l,2,310.66,2.28,D,0.0,unclassified,-1,0,9490.1,19384.0,,,,,,Natural Fire,unavailable,unavailable,unavailable,Normal,Natural Fire,0.9999,6227.4,0,Low,Stable
22.12978,82.84418,339.66,0.53,0.5,2026-04-29,712,N20,VIIRS,l,2,310.77,5.13,D,0.0,unclassified,7,2,12277.1,16770.5,5.065,5.98,0.6865614806167518,1.0128,0.0,Natural Fire,unavailable,unavailable,unavailable,Normal,Natural Fire,0.9998,837.9,2,Low,Escalating
22.40005,82.72228,336.79,0.53,0.5,2026-04-29,712,N20,VIIRS,l,2,310.73,6.84,D,0.0,industrial_nearby,-1,0,271.9,3452.0,,,,,,Unknown,unavailable,unavailable,unavailable,Normal,Unknown,0.9997,4304.5,3,Medium,Stable
22.55107,82.68407,313.6,0.55,0.51,2026-04-29,1940,N20,VIIRS,n,2,295.02,8.74,N,0.0,unclassified,94,5,9021.7,13680.0,2.9922222222222223,8.74,2.504534776050124,2.9209,0.6666666666666666,Natural Fire,unavailable,unavailable,unavailable,Abnormal spike,Natural Fire,0.9997,16177.8,3,Medium,Abnormal
22.33332,82.57266,305.4,0.57,0.69,2026-04-30,1921,N20,VIIRS,n,2,286.66,3.66,N,2.0,industrial_direct,3,71,0.0,6943.7,2.7918248175182483,11.59,1.9379155034462177,1.311,0.8394160583941606,Industrial,unavailable,unavailable,unavailable,Normal,Industrial,0.9997,1711.4,4,Medium,Stable
22.33498,82.60632,303.31,0.56,0.69,2026-04-30,1921,N20,VIIRS,n,2,285.01,4.25,N,0.0,industrial_direct,5,73,0.0,8705.1,2.765913043478261,15.28,2.376793836187871,1.5366,0.8260869565217391,Industrial,unavailable,unavailable,unavailable,Normal,Industrial,0.999,640.0,5,High,Stable
22.33141,82.57216,307.37,0.57,0.69,2026-04-30,1921,N20,VIIRS,n,2,286.83,3.47,N,2.0,industrial_direct,3,71,0.0,7121.7,2.7918248175182483,11.59,1.9379155034462177,1.2429,0.8394160583941606,Industrial,unavailable,unavailable,unavailable,Normal,Industrial,0.9997,1518.7,4,Medium,Stable
22.3317,82.6891,307.01,0.57,0.52,2026-05-01,2043,N20,VIIRS,n,2,292.99,2.01,N,0.0,industrial_nearby,176,3,229.9,11227.2,1.67,2.3,0.85246700815926,1.2036,0.6666666666666666,Unknown,unavailable,unavailable,unavailable,Normal,Unknown,1.0,3403.1,3,Medium,Stable
22.33548,82.57702,306.51,0.56,0.52,2026-05-01,2043,N20,VIIRS,n,2,294.22,1.59,N,2.0,industrial_direct,3,71,0.0,6908.0,2.7918248175182483,11.59,1.9379155034462177,0.5695,0.8394160583941606,Industrial,unavailable,unavailable,unavailable,Normal,Industrial,0.9999,1913.0,4,Medium,Stable
22.33195,82.57051,328.48,0.56,0.52,2026-05-01,2043,N20,VIIRS,n,2,294.2,4.24,N,2.0,industrial_direct,3,71,0.0,7006.6,2.7918248175182483,11.59,1.9379155034462177,1.5187,0.8394160583941606,Industrial,unavailable,unavailable,unavailable,Normal,Industrial,0.9997,1629.5,4,Medium,Stable
22.33536,82.55423,312.44,0.56,0.51,2026-05-01,2043,N20,VIIRS,n,2,294.52,2.73,N,0.0,industrial_direct,4,61,0.0,6243.3,2.2546153846153847,13.9,1.6402420650106009,1.2108,0.8632478632478633,Industrial,unavailable,unavailable,unavailable,Normal,Industrial,0.9997,1790.8,4,Medium,Stable
22.31902,82.53919,310.48,0.56,0.51,2026-05-01,2043,N20,VIIRS,n,2,294.18,2.11,N,2.0,industrial_nearby,1,98,13.2,8043.3,2.508492063492064,11.71,1.680059238942467,0.8411,0.9232804232804231,Industrial,unavailable,unavailable,unavailable,Normal,Industrial,0.9998,77.0,6,High,Stable
22.31549,82.53279,311.86,0.56,0.51,2026-05-01,2043,N20,VIIRS,n,2,294.69,4.48,N,2.0,industrial_direct,1,98,0.0,8518.8,2.508492063492064,11.71,1.680059238942467,1.7859,0.9232804232804231,Industrial,unavailable,unavailable,unavailable,Normal,Industrial,0.9995,350.8,6,High,Stable
22.35897,82.30267,309.47,0.54,0.51,2026-05-01,2043,N20,VIIRS,n,2,294.5,2.04,N,2.0,industrial_direct,2,96,0.0,25367.1,3.5459414225941424,26.78,3.275989787681158,0.5753,0.7489539748953975,Industrial,unavailable,unavailable,unavailable,Normal,Industrial,0.9995,7420.6,3,Medium,Stable
22.3307,82.57433,344.06,0.46,0.39,2026-05-02,756,N20,VIIRS,n,2,308.95,6.01,D,2.0,industrial_direct,3,71,0.0,7277.2,2.7918248175182483,11.59,1.9379155034462177,2.1527,0.8394160583941606,Industrial,unavailable,unavailable,unavailable,Normal,Industrial,0.9995,1395.3,5,High,Stable
22.32887,82.57426,344.1,0.46,0.39,2026-05-02,756,N20,VIIRS,n,2,308.62,5.32,D,2.0,industrial_direct,3,71,0.0,7462.4,2.7918248175182483,11.59,1.9379155034462177,1.9056,0.8394160583941606,Industrial,unavailable,unavailable,unavailable,Normal,Industrial,0.9996,1196.1,5,High,Stable
22.33555,82.55534,336.58,0.46,0.39,2026-05-02,756,N20,VIIRS,l,2,309.55,4.14,D,0.0,industrial_direct,4,61,0.0,6237.6,2.2546153846153847,13.9,1.6402420650106009,1.8362,0.8632478632478633,Industrial,unavailable,unavailable,unavailable,Normal,Industrial,0.9997,1854.7,4,Medium,Stable
22.32648,82.69308,335.23,0.46,0.39,2026-05-02,756,N20,VIIRS,l,2,307.38,2.3,D,0.0,industrial_nearby,176,3,509.4,11706.9,1.67,2.3,0.85246700815926,1.3772,0.6666666666666666,Unknown,unavailable,unavailable,unavailable,Normal,Unknown,1.0,3527.0,3,Medium,Stable
22.29867,82.76157,339.45,0.47,0.4,2026-05-02,756,N20,VIIRS,n,2,309.42,6.06,D,0.0,unclassified,-1,0,1896.0,11953.7,,,,,,Natural Fire,unavailable,unavailable,unavailable,Normal,Natural Fire,0.9976,989.2,2,Low,Stable
22.32048,82.53926,336.7,0.46,0.39,2026-05-02,756,N20,VIIRS,l,2,306.75,4.09,D,0.0,industrial_direct,1,98,0.0,7881.7,2.508492063492064,11.71,1.680059238942467,1.6305,0.9232804232804231,Industrial,unavailable,unavailable,unavailable,Normal,Industrial,0.9997,182.6,6,High,Stable
22.32998,82.5743,348.99,0.4,0.37,2026-05-03,737,N20,VIIRS,n,2,314.41,5.95,D,2.0,industrial_direct,3,71,0.0,7349.8,2.7918248175182483,11.59,1.9379155034462177,2.1312,0.8394160583941606,Industrial,unavailable,unavailable,unavailable,Normal,Industrial,0.9993,1316.8,5,High,Stable
22.24439,82.76257,345.65,0.4,0.37,2026-05-03,737,N20,VIIRS,l,2,314.19,7.17,D,0.0,unclassified,120,2,3015.2,12250.8,6.955,7.17,0.3040559159102152,1.0309,0.0,Natural Fire,unavailable,unavailable,unavailable,Normal,Natural Fire,0.9999,6513.6,0,Low,Escalating
22.31444,82.5174,312.16,0.4,0.37,2026-05-03,2005,N20,VIIRS,n,2,295.93,3.93,N,2.0,industrial_direct,1,98,0.0,9034.1,2.508492063492064,11.71,1.680059238942467,1.5667,0.9232804232804231,Industrial,unavailable,unavailable,unavailable,Normal,Industrial,0.9996,226.5,6,High,Stable
22.31552,82.53346,314.7,0.4,0.37,2026-05-03,2005,N20,VIIRS,n,2,295.95,2.03,N,2.0,industrial_direct,1,98,0.0,8504.1,2.508492063492064,11.71,1.680059238942467,0.8093,0.9232804232804231,Industrial,unavailable,unavailable,unavailable,Normal,Industrial,0.9998,328.8,6,High,Stable
22.31602,82.55338,313.82,0.4,0.37,2026-05-03,2005,N20,VIIRS,n,2,294.72,3.78,N,0.0,industrial_nearby,1,98,119.5,8365.1,2.508492063492064,11.71,1.680059238942467,1.5069,0.9232804232804231,Industrial,unavailable,unavailable,unavailable,Normal,Industrial,0.9996,232.3,6,High,Stable
22.31831,82.53791,306.97,0.4,0.37,2026-05-03,2005,N20,VIIRS,n,2,294.29,2.03,N,2.0,industrial_direct,1,98,0.0,8135.3,2.508492063492064,11.71,1.680059238942467,0.8093,0.9232804232804231,Industrial,unavailable,unavailable,unavailable,Normal,Industrial,0.9998,190.5,6,High,Stable
22.32167,82.53849,304.54,0.4,0.37,2026-05-03,2005,N20,VIIRS,n,2,290.54,3.02,N,0.0,industrial_direct,1,98,0.0,7758.9,2.508492063492064,11.71,1.680059238942467,1.2039,0.9232804232804231,Industrial,unavailable,unavailable,unavailable,Normal,Industrial,0.9998,336.2,6,High,Stable
22.32511,82.51526,307.59,0.4,0.37,2026-05-03,2005,N20,VIIRS,n,2,295.22,3.2,N,0.0,industrial_direct,66,7,0.0,8017.4,1.997142857142857,4.37,1.3002911761821438,1.6023,1.0,Unknown,unavailable,unavailable,unavailable,Normal,Unknown,0.9949,1223.8,5,High,Stable
22.35605,82.30468,309.7,0.41,0.37,2026-05-03,2005,N20,VIIRS,n,2,296.87,1.66,N,2.0,industrial_direct,2,96,0.0,25211.6,3.5459414225941424,26.78,3.275989787681158,0.4681,0.7489539748953975,Industrial,unavailable,unavailable,unavailable,Normal,Industrial,0.9996,7203.9,3,Medium,Stable
22.31931,82.57772,312.75,0.4,0.37,2026-05-03,2005,N20,VIIRS,n,2,294.44,3.98,N,0.0,industrial_direct,11,23,0.0,8577.9,1.7126666666666666,4.45,0.9003713154844096,2.3239,1.0,Industrial,unavailable,unavailable,unavailable,Normal,Industrial,0.9959,136.4,6,High,Stable
22.31545,82.55725,312.79,0.4,0.37,2026-05-03,2005,N20,VIIRS,n,2,295.35,4.06,N,2.0,industrial_direct,1,98,0.0,8469.5,2.508492063492064,11.71,1.680059238942467,1.6185,0.9232804232804231,Industrial,unavailable,unavailable,unavailable,Normal,Industrial,0.9995,554.2,5,High,Stable
22.35944,82.30526,312.92,0.41,0.37,2026-05-03,2005,N20,VIIRS,n,2,296.65,1.66,N,2.0,industrial_direct,2,96,0.0,25095.6,3.5459414225941424,26.78,3.275989787681158,0.4681,0.7489539748953975,Industrial,unavailable,unavailable,unavailable,Normal,Industrial,0.9996,7150.2,3,Medium,Stable
22.33055,82.57167,327.03,0.4,0.37,2026-05-03,2005,N20,VIIRS,n,2,289.99,4.19,N,0.0,industrial_direct,3,71,0.0,7193.1,2.7918248175182483,11.59,1.9379155034462177,1.5008,0.8394160583941606,Industrial,unavailable,unavailable,unavailable,Normal,Industrial,0.9997,1442.9,5,High,Stable
22.33619,82.55686,312.56,0.4,0.37,2026-05-03,2005,N20,VIIRS,n,2,293.67,2.31,N,0.0,industrial_direct,4,61,0.0,6191.8,2.2546153846153847,13.9,1.6402420650106009,1.0246,0.8632478632478633,Industrial,unavailable,unavailable,unavailable,Normal,Industrial,0.9997,1987.2,4,Medium,Stable
22.33677,82.55299,310.59,0.4,0.37,2026-05-03,2005,N20,VIIRS,n,2,294.65,2.31,N,0.0,industrial_direct,4,61,0.0,6073.6,2.2546153846153847,13.9,1.6402420650106009,1.0246,0.8632478632478633,Industrial,unavailable,unavailable,unavailable,Normal,Industrial,0.9997,1883.0,4,Medium,Stable
22.31712,82.73103,310.06,0.4,0.37,2026-05-03,2005,N20,VIIRS,n,2,295.93,1.35,N,0.0,industrial_direct,177,3,0.0,12654.7,1.2133333333333334,1.35,0.1457166199626293,1.1126,1.0,Unknown,unavailable,unavailable,unavailable,Normal,Unknown,0.9997,3873.7,3,Medium,Stable
22.32046,82.57,313.62,0.4,0.37,2026-05-03,2005,N20,VIIRS,n,2,296.27,4.07,N,0.0,industrial_direct,1,98,0.0,8200.0,2.508492063492064,11.71,1.680059238942467,1.6225,0.9232804232804231,Industrial,unavailable,unavailable,unavailable,Normal,Industrial,0.9995,685.2,5,High,Stable
22.13901,82.73386,334.83,0.43,0.46,2026-05-04,718,N20,VIIRS,n,2,300.53,1.23,D,0.0,unclassified,-1,0,4360.2,21266.4,,,,,,Natural Fire,unavailable,unavailable,unavailable,Normal,Natural Fire,0.9999,11706.4,0,Low,Stable
22.31707,82.51622,307.13,0.45,0.47,2026-05-04,1946,N20,VIIRS,n,2,293.85,1.49,N,2.0,industrial_direct,1,98,0.0,8803.0,2.508492063492064,11.71,1.680059238942467,0.594,0.9232804232804231,Industrial,unavailable,unavailable,unavailable,Normal,Industrial,0.9999,419.6,6,High,Stable
22.31626,82.5603,311.83,0.45,0.47,2026-05-04,1946,N20,VIIRS,n,2,293.96,2.54,N,2.0,industrial_direct,1,98,0.0,8426.7,2.508492063492064,11.71,1.680059238942467,1.0126,0.9232804232804231,Industrial,unavailable,unavailable,unavailable,Normal,Industrial,0.9996,814.5,5,High,Stable
22.31728,82.55162,313.13,0.45,0.47,2026-05-04,1946,N20,VIIRS,n,2,293.53,1.61,N,0.0,industrial_nearby,1,98,284.4,8213.1,2.508492063492064,11.71,1.680059238942467,0.6418,0.9232804232804231,Industrial,unavailable,unavailable,unavailable,Normal,Industrial,0.9999,213.5,6,High,Stable
22.31881,82.53859,306.38,0.45,0.47,2026-05-04,1946,N20,VIIRS,n,2,293.58,1.32,N,2.0,industrial_direct,1,98,0.0,8072.7,2.508492063492064,11.71,1.680059238942467,0.5262,0.9232804232804231,Industrial,unavailable,unavailable,unavailable,Normal,Industrial,0.9999,125.7,6,High,Stable
22.31952,82.56958,308.79,0.45,0.47,2026-05-04,1946,N20,VIIRS,n,2,294.19,2.23,N,0.0,industrial_direct,1,98,0.0,8287.9,2.508492063492064,11.71,1.680059238942467,0.889,0.9232804232804231,Industrial,unavailable,unavailable,unavailable,Normal,Industrial,0.9996,644.0,5,High,Stable
22.33186,82.57542,312.32,0.45,0.47,2026-05-04,1946,N20,VIIRS,n,2,293.83,2.27,N,2.0,industrial_direct,3,71,0.0,7202.7,2.7918248175182483,11.59,1.9379155034462177,0.8131,0.8394160583941606,Industrial,unavailable,unavailable,unavailable,Normal,Industrial,0.9999,1512.5,4,Medium,Stable
22.33253,82.60635,313.26,0.44,0.46,2026-05-04,1946,N20,VIIRS,n,2,293.7,1.39,N,2.0,industrial_direct,5,73,0.0,8909.8,2.765913043478261,15.28,2.376793836187871,0.5025,0.8260869565217391,Industrial,unavailable,unavailable,unavailable,Normal,Industrial,0.9998,460.7,6,High,Stable
22.3344,82.55405,307.86,0.45,0.47,2026-05-04,1946,N20,VIIRS,n,2,293.55,1.2,N,0.0,industrial_direct,4,61,0.0,6346.6,2.2546153846153847,13.9,1.6402420650106009,0.5322,0.8632478632478633,Industrial,unavailable,unavailable,unavailable,Normal,Industrial,0.9999,1685.1,4,Medium,Stable
22.33614,82.576,305.91,0.45,0.47,2026-05-04,1946,N20,VIIRS,n,2,293.24,1.25,N,2.0,industrial_direct,3,71,0.0,6796.4,2.7918248175182483,11.59,1.9379155034462177,0.4477,0.8394160583941606,Industrial,unavailable,unavailable,unavailable,Normal,Industrial,0.9999,1984.4,4,Medium,Stable
22.33813,82.66808,305.32,0.44,0.46,2026-05-04,1946,N20,VIIRS,n,2,292.61,1.38,N,0.0,industrial_direct,117,8,0.0,11266.5,2.413,6.07,2.0614991847897706,0.5719,0.8,Unknown,unavailable,unavailable,unavailable,Normal,Unknown,0.9964,2177.7,4,Medium,Stable
22.33237,82.57114,318.35,0.45,0.47,2026-05-04,1946,N20,VIIRS,n,2,293.02,2.73,N,2.0,industrial_direct,3,71,0.0,6985.2,2.7918248175182483,11.59,1.9379155034462177,0.9779,0.8394160583941606,Industrial,unavailable,unavailable,unavailable,Normal,Industrial,0.9997,1651.3,4,Medium,Stable
22.30627,82.96143,331.03,0.41,0.61,2026-05-05,659,N20,VIIRS,n,2,293.89,3.72,D,0.0,unclassified,-1,0,15956.9,9074.0,,,,,,Natural Fire,unavailable,unavailable,unavailable,Normal,Natural Fire,0.998,18723.7,0,Low,Stable
22.34989,82.74562,336.83,0.43,0.62,2026-05-05,659,N20,VIIRS,n,2,295.0,2.52,D,0.0,unclassified,-1,0,1019.7,9469.9,,,,,,Natural Fire,unavailable,unavailable,unavailable,Normal,Natural Fire,0.9932,2031.3,1,Low,Stable
22.31643,82.52811,302.67,0.7,0.75,2026-05-05,2108,N20,VIIRS,n,2,288.96,2.33,N,2.0,industrial_direct,1,98,0.0,8512.0,2.508492063492064,11.71,1.680059238942467,0.9288,0.9232804232804231,Industrial,unavailable,unavailable,unavailable,Normal,Industrial,0.9997,764.1,5,High,Stable
22.31393,82.52919,303.31,0.7,0.75,2026-05-05,2108,N20,VIIRS,n,2,288.49,3.32,N,2.0,industrial_direct,1,98,0.0,8758.2,2.508492063492064,11.71,1.680059238942467,1.3235,0.9232804232804231,Industrial,unavailable,unavailable,unavailable,Normal,Industrial,0.9996,547.2,5,High,Stable
22.31896,82.53765,304.16,0.7,0.75,2026-05-05,2108,N20,VIIRS,n,2,288.78,2.35,N,2.0,industrial_direct,1,98,0.0,8066.8,2.508492063492064,11.71,1.680059238942467,0.9368,0.9232804232804231,Industrial,unavailable,unavailable,unavailable,Normal,Industrial,0.9997,223.4,6,High,Stable
22.32142,82.53658,303.93,0.7,0.75,2026-05-05,2108,N20,VIIRS,n,2,288.38,1.58,N,0.0,industrial_direct,1,98,0.0,7810.4,2.508492063492064,11.71,1.680059238942467,0.6299,0.9232804232804231,Industrial,unavailable,unavailable,unavailable,Normal,Industrial,0.9999,448.9,6,High,Stable
22.33461,82.56912,300.79,0.7,0.75,2026-05-05,2108,N20,VIIRS,n,2,287.81,2.45,N,0.0,industrial_direct,3,71,0.0,6681.1,2.7918248175182483,11.59,1.9379155034462177,0.8776,0.8394160583941606,Industrial,unavailable,unavailable,unavailable,Normal,Industrial,0.9997,1956.0,4,Medium,Stable
22.3329,82.57585,308.27,0.7,0.75,2026-05-05,2108,N20,VIIRS,n,2,288.5,2.74,N,2.0,industrial_direct,3,71,0.0,7115.3,2.7918248175182483,11.59,1.9379155034462177,0.9814,0.8394160583941606,Industrial,unavailable,unavailable,unavailable,Normal,Industrial,0.9997,1625.9,4,Medium,Stable
22.35765,82.30445,335.78,0.35,0.57,2026-05-06,821,N20,VIIRS,l,2,308.37,5.17,D,2.0,industrial_direct,2,96,0.0,25207.5,3.5459414225941424,26.78,3.275989787681158,1.458,0.7489539748953975,Industrial,unavailable,unavailable,unavailable,Normal,Industrial,0.9985,7289.8,3,Medium,Stable
22.33027,82.57446,346.19,0.36,0.58,2026-05-06,821,N20,VIIRS,n,2,308.38,4.54,D,2.0,industrial_direct,3,71,0.0,7326.3,2.7918248175182483,11.59,1.9379155034462177,1.6262,0.8394160583941606,Industrial,unavailable,unavailable,unavailable,Normal,Industrial,0.9996,1346.3,5,High,Stable
22.35679,82.30167,309.31,0.34,0.56,2026-05-06,2049,N20,VIIRS,n,2,294.58,1.55,N,2.0,industrial_direct,2,96,0.0,25505.0,3.5459414225941424,26.78,3.275989787681158,0.4371,0.7489539748953975,Industrial,unavailable,unavailable,unavailable,Normal,Industrial,0.9996,7519.8,3,Medium,Stable
22.3167,82.53581,307.28,0.35,0.57,2026-05-06,2049,N20,VIIRS,n,2,293.94,1.13,N,2.0,industrial_direct,1,98,0.0,8339.0,2.508492063492064,11.71,1.680059238942467,0.4505,0.9232804232804231,Industrial,unavailable,unavailable,unavailable,Normal,Industrial,0.9999,383.8,6,High,Stable
22.31743,82.53249,307.07,0.35,0.57,2026-05-06,2049,N20,VIIRS,n,2,294.66,1.13,N,2.0,industrial_direct,1,98,0.0,8312.6,2.508492063492064,11.71,1.680059238942467,0.4505,0.9232804232804231,Industrial,unavailable,unavailable,unavailable,Normal,Industrial,0.9999,560.7,5,High,Stable
22.32181,82.5371,315.27,0.35,0.57,2026-05-06,2049,N20,VIIRS,n,2,294.61,1.62,N,0.0,industrial_direct,1,98,0.0,7760.6,2.508492063492064,11.71,1.680059238942467,0.6458,0.9232804232804231,Industrial,unavailable,unavailable,unavailable,Normal,Industrial,0.9999,437.5,6,High,Stable
22.32043,82.56831,307.09,0.35,0.57,2026-05-06,2049,N20,VIIRS,n,2,295.11,1.3,N,2.0,industrial_direct,1,98,0.0,8155.7,2.508492063492064,11.71,1.680059238942467,0.5182,0.9232804232804231,Industrial,unavailable,unavailable,unavailable,Normal,Industrial,0.9999,773.3,5,High,Stable
22.32985,82.57465,309.01,0.35,0.57,2026-05-06,2049,N20,VIIRS,n,2,294.5,2.1,N,2.0,industrial_direct,3,71,0.0,7376.8,2.7918248175182483,11.59,1.9379155034462177,0.7522,0.8394160583941606,Industrial,unavailable,unavailable,unavailable,Normal,Industrial,0.9999,1297.7,5,High,Stable
22.36183,82.30287,305.42,0.34,0.56,2026-05-06,2049,N20,VIIRS,n,2,295.09,1.26,N,2.0,industrial_direct,2,96,0.0,25302.7,3.5459414225941424,26.78,3.275989787681158,0.3553,0.7489539748953975,Industrial,unavailable,unavailable,unavailable,Normal,Industrial,0.9996,7315.5,3,Medium,Stable
22.33495,82.57601,308.26,0.35,0.57,2026-05-06,2049,N20,VIIRS,n,2,294.47,1.43,N,2.0,industrial_direct,3,71,0.0,6915.9,2.7918248175182483,11.59,1.9379155034462177,0.5122,0.8394160583941606,Industrial,unavailable,unavailable,unavailable,Normal,Industrial,0.9999,1852.6,4,Medium,Stable
22.33563,82.55495,311.22,0.35,0.57,2026-05-06,2049,N20,VIIRS,n,2,294.37,1.14,N,0.0,industrial_direct,4,61,0.0,6223.3,2.2546153846153847,13.9,1.6402420650106009,0.5056,0.8632478632478633,Industrial,unavailable,unavailable,unavailable,Normal,Industrial,0.9999,1846.5,4,Medium,Stable
22.33182,82.57199,338.02,0.35,0.57,2026-05-06,2049,N20,VIIRS,n,2,294.77,3.92,N,2.0,industrial_direct,3,71,0.0,7073.1,2.7918248175182483,11.59,1.9379155034462177,1.4041,0.8394160583941606,Industrial,unavailable,unavailable,unavailable,Normal,Industrial,0.9998,1567.2,4,Medium,Stable
22.33026,82.60318,304.96,0.35,0.57,2026-05-06,2049,N20,VIIRS,n,2,293.73,0.6,N,2.0,industrial_nearby,5,73,124.8,8881.3,2.765913043478261,15.28,2.376793836187871,0.2169,0.8260869565217391,Industrial,unavailable,unavailable,unavailable,Normal,Industrial,0.9998,485.3,6,High,Stable
22.33057,82.5713,328.52,0.35,0.57,2026-05-06,2049,N20,VIIRS,n,2,294.2,2.1,N,0.0,industrial_direct,3,71,0.0,7177.9,2.7918248175182483,11.59,1.9379155034462177,0.7522,0.8394160583941606,Industrial,unavailable,unavailable,unavailable,Normal,Industrial,0.9999,1457.8,5,High,Stable
22.33222,82.57551,339.73,0.55,0.43,2026-05-07,802,N20,VIIRS,l,2,310.91,11.59,D,2.0,industrial_direct,3,71,0.0,7169.9,2.7918248175182483,11.59,1.9379155034462177,4.1514,0.8394160583941606,Industrial,0.0766,0.242,-0.1614,Abnormal spike,Industrial,0.9995,1551.8,7,Critical,Abnormal
22.39033,82.72063,334.25,0.56,0.43,2026-05-07,802,N20,VIIRS,l,2,305.55,4.78,D,0.0,industrial_direct,-1,0,0.0,4477.7,,,,,,Unknown,unavailable,unavailable,unavailable,Normal,Unknown,0.9981,3256.9,3,Medium,Stable
22.35886,82.30698,307.89,0.38,0.36,2026-05-08,2012,N20,VIIRS,n,2,295.79,1.28,N,2.0,industrial_nearby,2,96,44.2,24929.8,3.5459414225941424,26.78,3.275989787681158,0.361,0.7489539748953975,Industrial,unavailable,unavailable,unavailable,Normal,Industrial,0.9995,7000.5,3,Medium,Stable
22.32229,82.53994,306.68,0.38,0.36,2026-05-08,2012,N20,VIIRS,n,2,295.24,1.17,N,0.0,industrial_direct,1,98,0.0,7675.5,2.508492063492064,11.71,1.680059238942467,0.4664,0.9232804232804231,Industrial,unavailable,unavailable,unavailable,Normal,Industrial,0.9999,306.6,6,High,Stable
22.31762,82.56951,307.08,0.38,0.36,2026-05-08,2012,N20,VIIRS,n,2,295.76,1.5,N,0.0,industrial_nearby,1,98,42.4,8488.5,2.508492063492064,11.71,1.680059238942467,0.598,0.9232804232804231,Industrial,unavailable,unavailable,unavailable,Normal,Industrial,0.9999,445.0,6,High,Stable
22.35615,82.30269,310.22,0.38,0.36,2026-05-08,2012,N20,VIIRS,n,2,296.6,1.21,N,2.0,industrial_direct,2,96,0.0,25412.2,3.5459414225941424,26.78,3.275989787681158,0.3412,0.7489539748953975,Industrial,unavailable,unavailable,unavailable,Normal,Industrial,0.9996,7394.8,3,Medium,Stable
22.319,82.53934,315.89,0.38,0.36,2026-05-08,2012,N20,VIIRS,n,2,296.21,1.17,N,2.0,industrial_nearby,1,98,27.5,8044.0,2.508492063492064,11.71,1.680059238942467,0.4664,0.9232804232804231,Industrial,unavailable,unavailable,unavailable,Normal,Industrial,0.9999,61.9,6,High,Stable
22.31593,82.51598,311.31,0.38,0.36,2026-05-08,2012,N20,VIIRS,n,2,296.03,1.31,N,2.0,industrial_direct,1,98,0.0,8929.7,2.508492063492064,11.71,1.680059238942467,0.5222,0.9232804232804231,Industrial,unavailable,unavailable,unavailable,Normal,Industrial,0.9999,291.2,6,High,Stable
22.31608,82.55782,311.54,0.38,0.36,2026-05-08,2012,N20,VIIRS,n,2,296.55,1.63,N,2.0,industrial_direct,1,98,0.0,8408.0,2.508492063492064,11.71,1.680059238942467,0.6498,0.9232804232804231,Industrial,unavailable,unavailable,unavailable,Normal,Industrial,0.9999,636.7,5,High,Stable
22.31629,82.53504,316.81,0.38,0.36,2026-05-08,2012,N20,VIIRS,n,2,296.75,1.71,N,2.0,industrial_direct,1,98,0.0,8395.0,2.508492063492064,11.71,1.680059238942467,0.6817,0.9232804232804231,Industrial,unavailable,unavailable,unavailable,Normal,Industrial,0.9999,406.9,6,High,Stable
22.31358,82.53075,309.77,0.38,0.36,2026-05-08,2012,N20,VIIRS,n,2,295.73,2.43,N,2.0,industrial_direct,1,98,0.0,8764.4,2.508492063492064,11.71,1.680059238942467,0.9687,0.9232804232804231,Industrial,unavailable,unavailable,unavailable,Normal,Industrial,0.9996,381.9,6,High,Stable
22.31089,82.52648,307.16,0.38,0.36,2026-05-08,2012,N20,VIIRS,n,2,294.77,1.06,N,2.0,industrial_direct,1,98,0.0,9147.5,2.508492063492064,11.71,1.680059238942467,0.4226,0.9232804232804231,Industrial,unavailable,unavailable,unavailable,Normal,Industrial,0.9999,353.4,6,High,Stable
22.31725,82.55043,308.54,0.38,0.36,2026-05-08,2012,N20,VIIRS,n,2,295.6,1.42,N,0.0,industrial_nearby,1,98,406.6,8209.8,2.508492063492064,11.71,1.680059238942467,0.5661,0.9232804232804231,Industrial,unavailable,unavailable,unavailable,Normal,Industrial,0.9999,165.4,6,High,Stable
22.35944,82.30328,312.0,0.38,0.36,2026-05-08,2012,N20,VIIRS,n,2,296.43,1.21,N,2.0,industrial_direct,2,96,0.0,25297.4,3.5459414225941424,26.78,3.275989787681158,0.3412,0.7489539748953975,Industrial,unavailable,unavailable,unavailable,Normal,Industrial,0.9996,7345.5,3,Medium,Stable
22.32091,82.57011,315.78,0.38,0.36,2026-05-08,2012,N20,VIIRS,n,2,297.94,2.16,N,0.0,industrial_direct,1,98,0.0,8155.5,2.508492063492064,11.71,1.680059238942467,0.8611,0.9232804232804231,Industrial,unavailable,unavailable,unavailable,Normal,Industrial,0.9997,694.8,5,High,Stable
22.33004,82.53375,306.76,0.38,0.36,2026-05-08,2012,N20,VIIRS,n,2,295.24,1.14,N,2.0,industrial_direct,6,16,0.0,6916.4,1.2005882352941175,1.95,0.356606761507604,0.9495,1.0,Industrial,unavailable,unavailable,unavailable,Normal,Industrial,0.9993,1372.1,5,High,Stable
22.33078,82.57191,332.9,0.38,0.36,2026-05-08,2012,N20,VIIRS,n,2,296.23,3.19,N,0.0,industrial_direct,3,71,0.0,7177.9,2.7918248175182483,11.59,1.9379155034462177,1.1426,0.8394160583941606,Industrial,unavailable,unavailable,unavailable,Normal,Industrial,0.9996,1459.4,5,High,Stable
22.33349,82.57621,309.58,0.38,0.36,2026-05-08,2012,N20,VIIRS,n,2,295.9,1.07,N,2.0,industrial_direct,3,71,0.0,7071.2,2.7918248175182483,11.59,1.9379155034462177,0.3833,0.8394160583941606,Industrial,unavailable,unavailable,unavailable,Normal,Industrial,0.9999,1690.8,4,Medium,Stable
22.33407,82.57251,312.05,0.38,0.36,2026-05-08,2012,N20,VIIRS,n,2,294.54,0.98,N,2.0,industrial_direct,3,71,0.0,6860.9,2.7918248175182483,11.59,1.9379155034462177,0.351,0.8394160583941606,Industrial,unavailable,unavailable,unavailable,Normal,Industrial,0.9999,1795.8,4,Medium,Stable
22.33699,82.55403,318.78,0.38,0.36,2026-05-08,2012,N20,VIIRS,n,2,296.32,1.97,N,0.0,industrial_direct,4,61,0.0,6061.7,2.2546153846153847,13.9,1.6402420650106009,0.8738,0.8632478632478633,Industrial,unavailable,unavailable,unavailable,Normal,Industrial,0.9997,1948.9,4,Medium,Stable
22.33758,82.55034,306.47,0.38,0.36,2026-05-08,2012,N20,VIIRS,n,2,295.17,0.93,N,0.0,industrial_direct,4,61,0.0,5961.5,2.2546153846153847,13.9,1.6402420650106009,0.4125,0.8632478632478633,Industrial,unavailable,unavailable,unavailable,Normal,Industrial,0.9999,1882.5,4,Medium,Stable
22.33211,82.60638,318.22,0.38,0.36,2026-05-08,2012,N20,VIIRS,n,2,296.37,1.84,N,2.0,industrial_direct,5,73,0.0,8946.0,2.765913043478261,15.28,2.376793836187871,0.6652,0.8260869565217391,Industrial,unavailable,unavailable,unavailable,Normal,Industrial,0.9997,424.2,6,High,Stable
22.33678,82.57681,309.21,0.38,0.36,2026-05-08,2012,N20,VIIRS,n,2,295.48,1.07,N,2.0,industrial_direct,3,71,0.0,6769.4,2.7918248175182483,11.59,1.9379155034462177,0.3833,0.8394160583941606,Industrial,unavailable,unavailable,unavailable,Normal,Industrial,0.9999,2056.1,4,Medium,Stable
22.33737,82.57311,312.92,0.38,0.36,2026-05-08,2012,N20,VIIRS,n,2,294.9,0.98,N,2.0,industrial_direct,3,71,0.0,6548.3,2.7918248175182483,11.59,1.9379155034462177,0.351,0.8394160583941606,Industrial,unavailable,unavailable,unavailable,Normal,Industrial,0.9999,2144.2,4,Medium,Stable
22.31606,82.72894,307.82,0.38,0.36,2026-05-08,2012,N20,VIIRS,n,2,295.08,1.06,N,0.0,industrial_direct,177,3,0.0,12743.8,1.2133333333333334,1.35,0.1457166199626293,0.8736,1.0,Unknown,unavailable,unavailable,unavailable,Normal,Unknown,0.9997,3919.4,3,Medium,Stable
22.31974,82.57751,311.2,0.38,0.36,2026-05-08,2012,N20,VIIRS,n,2,296.17,1.88,N,0.0,industrial_nearby,11,23,0.6,8525.7,1.7126666666666666,4.45,0.9003713154844096,1.0977,1.0,Industrial,unavailable,unavailable,unavailable,Normal,Industrial,0.9977,177.3,6,High,Stable
22.33333,82.57684,341.13,0.53,0.42,2026-05-09,724,N20,VIIRS,n,2,310.0,6.36,D,2.0,industrial_direct,3,71,0.0,7114.6,2.7918248175182483,11.59,1.9379155034462177,2.2781,0.8394160583941606,Industrial,unavailable,unavailable,unavailable,Normal,Industrial,0.9995,1674.4,4,Medium,Stable
22.32859,82.57258,337.35,0.53,0.42,2026-05-09,724,N20,VIIRS,l,2,309.07,5.82,D,2.0,industrial_direct,3,71,0.0,7429.2,2.7918248175182483,11.59,1.9379155034462177,2.0847,0.8394160583941606,Industrial,unavailable,unavailable,unavailable,Normal,Industrial,0.9996,1207.4,5,High,Stable
22.22149,82.34589,334.55,0.55,0.43,2026-05-09,724,N20,VIIRS,l,2,305.55,3.57,D,0.0,unclassified,-1,0,10094.1,27962.9,,,,,,Natural Fire,unavailable,unavailable,unavailable,Normal,Natural Fire,0.9997,12065.4,0,Low,Stable
22.12856,82.56606,336.86,0.54,0.42,2026-05-09,724,N20,VIIRS,l,2,308.09,3.87,D,0.0,unclassified,-1,0,13278.6,29161.6,,,,,,Natural Fire,unavailable,unavailable,unavailable,Normal,Natural Fire,0.9995,17731.1,0,Low,Stable
22.22214,82.52311,335.94,0.54,0.42,2026-05-09,724,N20,VIIRS,l,2,309.47,4.71,D,0.0,unclassified,-1,0,7386.8,18890.2,,,,,,Natural Fire,unavailable,unavailable,unavailable,Normal,Natural Fire,0.9999,8492.9,0,Low,Stable
22.17148,82.93945,331.51,0.33,0.55,2026-05-10,705,N20,VIIRS,n,2,295.2,1.07,D,0.0,unclassified,-1,0,14121.4,13441.4,,,,,,Natural Fire,unavailable,unavailable,unavailable,Normal,Natural Fire,0.9902,10091.8,0,Low,Stable
22.33569,82.57347,312.3,0.36,0.57,2026-05-10,1934,N20,VIIRS,n,2,292.75,1.31,N,2.0,industrial_direct,3,71,0.0,6733.7,2.7918248175182483,11.59,1.9379155034462177,0.4692,0.8394160583941606,Industrial,unavailable,unavailable,unavailable,Normal,Industrial,0.9999,1954.8,4,Medium,Stable
22.33217,82.60841,311.75,0.35,0.57,2026-05-10,1934,N20,VIIRS,n,2,293.15,1.48,N,0.0,industrial_nearby,5,73,10.8,9080.6,2.765913043478261,15.28,2.376793836187871,0.5351,0.8260869565217391,Industrial,unavailable,unavailable,unavailable,Normal,Industrial,0.9998,271.4,6,High,Stable
22.33041,82.57288,317.52,0.36,0.57,2026-05-10,1934,N20,VIIRS,n,2,292.81,1.31,N,2.0,industrial_direct,3,71,0.0,7251.7,2.7918248175182483,11.59,1.9379155034462177,0.4692,0.8394160583941606,Industrial,unavailable,unavailable,unavailable,Normal,Industrial,0.9999,1392.5,5,High,Stable
22.31984,82.57204,318.58,0.36,0.57,2026-05-10,1934,N20,VIIRS,n,2,293.53,2.39,N,0.0,industrial_direct,1,98,0.0,8327.3,2.508492063492064,11.71,1.680059238942467,0.9528,0.9232804232804231,Industrial,unavailable,unavailable,unavailable,Normal,Industrial,0.9996,464.9,6,High,Stable
22.31915,82.57899,305.45,0.36,0.57,2026-05-10,1934,N20,VIIRS,n,2,292.23,1.78,N,0.0,industrial_direct,11,23,0.0,8642.7,1.7126666666666666,4.45,0.9003713154844096,1.0393,1.0,Industrial,unavailable,unavailable,unavailable,Normal,Industrial,0.9981,195.9,6,High,Stable
22.31802,82.53649,309.13,0.36,0.57,2026-05-10,1934,N20,VIIRS,n,2,292.61,1.88,N,2.0,industrial_direct,1,98,0.0,8184.8,2.508492063492064,11.71,1.680059238942467,0.7495,0.9232804232804231,Industrial,unavailable,unavailable,unavailable,Normal,Industrial,0.9999,339.6,6,High,Stable
22.3156,82.56095,310.19,0.36,0.57,2026-05-10,1934,N20,VIIRS,n,2,293.04,1.43,N,2.0,industrial_direct,1,98,0.0,8510.0,2.508492063492064,11.71,1.680059238942467,0.5701,0.9232804232804231,Industrial,unavailable,unavailable,unavailable,Normal,Industrial,0.9999,797.0,5,High,Stable
22.35682,82.30415,332.53,0.44,0.62,2026-05-11,827,N20,VIIRS,l,2,303.36,4.52,D,2.0,industrial_direct,2,96,0.0,25252.1,3.5459414225941424,26.78,3.275989787681158,1.2747,0.7489539748953975,Industrial,unavailable,unavailable,unavailable,Normal,Industrial,0.9986,7289.6,3,Medium,Stable
22.35575,82.30405,330.53,0.44,0.62,2026-05-11,827,N20,VIIRS,l,2,303.21,4.23,D,2.0,industrial_direct,2,96,0.0,25280.9,3.5459414225941424,26.78,3.275989787681158,1.1929,0.7489539748953975,Industrial,unavailable,unavailable,unavailable,Normal,Industrial,0.9988,7249.0,3,Medium,Stable
22.31457,82.52928,313.41,0.44,0.62,2026-05-11,2055,N20,VIIRS,n,2,293.08,3.17,N,2.0,industrial_direct,1,98,0.0,8687.0,2.508492063492064,11.71,1.680059238942467,1.2637,0.9232804232804231,Industrial,unavailable,unavailable,unavailable,Normal,Industrial,0.9996,560.9,5,High,Stable
22.36038,82.30339,313.35,0.42,0.61,2026-05-11,2055,N20,VIIRS,n,2,294.06,2.45,N,2.0,industrial_direct,2,96,0.0,25271.5,3.5459414225941424,26.78,3.275989787681158,0.6909,0.7489539748953975,Industrial,unavailable,unavailable,unavailable,Normal,Industrial,0.9994,7305.6,3,Medium,Stable
22.31637,82.54732,310.26,0.44,0.62,2026-05-11,2055,N20,VIIRS,n,2,292.01,3.54,N,0.0,industrial_nearby,1,98,701.5,8298.8,2.508492063492064,11.71,1.680059238942467,1.4112,0.9232804232804231,Industrial,unavailable,unavailable,unavailable,Normal,Industrial,0.9996,0.0,6,High,Stable
22.31922,82.53489,312.06,0.44,0.62,2026-05-11,2055,N20,VIIRS,n,2,292.69,3.22,N,2.0,industrial_direct,1,98,0.0,8076.4,2.508492063492064,11.71,1.680059238942467,1.2836,0.9232804232804231,Industrial,unavailable,unavailable,unavailable,Normal,Industrial,0.9996,507.9,5,High,Stable
22.33639,82.57487,307.85,0.44,0.62,2026-05-11,2055,N20,VIIRS,n,2,291.78,1.3,N,2.0,industrial_direct,3,71,0.0,6721.8,2.7918248175182483,11.59,1.9379155034462177,0.4656,0.8394160583941606,Industrial,unavailable,unavailable,unavailable,Normal,Industrial,0.9999,2016.6,4,Medium,Stable
22.32832,82.57304,308.37,0.44,0.62,2026-05-11,2055,N20,VIIRS,n,2,292.33,4.26,N,2.0,industrial_direct,3,71,0.0,7473.8,2.7918248175182483,11.59,1.9379155034462177,1.5259,0.8394160583941606,Industrial,unavailable,unavailable,unavailable,Normal,Industrial,0.9997,1164.9,5,High,Stable
22.35689,82.30302,338.47,0.44,0.46,2026-05-12,808,N20,VIIRS,l,2,313.28,8.42,D,2.0,industrial_direct,2,96,0.0,25365.9,3.5459414225941424,26.78,3.275989787681158,2.3745,0.7489539748953975,Industrial,unavailable,unavailable,unavailable,Normal,Industrial,0.9987,7398.2,3,Medium,Stable
22.31771,82.53616,310.52,0.44,0.46,2026-05-12,2037,N20,VIIRS,n,2,294.82,1.2,N,2.0,industrial_direct,1,98,0.0,8223.3,2.508492063492064,11.71,1.680059238942467,0.4784,0.9232804232804231,Industrial,unavailable,unavailable,unavailable,Normal,Industrial,0.9999,379.3,6,High,Stable
22.35559,82.30282,309.51,0.43,0.46,2026-05-12,2037,N20,VIIRS,n,2,296.06,2.14,N,2.0,industrial_direct,2,96,0.0,25408.8,3.5459414225941424,26.78,3.275989787681158,0.6035,0.7489539748953975,Industrial,unavailable,unavailable,unavailable,Normal,Industrial,0.9995,7357.3,3,Medium,Stable
22.31436,82.53103,312.01,0.44,0.46,2026-05-12,2037,N20,VIIRS,n,2,295.33,2.42,N,2.0,industrial_direct,1,98,0.0,8674.2,2.508492063492064,11.71,1.680059238942467,0.9647,0.9232804232804231,Industrial,unavailable,unavailable,unavailable,Normal,Industrial,0.9996,387.9,6,High,Stable
22.35972,82.30372,322.06,0.43,0.46,2026-05-12,2037,N20,VIIRS,n,2,296.88,2.14,N,2.0,industrial_direct,2,96,0.0,25248.2,3.5459414225941424,26.78,3.275989787681158,0.6035,0.7489539748953975,Industrial,unavailable,unavailable,unavailable,Normal,Industrial,0.9995,7293.2,3,Medium,Stable
22.3152,82.54877,311.27,0.44,0.46,2026-05-12,2037,N20,VIIRS,n,2,294.31,1.84,N,0.0,industrial_nearby,1,98,601.6,8430.7,2.508492063492064,11.71,1.680059238942467,0.7335,0.9232804232804231,Industrial,unavailable,unavailable,unavailable,Normal,Industrial,0.9999,0.0,6,High,Stable
22.32022,82.56752,313.11,0.44,0.46,2026-05-12,2037,N20,VIIRS,n,2,295.49,2.3,N,2.0,industrial_direct,1,98,0.0,8157.0,2.508492063492064,11.71,1.680059238942467,0.9169,0.9232804232804231,Industrial,unavailable,unavailable,unavailable,Normal,Industrial,0.9997,773.8,5,High,Stable
22.33192,82.5749,308.3,0.44,0.46,2026-05-12,2037,N20,VIIRS,n,2,294.86,2.48,N,2.0,industrial_direct,3,71,0.0,7175.3,2.7918248175182483,11.59,1.9379155034462177,0.8883,0.8394160583941606,Industrial,unavailable,unavailable,unavailable,Normal,Industrial,0.9997,1522.9,4,Medium,Stable
22.33025,82.60537,308.88,0.45,0.47,2026-05-12,2037,N20,VIIRS,n,2,294.45,0.95,N,2.0,industrial_direct,5,73,0.0,9029.5,2.765913043478261,15.28,2.376793836187871,0.3435,0.8260869565217391,Industrial,unavailable,unavailable,unavailable,Normal,Industrial,0.9998,402.0,6,High,Stable
22.33611,82.57587,314.25,0.44,0.46,2026-05-12,2037,N20,VIIRS,n,2,294.95,1.62,N,2.0,industrial_direct,3,71,0.0,6793.7,2.7918248175182483,11.59,1.9379155034462177,0.5803,0.8394160583941606,Industrial,unavailable,unavailable,unavailable,Normal,Industrial,0.9999,1981.2,4,Medium,Stable
22.32191,82.53712,309.82,0.44,0.46,2026-05-12,2037,N20,VIIRS,n,2,294.93,1.2,N,0.0,industrial_direct,1,98,0.0,7749.3,2.508492063492064,11.71,1.680059238942467,0.4784,0.9232804232804231,Industrial,unavailable,unavailable,unavailable,Normal,Industrial,0.9999,444.0,6,High,Stable
22.22373,82.62881,339.07,0.4,0.37,2026-05-13,749,N20,VIIRS,n,2,308.54,3.77,D,0.0,unclassified,178,1,8504.4,20378.3,3.77,3.77,0.0,1.0,0.0,Natural Fire,unavailable,unavailable,unavailable,Normal,Natural Fire,0.9997,8277.8,0,Low,Stable
22.22318,82.62492,340.69,0.4,0.37,2026-05-13,749,N20,VIIRS,n,2,309.61,3.77,D,0.0,unclassified,178,1,8910.0,20272.8,3.77,3.77,0.0,1.0,0.0,Natural Fire,unavailable,unavailable,unavailable,Normal,Natural Fire,0.9998,8244.5,0,Low,Stable
22.3142,82.55082,338.41,0.4,0.37,2026-05-13,749,N20,VIIRS,l,2,308.66,4.17,D,0.0,industrial_nearby,1,98,403.8,8549.1,2.508492063492064,11.71,1.680059238942467,1.6624,0.9232804232804231,Industrial,unavailable,unavailable,unavailable,Normal,Industrial,0.9996,0.0,6,High,Stable
22.32066,82.5398,311.51,0.4,0.37,2026-05-13,2018,N20,VIIRS,n,2,294.04,2.26,N,0.0,industrial_direct,1,98,0.0,7856.6,2.508492063492064,11.71,1.680059238942467,0.9009,0.9232804232804231,Industrial,unavailable,unavailable,unavailable,Normal,Industrial,0.9998,167.4,6,High,Stable
22.3154,82.55069,322.91,0.4,0.37,2026-05-13,2018,N20,VIIRS,n,2,294.14,2.43,N,0.0,industrial_nearby,1,98,402.5,8415.7,2.508492063492064,11.71,1.680059238942467,0.9687,0.9232804232804231,Industrial,unavailable,unavailable,unavailable,Normal,Industrial,0.9996,0.0,6,High,Stable
22.3119,82.53018,309.81,0.4,0.37,2026-05-13,2018,N20,VIIRS,n,2,293.95,1.91,N,2.0,industrial_nearby,1,98,119.0,8958.2,2.508492063492064,11.71,1.680059238942467,0.7614,0.9232804232804231,Industrial,unavailable,unavailable,unavailable,Normal,Industrial,0.9999,401.7,6,High,Stable
22.31525,82.53082,311.55,0.4,0.37,2026-05-13,2018,N20,VIIRS,n,2,295.86,1.81,N,2.0,industrial_direct,1,98,0.0,8581.5,2.508492063492064,11.71,1.680059238942467,0.7215,0.9232804232804231,Industrial,unavailable,unavailable,unavailable,Normal,Industrial,0.9999,460.9,6,High,Stable
22.3245,82.51675,306.84,0.4,0.37,2026-05-13,2018,N20,VIIRS,n,2,293.32,1.71,N,0.0,industrial_direct,66,7,0.0,8018.8,1.997142857142857,4.37,1.3002911761821438,0.8562,1.0,Unknown,unavailable,unavailable,unavailable,Normal,Unknown,0.9843,1200.3,5,High,Stable
22.31411,82.55838,306.94,0.4,0.37,2026-05-13,2018,N20,VIIRS,n,2,293.99,1.57,N,2.0,industrial_direct,1,98,0.0,8632.0,2.508492063492064,11.71,1.680059238942467,0.6259,0.9232804232804231,Industrial,unavailable,unavailable,unavailable,Normal,Industrial,0.9999,507.6,5,High,Stable
22.31889,82.57121,309.05,0.4,0.37,2026-05-13,2018,N20,VIIRS,n,2,293.93,1.18,N,0.0,industrial_direct,1,98,0.0,8402.3,2.508492063492064,11.71,1.680059238942467,0.4704,0.9232804232804231,Industrial,unavailable,unavailable,unavailable,Normal,Industrial,0.9999,502.8,5,High,Stable
22.31461,82.53467,312.68,0.4,0.37,2026-05-13,2018,N20,VIIRS,n,2,293.97,1.81,N,2.0,industrial_nearby,1,98,77.4,8584.6,2.508492063492064,11.71,1.680059238942467,0.7215,0.9232804232804231,Industrial,unavailable,unavailable,unavailable,Normal,Industrial,0.9999,218.1,6,High,Stable
22.33249,82.60461,308.99,0.4,0.37,2026-05-13,2018,N20,VIIRS,n,2,293.37,1.47,N,2.0,industrial_nearby,5,73,46.2,8792.1,2.765913043478261,15.28,2.376793836187871,0.5315,0.8260869565217391,Industrial,unavailable,unavailable,unavailable,Normal,Industrial,0.9998,590.4,5,High,Stable
22.33099,82.57255,319.3,0.4,0.37,2026-05-13,2018,N20,VIIRS,n,2,293.88,2.24,N,2.0,industrial_direct,3,71,0.0,7179.5,2.7918248175182483,11.59,1.9379155034462177,0.8023,0.8394160583941606,Industrial,unavailable,unavailable,unavailable,Normal,Industrial,0.9999,1463.2,5,High,Stable
22.31825,82.72971,305.25,0.4,0.37,2026-05-13,2018,N20,VIIRS,n,2,293.62,1.23,N,0.0,industrial_direct,177,3,0.0,12512.8,1.2133333333333334,1.35,0.1457166199626293,1.0137,1.0,Unknown,unavailable,unavailable,unavailable,Normal,Unknown,0.9995,3711.2,3,Medium,Stable
22.33769,82.57384,311.53,0.4,0.37,2026-05-13,2018,N20,VIIRS,n,2,292.97,2.17,N,2.0,industrial_direct,3,71,0.0,6546.7,2.7918248175182483,11.59,1.9379155034462177,0.7773,0.8394160583941606,Industrial,unavailable,unavailable,unavailable,Normal,Industrial,0.9999,2169.6,4,Medium,Stable
22.32819,82.69157,305.66,0.4,0.37,2026-05-13,2018,N20,VIIRS,n,2,293.62,0.7,N,0.0,industrial_nearby,176,3,373.4,11551.5,1.67,2.3,0.85246700815926,0.4192,0.6666666666666666,Unknown,unavailable,unavailable,unavailable,Normal,Unknown,0.9999,3485.4,3,Medium,Stable
22.33068,82.60667,336.2,0.45,0.39,2026-05-14,731,N20,VIIRS,l,2,310.46,3.39,D,2.0,industrial_direct,5,73,0.0,9083.1,2.765913043478261,15.28,2.376793836187871,1.2256,0.8260869565217391,Industrial,unavailable,unavailable,unavailable,Normal,Industrial,0.9986,303.4,6,High,Stable
22.35864,82.30525,338.68,0.46,0.39,2026-05-14,731,N20,VIIRS,l,2,310.88,6.89,D,2.0,industrial_direct,2,96,0.0,25109.6,3.5459414225941424,26.78,3.275989787681158,1.9431,0.7489539748953975,Industrial,unavailable,unavailable,unavailable,Normal,Industrial,0.9987,7177.6,3,Medium,Stable
22.31405,82.55212,338.65,0.45,0.39,2026-05-14,731,N20,VIIRS,l,2,308.39,4.31,D,0.0,industrial_nearby,1,98,272.5,8573.2,2.508492063492064,11.71,1.680059238942467,1.7182,0.9232804232804231,Industrial,unavailable,unavailable,unavailable,Normal,Industrial,0.9996,29.2,6,High,Stable
22.31372,82.5615,306.94,0.56,0.52,2026-05-15,1940,N20,VIIRS,n,2,293.01,4.99,N,0.0,industrial_nearby,1,98,190.1,8724.9,2.508492063492064,11.71,1.680059238942467,1.9892,0.9232804232804231,Industrial,unavailable,unavailable,unavailable,Normal,Industrial,0.9995,693.2,5,High,Stable
22.33634,82.57522,308.71,0.56,0.52,2026-05-15,1940,N20,VIIRS,n,2,293.02,4.16,N,2.0,industrial_direct,3,71,0.0,6742.0,2.7918248175182483,11.59,1.9379155034462177,1.4901,0.8394160583941606,Industrial,unavailable,unavailable,unavailable,Normal,Industrial,0.9997,2008.9,4,Medium,Stable
22.3327,82.60824,312.04,0.56,0.52,2026-05-15,1940,N20,VIIRS,n,2,293.21,3.69,N,0.0,industrial_direct,5,73,0.0,9025.1,2.765913043478261,15.28,2.376793836187871,1.3341,0.8260869565217391,Industrial,unavailable,unavailable,unavailable,Normal,Industrial,0.9989,322.4,6,High,Stable
22.36077,82.30618,311.03,0.59,0.53,2026-05-15,1940,N20,VIIRS,n,2,292.69,2.59,N,2.0,industrial_nearby,2,96,12.4,24981.0,3.5459414225941424,26.78,3.275989787681158,0.7304,0.7489539748953975,Industrial,unavailable,unavailable,unavailable,Normal,Industrial,0.999,7017.5,3,Medium,Stable
22.3167,82.53394,307.71,0.57,0.52,2026-05-15,1940,N20,VIIRS,n,2,293.79,4.58,N,2.0,industrial_direct,1,98,0.0,8367.2,2.508492063492064,11.71,1.680059238942467,1.8258,0.9232804232804231,Industrial,unavailable,unavailable,unavailable,Normal,Industrial,0.9995,448.9,6,High,Stable
22.31491,82.55048,312.75,0.57,0.52,2026-05-15,1940,N20,VIIRS,n,2,293.01,4.09,N,0.0,industrial_nearby,1,98,430.0,8468.9,2.508492063492064,11.71,1.680059238942467,1.6305,0.9232804232804231,Industrial,unavailable,unavailable,unavailable,Normal,Industrial,0.9995,0.0,6,High,Stable
22.35843,82.30527,337.44,0.56,0.69,2026-05-16,834,N20,VIIRS,n,2,301.59,3.51,D,2.0,industrial_direct,2,96,0.0,25111.0,3.5459414225941424,26.78,3.275989787681158,0.9899,0.7489539748953975,Industrial,unavailable,unavailable,unavailable,Normal,Industrial,0.9988,7182.7,3,Medium,Stable
22.35754,82.30221,305.26,0.53,0.67,2026-05-16,2102,N20,VIIRS,n,2,289.12,1.3,N,2.0,industrial_direct,2,96,0.0,25437.4,3.5459414225941424,26.78,3.275989787681158,0.3666,0.7489539748953975,Industrial,unavailable,unavailable,unavailable,Normal,Industrial,0.9996,7504.3,3,Medium,Stable
22.31452,82.53079,301.19,0.55,0.68,2026-05-16,2102,N20,VIIRS,n,2,280.16,1.71,N,2.0,industrial_direct,1,98,0.0,8661.5,2.508492063492064,11.71,1.680059238942467,0.6817,0.9232804232804231,Industrial,unavailable,unavailable,unavailable,Normal,Industrial,0.9999,418.1,6,High,Stable
22.35657,82.3025,309.92,0.54,0.5,2026-05-17,2043,N20,VIIRS,n,2,293.05,8.23,N,2.0,industrial_direct,2,96,0.0,25424.3,3.5459414225941424,26.78,3.275989787681158,2.321,0.7489539748953975,Industrial,unavailable,unavailable,unavailable,Normal,Industrial,0.9983,7431.9,3,Medium,Stable
22.31414,82.54921,341.48,0.46,0.39,2026-05-18,756,N20,VIIRS,l,2,311.87,9.08,D,0.0,industrial_nearby,1,98,569.4,8549.2,2.508492063492064,11.71,1.680059238942467,3.6197,0.9232804232804231,Industrial,0.0813,0.1647,-0.1395,Abnormal spike,Industrial,0.9994,0.0,9,Critical,Abnormal
22.35877,82.30151,308.64,0.44,0.38,2026-05-18,2024,N20,VIIRS,n,2,289.89,5.29,N,2.0,industrial_direct,2,96,0.0,25488.5,3.5459414225941424,26.78,3.275989787681158,1.4918,0.7489539748953975,Industrial,unavailable,unavailable,unavailable,Normal,Industrial,0.9986,7541.4,3,Medium,Stable
22.33167,82.60516,337.1,0.4,0.37,2026-05-19,737,N20,VIIRS,l,2,309.42,3.62,D,2.0,industrial_nearby,5,73,37.1,8897.5,2.765913043478261,15.28,2.376793836187871,1.3088,0.8260869565217391,Industrial,unavailable,unavailable,unavailable,Normal,Industrial,0.999,492.9,6,High,Stable
22.31628,82.5528,341.04,0.4,0.37,2026-05-19,737,N20,VIIRS,l,2,312.91,5.79,D,0.0,industrial_nearby,1,98,175.7,8331.7,2.508492063492064,11.71,1.680059238942467,2.3082,0.9232804232804231,Industrial,unavailable,unavailable,unavailable,Normal,Industrial,0.9993,191.2,6,High,Stable
22.31466,82.55767,316.38,0.4,0.37,2026-05-19,2006,N20,VIIRS,n,2,300.92,4.01,N,2.0,industrial_direct,1,98,0.0,8561.8,2.508492063492064,11.71,1.680059238942467,1.5986,0.9232804232804231,Industrial,unavailable,unavailable,unavailable,Normal,Industrial,0.9996,531.5,5,High,Stable
22.31581,82.54993,321.27,0.4,0.37,2026-05-19,2006,N20,VIIRS,n,2,300.62,3.33,N,0.0,industrial_nearby,1,98,475.3,8367.0,2.508492063492064,11.71,1.680059238942467,1.3275,0.9232804232804231,Industrial,unavailable,unavailable,unavailable,Normal,Industrial,0.9995,17.7,6,High,Stable
22.32091,82.53887,311.96,0.4,0.37,2026-05-19,2006,N20,VIIRS,n,2,300.68,3.28,N,0.0,industrial_direct,1,98,0.0,7838.4,2.508492063492064,11.71,1.680059238942467,1.3076,0.9232804232804231,Industrial,unavailable,unavailable,unavailable,Normal,Industrial,0.9997,244.6,6,High,Stable
22.35891,82.3053,317.52,0.41,0.37,2026-05-19,2006,N20,VIIRS,n,2,301.83,1.68,N,2.0,industrial_direct,2,96,0.0,25100.1,3.5459414225941424,26.78,3.275989787681158,0.4738,0.7489539748953975,Industrial,unavailable,unavailable,unavailable,Normal,Industrial,0.9996,7163.7,3,Medium,Stable
22.32188,82.57875,313.83,0.4,0.37,2026-05-19,2006,N20,VIIRS,n,2,301.12,4.45,N,0.0,industrial_direct,11,23,0.0,8353.7,1.7126666666666666,4.45,0.9003713154844096,2.5983,1.0,Industrial,unavailable,unavailable,unavailable,Abnormal spike,Industrial,0.9949,439.1,9,Critical,Abnormal
22.33313,82.57269,311.14,0.4,0.37,2026-05-19,2006,N20,VIIRS,n,2,299.77,1.35,N,2.0,industrial_direct,3,71,0.0,6964.3,2.7918248175182483,11.59,1.9379155034462177,0.4836,0.8394160583941606,Industrial,unavailable,unavailable,unavailable,Normal,Industrial,0.9999,1690.2,4,Medium,Stable
22.3313,82.60807,319.92,0.4,0.37,2026-05-19,2006,N20,VIIRS,n,2,300.6,5.3,N,0.0,industrial_nearby,5,73,46.5,9129.8,2.765913043478261,15.28,2.376793836187871,1.9162,0.8260869565217391,Industrial,unavailable,unavailable,unavailable,Normal,Industrial,0.9984,238.9,6,High,Stable
22.3365,82.57327,312.57,0.4,0.37,2026-05-19,2006,N20,VIIRS,n,2,300.14,1.35,N,2.0,industrial_direct,3,71,0.0,6643.2,2.7918248175182483,11.59,1.9379155034462177,0.4836,0.8394160583941606,Industrial,unavailable,unavailable,unavailable,Normal,Industrial,0.9999,2046.5,4,Medium,Stable
22.32994,82.66316,311.08,0.4,0.37,2026-05-19,2006,N20,VIIRS,n,2,299.05,3.59,N,0.0,industrial_direct,115,2,0.0,12302.8,3.31,3.59,0.3959797974644668,1.0846,0.5,Unknown,unavailable,unavailable,unavailable,Normal,Unknown,0.9999,1722.4,4,Medium,Escalating
22.33601,82.5534,313.46,0.4,0.37,2026-05-19,2006,N20,VIIRS,n,2,300.69,1.86,N,0.0,industrial_direct,4,61,0.0,6161.9,2.2546153846153847,13.9,1.6402420650106009,0.825,0.8632478632478633,Industrial,unavailable,unavailable,unavailable,Normal,Industrial,0.9999,1823.1,4,Medium,Stable
22.31475,82.53384,316.72,0.4,0.37,2026-05-19,2006,N20,VIIRS,n,2,301.28,2.74,N,2.0,industrial_nearby,1,98,21.9,8582.1,2.508492063492064,11.71,1.680059238942467,1.0923,0.9232804232804231,Industrial,unavailable,unavailable,unavailable,Normal,Industrial,0.9996,236.5,6,High,Stable
22.19197,82.4789,341.6,0.45,0.47,2026-05-20,718,N20,VIIRS,n,2,310.81,4.35,D,0.0,unclassified,-1,0,11709.9,23154.1,,,,,,Natural Fire,unavailable,unavailable,unavailable,Normal,Natural Fire,0.9998,12091.4,0,Low,Stable
22.11692,82.85824,336.71,0.43,0.46,2026-05-20,718,N20,VIIRS,l,2,307.39,8.64,D,0.0,unclassified,-1,0,13983.9,17959.9,,,,,,Natural Fire,unavailable,unavailable,unavailable,Normal,Natural Fire,0.9984,1631.0,1,Low,Stable
22.3155,82.55376,315.34,0.45,0.47,2026-05-20,1947,N20,VIIRS,n,2,300.17,6.1,N,0.0,industrial_nearby,1,98,86.9,8425.7,2.508492063492064,11.71,1.680059238942467,2.4317,0.9232804232804231,Industrial,unavailable,unavailable,unavailable,Normal,Industrial,0.9991,247.4,6,High,Stable
22.315,82.55812,313.49,0.45,0.47,2026-05-20,1947,N20,VIIRS,n,2,299.95,6.16,N,2.0,industrial_direct,1,98,0.0,8530.7,2.508492063492064,11.71,1.680059238942467,2.4557,0.9232804232804231,Industrial,unavailable,unavailable,unavailable,Normal,Industrial,0.9991,583.6,5,High,Stable
22.32373,82.66866,310.48,0.44,0.46,2026-05-20,1947,N20,VIIRS,n,2,298.36,4.87,N,0.0,industrial_direct,28,16,0.0,12707.3,1.61,4.87,1.2244374458597422,3.0248,1.0,Industrial,unavailable,unavailable,unavailable,Abnormal spike,Industrial,0.9825,2518.7,7,Critical,Abnormal
22.33082,82.60863,315.69,0.44,0.46,2026-05-20,1947,N20,VIIRS,n,2,299.28,5.71,N,2.0,industrial_nearby,5,73,118.2,9207.8,2.765913043478261,15.28,2.376793836187871,2.0644,0.8260869565217391,Industrial,unavailable,unavailable,unavailable,Normal,Industrial,0.9979,160.8,6,High,Stable
22.23359,82.34762,344.35,0.35,0.57,2026-05-22,821,N20,VIIRS,n,2,304.93,5.54,D,0.0,unclassified,179,1,11376.5,26943.6,3.646666666666667,5.54,1.6396747644985372,1.5192,0.0,Natural Fire,unavailable,unavailable,unavailable,Normal,Natural Fire,0.9992,10716.9,0,Low,Stable
22.54076,82.45251,335.0,0.36,0.57,2026-05-22,821,N20,VIIRS,n,2,302.25,1.22,D,0.0,unclassified,181,1,11473.9,2706.8,1.715,2.21,0.7000357133746821,0.7114,0.0,Natural Fire,unavailable,unavailable,unavailable,Normal,Natural Fire,0.9995,16904.5,0,Low,Escalating
22.54118,82.45257,334.35,0.36,0.57,2026-05-22,821,N20,VIIRS,n,2,302.01,2.21,D,0.0,unclassified,181,1,11508.8,2662.2,1.715,2.21,0.7000357133746821,1.2886,0.0,Natural Fire,unavailable,unavailable,unavailable,Normal,Natural Fire,0.9996,16949.1,0,Low,Escalating
22.23304,82.34176,340.68,0.35,0.57,2026-05-22,821,N20,VIIRS,n,2,302.53,2.67,D,0.0,unclassified,-1,0,11079.5,27444.9,,,,,,Natural Fire,unavailable,unavailable,unavailable,Normal,Natural Fire,0.9999,10913.9,0,Low,Stable
22.23387,82.35055,337.65,0.35,0.57,2026-05-22,821,N20,VIIRS,n,2,305.37,2.7,D,0.0,unclassified,179,1,11534.6,26694.2,3.646666666666667,5.54,1.6396747644985372,0.7404,0.0,Natural Fire,unavailable,unavailable,unavailable,Normal,Natural Fire,0.9996,10629.5,0,Low,Stable
22.23416,82.35358,334.77,0.35,0.57,2026-05-22,821,N20,VIIRS,n,2,302.67,2.7,D,0.0,unclassified,179,1,11704.2,26437.4,3.646666666666667,5.54,1.6396747644985372,0.7404,0.0,Natural Fire,unavailable,unavailable,unavailable,Normal,Natural Fire,0.999,10547.5,0,Low,Stable
22.22832,82.34772,330.55,0.35,0.57,2026-05-22,821,N20,VIIRS,l,2,303.8,3.45,D,0.0,unclassified,136,2,10854.5,27317.9,3.257142857142857,3.68,0.4371008383166782,1.0592,0.1428571428571428,Natural Fire,unavailable,unavailable,unavailable,Normal,Natural Fire,0.9998,11287.0,0,Low,Stable
22.22858,82.35046,346.67,0.35,0.57,2026-05-22,821,N20,VIIRS,n,2,305.66,3.68,D,0.0,unclassified,136,2,11007.7,27087.5,3.257142857142857,3.68,0.4371008383166782,1.1298,0.1428571428571428,Natural Fire,unavailable,unavailable,unavailable,Normal,Natural Fire,0.9992,11208.1,0,Low,Stable
22.22884,82.35326,345.36,0.35,0.57,2026-05-22,821,N20,VIIRS,n,2,303.14,3.68,D,0.0,unclassified,136,2,11169.0,26853.5,3.257142857142857,3.68,0.4371008383166782,1.1298,0.1428571428571428,Natural Fire,unavailable,unavailable,unavailable,Normal,Natural Fire,0.9993,11135.0,0,Low,Stable
22.22763,82.51118,335.27,0.36,0.57,2026-05-22,821,N20,VIIRS,l,2,306.28,2.17,D,0.0,unclassified,-1,0,6920.5,18491.6,,,,,,Natural Fire,unavailable,unavailable,unavailable,Normal,Natural Fire,0.9999,7917.7,0,Low,Stable
22.22787,82.34887,331.44,0.35,0.57,2026-05-22,821,N20,VIIRS,l,2,303.93,3.01,D,0.0,unclassified,136,2,10862.9,27262.2,3.257142857142857,3.68,0.4371008383166782,0.9241,0.1428571428571428,Natural Fire,unavailable,unavailable,unavailable,Normal,Natural Fire,0.9997,11314.0,0,Low,Stable
22.22815,82.3516,346.94,0.35,0.57,2026-05-22,821,N20,VIIRS,n,2,304.65,2.71,D,0.0,unclassified,136,2,11020.4,27031.8,3.257142857142857,3.68,0.4371008383166782,0.832,0.1428571428571428,Natural Fire,unavailable,unavailable,unavailable,Normal,Natural Fire,0.9994,11236.1,0,Low,Stable
22.22844,82.3545,335.75,0.35,0.57,2026-05-22,821,N20,VIIRS,n,2,301.26,2.71,D,0.0,unclassified,136,2,11192.4,26788.6,3.257142857142857,3.68,0.4371008383166782,0.832,0.1428571428571428,Natural Fire,unavailable,unavailable,unavailable,Normal,Natural Fire,0.9992,11161.5,0,Low,Stable
22.31502,82.5352,305.18,0.35,0.57,2026-05-22,2050,N20,VIIRS,n,2,284.62,0.8,N,2.0,industrial_nearby,1,98,66.1,8531.9,2.508492063492064,11.71,1.680059238942467,0.3189,0.9232804232804231,Industrial,unavailable,unavailable,unavailable,Normal,Industrial,0.9999,268.5,6,High,Stable
22.32013,82.53648,304.19,0.35,0.57,2026-05-22,2050,N20,VIIRS,n,2,283.87,0.8,N,2.0,industrial_direct,1,98,0.0,7953.4,2.508492063492064,11.71,1.680059238942467,0.3189,0.9232804232804231,Industrial,unavailable,unavailable,unavailable,Normal,Industrial,0.9999,382.0,6,High,Stable
22.33973,82.49586,299.5,0.35,0.57,2026-05-22,2050,N20,VIIRS,n,2,278.41,0.24,N,0.0,industrial_direct,180,5,0.0,7754.1,1.0816666666666668,3.38,1.1588859593017191,0.2219,1.0,Unknown,unavailable,unavailable,unavailable,Normal,Unknown,0.9971,541.4,5,High,Stable
22.36046,82.30205,304.31,0.34,0.56,2026-05-22,2050,N20,VIIRS,n,2,283.2,0.79,N,2.0,industrial_direct,2,96,0.0,25406.9,3.5459414225941424,26.78,3.275989787681158,0.2228,0.7489539748953975,Industrial,unavailable,unavailable,unavailable,Normal,Industrial,0.9996,7436.2,3,Medium,Stable
22.35542,82.30085,305.44,0.34,0.56,2026-05-22,2050,N20,VIIRS,n,2,283.06,0.79,N,2.0,industrial_direct,2,96,0.0,25612.1,3.5459414225941424,26.78,3.275989787681158,0.2228,0.7489539748953975,Industrial,unavailable,unavailable,unavailable,Normal,Industrial,0.9996,7535.7,3,Medium,Stable
22.52794,82.30721,336.43,0.54,0.42,2026-05-23,802,N20,VIIRS,l,2,309.65,6.8,D,0.0,unclassified,-1,0,17809.2,15832.4,,,,,,Natural Fire,unavailable,unavailable,unavailable,Normal,Natural Fire,0.9922,15814.4,0,Low,Stable
22.35651,82.30023,313.24,0.52,0.42,2026-05-23,2031,N20,VIIRS,n,2,297.14,3.33,N,2.0,industrial_direct,2,96,0.0,25656.3,3.5459414225941424,26.78,3.275989787681158,0.9391,0.7489539748953975,Industrial,unavailable,unavailable,unavailable,Normal,Industrial,0.9985,7642.4,3,Medium,Stable
22.35935,82.30603,310.38,0.52,0.42,2026-05-23,2031,N20,VIIRS,n,2,299.44,4.2,N,2.0,industrial_direct,2,96,0.0,25018.6,3.5459414225941424,26.78,3.275989787681158,1.1845,0.7489539748953975,Industrial,unavailable,unavailable,unavailable,Normal,Industrial,0.9987,7077.4,3,Medium,Stable
22.3132,82.5289,310.0,0.54,0.42,2026-05-23,2031,N20,VIIRS,n,2,295.12,2.68,N,2.0,industrial_direct,1,98,0.0,8843.5,2.508492063492064,11.71,1.680059238942467,1.0684,0.9232804232804231,Industrial,unavailable,unavailable,unavailable,Normal,Industrial,0.9996,558.2,5,High,Stable
22.31695,82.55119,310.11,0.54,0.42,2026-05-23,2031,N20,VIIRS,n,2,293.74,3.03,N,0.0,industrial_nearby,1,98,332.4,8247.0,2.508492063492064,11.71,1.680059238942467,1.2079,0.9232804232804231,Industrial,unavailable,unavailable,unavailable,Normal,Industrial,0.9996,161.2,6,High,Stable
22.31605,82.53487,312.23,0.54,0.42,2026-05-23,2031,N20,VIIRS,n,2,295.31,2.68,N,2.0,industrial_direct,1,98,0.0,8423.8,2.508492063492064,11.71,1.680059238942467,1.0684,0.9232804232804231,Industrial,unavailable,unavailable,unavailable,Normal,Industrial,0.9996,378.8,6,High,Stable
22.33315,82.57103,308.77,0.54,0.42,2026-05-23,2031,N20,VIIRS,n,2,291.88,2.68,N,2.0,industrial_direct,3,71,0.0,6900.3,2.7918248175182483,11.59,1.9379155034462177,0.9599,0.8394160583941606,Industrial,unavailable,unavailable,unavailable,Normal,Industrial,0.9997,1736.9,4,Medium,Stable
22.33612,82.5553,310.07,0.54,0.42,2026-05-23,2031,N20,VIIRS,n,2,294.29,2.8,N,0.0,industrial_direct,4,61,0.0,6174.5,2.2546153846153847,13.9,1.6402420650106009,1.2419,0.8632478632478633,Industrial,unavailable,unavailable,unavailable,Normal,Industrial,0.9997,1910.6,4,Medium,Stable
22.33601,82.57707,308.37,0.54,0.42,2026-05-23,2031,N20,VIIRS,n,2,293.66,2.13,N,2.0,industrial_direct,3,71,0.0,6857.7,2.7918248175182483,11.59,1.9379155034462177,0.7629,0.8394160583941606,Industrial,unavailable,unavailable,unavailable,Normal,Industrial,0.9999,1971.9,4,Medium,Stable
22.34299,82.49779,306.14,0.54,0.42,2026-05-23,2031,N20,VIIRS,n,2,293.25,0.56,N,0.0,industrial_direct,180,5,0.0,7354.4,1.0816666666666668,3.38,1.1588859593017191,0.5177,1.0,Unknown,unavailable,unavailable,unavailable,Normal,Unknown,0.9989,898.8,5,High,Stable
22.35712,82.30441,346.62,0.38,0.36,2026-05-24,744,N20,VIIRS,l,2,319.75,11.32,D,2.0,industrial_direct,2,96,0.0,25220.5,3.5459414225941424,26.78,3.275989787681158,3.1924,0.7489539748953975,Industrial,unavailable,unavailable,unavailable,Abnormal spike,Industrial,0.9985,7279.7,6,High,Abnormal
22.31319,82.53041,310.47,0.38,0.36,2026-05-24,2012,N20,VIIRS,n,2,294.66,1.74,N,2.0,industrial_nearby,1,98,14.5,8813.5,2.508492063492064,11.71,1.680059238942467,0.6936,0.9232804232804231,Industrial,unavailable,unavailable,unavailable,Normal,Industrial,0.9999,406.2,6,High,Stable
22.3186,82.53901,309.74,0.38,0.36,2026-05-24,2012,N20,VIIRS,n,2,293.92,1.29,N,2.0,industrial_direct,1,98,0.0,8091.4,2.508492063492064,11.71,1.680059238942467,0.5143,0.9232804232804231,Industrial,unavailable,unavailable,unavailable,Normal,Industrial,0.9999,77.9,6,High,Stable
22.35581,82.30231,314.9,0.38,0.36,2026-05-24,2012,N20,VIIRS,n,2,298.94,1.49,N,2.0,industrial_direct,2,96,0.0,25456.8,3.5459414225941424,26.78,3.275989787681158,0.4202,0.7489539748953975,Industrial,unavailable,unavailable,unavailable,Normal,Industrial,0.9996,7415.1,3,Medium,Stable
22.35911,82.3029,317.55,0.38,0.36,2026-05-24,2012,N20,VIIRS,n,2,298.08,1.66,N,2.0,industrial_direct,2,96,0.0,25341.4,3.5459414225941424,26.78,3.275989787681158,0.4681,0.7489539748953975,Industrial,unavailable,unavailable,unavailable,Normal,Industrial,0.9996,7393.4,3,Medium,Stable
22.33039,82.5716,313.95,0.38,0.36,2026-05-24,2012,N20,VIIRS,n,2,292.93,1.54,N,0.0,industrial_direct,3,71,0.0,7207.3,2.7918248175182483,11.59,1.9379155034462177,0.5516,0.8394160583941606,Industrial,unavailable,unavailable,unavailable,Normal,Industrial,0.9999,1428.6,5,High,Stable
22.3159,82.53471,316.14,0.38,0.36,2026-05-24,2012,N20,VIIRS,n,2,296.12,1.29,N,2.0,industrial_direct,1,98,0.0,8442.7,2.508492063492064,11.71,1.680059238942467,0.5143,0.9232804232804231,Industrial,unavailable,unavailable,unavailable,Normal,Industrial,0.9999,360.7,6,High,Stable
22.3366,82.55371,310.38,0.38,0.36,2026-05-24,2012,N20,VIIRS,n,2,294.17,1.8,N,0.0,industrial_direct,4,61,0.0,6100.6,2.2546153846153847,13.9,1.6402420650106009,0.7984,0.8632478632478633,Industrial,unavailable,unavailable,unavailable,Normal,Industrial,0.9999,1895.8,4,Medium,Stable
22.3317,82.60609,317.31,0.38,0.36,2026-05-24,2012,N20,VIIRS,n,2,293.54,1.63,N,2.0,industrial_direct,5,73,0.0,8959.3,2.765913043478261,15.28,2.376793836187871,0.5893,0.8260869565217391,Industrial,unavailable,unavailable,unavailable,Normal,Industrial,0.9998,416.0,6,High,Stable
22.33638,82.5765,310.76,0.38,0.36,2026-05-24,2012,N20,VIIRS,n,2,294.22,1.02,N,2.0,industrial_direct,3,71,0.0,6795.0,2.7918248175182483,11.59,1.9379155034462177,0.3654,0.8394160583941606,Industrial,unavailable,unavailable,unavailable,Normal,Industrial,0.9999,2011.0,4,Medium,Stable
22.34207,82.49763,307.12,0.38,0.36,2026-05-24,2012,N20,VIIRS,n,2,291.46,0.45,N,0.0,industrial_direct,180,5,0.0,7440.1,1.0816666666666668,3.38,1.1588859593017191,0.416,1.0,Unknown,unavailable,unavailable,unavailable,Normal,Unknown,0.999,795.7,5,High,Stable
22.35974,82.30239,300.93,0.43,0.62,2026-05-27,2056,N20,VIIRS,n,2,267.04,0.47,N,2.0,industrial_direct,2,96,0.0,25383.4,3.5459414225941424,26.78,3.275989787681158,0.1325,0.7489539748953975,Industrial,unavailable,unavailable,unavailable,Normal,Industrial,0.9996,7424.1,3,Medium,Stable
22.35605,82.30269,299.34,0.43,0.62,2026-05-27,2056,N20,VIIRS,n,2,267.76,0.78,N,2.0,industrial_direct,2,96,0.0,25413.9,3.5459414225941424,26.78,3.275989787681158,0.22,0.7489539748953975,Industrial,unavailable,unavailable,unavailable,Normal,Industrial,0.9996,7390.3,3,Medium,Stable
22.49269,82.6722,338.56,0.47,0.47,2026-05-28,809,N20,VIIRS,l,2,310.0,4.14,D,0.0,unclassified,-1,0,4590.8,8119.8,,,,,,Natural Fire,unavailable,unavailable,unavailable,Normal,Natural Fire,0.9992,10941.7,0,Low,Stable
22.35591,82.30437,342.45,0.44,0.46,2026-05-28,809,N20,VIIRS,n,2,310.39,7.01,D,2.0,industrial_direct,2,96,0.0,25245.5,3.5459414225941424,26.78,3.275989787681158,1.9769,0.7489539748953975,Industrial,unavailable,unavailable,unavailable,Normal,Industrial,0.9986,7226.4,3,Medium,Stable
22.20594,82.46021,340.71,0.45,0.47,2026-05-28,809,N20,VIIRS,n,2,305.95,3.94,D,0.0,unclassified,-1,0,11288.5,22379.8,,,,,,Natural Fire,unavailable,unavailable,unavailable,Normal,Natural Fire,0.9998,11200.3,0,Low,Stable
22.31374,82.53262,310.08,0.45,0.47,2026-05-28,2037,N20,VIIRS,n,2,294.59,1.68,N,2.0,industrial_nearby,1,98,60.7,8712.7,2.508492063492064,11.71,1.680059238942467,0.6697,0.9232804232804231,Industrial,unavailable,unavailable,unavailable,Normal,Industrial,0.9999,212.3,6,High,Stable
22.3595,82.30291,317.32,0.43,0.46,2026-05-28,2037,N20,VIIRS,n,2,295.71,2.47,N,2.0,industrial_direct,2,96,0.0,25334.2,3.5459414225941424,26.78,3.275989787681158,0.6966,0.7489539748953975,Industrial,unavailable,unavailable,unavailable,Normal,Industrial,0.9994,7380.1,3,Medium,Stable
22.31796,82.53357,310.96,0.45,0.47,2026-05-28,2037,N20,VIIRS,n,2,295.05,1.68,N,2.0,industrial_direct,1,98,0.0,8235.7,2.508492063492064,11.71,1.680059238942467,0.6697,0.9232804232804231,Industrial,unavailable,unavailable,unavailable,Normal,Industrial,0.9999,591.8,5,High,Stable
22.32132,82.53878,309.2,0.45,0.47,2026-05-28,2037,N20,VIIRS,n,2,294.27,0.99,N,0.0,industrial_direct,1,98,0.0,7794.2,2.508492063492064,11.71,1.680059238942467,0.3947,0.9232804232804231,Industrial,unavailable,unavailable,unavailable,Normal,Industrial,0.9999,287.3,6,High,Stable
22.32468,82.54396,309.69,0.45,0.47,2026-05-28,2037,N20,VIIRS,n,2,294.79,0.99,N,2.0,industrial_direct,1,98,0.0,7384.2,2.508492063492064,11.71,1.680059238942467,0.3947,0.9232804232804231,Industrial,unavailable,unavailable,unavailable,Normal,Industrial,0.9999,389.0,6,High,Stable
22.33563,82.55535,310.97,0.45,0.47,2026-05-28,2037,N20,VIIRS,n,2,294.82,1.52,N,0.0,industrial_direct,4,61,0.0,6229.0,2.2546153846153847,13.9,1.6402420650106009,0.6742,0.8632478632478633,Industrial,unavailable,unavailable,unavailable,Normal,Industrial,0.9999,1863.1,4,Medium,Stable
22.35535,82.30201,313.11,0.43,0.46,2026-05-28,2037,N20,VIIRS,n,2,295.62,1.71,N,2.0,industrial_direct,2,96,0.0,25495.4,3.5459414225941424,26.78,3.275989787681158,0.4822,0.7489539748953975,Industrial,unavailable,unavailable,unavailable,Normal,Industrial,0.9995,7422.9,3,Medium,Stable
22.3322,82.57269,315.2,0.45,0.47,2026-05-28,2037,N20,VIIRS,n,2,294.51,2.15,N,2.0,industrial_direct,3,71,0.0,7060.0,2.7918248175182483,11.59,1.9379155034462177,0.7701,0.8394160583941606,Industrial,unavailable,unavailable,unavailable,Normal,Industrial,0.9999,1589.7,4,Medium,Stable
22.12497,82.85635,344.5,0.41,0.37,2026-05-29,750,N20,VIIRS,n,2,312.72,8.65,D,0.0,unclassified,111,2,13072.4,17096.1,13.465,18.28,6.809438302826452,0.6424,0.0,Natural Fire,unavailable,unavailable,unavailable,Normal,Natural Fire,0.985,1555.3,1,Low,Stable
22.12482,82.73135,343.2,0.41,0.37,2026-05-29,750,N20,VIIRS,l,2,313.3,8.13,D,0.0,unclassified,-1,0,3654.4,22603.6,,,,,,Natural Fire,unavailable,unavailable,unavailable,Normal,Natural Fire,0.9986,12037.1,0,Low,Stable
22.13667,82.45058,341.61,0.4,0.37,2026-05-29,750,N20,VIIRS,n,2,311.23,4.5,D,0.0,unclassified,-1,0,15226.4,29887.4,,,,,,Natural Fire,unavailable,unavailable,unavailable,Normal,Natural Fire,0.9764,18755.3,0,Low,Stable
22.21844,82.95094,340.17,0.41,0.37,2026-05-29,750,N20,VIIRS,n,2,309.46,5.64,D,0.0,unclassified,-1,0,13346.1,10044.7,,,,,,Natural Fire,unavailable,unavailable,unavailable,Normal,Natural Fire,0.9941,13823.6,0,Low,Stable
22.32274,82.54221,313.36,0.4,0.37,2026-05-29,2019,N20,VIIRS,n,2,296.58,0.89,N,0.0,industrial_direct,1,98,0.0,7607.9,2.508492063492064,11.71,1.680059238942467,0.3548,0.9232804232804231,Industrial,unavailable,unavailable,unavailable,Normal,Industrial,0.9999,225.2,6,High,Stable
22.31822,82.56925,314.26,0.4,0.37,2026-05-29,2019,N20,VIIRS,n,2,296.73,1.15,N,0.0,industrial_direct,1,98,0.0,8417.3,2.508492063492064,11.71,1.680059238942467,0.4584,0.9232804232804231,Industrial,unavailable,unavailable,unavailable,Normal,Industrial,0.9999,514.4,5,High,Stable
22.32505,82.59058,310.73,0.4,0.37,2026-05-29,2019,N20,VIIRS,n,2,296.7,0.98,N,2.0,industrial_direct,11,23,0.0,8592.4,1.7126666666666666,4.45,0.9003713154844096,0.5722,1.0,Industrial,unavailable,unavailable,unavailable,Normal,Industrial,0.9998,940.8,5,High,Stable
22.35898,82.30371,316.9,0.4,0.37,2026-05-29,2019,N20,VIIRS,n,2,298.36,1.87,N,2.0,industrial_direct,2,96,0.0,25261.0,3.5459414225941424,26.78,3.275989787681158,0.5274,0.7489539748953975,Industrial,unavailable,unavailable,unavailable,Normal,Industrial,0.9995,7317.8,3,Medium,Stable
22.34051,82.49788,311.75,0.4,0.37,2026-05-29,2019,N20,VIIRS,n,2,295.85,0.99,N,0.0,industrial_direct,180,5,0.0,7550.4,1.0816666666666668,3.38,1.1588859593017191,0.9153,1.0,Unknown,unavailable,unavailable,unavailable,Normal,Unknown,0.9997,628.2,5,High,Stable
22.35565,82.30308,321.58,0.4,0.37,2026-05-29,2019,N20,VIIRS,n,2,298.72,2.07,N,2.0,industrial_direct,2,96,0.0,25381.3,3.5459414225941424,26.78,3.275989787681158,0.5838,0.7489539748953975,Industrial,unavailable,unavailable,unavailable,Normal,Industrial,0.9995,7335.5,3,Medium,Stable
22.31732,82.5332,311.97,0.4,0.37,2026-05-29,2019,N20,VIIRS,n,2,297.97,1.34,N,2.0,industrial_direct,1,98,0.0,8311.9,2.508492063492064,11.71,1.680059238942467,0.5342,0.9232804232804231,Industrial,unavailable,unavailable,unavailable,Normal,Industrial,0.9999,528.6,5,High,Stable
22.31667,82.53705,315.51,0.4,0.37,2026-05-29,2019,N20,VIIRS,n,2,297.23,1.09,N,2.0,industrial_direct,1,98,0.0,8325.9,2.508492063492064,11.71,1.680059238942467,0.4345,0.9232804232804231,Industrial,unavailable,unavailable,unavailable,Normal,Industrial,0.9999,257.7,6,High,Stable
22.31396,82.53255,311.04,0.4,0.37,2026-05-29,2019,N20,VIIRS,n,2,297.31,1.34,N,2.0,industrial_nearby,1,98,35.8,8689.9,2.508492063492064,11.71,1.680059238942467,0.5342,0.9232804232804231,Industrial,unavailable,unavailable,unavailable,Normal,Industrial,0.9999,232.5,6,High,Stable
22.32003,82.5377,311.5,0.4,0.37,2026-05-29,2019,N20,VIIRS,n,2,296.92,0.89,N,2.0,industrial_direct,1,98,0.0,7948.6,2.508492063492064,11.71,1.680059238942467,0.3548,0.9232804232804231,Industrial,unavailable,unavailable,unavailable,Normal,Industrial,0.9999,264.7,6,High,Stable
22.33163,82.57192,316.42,0.4,0.37,2026-05-29,2019,N20,VIIRS,n,2,296.68,1.8,N,2.0,industrial_direct,3,71,0.0,7090.2,2.7918248175182483,11.59,1.9379155034462177,0.6447,0.8394160583941606,Industrial,unavailable,unavailable,unavailable,Normal,Industrial,0.9999,1549.0,4,Medium,Stable
22.33324,82.57145,313.04,0.4,0.37,2026-05-29,2019,N20,VIIRS,n,2,296.43,1.2,N,2.0,industrial_direct,3,71,0.0,6906.4,2.7918248175182483,11.59,1.9379155034462177,0.4298,0.8394160583941606,Industrial,unavailable,unavailable,unavailable,Normal,Industrial,0.9999,1733.7,4,Medium,Stable
22.33828,82.66444,311.99,0.4,0.37,2026-05-29,2019,N20,VIIRS,n,2,295.84,0.76,N,0.0,industrial_direct,117,8,0.0,11415.1,2.413,6.07,2.0614991847897706,0.315,0.8,Unknown,unavailable,unavailable,unavailable,Normal,Unknown,0.9987,1810.7,4,Medium,Stable
22.33422,82.5564,310.21,0.4,0.37,2026-05-29,2019,N20,VIIRS,n,2,296.49,0.9,N,0.0,industrial_direct,4,61,0.0,6399.4,2.2546153846153847,13.9,1.6402420650106009,0.3992,0.8632478632478633,Industrial,unavailable,unavailable,unavailable,Normal,Industrial,0.9999,1773.0,4,Medium,Stable
22.33595,82.57597,311.4,0.4,0.37,2026-05-29,2019,N20,VIIRS,n,2,297.07,1.2,N,2.0,industrial_direct,3,71,0.0,6814.1,2.7918248175182483,11.59,1.9379155034462177,0.4298,0.8394160583941606,Industrial,unavailable,unavailable,unavailable,Normal,Industrial,0.9999,1963.3,4,Medium,Stable
22.3307,82.60687,318.0,0.4,0.37,2026-05-29,2019,N20,VIIRS,n,2,296.93,1.44,N,2.0,industrial_direct,5,73,0.0,9095.3,2.765913043478261,15.28,2.376793836187871,0.5206,0.8260869565217391,Industrial,unavailable,unavailable,unavailable,Normal,Industrial,0.9998,286.6,6,High,Stable
22.33588,82.55593,315.28,0.4,0.37,2026-05-29,2019,N20,VIIRS,n,2,297.48,1.04,N,0.0,industrial_direct,4,61,0.0,6210.3,2.2546153846153847,13.9,1.6402420650106009,0.4613,0.8632478632478633,Industrial,unavailable,unavailable,unavailable,Normal,Industrial,0.9999,1913.5,4,Medium,Stable
22.33762,82.66832,309.25,0.4,0.37,2026-05-29,2019,N20,VIIRS,n,2,295.79,0.6,N,0.0,industrial_direct,117,8,0.0,11307.3,2.413,6.07,2.0614991847897706,0.2487,0.8,Unknown,unavailable,unavailable,unavailable,Normal,Unknown,0.998,2194.6,4,Medium,Stable
22.32946,82.60713,334.74,0.45,0.39,2026-05-30,731,N20,VIIRS,l,2,305.46,2.96,D,2.0,industrial_nearby,5,73,20.2,9215.2,2.765913043478261,15.28,2.376793836187871,1.0702,0.8260869565217391,Industrial,unavailable,unavailable,unavailable,Normal,Industrial,0.9986,200.7,6,High,Stable
22.35692,82.30316,338.17,0.46,0.39,2026-05-30,731,N20,VIIRS,l,2,308.49,6.58,D,2.0,industrial_direct,2,96,0.0,25351.1,3.5459414225941424,26.78,3.275989787681158,1.8556,0.7489539748953975,Industrial,unavailable,unavailable,unavailable,Normal,Industrial,0.9987,7386.5,3,Medium,Stable
22.35828,82.30255,299.06,0.46,0.39,2026-05-30,2000,N20,VIIRS,n,2,266.66,0.88,N,2.0,industrial_direct,2,96,0.0,25390.5,3.5459414225941424,26.78,3.275989787681158,0.2482,0.7489539748953975,Industrial,unavailable,unavailable,unavailable,Normal,Industrial,0.9996,7454.8,3,Medium,Stable
22.31647,82.53551,306.94,0.56,0.51,2026-05-31,1941,N20,VIIRS,n,2,292.07,5.0,N,2.0,industrial_direct,1,98,0.0,8368.4,2.508492063492064,11.71,1.680059238942467,1.9932,0.9232804232804231,Industrial,unavailable,unavailable,unavailable,Normal,Industrial,0.9995,411.4,6,High,Stable
22.35767,82.30482,338.56,0.56,0.69,2026-06-01,835,N20,VIIRS,n,2.0NRT,298.42,5.03,D,,industrial_direct,2,96,0.0,25169.5,3.5459414225941424,26.78,3.275989787681158,1.4185,0.7489539748953975,Industrial,unavailable,unavailable,unavailable,Normal,Industrial,0.9987,7252.9,3,Medium,Stable
22.35354,82.30489,336.24,0.56,0.69,2026-06-01,835,N20,VIIRS,n,2.0NRT,298.57,5.37,D,,industrial_direct,2,96,0.0,25235.8,3.5459414225941424,26.78,3.275989787681158,1.5144,0.7489539748953975,Industrial,unavailable,unavailable,unavailable,Normal,Industrial,0.9983,7071.4,3,Medium,Stable
22.31525,82.55936,302.89,0.57,0.69,2026-06-01,1921,N20,VIIRS,n,2.0NRT,285.2,1.05,N,,industrial_direct,1,98,0.0,8521.8,2.508492063492064,11.71,1.680059238942467,0.4186,0.9232804232804231,Industrial,unavailable,unavailable,unavailable,Normal,Industrial,0.9999,667.9,5,High,Stable
22.33102,82.60535,302.99,0.56,0.69,2026-06-01,1921,N20,VIIRS,n,2.0NRT,286.46,0.91,N,,industrial_nearby,5,73,11.0,8964.3,2.765913043478261,15.28,2.376793836187871,0.329,0.8260869565217391,Industrial,unavailable,unavailable,unavailable,Normal,Industrial,0.9998,441.7,6,High,Stable
22.33427,82.57287,318.91,0.56,0.69,2026-06-01,2101,N20,VIIRS,n,2.0NRT,289.3,3.2,N,,industrial_direct,3,71,0.0,6854.4,2.7918248175182483,11.59,1.9379155034462177,1.1462,0.8394160583941606,Industrial,unavailable,unavailable,unavailable,Normal,Industrial,0.9997,1810.1,4,Medium,Stable
22.31885,82.53814,304.7,0.56,0.69,2026-06-01,2101,N20,VIIRS,n,2.0NRT,289.37,2.74,N,,industrial_direct,1,98,0.0,8073.2,2.508492063492064,11.71,1.680059238942467,1.0923,0.9232804232804231,Industrial,unavailable,unavailable,unavailable,Normal,Industrial,0.9996,171.5,6,High,Stable
22.35485,82.30133,320.39,0.54,0.68,2026-06-01,2101,N20,VIIRS,n,2.0NRT,287.59,2.56,N,,industrial_direct,2,96,0.0,25573.4,3.5459414225941424,26.78,3.275989787681158,0.722,0.7489539748953975,Industrial,unavailable,unavailable,unavailable,Normal,Industrial,0.9993,7465.5,3,Medium,Stable
22.36094,82.30289,311.32,0.54,0.68,2026-06-01,2101,N20,VIIRS,n,2.0NRT,288.56,2.56,N,,industrial_direct,2,96,0.0,25314.0,3.5459414225941424,26.78,3.275989787681158,0.722,0.7489539748953975,Industrial,unavailable,unavailable,unavailable,Normal,Industrial,0.9993,7338.7,3,Medium,Stable
22.31754,82.53381,306.93,0.56,0.69,2026-06-01,2101,N20,VIIRS,n,2.0NRT,289.64,3.56,N,,industrial_direct,1,98,0.0,8277.6,2.508492063492064,11.71,1.680059238942467,1.4192,0.9232804232804231,Industrial,unavailable,unavailable,unavailable,Normal,Industrial,0.9996,542.7,5,High,Stable
22.31395,82.53117,308.87,0.56,0.69,2026-06-01,2101,N20,VIIRS,n,2.0NRT,289.38,2.02,N,,industrial_direct,1,98,0.0,8716.1,2.508492063492064,11.71,1.680059238942467,0.8053,0.9232804232804231,Industrial,unavailable,unavailable,unavailable,Normal,Industrial,0.9998,354.8,6,High,Stable
22.35476,82.30474,306.29,0.54,0.68,2026-06-01,2101,N20,VIIRS,n,2.0NRT,288.26,2.24,N,,industrial_direct,2,96,0.0,25228.5,3.5459414225941424,26.78,3.275989787681158,0.6317,0.7489539748953975,Industrial,unavailable,unavailable,unavailable,Normal,Industrial,0.9995,7139.3,3,Medium,Stable
22.33016,82.57346,332.44,0.58,0.52,2026-06-02,816,N20,VIIRS,n,2.0NRT,296.85,5.84,D,,industrial_direct,3,71,0.0,7299.2,2.7918248175182483,11.59,1.9379155034462177,2.0918,0.8394160583941606,Industrial,unavailable,unavailable,unavailable,Normal,Industrial,0.9992,1352.0,5,High,Stable
22.18873,82.46857,335.13,0.57,0.52,2026-06-02,816,N20,VIIRS,n,2.0NRT,302.99,6.28,D,,unclassified,-1,0,12483.4,23834.8,,,,,,Unknown,unavailable,unavailable,unavailable,Normal,Unknown,0.9927,12701.3,1,Low,Stable
22.18405,82.47647,332.16,0.57,0.52,2026-06-02,816,N20,VIIRS,n,2.0NRT,301.31,5.52,D,,unclassified,-1,0,12615.7,24065.7,,,,,,Unknown,unavailable,unavailable,unavailable,Normal,Unknown,0.994,13001.5,1,Low,Stable
22.35495,82.30235,341.26,0.55,0.51,2026-06-02,816,N20,VIIRS,n,2.0NRT,301.0,9.26,D,,industrial_direct,2,96,0.0,25467.9,3.5459414225941424,26.78,3.275989787681158,2.6114,0.7489539748953975,Industrial,unavailable,unavailable,unavailable,Abnormal spike,Industrial,0.9986,7373.2,6,High,Abnormal
22.33091,82.57127,315.51,0.56,0.52,2026-06-02,2044,N20,VIIRS,n,2.0NRT,291.84,1.65,N,,industrial_direct,3,71,0.0,7141.5,2.7918248175182483,11.59,1.9379155034462177,0.591,0.8394160583941606,Industrial,unavailable,unavailable,unavailable,Normal,Industrial,0.9999,1494.2,5,High,Stable
22.3573,82.30175,331.63,0.54,0.51,2026-06-02,2044,N20,VIIRS,n,2.0NRT,294.06,4.97,N,,industrial_direct,2,96,0.0,25488.2,3.5459414225941424,26.78,3.275989787681158,1.4016,0.7489539748953975,Industrial,unavailable,unavailable,unavailable,Normal,Industrial,0.9986,7535.9,3,Medium,Stable
22.31432,82.53333,308.84,0.56,0.52,2026-06-02,2044,N20,VIIRS,n,2.0NRT,292.6,2.97,N,,industrial_nearby,1,98,38.9,8637.4,2.508492063492064,11.71,1.680059238942467,1.184,0.9232804232804231,Industrial,unavailable,unavailable,unavailable,Normal,Industrial,0.9996,210.2,6,High,Stable
22.31897,82.53442,305.05,0.56,0.52,2026-06-02,2044,N20,VIIRS,n,2.0NRT,292.16,1.88,N,,industrial_direct,1,98,0.0,8111.3,2.508492063492064,11.71,1.680059238942467,0.7495,0.9232804232804231,Industrial,unavailable,unavailable,unavailable,Normal,Industrial,0.9999,552.2,5,High,Stable
22.33556,82.57244,312.06,0.56,0.52,2026-06-02,2044,N20,VIIRS,n,2.0NRT,291.65,1.65,N,,industrial_direct,3,71,0.0,6705.5,2.7918248175182483,11.59,1.9379155034462177,0.591,0.8394160583941606,Industrial,unavailable,unavailable,unavailable,Normal,Industrial,0.9999,1958.8,4,Medium,Stable
22.33222,82.57325,325.15,0.56,0.52,2026-06-02,2044,N20,VIIRS,n,2.0NRT,292.2,3.91,N,,industrial_direct,3,71,0.0,7079.3,2.7918248175182483,11.59,1.9379155034462177,1.4005,0.8394160583941606,Industrial,unavailable,unavailable,unavailable,Normal,Industrial,0.9997,1579.8,4,Medium,Stable
22.35591,82.3014,341.41,0.45,0.39,2026-06-03,756,N20,VIIRS,l,2.0NRT,311.97,6.8,D,,industrial_direct,2,96,0.0,25547.6,3.5459414225941424,26.78,3.275989787681158,1.9177,0.7489539748953975,Industrial,unavailable,unavailable,unavailable,Normal,Industrial,0.9986,7505.3,3,Medium,Stable
22.3318,82.57362,342.05,0.46,0.39,2026-06-03,756,N20,VIIRS,n,2.0NRT,304.75,3.94,D,,industrial_direct,3,71,0.0,7136.8,2.7918248175182483,11.59,1.9379155034462177,1.4113,0.8394160583941606,Industrial,unavailable,unavailable,unavailable,Normal,Industrial,0.9997,1527.1,4,Medium,Stable
22.19894,82.9481,332.67,0.48,0.4,2026-06-03,756,N20,VIIRS,n,2.0NRT,302.11,2.71,D,,unclassified,-1,0,13615.7,11400.0,,,,,,Unknown,unavailable,unavailable,unavailable,Normal,Unknown,0.9952,12295.5,1,Low,Stable
22.17416,82.98404,339.37,0.48,0.4,2026-06-03,756,N20,VIIRS,n,2.0NRT,301.16,14.83,D,,unclassified,-1,0,18067.4,15912.8,,,,,,Unknown,unavailable,unavailable,unavailable,Normal,Unknown,0.993,13972.5,1,Low,Stable
22.34146,82.4994,310.42,0.45,0.39,2026-06-03,2025,N20,VIIRS,n,2.0NRT,294.33,3.38,N,,industrial_direct,180,5,0.0,7367.8,1.0816666666666668,3.38,1.1588859593017191,3.1248,1.0,Unknown,unavailable,unavailable,unavailable,Abnormal spike,Unknown,0.9999,762.0,8,Critical,Abnormal
22.31407,82.52986,311.61,0.45,0.39,2026-06-03,2025,N20,VIIRS,n,2.0NRT,295.91,5.69,N,,industrial_direct,1,98,0.0,8729.0,2.508492063492064,11.71,1.680059238942467,2.2683,0.9232804232804231,Industrial,unavailable,unavailable,unavailable,Normal,Industrial,0.9993,485.6,6,High,Stable
22.31638,82.51678,309.74,0.45,0.39,2026-06-03,2025,N20,VIIRS,n,2.0NRT,296.21,4.48,N,,industrial_direct,1,98,0.0,8854.1,2.508492063492064,11.71,1.680059238942467,1.7859,0.9232804232804231,Industrial,unavailable,unavailable,unavailable,Normal,Industrial,0.9995,361.2,6,High,Stable
22.31685,82.53494,317.19,0.46,0.39,2026-06-03,2025,N20,VIIRS,n,2.0NRT,296.02,6.3,N,,industrial_direct,1,98,0.0,8335.2,2.508492063492064,11.71,1.680059238942467,2.5115,0.9232804232804231,Industrial,unavailable,unavailable,unavailable,Abnormal spike,Industrial,0.9991,467.7,9,Critical,Abnormal
22.35774,82.30222,335.63,0.44,0.39,2026-06-03,2025,N20,VIIRS,n,2.0NRT,297.28,8.61,N,,industrial_direct,2,96,0.0,25433.0,3.5459414225941424,26.78,3.275989787681158,2.4281,0.7489539748953975,Industrial,unavailable,unavailable,unavailable,Normal,Industrial,0.9984,7505.2,3,Medium,Stable
22.31963,82.54003,309.21,0.46,0.39,2026-06-03,2025,N20,VIIRS,n,2.0NRT,295.4,4.2,N,,industrial_nearby,1,98,73.4,7968.1,2.508492063492064,11.71,1.680059238942467,1.6743,0.9232804232804231,Industrial,unavailable,unavailable,unavailable,Normal,Industrial,0.9997,60.2,6,High,Stable
22.31856,82.56695,311.77,0.46,0.39,2026-06-03,2025,N20,VIIRS,n,2.0NRT,295.6,5.31,N,,industrial_direct,1,98,0.0,8319.8,2.508492063492064,11.71,1.680059238942467,2.1168,0.9232804232804231,Industrial,unavailable,unavailable,unavailable,Normal,Industrial,0.9995,630.9,5,High,Stable
22.33118,82.57276,324.15,0.46,0.39,2026-06-03,2025,N20,VIIRS,n,2.0NRT,295.31,2.35,N,,industrial_direct,3,71,0.0,7167.7,2.7918248175182483,11.59,1.9379155034462177,0.8417,0.8394160583941606,Industrial,unavailable,unavailable,unavailable,Normal,Industrial,0.9998,1478.2,5,High,Stable
22.33276,82.60478,313.18,0.46,0.39,2026-06-03,2025,N20,VIIRS,n,2.0NRT,294.58,3.7,N,,industrial_nearby,5,73,12.6,8781.7,2.765913043478261,15.28,2.376793836187871,1.3377,0.8260869565217391,Industrial,unavailable,unavailable,unavailable,Normal,Industrial,0.9989,594.7,5,High,Stable
22.33473,82.57349,320.71,0.46,0.39,2026-06-03,2025,N20,VIIRS,n,2.0NRT,294.7,2.35,N,,industrial_direct,3,71,0.0,6832.1,2.7918248175182483,11.59,1.9379155034462177,0.8417,0.8394160583941606,Industrial,unavailable,unavailable,unavailable,Normal,Industrial,0.9998,1849.4,4,Medium,Stable
22.34103,82.4979,308.52,0.45,0.39,2026-06-03,2025,N20,VIIRS,n,2.0NRT,294.27,0.87,N,,industrial_direct,180,5,0.0,7506.2,1.0816666666666668,3.38,1.1588859593017191,0.8043,1.0,Unknown,unavailable,unavailable,unavailable,Normal,Unknown,0.9995,685.3,5,High,Stable
22.35699,82.30351,342.58,0.4,0.37,2026-06-04,737,N20,VIIRS,l,2.0NRT,309.53,7.91,D,,industrial_direct,2,96,0.0,25314.3,3.5459414225941424,26.78,3.275989787681158,2.2307,0.7489539748953975,Industrial,unavailable,unavailable,unavailable,Normal,Industrial,0.9986,7357.2,3,Medium,Stable
22.2376,83.00816,344.8,0.41,0.45,2026-06-05,720,N20,VIIRS,n,2.0NRT,304.26,12.06,D,,unclassified,182,1,19026.5,14164.5,7.17,12.06,6.915504320004436,1.682,0.0,Unknown,unavailable,unavailable,unavailable,Normal,Natural Fire,0.9747,19823.1,1,Low,Stable
22.21453,83.08594,333.69,0.41,0.45,2026-06-05,720,N20,VIIRS,n,2.0NRT,300.86,2.83,D,,unclassified,-1,0,27195.4,22580.2,,,,,,Unknown,unavailable,unavailable,unavailable,Normal,Natural Fire,0.9849,25260.8,1,Low,Stable
22.24165,83.00727,331.42,0.41,0.45,2026-06-05,720,N20,VIIRS,n,2.0NRT,300.12,2.28,D,,unclassified,182,1,18932.9,13936.8,7.17,12.06,6.915504320004436,0.318,0.0,Unknown,unavailable,unavailable,unavailable,Normal,Unknown,0.993,20000.8,1,Low,Stable
22.33173,82.60754,333.55,0.43,0.46,2026-06-05,720,N20,VIIRS,n,2.0NRT,302.05,3.49,D,,industrial_direct,5,73,0.0,9058.1,2.765913043478261,15.28,2.376793836187871,1.2618,0.8260869565217391,Industrial,unavailable,unavailable,unavailable,Normal,Industrial,0.9983,311.1,6,High,Stable
22.33048,82.60762,333.19,0.43,0.46,2026-06-05,720,N20,VIIRS,n,2.0NRT,300.68,2.73,D,,industrial_nearby,5,73,31.7,9165.4,2.765913043478261,15.28,2.376793836187871,0.987,0.8260869565217391,Industrial,unavailable,unavailable,unavailable,Normal,Industrial,0.9984,208.7,6,High,Stable
22.31865,82.57177,304.58,0.44,0.46,2026-06-05,1949,N20,VIIRS,n,2.0NRT,277.74,2.27,N,,industrial_nearby,1,98,15.0,8444.6,2.508492063492064,11.71,1.680059238942467,0.9049,0.9232804232804231,Industrial,unavailable,unavailable,unavailable,Normal,Industrial,0.9996,439.3,6,High,Stable
22.35923,82.30417,330.29,0.71,0.75,2026-06-06,839,N20,VIIRS,n,2.0NRT,295.21,3.68,D,,industrial_direct,2,96,0.0,25210.1,3.5459414225941424,26.78,3.275989787681158,1.0378,0.7489539748953975,Industrial,unavailable,unavailable,unavailable,Normal,Industrial,0.9985,7264.4,3,Medium,Stable
22.35804,82.3024,335.86,0.71,0.75,2026-06-06,839,N20,VIIRS,n,2.0NRT,295.35,8.91,D,,industrial_direct,2,96,0.0,25409.7,3.5459414225941424,26.78,3.275989787681158,2.5127,0.7489539748953975,Industrial,unavailable,unavailable,unavailable,Abnormal spike,Industrial,0.9981,7477.5,6,High,Abnormal
22.12203,82.86837,342.98,0.38,0.43,2026-06-08,805,N20,VIIRS,n,2.0NRT,301.99,5.14,D,,unclassified,183,1,13755.7,17315.8,4.744999999999999,5.14,0.5586143571373723,1.0832,0.0,Unknown,unavailable,unavailable,unavailable,Normal,Unknown,0.9964,1856.2,2,Low,Stable
22.32906,83.08565,330.81,0.4,0.44,2026-06-08,805,N20,VIIRS,n,2.0NRT,300.58,2.22,D,,unclassified,-1,0,28738.1,22068.6,,,,,,Unknown,unavailable,unavailable,unavailable,Normal,Unknown,0.9907,15432.9,1,Low,Stable
22.35625,82.30447,350.72,0.54,0.42,2026-06-08,805,N20,VIIRS,n,2.0NRT,312.78,18.51,D,,industrial_direct,2,96,0.0,25229.4,3.5459414225941424,26.78,3.275989787681158,5.2201,0.7489539748953975,Industrial,0.0437,0.2393,-0.1247,Abnormal spike,Industrial,0.9985,7232.9,6,High,Abnormal
22.1891,83.08921,336.42,0.39,0.44,2026-06-08,805,N20,VIIRS,n,2.0NRT,302.68,2.56,D,,unclassified,-1,0,27965.2,23929.7,,,,,,Unknown,unavailable,unavailable,unavailable,Normal,Unknown,0.9891,24308.3,1,Low,Stable
22.12381,82.86797,342.38,0.38,0.43,2026-06-08,805,N20,VIIRS,n,2.0NRT,300.63,4.35,D,,unclassified,183,1,13556.2,17121.0,4.744999999999999,5.14,0.5586143571373723,0.9168,0.0,Unknown,unavailable,unavailable,unavailable,Normal,Unknown,0.9957,2052.7,2,Low,Stable
22.31394,82.52914,296.27,0.55,0.42,2026-06-08,2032,N20,VIIRS,n,2.0NRT,263.57,0.82,N,,industrial_direct,1,98,0.0,8758.2,2.508492063492064,11.71,1.680059238942467,0.3269,0.9232804232804231,Industrial,unavailable,unavailable,unavailable,Normal,Industrial,0.9999,552.4,5,High,Stable
22.3168,82.53516,295.46,0.55,0.42,2026-06-08,2032,N20,VIIRS,n,2.0NRT,263.03,0.82,N,,industrial_direct,1,98,0.0,8337.4,2.508492063492064,11.71,1.680059238942467,0.3269,0.9232804232804231,Industrial,unavailable,unavailable,unavailable,Normal,Industrial,0.9999,451.7,6,High,Stable
22.35605,82.3026,346.0,0.38,0.36,2026-06-09,744,N20,VIIRS,n,2.0NRT,313.84,10.22,D,,industrial_direct,2,96,0.0,25423.1,3.5459414225941424,26.78,3.275989787681158,2.8822,0.7489539748953975,Industrial,unavailable,unavailable,unavailable,Abnormal spike,Industrial,0.9984,7398.7,6,High,Abnormal
22.36263,82.30144,339.13,0.38,0.36,2026-06-09,744,N20,VIIRS,n,2.0NRT,306.96,3.76,D,,industrial_direct,2,96,0.0,25437.1,3.5459414225941424,26.78,3.275989787681158,1.0604,0.7489539748953975,Industrial,unavailable,unavailable,unavailable,Normal,Industrial,0.9988,7437.0,3,Medium,Stable
22.33097,82.6074,341.49,0.38,0.36,2026-06-09,744,N20,VIIRS,l,2.0NRT,312.56,6.89,D,,industrial_direct,5,73,0.0,9110.1,2.765913043478261,15.28,2.376793836187871,2.491,0.8260869565217391,Industrial,unavailable,unavailable,unavailable,Normal,Industrial,0.9982,260.8,6,High,Stable
22.35934,82.30202,338.09,0.38,0.36,2026-06-09,744,N20,VIIRS,n,2.0NRT,307.35,3.76,D,,industrial_direct,2,96,0.0,25427.4,3.5459414225941424,26.78,3.275989787681158,1.0604,0.7489539748953975,Industrial,unavailable,unavailable,unavailable,Normal,Industrial,0.9988,7473.1,3,Medium,Stable
22.32323,82.56558,316.15,0.38,0.36,2026-06-09,2014,N20,VIIRS,n,2.0NRT,296.74,4.64,N,,industrial_direct,1,98,0.0,7783.8,2.508492063492064,11.71,1.680059238942467,1.8497,0.9232804232804231,Industrial,unavailable,unavailable,unavailable,Normal,Industrial,0.9997,1157.2,5,High,Stable
22.31935,82.56867,313.7,0.38,0.36,2026-06-09,2014,N20,VIIRS,n,2.0NRT,295.8,4.0,N,,industrial_direct,1,98,0.0,8280.8,2.508492063492064,11.71,1.680059238942467,1.5946,0.9232804232804231,Industrial,unavailable,unavailable,unavailable,Normal,Industrial,0.9996,648.5,5,High,Stable
22.35805,82.30196,303.06,0.38,0.36,2026-06-09,2014,N20,VIIRS,n,2.0NRT,278.76,0.56,N,,industrial_direct,2,96,0.0,25454.4,3.5459414225941424,26.78,3.275989787681158,0.1579,0.7489539748953975,Industrial,unavailable,unavailable,unavailable,Normal,Industrial,0.9996,7520.4,3,Medium,Stable
22.33251,82.57108,316.26,0.38,0.36,2026-06-09,2014,N20,VIIRS,n,2.0NRT,295.26,4.74,N,,industrial_direct,3,71,0.0,6968.5,2.7918248175182483,11.59,1.9379155034462177,1.6978,0.8394160583941606,Industrial,unavailable,unavailable,unavailable,Normal,Industrial,0.9996,1668.0,4,Medium,Escalating
22.32241,82.59206,314.94,0.38,0.36,2026-06-09,2014,N20,VIIRS,n,2.0NRT,292.96,3.38,N,,industrial_nearby,11,23,14.5,8921.5,1.7126666666666666,4.45,0.9003713154844096,1.9735,1.0,Industrial,unavailable,unavailable,unavailable,Normal,Industrial,0.9953,637.1,5,High,Stable
22.32287,82.5465,317.93,0.38,0.36,2026-06-09,2014,N20,VIIRS,n,2.0NRT,297.18,4.82,N,,industrial_direct,1,98,0.0,7579.0,2.508492063492064,11.71,1.680059238942467,1.9215,0.9232804232804231,Industrial,unavailable,unavailable,unavailable,Normal,Industrial,0.9996,206.5,6,High,Stable
22.33052,82.60494,319.07,0.38,0.36,2026-06-09,2014,N20,VIIRS,n,2.0NRT,295.09,3.93,N,,industrial_nearby,5,73,35.2,8977.8,2.765913043478261,15.28,2.376793836187871,1.4209,0.8260869565217391,Industrial,unavailable,unavailable,unavailable,Normal,Industrial,0.9988,454.9,6,High,Stable
22.31474,82.53363,318.78,0.38,0.36,2026-06-09,2014,N20,VIIRS,n,2.0NRT,297.7,6.03,N,,industrial_nearby,1,98,12.6,8586.6,2.508492063492064,11.71,1.680059238942467,2.4038,0.9232804232804231,Industrial,unavailable,unavailable,unavailable,Normal,Industrial,0.9991,241.0,6,High,Stable
22.19126,83.0004,343.43,0.5,0.41,2026-06-10,726,N20,VIIRS,n,2.0NRT,305.27,6.02,D,,unclassified,-1,0,19016.3,15899.6,,,,,,Unknown,unavailable,unavailable,unavailable,Normal,Unknown,0.9919,16449.9,1,Low,Stable
22.35621,82.30322,344.67,0.54,0.42,2026-06-10,726,N20,VIIRS,n,2.0NRT,312.85,5.74,D,,industrial_direct,2,96,0.0,25357.2,3.5459414225941424,26.78,3.275989787681158,1.6188,0.7489539748953975,Industrial,unavailable,unavailable,unavailable,Normal,Industrial,0.9984,7347.9,3,Medium,Stable
22.36006,82.30242,340.34,0.54,0.42,2026-06-10,726,N20,VIIRS,l,2.0NRT,311.29,5.74,D,,industrial_direct,2,96,0.0,25375.4,3.5459414225941424,26.78,3.275989787681158,1.6188,0.7489539748953975,Industrial,unavailable,unavailable,unavailable,Normal,Industrial,0.9987,7411.4,3,Medium,Stable
22.21668,82.97013,337.54,0.51,0.41,2026-06-10,726,N20,VIIRS,n,2.0NRT,305.75,3.45,D,,unclassified,-1,0,15328.3,11714.6,,,,,,Unknown,unavailable,unavailable,unavailable,Normal,Unknown,0.9959,15277.9,1,Low,Stable
22.33006,82.60811,333.61,0.34,0.56,2026-06-11,707,N20,VIIRS,n,2.0NRT,301.86,1.84,D,,industrial_nearby,5,73,94.5,9233.7,2.765913043478261,15.28,2.376793836187871,0.6652,0.8260869565217391,Industrial,unavailable,unavailable,unavailable,Normal,Industrial,0.9996,140.7,6,High,Stable
22.3546,82.30269,333.85,0.45,0.63,2026-06-12,828,N20,VIIRS,n,2.0NRT,293.59,5.91,D,,industrial_direct,2,96,0.0,25439.7,3.5459414225941424,26.78,3.275989787681158,1.6667,0.7489539748953975,Industrial,unavailable,unavailable,unavailable,Normal,Industrial,0.9978,7325.8,3,Medium,Stable
22.35497,82.30701,333.07,0.45,0.63,2026-06-12,828,N20,VIIRS,n,2.0NRT,293.46,4.13,D,,industrial_direct,2,96,0.0,24994.1,3.5459414225941424,26.78,3.275989787681158,1.1647,0.7489539748953975,Industrial,unavailable,unavailable,unavailable,Normal,Industrial,0.9979,6935.9,3,Medium,Stable
22.3604,82.30205,353.63,0.45,0.63,2026-06-12,828,N20,VIIRS,n,2.0NRT,294.11,6.51,D,,industrial_direct,2,96,0.0,25407.9,3.5459414225941424,26.78,3.275989787681158,1.8359,0.7489539748953975,Industrial,unavailable,unavailable,unavailable,Normal,Industrial,0.9984,7437.9,3,Medium,Stable
22.35482,82.30659,339.15,0.45,0.63,2026-06-12,828,N20,VIIRS,n,2.0NRT,294.11,3.84,D,,industrial_direct,2,96,0.0,25039.5,3.5459414225941424,26.78,3.275989787681158,1.0829,0.7489539748953975,Industrial,unavailable,unavailable,unavailable,Normal,Industrial,0.9987,6968.3,3,Medium,Stable
22.33035,82.5747,332.8,0.46,0.47,2026-06-13,809,N20,VIIRS,l,2.0NRT,303.05,2.6,D,,industrial_direct,3,71,0.0,7327.5,2.7918248175182483,11.59,1.9379155034462177,0.9313,0.8394160583941606,Industrial,unavailable,unavailable,unavailable,Normal,Industrial,0.9997,1352.0,5,High,Escalating
22.15586,82.4446,343.96,0.45,0.47,2026-06-13,809,N20,VIIRS,n,2.0NRT,305.03,3.48,D,,unclassified,-1,0,14801.4,28116.6,,,,,,Unknown,unavailable,unavailable,unavailable,Normal,Unknown,0.9916,16943.9,1,Low,Stable
22.35892,82.30442,348.55,0.44,0.46,2026-06-13,809,N20,VIIRS,n,2.0NRT,307.68,10.53,D,,industrial_direct,2,96,0.0,25189.6,3.5459414225941424,26.78,3.275989787681158,2.9696,0.7489539748953975,Industrial,unavailable,unavailable,unavailable,Abnormal spike,Industrial,0.9985,7249.9,6,High,Abnormal
22.35781,82.30603,302.37,0.44,0.46,2026-06-13,2038,N20,VIIRS,n,2.0NRT,286.0,4.09,N,,industrial_direct,2,96,0.0,25044.0,3.5459414225941424,26.78,3.275989787681158,1.1534,0.7489539748953975,Industrial,unavailable,unavailable,unavailable,Normal,Industrial,0.9987,7129.8,3,Medium,Stable
22.36279,82.3028,302.49,0.44,0.46,2026-06-13,2038,N20,VIIRS,n,2.0NRT,282.56,2.54,N,,industrial_direct,2,96,0.0,25296.0,3.5459414225941424,26.78,3.275989787681158,0.7163,0.7489539748953975,Industrial,unavailable,unavailable,unavailable,Normal,Industrial,0.9994,7296.7,3,Medium,Stable
22.35885,82.30376,331.05,0.44,0.46,2026-06-13,2038,N20,VIIRS,n,2.0NRT,287.65,6.69,N,,industrial_direct,2,96,0.0,25258.0,3.5459414225941424,26.78,3.275989787681158,1.8867,0.7489539748953975,Industrial,unavailable,unavailable,unavailable,Normal,Industrial,0.998,7317.1,3,Medium,Stable
22.35862,82.30189,331.1,0.44,0.46,2026-06-13,2038,N20,VIIRS,n,2.0NRT,287.66,5.81,N,,industrial_direct,2,96,0.0,25452.2,3.5459414225941424,26.78,3.275989787681158,1.6385,0.7489539748953975,Industrial,unavailable,unavailable,unavailable,Normal,Industrial,0.9982,7508.7,3,Medium,Stable
22.35617,82.30234,334.72,0.4,0.37,2026-06-14,750,N20,VIIRS,n,2.0NRT,299.65,3.74,D,,industrial_direct,2,96,0.0,25447.4,3.5459414225941424,26.78,3.275989787681158,1.0547,0.7489539748953975,Industrial,unavailable,unavailable,unavailable,Normal,Industrial,0.9984,7428.6,3,Medium,Stable
22.31386,82.53037,306.32,0.4,0.37,2026-06-14,2019,N20,VIIRS,n,2.0NRT,289.92,1.56,N,,industrial_direct,1,98,0.0,8741.5,2.508492063492064,11.71,1.680059238942467,0.6219,0.9232804232804231,Industrial,unavailable,unavailable,unavailable,Normal,Industrial,0.9999,428.4,6,High,Stable
22.35525,82.30412,311.44,0.4,0.37,2026-06-14,2019,N20,VIIRS,n,2.0NRT,294.05,3.37,N,,industrial_direct,2,96,0.0,25282.7,3.5459414225941424,26.78,3.275989787681158,0.9504,0.7489539748953975,Industrial,unavailable,unavailable,unavailable,Normal,Industrial,0.9985,7219.7,3,Medium,Stable
22.31602,82.55877,303.1,0.4,0.37,2026-06-14,2019,N20,VIIRS,n,2.0NRT,288.62,1.36,N,,industrial_direct,1,98,0.0,8428.4,2.508492063492064,11.71,1.680059238942467,0.5422,0.9232804232804231,Industrial,unavailable,unavailable,unavailable,Normal,Industrial,0.9999,714.0,5,High,Stable
22.35859,82.30476,334.92,0.4,0.37,2026-06-14,2019,N20,VIIRS,n,2.0NRT,295.49,3.37,N,,industrial_direct,2,96,0.0,25160.3,3.5459414225941424,26.78,3.275989787681158,0.9504,0.7489539748953975,Industrial,unavailable,unavailable,unavailable,Normal,Industrial,0.9981,7227.4,3,Medium,Stable
22.32209,82.56396,318.24,0.4,0.37,2026-06-14,2019,N20,VIIRS,n,2.0NRT,292.94,2.36,N,,industrial_direct,1,98,0.0,7866.9,2.508492063492064,11.71,1.680059238942467,0.9408,0.9232804232804231,Industrial,unavailable,unavailable,unavailable,Normal,Industrial,0.9998,1125.7,5,High,Stable
22.32424,82.59245,309.65,0.4,0.37,2026-06-14,2019,N20,VIIRS,n,2.0NRT,292.32,1.69,N,,industrial_direct,11,23,0.0,8769.5,1.7126666666666666,4.45,0.9003713154844096,0.9868,1.0,Industrial,unavailable,unavailable,unavailable,Normal,Industrial,0.9989,841.0,5,High,Stable
22.36256,82.30157,309.54,0.4,0.37,2026-06-14,2019,N20,VIIRS,n,2.0NRT,292.09,1.88,N,,industrial_direct,2,96,0.0,25424.9,3.5459414225941424,26.78,3.275989787681158,0.5302,0.7489539748953975,Industrial,unavailable,unavailable,unavailable,Normal,Industrial,0.9995,7425.8,3,Medium,Stable
22.329,82.60543,311.92,0.4,0.37,2026-06-14,2019,N20,VIIRS,n,2.0NRT,291.83,1.99,N,,industrial_direct,5,73,0.0,9137.9,2.765913043478261,15.28,2.376793836187871,0.7195,0.8260869565217391,Industrial,unavailable,unavailable,unavailable,Normal,Industrial,0.9997,311.1,6,High,Stable
22.32189,82.6684,308.1,0.41,0.37,2026-06-14,2019,N20,VIIRS,n,2.0NRT,291.2,1.54,N,,industrial_direct,28,16,0.0,12906.6,1.61,4.87,1.2244374458597422,0.9565,1.0,Industrial,unavailable,unavailable,unavailable,Normal,Industrial,0.9954,2600.6,4,Medium,Stable
22.33237,82.60609,316.39,0.4,0.37,2026-06-14,2019,N20,VIIRS,n,2.0NRT,292.75,2.02,N,,industrial_direct,5,73,0.0,8904.6,2.765913043478261,15.28,2.376793836187871,0.7303,0.8260869565217391,Industrial,unavailable,unavailable,unavailable,Normal,Industrial,0.9996,465.7,6,High,Stable
22.31657,82.53489,306.67,0.4,0.37,2026-06-14,2019,N20,VIIRS,n,2.0NRT,289.06,1.48,N,,industrial_direct,1,98,0.0,8366.6,2.508492063492064,11.71,1.680059238942467,0.59,0.9232804232804231,Industrial,unavailable,unavailable,unavailable,Normal,Industrial,0.9999,436.3,6,High,Stable
22.33085,82.57375,323.06,0.4,0.37,2026-06-14,2019,N20,VIIRS,n,2.0NRT,292.75,3.01,N,,industrial_direct,3,71,0.0,7239.3,2.7918248175182483,11.59,1.9379155034462177,1.0781,0.8394160583941606,Industrial,unavailable,unavailable,unavailable,Normal,Industrial,0.9997,1421.1,5,High,Escalating
22.32397,82.5452,339.58,0.44,0.39,2026-06-15,731,N20,VIIRS,l,2.0NRT,306.87,4.96,D,,industrial_direct,1,98,0.0,7458.9,2.508492063492064,11.71,1.680059238942467,1.9773,0.9232804232804231,Industrial,unavailable,unavailable,unavailable,Normal,Industrial,0.9997,313.2,6,High,Stable
22.33113,82.60737,313.11,0.55,0.51,2026-06-16,1942,N20,VIIRS,n,2.0NRT,288.07,3.09,N,,industrial_direct,5,73,0.0,9094.9,2.765913043478261,15.28,2.376793836187871,1.1172,0.8260869565217391,Industrial,unavailable,unavailable,unavailable,Normal,Industrial,0.9989,275.4,6,High,Stable
22.32351,82.54668,318.83,0.55,0.51,2026-06-16,1942,N20,VIIRS,n,2.0NRT,287.14,4.62,N,,industrial_direct,1,98,0.0,7508.1,2.508492063492064,11.71,1.680059238942467,1.8417,0.9232804232804231,Industrial,unavailable,unavailable,unavailable,Normal,Industrial,0.9997,279.8,6,High,Stable
22.32115,82.56821,305.97,0.55,0.51,2026-06-16,1942,N20,VIIRS,n,2.0NRT,287.87,3.13,N,,industrial_direct,1,98,0.0,8076.1,2.508492063492064,11.71,1.680059238942467,1.2478,0.9232804232804231,Industrial,unavailable,unavailable,unavailable,Normal,Industrial,0.9996,853.3,5,High,Stable
22.35722,82.30149,338.53,0.56,0.51,2026-06-18,816,N20,VIIRS,n,2.0NRT,292.98,7.6,D,,industrial_direct,2,96,0.0,25516.0,3.5459414225941424,26.78,3.275989787681158,2.1433,0.7489539748953975,Industrial,unavailable,unavailable,unavailable,Normal,Industrial,0.9986,7556.5,3,Medium,Stable
22.32431,82.547,316.94,0.4,0.37,2026-06-20,2008,N20,VIIRS,n,2.0NRT,267.69,2.26,N,,industrial_direct,1,98,0.0,7419.5,2.508492063492064,11.71,1.680059238942467,0.9009,0.9232804232804231,Industrial,unavailable,unavailable,unavailable,Normal,Industrial,0.9997,374.1,6,High,Stable
22.32202,82.56236,304.11,0.4,0.37,2026-06-20,2008,N20,VIIRS,n,2.0NRT,269.6,1.14,N,,industrial_direct,1,98,0.0,7839.1,2.508492063492064,11.71,1.680059238942467,0.4545,0.9232804232804231,Industrial,unavailable,unavailable,unavailable,Normal,Industrial,0.9999,1218.9,5,High,Stable
22.31598,82.53373,300.18,0.4,0.37,2026-06-20,2008,N20,VIIRS,n,2.0NRT,266.92,0.81,N,,industrial_direct,1,98,0.0,8449.4,2.508492063492064,11.71,1.680059238942467,0.3229,0.9232804232804231,Industrial,unavailable,unavailable,unavailable,Normal,Industrial,0.9999,372.5,6,High,Stable
22.35717,82.30273,295.22,0.4,0.37,2026-06-20,2008,N20,VIIRS,n,2.0NRT,255.48,0.64,N,,industrial_direct,2,96,0.0,25390.6,3.5459414225941424,26.78,3.275989787681158,0.1805,0.7489539748953975,Industrial,unavailable,unavailable,unavailable,Normal,Industrial,0.9996,7438.4,3,Medium,Stable
22.32144,82.56619,305.35,0.4,0.37,2026-06-20,2008,N20,VIIRS,n,2.0NRT,270.98,1.84,N,,industrial_direct,1,98,0.0,7991.4,2.508492063492064,11.71,1.680059238942467,0.7335,0.9232804232804231,Industrial,unavailable,unavailable,unavailable,Normal,Industrial,0.9999,950.5,5,High,Stable
22.36054,82.30331,300.96,0.4,0.37,2026-06-20,2008,N20,VIIRS,n,2.0NRT,252.65,0.64,N,,industrial_direct,2,96,0.0,25277.2,3.5459414225941424,26.78,3.275989787681158,0.1805,0.7489539748953975,Industrial,unavailable,unavailable,unavailable,Normal,Industrial,0.9996,7308.8,3,Medium,Stable
22.31991,82.66797,308.15,0.4,0.37,2026-06-20,2008,N20,VIIRS,n,2.0NRT,271.33,0.96,N,,industrial_nearby,28,16,109.7,13126.9,1.61,4.87,1.2244374458597422,0.5963,1.0,Industrial,unavailable,unavailable,unavailable,Normal,Industrial,0.9987,2691.2,4,Medium,Stable
22.3291,82.60681,297.32,0.4,0.37,2026-06-20,2008,N20,VIIRS,n,2.0NRT,267.03,0.68,N,,industrial_nearby,5,73,1.8,9223.1,2.765913043478261,15.28,2.376793836187871,0.2459,0.8260869565217391,Industrial,unavailable,unavailable,unavailable,Normal,Industrial,0.9998,215.9,6,High,Stable
22.32967,82.60297,297.35,0.4,0.37,2026-06-20,2008,N20,VIIRS,n,2.0NRT,266.18,0.46,N,,industrial_nearby,5,73,65.9,8917.4,2.765913043478261,15.28,2.376793836187871,0.1663,0.8260869565217391,Industrial,unavailable,unavailable,unavailable,Normal,Industrial,0.9998,430.6,6,High,Stable
22.32325,82.66854,303.04,0.4,0.37,2026-06-20,2008,N20,VIIRS,n,2.0NRT,272.12,0.86,N,,industrial_direct,28,16,0.0,12761.3,1.61,4.87,1.2244374458597422,0.5342,1.0,Industrial,unavailable,unavailable,unavailable,Normal,Industrial,0.9992,2534.1,4,Medium,Stable
22.33245,82.60739,298.27,0.4,0.37,2026-06-20,2008,N20,VIIRS,n,2.0NRT,264.35,0.28,N,,industrial_direct,5,73,0.0,8987.8,2.765913043478261,15.28,2.376793836187871,0.1012,0.8260869565217391,Industrial,unavailable,unavailable,unavailable,Normal,Industrial,0.9998,372.2,6,High,Stable
22.33093,82.57172,300.6,0.4,0.37,2026-06-20,2008,N20,VIIRS,n,2.0NRT,269.54,0.68,N,,industrial_direct,3,71,0.0,7155.5,2.7918248175182483,11.59,1.9379155034462177,0.2436,0.8394160583941606,Industrial,unavailable,unavailable,unavailable,Normal,Industrial,0.9999,1481.2,5,High,Escalating
22.32053,82.56668,345.05,0.43,0.46,2026-06-21,720,N20,VIIRS,n,2.0NRT,301.23,5.39,D,,industrial_direct,1,98,0.0,8101.6,2.508492063492064,11.71,1.680059238942467,2.1487,0.9232804232804231,Industrial,unavailable,unavailable,unavailable,Normal,Industrial,0.9994,837.9,5,High,Stable
22.3215,82.5493,338.61,0.43,0.46,2026-06-21,720,N20,VIIRS,n,2.0NRT,299.68,3.34,D,,industrial_nearby,1,98,229.5,7735.0,2.508492063492064,11.71,1.680059238942467,1.3315,0.9232804232804231,Industrial,unavailable,unavailable,unavailable,Normal,Industrial,0.9998,189.1,6,High,Stable
22.32565,82.54839,336.01,0.43,0.46,2026-06-21,720,N20,VIIRS,n,2.0NRT,298.03,3.64,D,,industrial_direct,1,98,0.0,7273.0,2.508492063492064,11.71,1.680059238942467,1.4511,0.9232804232804231,Industrial,unavailable,unavailable,unavailable,Normal,Industrial,0.9997,565.5,5,High,Stable
22.3575,82.3061,336.05,0.45,0.47,2026-06-21,720,N20,VIIRS,n,2.0NRT,303.79,6.67,D,,industrial_direct,2,96,0.0,25042.1,3.5459414225941424,26.78,3.275989787681158,1.881,0.7489539748953975,Industrial,unavailable,unavailable,unavailable,Normal,Industrial,0.9978,7134.0,3,Medium,Stable
22.32288,82.54724,305.41,0.44,0.46,2026-06-21,1947,N20,VIIRS,n,2.0NRT,262.97,2.1,N,,industrial_nearby,1,98,11.1,7578.0,2.508492063492064,11.71,1.680059238942467,0.8372,0.9232804232804231,Industrial,unavailable,unavailable,unavailable,Normal,Industrial,0.9999,239.9,6,High,Stable
22.32149,82.6672,308.17,0.43,0.46,2026-06-21,1947,N20,VIIRS,n,2.0NRT,275.27,2.13,N,,industrial_direct,28,16,0.0,12993.5,1.61,4.87,1.2244374458597422,1.323,1.0,Industrial,unavailable,unavailable,unavailable,Normal,Industrial,0.991,2523.4,4,Medium,Stable
22.3267,82.54887,312.26,0.44,0.63,2026-06-22,1930,N20,VIIRS,n,2.0NRT,286.66,5.68,N,,industrial_direct,1,98,0.0,7158.1,2.508492063492064,11.71,1.680059238942467,2.2643,0.9232804232804231,Industrial,unavailable,unavailable,unavailable,Normal,Industrial,0.9996,691.7,5,High,Stable
22.31617,82.53181,303.04,0.71,0.75,2026-06-22,2110,N20,VIIRS,n,2.0NRT,285.78,2.61,N,,industrial_direct,1,98,0.0,8462.4,2.508492063492064,11.71,1.680059238942467,1.0405,0.9232804232804231,Industrial,unavailable,unavailable,unavailable,Normal,Industrial,0.9996,466.9,6,High,Stable
22.3625,82.30114,328.72,0.69,0.74,2026-06-22,2110,N20,VIIRS,n,2.0NRT,285.89,7.34,N,,industrial_direct,2,96,0.0,25469.6,3.5459414225941424,26.78,3.275989787681158,2.07,0.7489539748953975,Industrial,unavailable,unavailable,unavailable,Normal,Industrial,0.9981,7470.4,3,Medium,Stable
22.3587,82.30466,314.23,0.69,0.74,2026-06-22,2110,N20,VIIRS,n,2.0NRT,284.67,4.03,N,,industrial_direct,2,96,0.0,25168.7,3.5459414225941424,26.78,3.275989787681158,1.1365,0.7489539748953975,Industrial,unavailable,unavailable,unavailable,Normal,Industrial,0.9988,7233.5,3,Medium,Stable
22.36078,82.30254,345.45,0.36,0.57,2026-06-23,822,N20,VIIRS,n,2.0NRT,290.81,3.16,D,,industrial_direct,2,96,0.0,25352.1,3.5459414225941424,26.78,3.275989787681158,0.8912,0.7489539748953975,Industrial,unavailable,unavailable,unavailable,Normal,Industrial,0.9976,7378.1,3,Medium,Stable
22.35552,82.30316,333.18,0.36,0.57,2026-06-23,822,N20,VIIRS,n,2.0NRT,293.52,4.07,D,,industrial_direct,2,96,0.0,25375.4,3.5459414225941424,26.78,3.275989787681158,1.1478,0.7489539748953975,Industrial,unavailable,unavailable,unavailable,Normal,Industrial,0.9984,7322.1,3,Medium,Stable
22.3564,82.30541,340.74,0.54,0.42,2026-06-24,805,N20,VIIRS,n,2.0NRT,303.08,7.02,D,,industrial_direct,2,96,0.0,25131.2,3.5459414225941424,26.78,3.275989787681158,1.9797,0.7489539748953975,Industrial,unavailable,unavailable,unavailable,Normal,Industrial,0.9986,7152.4,3,Medium,Stable
22.36028,82.30484,340.23,0.54,0.42,2026-06-24,805,N20,VIIRS,n,2.0NRT,301.81,7.02,D,,industrial_direct,2,96,0.0,25125.2,3.5459414225941424,26.78,3.275989787681158,1.9797,0.7489539748953975,Industrial,unavailable,unavailable,unavailable,Normal,Industrial,0.9986,7165.1,3,Medium,Stable
22.3217,82.54557,335.09,0.56,0.43,2026-06-24,805,N20,VIIRS,n,2.0NRT,298.89,11.71,D,,industrial_nearby,1,98,148.6,7709.5,2.508492063492064,11.71,1.680059238942467,4.6681,0.9232804232804231,Industrial,0.0849,0.2655,-0.142,Abnormal spike,Industrial,0.9994,67.3,9,Critical,Abnormal
22.32185,82.56347,311.7,0.55,0.43,2026-06-24,2032,N20,VIIRS,n,2.0NRT,292.4,7.83,N,,industrial_direct,1,98,0.0,7881.7,2.508492063492064,11.71,1.680059238942467,3.1214,0.9232804232804231,Industrial,unavailable,unavailable,unavailable,Abnormal spike,Industrial,0.9996,1133.0,8,Critical,Abnormal
22.35582,82.30156,306.51,0.53,0.42,2026-06-24,2032,N20,VIIRS,n,2.0NRT,289.55,2.15,N,,industrial_direct,2,96,0.0,25532.9,3.5459414225941424,26.78,3.275989787681158,0.6063,0.7489539748953975,Industrial,unavailable,unavailable,unavailable,Normal,Industrial,0.9995,7486.2,3,Medium,Stable
22.31529,82.53471,313.48,0.55,0.43,2026-06-24,2032,N20,VIIRS,n,2.0NRT,292.51,8.58,N,,industrial_nearby,1,98,14.7,8509.5,2.508492063492064,11.71,1.680059238942467,3.4204,0.9232804232804231,Industrial,0.133,0.1738,-0.2342,Abnormal spike,Industrial,0.9992,293.5,9,Critical,Abnormal
22.3163,82.52947,312.09,0.55,0.43,2026-06-24,2032,N20,VIIRS,n,2.0NRT,293.03,7.97,N,,industrial_direct,1,98,0.0,8495.5,2.508492063492064,11.71,1.680059238942467,3.1772,0.9232804232804231,Industrial,unavailable,unavailable,unavailable,Abnormal spike,Industrial,0.9993,642.1,8,Critical,Abnormal
22.35963,82.30236,351.31,0.53,0.42,2026-06-24,2032,N20,VIIRS,n,2.0NRT,291.02,12.44,N,,industrial_direct,2,96,0.0,25388.2,3.5459414225941424,26.78,3.275989787681158,3.5082,0.7489539748953975,Industrial,unavailable,unavailable,unavailable,Abnormal spike,Industrial,0.9985,7430.5,6,High,Abnormal
22.32201,82.54162,307.56,0.55,0.43,2026-06-24,2032,N20,VIIRS,n,2.0NRT,291.79,4.07,N,,industrial_direct,1,98,0.0,7692.5,2.508492063492064,11.71,1.680059238942467,1.6225,0.9232804232804231,Industrial,unavailable,unavailable,unavailable,Normal,Industrial,0.9997,172.2,6,High,Stable
22.32586,82.54245,313.49,0.55,0.43,2026-06-24,2032,N20,VIIRS,n,2.0NRT,292.17,4.07,N,,industrial_direct,1,98,0.0,7261.6,2.508492063492064,11.71,1.680059238942467,1.6225,0.9232804232804231,Industrial,unavailable,unavailable,unavailable,Normal,Industrial,0.9997,547.8,5,High,Stable
22.32486,82.54769,308.5,0.55,0.43,2026-06-24,2032,N20,VIIRS,n,2.0NRT,292.75,8.11,N,,industrial_direct,1,98,0.0,7359.2,2.508492063492064,11.71,1.680059238942467,3.233,0.9232804232804231,Industrial,unavailable,unavailable,unavailable,Abnormal spike,Industrial,0.9995,455.8,9,Critical,Abnormal
22.33026,82.60387,309.04,0.55,0.43,2026-06-24,2032,N20,VIIRS,n,2.0NRT,291.17,6.72,N,,industrial_nearby,5,73,105.6,8927.4,2.765913043478261,15.28,2.376793836187871,2.4296,0.8260869565217391,Industrial,unavailable,unavailable,unavailable,Normal,Industrial,0.9977,466.8,6,High,Stable
22.35659,82.30461,320.57,0.53,0.42,2026-06-24,2032,N20,VIIRS,n,2.0NRT,290.49,4.23,N,,industrial_direct,2,96,0.0,25209.3,3.5459414225941424,26.78,3.275989787681158,1.1929,0.7489539748953975,Industrial,unavailable,unavailable,unavailable,Normal,Industrial,0.9988,7235.9,3,Medium,Stable
22.31244,82.52866,309.45,0.55,0.43,2026-06-24,2032,N20,VIIRS,n,2.0NRT,292.65,7.88,N,,industrial_direct,1,98,0.0,8930.9,2.508492063492064,11.71,1.680059238942467,3.1413,0.9232804232804231,Industrial,unavailable,unavailable,unavailable,Abnormal spike,Industrial,0.9992,509.5,8,Critical,Abnormal
22.31462,82.53232,315.86,0.55,0.43,2026-06-24,2032,N20,VIIRS,n,2.0NRT,292.83,9.65,N,,industrial_direct,1,98,0.0,8622.0,2.508492063492064,11.71,1.680059238942467,3.8469,0.9232804232804231,Industrial,0.1231,0.1971,-0.2175,Abnormal spike,Industrial,0.9992,299.4,9,Critical,Abnormal
22.3324,82.57143,310.14,0.55,0.43,2026-06-24,2032,N20,VIIRS,n,2.0NRT,291.81,7.42,N,,industrial_direct,3,71,0.0,6992.6,2.7918248175182483,11.59,1.9379155034462177,2.6578,0.8394160583941606,Industrial,unavailable,unavailable,unavailable,Abnormal spike,Industrial,0.9995,1645.3,7,Critical,Abnormal
22.31962,82.56318,337.5,0.38,0.36,2026-06-25,746,N20,VIIRS,n,2.0NRT,296.65,3.35,D,,industrial_direct,1,98,0.0,8116.5,2.508492063492064,11.71,1.680059238942467,1.3355,0.9232804232804231,Industrial,unavailable,unavailable,unavailable,Normal,Industrial,0.9996,967.6,5,High,Stable
22.32397,82.54722,338.75,0.38,0.36,2026-06-25,746,N20,VIIRS,n,2.0NRT,297.84,3.32,D,,industrial_direct,1,98,0.0,7457.3,2.508492063492064,11.71,1.680059238942467,1.3235,0.9232804232804231,Industrial,unavailable,unavailable,unavailable,Normal,Industrial,0.9998,346.2,6,High,Stable
22.3118,82.52931,304.17,0.38,0.36,2026-06-25,2014,N20,VIIRS,n,2.0NRT,287.36,1.56,N,,industrial_nearby,1,98,77.4,8986.6,2.508492063492064,11.71,1.680059238942467,0.6219,0.9232804232804231,Industrial,unavailable,unavailable,unavailable,Normal,Industrial,0.9999,449.4,6,High,Stable
22.3145,82.53361,312.24,0.38,0.36,2026-06-25,2014,N20,VIIRS,n,2.0NRT,287.27,1.21,N,,industrial_nearby,1,98,35.0,8613.2,2.508492063492064,11.71,1.680059238942467,0.4824,0.9232804232804231,Industrial,unavailable,unavailable,unavailable,Normal,Industrial,0.9999,216.4,6,High,Stable
22.31779,82.53421,307.79,0.38,0.36,2026-06-25,2014,N20,VIIRS,n,2.0NRT,287.18,1.21,N,,industrial_direct,1,98,0.0,8243.7,2.508492063492064,11.71,1.680059238942467,0.4824,0.9232804232804231,Industrial,unavailable,unavailable,unavailable,Normal,Industrial,0.9999,568.0,5,High,Stable
22.35728,82.30581,312.05,0.38,0.36,2026-06-25,2014,N20,VIIRS,n,2.0NRT,295.16,2.11,N,,industrial_direct,2,96,0.0,25075.3,3.5459414225941424,26.78,3.275989787681158,0.595,0.7489539748953975,Industrial,unavailable,unavailable,unavailable,Normal,Industrial,0.9994,7157.9,3,Medium,Stable
22.35786,82.30212,331.43,0.38,0.36,2026-06-25,2014,N20,VIIRS,n,2.0NRT,294.15,5.38,N,,industrial_direct,2,96,0.0,25441.2,3.5459414225941424,26.78,3.275989787681158,1.5172,0.7489539748953975,Industrial,unavailable,unavailable,unavailable,Normal,Industrial,0.9981,7511.0,3,Medium,Stable
22.31908,82.56866,301.09,0.38,0.36,2026-06-25,2014,N20,VIIRS,n,2.0NRT,279.74,0.67,N,,industrial_direct,1,98,0.0,8309.4,2.508492063492064,11.71,1.680059238942467,0.2671,0.9232804232804231,Industrial,unavailable,unavailable,unavailable,Normal,Industrial,0.9999,619.5,5,High,Stable
22.32261,82.54649,316.42,0.38,0.36,2026-06-25,2014,N20,VIIRS,n,2.0NRT,283.7,1.89,N,,industrial_nearby,1,98,19.4,7607.8,2.508492063492064,11.71,1.680059238942467,0.7534,0.9232804232804231,Industrial,unavailable,unavailable,unavailable,Normal,Industrial,0.9999,178.7,6,High,Stable
22.33153,82.53293,305.24,0.38,0.36,2026-06-25,2014,N20,VIIRS,n,2.0NRT,286.86,1.44,N,,industrial_direct,6,16,0.0,6771.9,1.2005882352941175,1.95,0.356606761507604,1.1994,1.0,Industrial,unavailable,unavailable,unavailable,Normal,Industrial,0.9992,1552.7,4,Medium,Stable
22.32365,82.60371,305.72,0.38,0.36,2026-06-25,2014,N20,VIIRS,n,2.0NRT,285.87,1.18,N,,industrial_nearby,5,73,106.7,9485.2,2.765913043478261,15.28,2.376793836187871,0.4266,0.8260869565217391,Industrial,unavailable,unavailable,unavailable,Normal,Industrial,0.9997,79.5,6,High,Stable
22.3202,82.66776,297.73,0.38,0.36,2026-06-25,2014,N20,VIIRS,n,2.0NRT,277.88,0.55,N,,industrial_nearby,28,16,71.2,13104.9,1.61,4.87,1.2244374458597422,0.3416,1.0,Industrial,unavailable,unavailable,unavailable,Normal,Industrial,0.9992,2654.5,4,Medium,Stable
22.33023,82.60492,319.97,0.38,0.36,2026-06-25,2014,N20,VIIRS,n,2.0NRT,287.09,2.52,N,,industrial_nearby,5,73,24.0,9000.6,2.765913043478261,15.28,2.376793836187871,0.9111,0.8260869565217391,Industrial,unavailable,unavailable,unavailable,Normal,Industrial,0.9989,443.5,6,High,Stable
22.31967,82.56496,307.94,0.38,0.36,2026-06-25,2014,N20,VIIRS,n,2.0NRT,279.76,0.67,N,,industrial_direct,1,98,0.0,8151.3,2.508492063492064,11.71,1.680059238942467,0.2671,0.9232804232804231,Industrial,unavailable,unavailable,unavailable,Normal,Industrial,0.9999,847.9,5,High,Stable
22.36115,82.3027,349.12,0.38,0.36,2026-06-25,2014,N20,VIIRS,n,2.0NRT,295.39,5.38,N,,industrial_direct,2,96,0.0,25330.2,3.5459414225941424,26.78,3.275989787681158,1.5172,0.7489539748953975,Industrial,unavailable,unavailable,unavailable,Normal,Industrial,0.9985,7351.6,3,Medium,Stable
22.33133,82.60641,336.25,0.52,0.42,2026-06-26,726,N20,VIIRS,n,2.0NRT,300.57,5.87,D,,industrial_direct,5,73,0.0,9011.8,2.765913043478261,15.28,2.376793836187871,2.1223,0.8260869565217391,Industrial,unavailable,unavailable,unavailable,Normal,Industrial,0.9976,364.9,6,High,Stable
22.32029,82.56729,335.75,0.52,0.42,2026-06-26,726,N20,VIIRS,n,2.0NRT,299.14,3.79,D,,industrial_direct,1,98,0.0,8143.4,2.508492063492064,11.71,1.680059238942467,1.5109,0.9232804232804231,Industrial,unavailable,unavailable,unavailable,Normal,Industrial,0.9996,789.3,5,High,Stable
22.32517,82.54687,312.86,0.53,0.42,2026-06-26,1953,N20,VIIRS,n,2.0NRT,290.91,2.01,N,,industrial_direct,1,98,0.0,7324.3,2.508492063492064,11.71,1.680059238942467,0.8013,0.9232804232804231,Industrial,unavailable,unavailable,unavailable,Normal,Industrial,0.9999,463.0,6,High,Stable
22.31549,82.56116,310.64,0.53,0.42,2026-06-26,1953,N20,VIIRS,n,2.0NRT,291.31,2.86,N,,industrial_nearby,1,98,5.3,8525.8,2.508492063492064,11.71,1.680059238942467,1.1401,0.9232804232804231,Industrial,unavailable,unavailable,unavailable,Normal,Industrial,0.9996,801.6,5,High,Stable
22.318,82.57203,309.11,0.53,0.42,2026-06-26,1953,N20,VIIRS,n,2.0NRT,291.29,1.38,N,,industrial_nearby,1,98,78.4,8521.3,2.508492063492064,11.71,1.680059238942467,0.5501,0.9232804232804231,Industrial,unavailable,unavailable,unavailable,Normal,Industrial,0.9999,386.9,6,High,Stable
22.31497,82.53478,307.17,0.53,0.42,2026-06-26,1953,N20,VIIRS,n,2.0NRT,290.76,1.3,N,,industrial_nearby,1,98,48.9,8543.5,2.508492063492064,11.71,1.680059238942467,0.5182,0.9232804232804231,Industrial,unavailable,unavailable,unavailable,Normal,Industrial,0.9999,258.9,6,High,Stable
22.32251,82.56744,307.17,0.53,0.42,2026-06-26,1953,N20,VIIRS,n,2.0NRT,291.52,1.44,N,,industrial_nearby,1,98,67.2,7910.0,2.508492063492064,11.71,1.680059238942467,0.5741,0.9232804232804231,Industrial,unavailable,unavailable,unavailable,Normal,Industrial,0.9999,1018.6,5,High,Stable
22.33103,82.53193,306.75,0.53,0.42,2026-06-26,1953,N20,VIIRS,n,2.0NRT,290.48,1.43,N,,industrial_direct,6,16,0.0,6848.3,1.2005882352941175,1.95,0.356606761507604,1.1911,1.0,Industrial,unavailable,unavailable,unavailable,Normal,Industrial,0.9992,1573.0,4,Medium,Stable
22.31867,82.56689,309.76,0.53,0.42,2026-06-26,1953,N20,VIIRS,n,2.0NRT,291.14,1.38,N,,industrial_direct,1,98,0.0,8306.4,2.508492063492064,11.71,1.680059238942467,0.5501,0.9232804232804231,Industrial,unavailable,unavailable,unavailable,Normal,Industrial,0.9999,644.5,5,High,Stable
22.32553,82.60445,306.75,0.53,0.42,2026-06-26,1953,N20,VIIRS,n,2.0NRT,290.73,1.27,N,,industrial_nearby,5,73,96.3,9368.7,2.765913043478261,15.28,2.376793836187871,0.4592,0.8260869565217391,Industrial,unavailable,unavailable,unavailable,Normal,Industrial,0.9998,7.3,6,High,Stable
22.32937,82.60499,315.75,0.53,0.42,2026-06-26,1953,N20,VIIRS,n,2.0NRT,291.47,1.27,N,,industrial_direct,5,73,0.0,9077.3,2.765913043478261,15.28,2.376793836187871,0.4592,0.8260869565217391,Industrial,unavailable,unavailable,unavailable,Normal,Industrial,0.9998,360.2,6,High,Stable
22.3332,82.60558,312.28,0.53,0.42,2026-06-26,1953,N20,VIIRS,n,2.0NRT,291.07,1.27,N,,industrial_direct,5,73,0.0,8801.5,2.765913043478261,15.28,2.376793836187871,0.4592,0.8260869565217391,Industrial,unavailable,unavailable,unavailable,Normal,Industrial,0.9998,568.8,5,High,Stable
22.36074,82.30128,326.31,0.55,0.43,2026-06-26,1953,N20,VIIRS,n,2.0NRT,289.4,4.89,N,,industrial_direct,2,96,0.0,25481.2,3.5459414225941424,26.78,3.275989787681158,1.379,0.7489539748953975,Industrial,unavailable,unavailable,unavailable,Normal,Industrial,0.9986,7504.5,3,Medium,Stable
22.31613,82.55957,296.64,0.35,0.57,2026-06-27,1936,N20,VIIRS,n,2.0NRT,265.74,0.33,N,,industrial_direct,1,98,0.0,8428.8,2.508492063492064,11.71,1.680059238942467,0.1316,0.9232804232804231,Industrial,unavailable,unavailable,unavailable,Normal,Industrial,0.9999,762.6,5,High,Stable
22.32068,82.56702,295.6,0.35,0.57,2026-06-27,1936,N20,VIIRS,n,2.0NRT,264.0,1.31,N,,industrial_direct,1,98,0.0,8094.5,2.508492063492064,11.71,1.680059238942467,0.5222,0.9232804232804231,Industrial,unavailable,unavailable,unavailable,Normal,Industrial,0.9999,839.6,5,High,Stable
22.315,82.56062,297.46,0.35,0.57,2026-06-27,1936,N20,VIIRS,n,2.0NRT,266.49,0.24,N,,industrial_nearby,1,98,43.5,8569.8,2.508492063492064,11.71,1.680059238942467,0.0957,0.9232804232804231,Industrial,unavailable,unavailable,unavailable,Normal,Industrial,0.9999,724.2,5,High,Stable
22.36214,82.30353,332.3,0.45,0.63,2026-06-28,830,N20,VIIRS,n,2.0NRT,276.07,8.05,D,,industrial_direct,2,96,0.0,25230.8,3.5459414225941424,26.78,3.275989787681158,2.2702,0.7489539748953975,Industrial,unavailable,unavailable,unavailable,Normal,Industrial,0.9974,7241.1,3,Medium,Stable
22.35841,82.30263,321.73,0.44,0.62,2026-06-28,2057,N20,VIIRS,n,2.0NRT,280.03,2.42,N,,industrial_direct,2,96,0.0,25380.2,3.5459414225941424,26.78,3.275989787681158,0.6825,0.7489539748953975,Industrial,unavailable,unavailable,unavailable,Normal,Industrial,0.9994,7442.6,3,Medium,Stable
22.36148,82.30318,320.52,0.44,0.62,2026-06-28,2057,N20,VIIRS,n,2.0NRT,279.8,2.75,N,,industrial_direct,2,96,0.0,25276.3,3.5459414225941424,26.78,3.275989787681158,0.7755,0.7489539748953975,Industrial,unavailable,unavailable,unavailable,Normal,Industrial,0.9989,7294.4,3,Medium,Stable
22.31244,82.53085,298.26,0.45,0.63,2026-06-28,2057,N20,VIIRS,n,2.0NRT,273.02,0.72,N,,industrial_nearby,1,98,108.7,8886.5,2.508492063492064,11.71,1.680059238942467,0.287,0.9232804232804231,Industrial,unavailable,unavailable,unavailable,Normal,Industrial,0.9999,345.5,6,High,Stable
22.31404,82.53078,299.8,0.45,0.63,2026-06-28,2057,N20,VIIRS,n,2.0NRT,273.07,1.0,N,,industrial_direct,1,98,0.0,8713.8,2.508492063492064,11.71,1.680059238942467,0.3986,0.9232804232804231,Industrial,unavailable,unavailable,unavailable,Normal,Industrial,0.9999,395.7,6,High,Stable
22.36109,82.30172,337.72,0.45,0.47,2026-06-29,809,N20,VIIRS,n,2.0NRT,276.15,5.09,D,,industrial_direct,2,96,0.0,25431.1,3.5459414225941424,26.78,3.275989787681158,1.4354,0.7489539748953975,Industrial,unavailable,unavailable,unavailable,Normal,Industrial,0.9987,7450.8,3,Medium,Stable
22.35941,82.30165,339.42,0.45,0.47,2026-06-29,809,N20,VIIRS,n,2.0NRT,275.99,8.82,D,,industrial_direct,2,96,0.0,25464.0,3.5459414225941424,26.78,3.275989787681158,2.4874,0.7489539748953975,Industrial,unavailable,unavailable,unavailable,Normal,Industrial,0.9986,7507.5,3,Medium,Stable
22.3562,82.30133,334.48,0.54,0.42,2026-07-10,805,N20,VIIRS,n,2.0NRT,292.41,6.0,D,,industrial_direct,2,96,0.0,25549.7,3.5459414225941424,26.78,3.275989787681158,1.6921,0.7489539748953975,Industrial,unavailable,unavailable,unavailable,Normal,Industrial,0.9978,7524.9,3,Medium,Stable
22.3601,82.30076,330.08,0.54,0.42,2026-07-10,805,N20,VIIRS,n,2.0NRT,293.09,6.0,D,,industrial_direct,2,96,0.0,25544.0,3.5459414225941424,26.78,3.275989787681158,1.6921,0.7489539748953975,Industrial,unavailable,unavailable,unavailable,Normal,Industrial,0.998,7574.8,3,Medium,Stable
22.36113,82.30374,299.08,0.54,0.42,2026-07-10,2032,N20,VIIRS,n,2.0NRT,266.39,0.67,N,,industrial_direct,2,96,0.0,25224.4,3.5459414225941424,26.78,3.275989787681158,0.1889,0.7489539748953975,Industrial,unavailable,unavailable,unavailable,Normal,Industrial,0.9996,7248.7,3,Medium,Stable
22.35732,82.30294,295.09,0.54,0.42,2026-07-10,2032,N20,VIIRS,n,2.0NRT,264.48,0.67,N,,industrial_direct,2,96,0.0,25366.7,3.5459414225941424,26.78,3.275989787681158,0.1889,0.7489539748953975,Industrial,unavailable,unavailable,unavailable,Normal,Industrial,0.9996,7425.9,3,Medium,Stable
22.35645,82.30122,330.7,0.38,0.36,2026-07-11,2014,N20,VIIRS,n,2.0NRT,291.12,2.39,N,,industrial_direct,2,96,0.0,25556.5,3.5459414225941424,26.78,3.275989787681158,0.674,0.7489539748953975,Industrial,unavailable,unavailable,unavailable,Normal,Industrial,0.9994,7546.5,3,Medium,Stable
22.31304,82.53261,306.56,0.38,0.36,2026-07-11,2014,N20,VIIRS,n,2.0NRT,291.08,1.45,N,,industrial_nearby,1,98,128.4,8789.3,2.508492063492064,11.71,1.680059238942467,0.578,0.9232804232804231,Industrial,unavailable,unavailable,unavailable,Normal,Industrial,0.9999,181.4,6,High,Stable
22.3155,82.55966,308.16,0.38,0.36,2026-07-11,2014,N20,VIIRS,n,2.0NRT,292.05,1.2,N,,industrial_direct,1,98,0.0,8499.2,2.508492063492064,11.71,1.680059238942467,0.4784,0.9232804232804231,Industrial,unavailable,unavailable,unavailable,Normal,Industrial,0.9999,708.0,5,High,Stable
22.35587,82.30492,310.15,0.38,0.36,2026-07-11,2014,N20,VIIRS,n,2.0NRT,291.79,2.39,N,,industrial_direct,2,96,0.0,25190.3,3.5459414225941424,26.78,3.275989787681158,0.674,0.7489539748953975,Industrial,unavailable,unavailable,unavailable,Normal,Industrial,0.9994,7173.1,3,Medium,Stable
22.32114,82.54549,315.28,0.38,0.36,2026-07-11,2014,N20,VIIRS,n,2.0NRT,291.6,2.49,N,,industrial_nearby,1,98,209.1,7771.6,2.508492063492064,11.71,1.680059238942467,0.9926,0.9232804232804231,Industrial,unavailable,unavailable,unavailable,Normal,Industrial,0.9997,4.8,6,High,Stable
22.31633,82.5332,307.11,0.38,0.36,2026-07-11,2014,N20,VIIRS,n,2.0NRT,291.68,1.32,N,,industrial_direct,1,98,0.0,8420.0,2.508492063492064,11.71,1.680059238942467,0.5262,0.9232804232804231,Industrial,unavailable,unavailable,unavailable,Normal,Industrial,0.9999,422.3,6,High,Stable
22.32148,82.56456,315.24,0.38,0.36,2026-07-11,2014,N20,VIIRS,n,2.0NRT,292.67,2.24,N,,industrial_direct,1,98,0.0,7946.8,2.508492063492064,11.71,1.680059238942467,0.893,0.9232804232804231,Industrial,unavailable,unavailable,unavailable,Normal,Industrial,0.9997,1035.3,5,High,Stable
22.33006,82.53193,305.38,0.38,0.36,2026-07-11,2014,N20,VIIRS,n,2.0NRT,291.14,0.79,N,,industrial_direct,6,16,0.0,6953.1,1.2005882352941175,1.95,0.356606761507604,0.658,1.0,Industrial,unavailable,unavailable,unavailable,Normal,Industrial,0.9998,1484.5,5,High,Stable
22.33203,82.60455,313.36,0.38,0.36,2026-07-11,2014,N20,VIIRS,n,2.0NRT,291.34,1.21,N,,industrial_nearby,5,73,88.5,8825.9,2.765913043478261,15.28,2.376793836187871,0.4375,0.8260869565217391,Industrial,unavailable,unavailable,unavailable,Normal,Industrial,0.9998,567.3,5,High,Stable
22.32874,82.60394,306.68,0.38,0.36,2026-07-11,2014,N20,VIIRS,n,2.0NRT,291.76,1.24,N,,industrial_direct,5,73,0.0,9060.5,2.765913043478261,15.28,2.376793836187871,0.4483,0.8260869565217391,Industrial,unavailable,unavailable,unavailable,Normal,Industrial,0.9998,301.2,6,High,Stable
22.35974,82.30182,337.13,0.38,0.36,2026-07-11,2014,N20,VIIRS,n,2.0NRT,292.41,4.67,N,,industrial_direct,2,96,0.0,25441.5,3.5459414225941424,26.78,3.275989787681158,1.317,0.7489539748953975,Industrial,unavailable,unavailable,unavailable,Normal,Industrial,0.9987,7480.5,3,Medium,Stable
22.36093,82.30424,311.33,0.55,0.42,2026-07-12,1955,N20,VIIRS,n,2.0NRT,288.85,2.09,N,,industrial_direct,2,96,0.0,25176.4,3.5459414225941424,26.78,3.275989787681158,0.5894,0.7489539748953975,Industrial,unavailable,unavailable,unavailable,Normal,Industrial,0.9995,7204.9,3,Medium,Stable
22.35704,82.30363,315.9,0.55,0.42,2026-07-12,1955,N20,VIIRS,n,2.0NRT,289.03,2.09,N,,industrial_direct,2,96,0.0,25301.2,3.5459414225941424,26.78,3.275989787681158,0.5894,0.7489539748953975,Industrial,unavailable,unavailable,unavailable,Normal,Industrial,0.9995,7348.4,3,Medium,Stable
22.33218,82.60658,296.96,0.34,0.56,2026-07-13,1936,N20,VIIRS,n,2.0NRT,274.38,0.82,N,,industrial_direct,5,73,0.0,8954.3,2.765913043478261,15.28,2.376793836187871,0.2965,0.8260869565217391,Industrial,unavailable,unavailable,unavailable,Normal,Industrial,0.9998,415.9,6,High,Stable
22.31849,82.57055,300.68,0.35,0.56,2026-07-13,1936,N20,VIIRS,n,2.0NRT,280.07,1.32,N,,industrial_direct,1,98,0.0,8425.3,2.508492063492064,11.71,1.680059238942467,0.5262,0.9232804232804231,Industrial,unavailable,unavailable,unavailable,Normal,Industrial,0.9999,494.7,6,High,Stable
22.33063,82.60566,297.94,0.34,0.56,2026-07-13,1936,N20,VIIRS,n,2.0NRT,275.52,1.29,N,,industrial_direct,5,73,0.0,9017.7,2.765913043478261,15.28,2.376793836187871,0.4664,0.8260869565217391,Industrial,unavailable,unavailable,unavailable,Normal,Industrial,0.9998,393.9,6,High,Stable
22.35853,82.30383,330.35,0.45,0.63,2026-07-14,830,N20,VIIRS,n,2.0NRT,285.25,4.41,D,,industrial_direct,2,96,0.0,25256.0,3.5459414225941424,26.78,3.275989787681158,1.2437,0.7489539748953975,Industrial,unavailable,unavailable,unavailable,Normal,Industrial,0.9985,7320.7,3,Medium,Stable
22.31901,82.5692,305.41,0.46,0.47,2026-07-31,2040,N20,VIIRS,n,2.0NRT,283.62,1.72,N,,industrial_direct,1,98,0.0,8331.6,2.508492063492064,11.71,1.680059238942467,0.6857,0.9232804232804231,Industrial,unavailable,unavailable,unavailable,Normal,Industrial,0.9999,601.7,5,High,Stable
22.35865,82.30376,333.77,0.44,0.46,2026-07-31,2040,N20,VIIRS,n,2.0NRT,282.35,4.39,N,,industrial_direct,2,96,0.0,25261.2,3.5459414225941424,26.78,3.275989787681158,1.238,0.7489539748953975,Industrial,unavailable,unavailable,unavailable,Normal,Industrial,0.9985,7323.6,3,Medium,Stable
22.31321,82.53134,304.28,0.46,0.47,2026-07-31,2040,N20,VIIRS,n,2.0NRT,283.53,1.35,N,,industrial_nearby,1,98,66.9,8793.5,2.508492063492064,11.71,1.680059238942467,0.5382,0.9232804232804231,Industrial,unavailable,unavailable,unavailable,Normal,Industrial,0.9999,313.2,6,High,Stable
22.3573,82.3028,345.09,0.4,0.37,2026-08-01,752,N20,VIIRS,n,2.0NRT,297.43,8.32,D,,industrial_direct,2,96,0.0,25381.3,3.5459414225941424,26.78,3.275989787681158,2.3463,0.7489539748953975,Industrial,unavailable,unavailable,unavailable,Normal,Industrial,0.9984,7438.0,3,Medium,Stable
22.31848,82.56682,298.12,0.41,0.37,2026-08-01,2021,N20,VIIRS,n,2.0NRT,265.7,0.47,N,,industrial_direct,1,98,0.0,8325.0,2.508492063492064,11.71,1.680059238942467,0.1874,0.9232804232804231,Industrial,unavailable,unavailable,unavailable,Normal,Industrial,0.9999,630.1,5,High,Stable
22.35636,82.30221,309.28,0.4,0.37,2026-08-01,2021,N20,VIIRS,n,2.0NRT,269.98,1.97,N,,industrial_direct,2,96,0.0,25457.4,3.5459414225941424,26.78,3.275989787681158,0.5556,0.7489539748953975,Industrial,unavailable,unavailable,unavailable,Normal,Industrial,0.9995,7449.5,3,Medium,Stable
22.3597,82.30285,323.6,0.4,0.37,2026-08-01,2021,N20,VIIRS,n,2.0NRT,271.24,1.97,N,,industrial_direct,2,96,0.0,25337.2,3.5459414225941424,26.78,3.275989787681158,0.5556,0.7489539748953975,Industrial,unavailable,unavailable,unavailable,Normal,Industrial,0.9995,7379.9,3,Medium,Stable
22.31705,82.53432,296.12,0.41,0.37,2026-08-01,2021,N20,VIIRS,n,2.0NRT,263.96,0.25,N,,industrial_direct,1,98,0.0,8322.9,2.508492063492064,11.71,1.680059238942467,0.0997,0.9232804232804231,Industrial,unavailable,unavailable,unavailable,Normal,Industrial,0.9999,485.9,6,High,Stable
22.31914,82.56291,301.39,0.41,0.37,2026-08-01,2021,N20,VIIRS,n,2.0NRT,264.62,0.57,N,,industrial_direct,1,98,0.0,8162.8,2.508492063492064,11.71,1.680059238942467,0.2272,0.9232804232804231,Industrial,unavailable,unavailable,unavailable,Normal,Industrial,0.9999,953.2,5,High,Stable
22.32516,82.54797,298.63,0.41,0.37,2026-08-01,2021,N20,VIIRS,n,2.0NRT,263.97,0.87,N,,industrial_direct,1,98,0.0,7326.4,2.508492063492064,11.71,1.680059238942467,0.3468,0.9232804232804231,Industrial,unavailable,unavailable,unavailable,Normal,Industrial,0.9999,497.9,6,High,Stable
22.32251,82.56358,295.39,0.41,0.37,2026-08-01,2021,N20,VIIRS,n,2.0NRT,264.03,0.57,N,,industrial_direct,1,98,0.0,7812.9,2.508492063492064,11.71,1.680059238942467,0.2272,0.9232804232804231,Industrial,unavailable,unavailable,unavailable,Normal,Industrial,0.9999,1186.1,5,High,Stable
22.33272,82.60599,299.53,0.41,0.37,2026-08-01,2021,N20,VIIRS,n,2.0NRT,266.67,0.4,N,,industrial_direct,5,73,0.0,8869.2,2.765913043478261,15.28,2.376793836187871,0.1446,0.8260869565217391,Industrial,unavailable,unavailable,unavailable,Normal,Industrial,0.9998,501.0,5,High,Stable
22.32185,82.56748,295.04,0.41,0.37,2026-08-01,2021,N20,VIIRS,n,2.0NRT,264.36,0.47,N,,industrial_nearby,1,98,32.5,7981.6,2.508492063492064,11.71,1.680059238942467,0.1874,0.9232804232804231,Industrial,unavailable,unavailable,unavailable,Normal,Industrial,0.9999,947.1,5,High,Stable
22.35583,82.3048,331.86,0.45,0.39,2026-08-02,733,N20,VIIRS,l,2.0NRT,297.73,4.59,D,,industrial_direct,2,96,0.0,25203.2,3.5459414225941424,26.78,3.275989787681158,1.2944,0.7489539748953975,Industrial,unavailable,unavailable,unavailable,Normal,Industrial,0.9986,7182.5,3,Medium,Stable
22.35936,82.30412,339.68,0.45,0.39,2026-08-02,733,N20,VIIRS,n,2.0NRT,297.18,5.03,D,,industrial_direct,2,96,0.0,25213.1,3.5459414225941424,26.78,3.275989787681158,1.4185,0.7489539748953975,Industrial,unavailable,unavailable,unavailable,Normal,Industrial,0.9986,7265.1,3,Medium,Stable
22.35736,82.30417,338.94,0.55,0.43,2026-08-11,807,N20,VIIRS,n,2.0NRT,294.1,6.84,D,,industrial_direct,2,96,0.0,25240.9,3.5459414225941424,26.78,3.275989787681158,1.929,0.7489539748953975,Industrial,unavailable,unavailable,unavailable,Normal,Industrial,0.9986,7313.5,3,Medium,Stable
22.35893,82.30504,333.67,0.38,0.36,2026-08-12,746,N20,VIIRS,n,2.0NRT,296.06,6.54,D,,industrial_direct,2,96,0.0,25126.3,3.5459414225941424,26.78,3.275989787681158,1.8444,0.7489539748953975,Industrial,unavailable,unavailable,unavailable,Normal,Industrial,0.9976,7188.6,3,Medium,Escalating
22.35889,82.30314,320.33,0.38,0.36,2026-08-12,2017,N20,VIIRS,n,2.0NRT,276.69,1.44,N,,industrial_direct,2,96,0.0,25320.5,3.5459414225941424,26.78,3.275989787681158,0.4061,0.7489539748953975,Industrial,unavailable,unavailable,unavailable,Normal,Industrial,0.9996,7376.8,3,Medium,Escalating
22.3556,82.30254,305.44,0.38,0.36,2026-08-12,2017,N20,VIIRS,n,2.0NRT,277.28,1.44,N,,industrial_direct,2,96,0.0,25437.1,3.5459414225941424,26.78,3.275989787681158,0.4061,0.7489539748953975,Industrial,unavailable,unavailable,unavailable,Normal,Industrial,0.9996,7384.1,3,Medium,Escalating
22.3208,82.56306,301.62,0.47,0.39,2026-08-22,2027,N20,VIIRS,n,2.0NRT,271.16,0.68,N,,industrial_direct,1,98,0.0,7986.2,2.508492063492064,11.71,1.680059238942467,0.2711,0.9232804232804231,Industrial,unavailable,unavailable,unavailable,Normal,Industrial,0.9999,1069.7,5,High,Stable
22.32,82.56749,298.3,0.47,0.39,2026-08-22,2027,N20,VIIRS,n,2.0NRT,270.71,0.68,N,,industrial_direct,1,98,0.0,8179.8,2.508492063492064,11.71,1.680059238942467,0.2711,0.9232804232804231,Industrial,unavailable,unavailable,unavailable,Normal,Industrial,0.9999,752.0,5,High,Stable
22.35542,82.30332,334.63,0.36,0.58,2026-08-26,824,N20,VIIRS,n,2.0NRT,289.53,7.35,D,,industrial_direct,2,96,0.0,25361.0,3.5459414225941424,26.78,3.275989787681158,2.0728,0.7489539748953975,Industrial,unavailable,unavailable,unavailable,Normal,Industrial,0.9976,7302.6,3,Medium,Escalating
22.35975,82.30282,333.19,0.36,0.58,2026-08-26,824,N20,VIIRS,n,2.0NRT,286.99,8.21,D,,industrial_direct,2,96,0.0,25339.4,3.5459414225941424,26.78,3.275989787681158,2.3153,0.7489539748953975,Industrial,unavailable,unavailable,unavailable,Normal,Industrial,0.9976,7381.3,3,Medium,Escalating
