latitude,longitude,brightness,scan,track,acq_date,acq_time,satellite,instrument,confidence,version,bright_t31,frp,daynight,type,label,cluster_id,distinct_days
22.11777,82.61755,335.15,0.43,0.46,2026-03-01,718,N20,VIIRS,n,2,303.34,15.85,D,0.0,unclassified,0,1
22.31284,82.53032,304.74,0.43,0.46,2026-03-01,1946,N20,VIIRS,n,2,294.45,1.81,N,2.0,industrial_nearby,1,98
22.31333,82.52609,328.86,0.44,0.46,2026-03-01,1946,N20,VIIRS,n,2,294.77,3.26,N,2.0,industrial_direct,1,98
22.31656,82.53515,308.28,0.43,0.46,2026-03-01,1946,N20,VIIRS,n,2,295.34,1.26,N,2.0,industrial_direct,1,98
22.31706,82.53094,309.21,0.43,0.46,2026-03-01,1946,N20,VIIRS,n,2,296.44,1.26,N,2.0,industrial_direct,1,98
22.31679,82.56947,303.29,0.43,0.46,2026-03-01,1946,N20,VIIRS,n,2,293.11,0.91,N,0.0,industrial_nearby,1,98
22.35712,82.30097,306.96,0.45,0.47,2026-03-01,1946,N20,VIIRS,n,2,293.05,1.51,N,2.0,industrial_direct,2,96
22.36141,82.30161,307.12,0.45,0.47,2026-03-01,1946,N20,VIIRS,n,2,293.43,1.61,N,2.0,industrial_direct,2,96
22.33318,82.57576,307.97,0.43,0.46,2026-03-01,1946,N20,VIIRS,n,2,293.94,0.93,N,2.0,industrial_direct,3,71
22.33566,82.55504,306.38,0.43,0.46,2026-03-01,1946,N20,VIIRS,n,2,293.47,1.08,N,0.0,industrial_direct,4,61
22.32965,82.60517,326.16,0.43,0.46,2026-03-01,1946,N20,VIIRS,n,2,294.18,2.32,N,2.0,industrial_direct,5,73
22.33385,82.60577,311.6,0.43,0.46,2026-03-01,1946,N20,VIIRS,n,2,294.17,1.0,N,2.0,industrial_direct,5,73
22.33739,82.57636,309.49,0.43,0.46,2026-03-01,1946,N20,VIIRS,n,2,294.08,1.31,N,2.0,industrial_direct,3,71
22.3566,82.30535,312.38,0.45,0.47,2026-03-01,1946,N20,VIIRS,n,2,293.53,1.51,N,2.0,industrial_direct,2,96
22.44469,82.68317,305.96,0.43,0.46,2026-03-01,1946,N20,VIIRS,n,2,292.19,0.8,N,0.0,unclassified,-1,0
22.33789,82.57217,310.07,0.43,0.46,2026-03-01,1946,N20,VIIRS,n,2,293.39,1.35,N,2.0,industrial_direct,3,71
22.12267,82.6207,341.56,0.43,0.46,2026-03-01,718,N20,VIIRS,n,2,305.72,15.85,D,0.0,unclassified,0,1
22.12191,82.61665,351.74,0.43,0.46,2026-03-01,718,N20,VIIRS,n,2,314.46,15.85,D,0.0,unclassified,0,1
22.12114,82.61259,342.74,0.43,0.46,2026-03-01,718,N20,VIIRS,n,2,308.33,13.94,D,0.0,unclassified,0,1
22.12604,82.61574,344.88,0.43,0.46,2026-03-01,718,N20,VIIRS,n,2,307.28,6.01,D,0.0,unclassified,0,1
22.1268,82.61979,335.42,0.43,0.46,2026-03-01,718,N20,VIIRS,l,2,308.42,6.01,D,0.0,unclassified,0,1
22.3111,82.53024,343.73,0.43,0.46,2026-03-01,718,N20,VIIRS,n,2,306.37,6.02,D,2.0,industrial_nearby,1,98
22.32988,82.60644,340.14,0.42,0.45,2026-03-01,718,N20,VIIRS,n,2,305.96,5.0,D,2.0,industrial_direct,5,73
22.37384,82.81679,336.49,0.41,0.45,2026-03-01,718,N20,VIIRS,n,2,302.1,4.13,D,0.0,unclassified,-1,0
22.33273,82.57613,336.63,0.42,0.46,2026-03-01,718,N20,VIIRS,n,2,306.35,3.01,D,2.0,industrial_direct,3,71
22.50167,82.60797,332.98,0.42,0.45,2026-03-01,718,N20,VIIRS,l,2,307.41,2.12,D,0.0,industrial_nearby,-1,0
22.28705,83.09211,330.54,0.4,0.44,2026-03-01,718,N20,VIIRS,l,2,302.11,2.62,D,0.0,unclassified,-1,0
22.3589,82.30583,303.8,0.45,0.63,2026-03-02,1927,N20,VIIRS,n,2,290.54,1.2,N,2.0,industrial_direct,2,96
22.31765,82.51304,303.47,0.44,0.62,2026-03-02,1927,N20,VIIRS,n,2,291.2,2.01,N,0.0,industrial_direct,1,98
22.3358,82.57087,310.76,0.44,0.62,2026-03-02,1927,N20,VIIRS,n,2,291.58,1.97,N,0.0,industrial_direct,3,71
22.33279,82.6051,312.48,0.43,0.62,2026-03-02,1927,N20,VIIRS,n,2,292.59,2.14,N,2.0,industrial_direct,5,73
22.3334,82.53215,304.16,0.44,0.62,2026-03-02,1927,N20,VIIRS,n,2,293.4,0.94,N,2.0,industrial_direct,6,16
22.31856,82.56945,307.1,0.44,0.62,2026-03-02,1927,N20,VIIRS,n,2,292.65,1.32,N,0.0,industrial_direct,1,98
22.3163,82.51382,306.17,0.44,0.62,2026-03-02,1927,N20,VIIRS,n,2,291.12,1.81,N,2.0,industrial_direct,1,98
22.31623,82.52551,305.32,0.72,0.76,2026-03-02,2108,N20,VIIRS,n,2,292.01,3.11,N,2.0,industrial_direct,1,98
22.33301,82.57486,304.18,0.73,0.76,2026-03-02,2108,N20,VIIRS,n,2,290.61,1.75,N,2.0,industrial_direct,3,71
22.32147,82.56343,300.97,0.72,0.76,2026-03-02,2108,N20,VIIRS,n,2,290.82,2.15,N,2.0,industrial_direct,1,98
22.31671,82.52581,304.22,0.72,0.76,2026-03-02,2108,N20,VIIRS,n,2,292.21,2.84,N,2.0,industrial_direct,1,98
22.32118,82.56324,302.25,0.73,0.76,2026-03-02,2108,N20,VIIRS,n,2,290.64,1.94,N,2.0,industrial_direct,1,98
22.35808,82.30238,307.18,0.7,0.75,2026-03-02,2108,N20,VIIRS,n,2,291.28,2.33,N,2.0,industrial_direct,2,96
22.35929,82.30135,307.25,0.45,0.63,2026-03-02,1927,N20,VIIRS,n,2,291.06,1.2,N,2.0,industrial_direct,2,96
22.31511,82.52666,307.93,0.44,0.62,2026-03-02,1927,N20,VIIRS,n,2,292.32,2.93,N,2.0,industrial_nearby,1,98
22.27187,82.53694,334.87,0.75,0.77,2026-03-02,839,N20,VIIRS,n,2,305.05,3.17,D,0.0,unclassified,-1,0
22.35982,82.30341,304.22,0.7,0.75,2026-03-02,2108,N20,VIIRS,n,2,291.17,2.69,N,2.0,industrial_direct,2,96
22.43975,82.67392,334.99,0.41,0.61,2026-03-02,659,N20,VIIRS,l,2,307.31,3.34,D,0.0,unclassified,-1,0
22.12719,82.83611,333.9,0.78,0.78,2026-03-02,839,N20,VIIRS,n,2,301.97,4.79,D,0.0,unclassified,7,2
22.10971,82.86965,332.94,0.41,0.6,2026-03-02,659,N20,VIIRS,n,2,305.45,1.81,D,0.0,unclassified,-1,0
22.12629,82.84111,333.36,0.41,0.61,2026-03-02,659,N20,VIIRS,l,2,305.41,4.36,D,0.0,unclassified,7,2
22.12543,82.83724,341.12,0.41,0.61,2026-03-02,659,N20,VIIRS,n,2,308.64,5.98,D,0.0,unclassified,7,2
22.20885,83.00592,367.0,0.4,0.6,2026-03-02,659,N20,VIIRS,h,2,312.03,5.57,D,0.0,unclassified,8,1
22.20967,83.00966,333.66,0.4,0.6,2026-03-02,659,N20,VIIRS,n,2,308.05,5.57,D,0.0,unclassified,8,1
22.17741,82.62842,335.63,0.42,0.61,2026-03-02,659,N20,VIIRS,n,2,307.65,2.78,D,0.0,unclassified,9,1
22.11737,82.98409,356.09,0.4,0.6,2026-03-02,659,N20,VIIRS,n,2,307.57,5.57,D,0.0,unclassified,-1,0
22.13814,82.38559,367.0,0.44,0.62,2026-03-02,659,N20,VIIRS,h,2,307.2,9.02,D,0.0,unclassified,-1,0
22.26111,82.74951,335.54,0.41,0.61,2026-03-02,659,N20,VIIRS,n,2,309.41,2.04,D,0.0,unclassified,-1,0
22.28552,82.75549,332.79,0.41,0.61,2026-03-02,659,N20,VIIRS,n,2,305.31,1.21,D,0.0,unclassified,10,2
22.32798,82.61082,332.46,0.42,0.61,2026-03-02,659,N20,VIIRS,l,2,306.82,3.83,D,0.0,industrial_nearby,5,73
22.31907,82.57119,334.67,0.42,0.61,2026-03-02,659,N20,VIIRS,l,2,307.52,3.22,D,0.0,industrial_direct,1,98
22.31003,82.53098,335.13,0.42,0.61,2026-03-02,659,N20,VIIRS,l,2,307.9,3.76,D,2.0,industrial_nearby,1,98
22.49059,82.92621,342.94,0.4,0.6,2026-03-02,659,N20,VIIRS,n,2,307.92,6.24,D,0.0,unclassified,-1,0
22.17599,82.62919,337.46,0.42,0.61,2026-03-02,659,N20,VIIRS,n,2,306.33,4.71,D,0.0,unclassified,9,1
22.35006,82.80109,333.06,0.39,0.59,2026-03-03,820,N20,VIIRS,n,2,305.86,1.69,D,0.0,unclassified,-1,0
22.34526,82.74861,333.19,0.38,0.59,2026-03-03,820,N20,VIIRS,l,2,305.4,1.45,D,0.0,industrial_nearby,-1,0
22.33711,82.5766,319.77,0.36,0.58,2026-03-03,2049,N20,VIIRS,n,2,293.88,1.4,N,2.0,industrial_direct,3,71
22.33097,82.60403,313.82,0.37,0.58,2026-03-03,2049,N20,VIIRS,n,2,292.61,1.23,N,2.0,industrial_nearby,5,73
22.33666,82.55418,306.88,0.36,0.58,2026-03-03,2049,N20,VIIRS,n,2,291.78,1.12,N,0.0,industrial_direct,4,61
22.32448,82.58408,306.73,0.36,0.58,2026-03-03,2049,N20,VIIRS,n,2,293.25,1.04,N,0.0,industrial_nearby,11,23
22.31804,82.564,318.07,0.36,0.58,2026-03-03,2049,N20,VIIRS,n,2,292.55,1.71,N,2.0,industrial_direct,1,98
22.3189,82.53515,311.14,0.36,0.58,2026-03-03,2049,N20,VIIRS,n,2,294.19,1.78,N,2.0,industrial_direct,1,98
22.32465,82.58409,309.02,0.37,0.58,2026-03-03,2049,N20,VIIRS,n,2,293.06,1.09,N,0.0,industrial_nearby,11,23
22.3181,82.56393,315.61,0.36,0.58,2026-03-03,2049,N20,VIIRS,n,2,292.47,1.96,N,2.0,industrial_direct,1,98
22.31523,82.52699,307.59,0.36,0.58,2026-03-03,2049,N20,VIIRS,n,2,294.25,1.72,N,2.0,industrial_nearby,1,98
22.31448,82.53042,311.29,0.36,0.58,2026-03-03,2049,N20,VIIRS,n,2,295.24,1.72,N,2.0,industrial_direct,1,98
22.35852,82.30324,319.31,0.35,0.57,2026-03-03,2049,N20,VIIRS,n,2,295.89,2.86,N,2.0,industrial_direct,2,96
22.17152,82.68301,310.21,0.37,0.58,2026-03-03,2049,N20,VIIRS,n,2,293.61,1.61,N,0.0,unclassified,-1,0
22.16624,82.68188,310.98,0.37,0.58,2026-03-03,2049,N20,VIIRS,n,2,295.02,1.46,N,0.0,unclassified,12,2
22.33662,82.55411,303.33,0.36,0.58,2026-03-03,2049,N20,VIIRS,n,2,291.56,0.9,N,0.0,industrial_direct,4,61
22.33813,82.79119,332.63,0.39,0.59,2026-03-03,820,N20,VIIRS,l,2,305.03,2.18,D,0.0,unclassified,13,3
22.33779,82.78745,332.75,0.39,0.59,2026-03-03,820,N20,VIIRS,l,2,306.34,2.18,D,0.0,unclassified,13,3
22.27893,82.58787,345.32,0.37,0.58,2026-03-03,820,N20,VIIRS,n,2,305.85,3.15,D,0.0,unclassified,-1,0
22.30084,82.64531,333.88,0.38,0.59,2026-03-03,820,N20,VIIRS,l,2,308.36,2.02,D,0.0,unclassified,-1,0
22.23981,83.01832,334.2,0.79,0.78,2026-03-03,640,N20,VIIRS,n,2,301.65,11.44,D,0.0,unclassified,14,1
22.23653,83.01897,330.99,0.79,0.78,2026-03-03,640,N20,VIIRS,n,2,300.97,9.54,D,0.0,unclassified,14,1
22.13471,82.94913,331.96,0.39,0.6,2026-03-03,820,N20,VIIRS,n,2,306.12,1.7,D,0.0,unclassified,15,1
22.14464,82.75273,333.43,0.38,0.59,2026-03-03,820,N20,VIIRS,n,2,307.02,2.11,D,0.0,unclassified,-1,0
22.11353,82.42188,338.31,0.36,0.58,2026-03-03,820,N20,VIIRS,n,2,306.57,3.51,D,0.0,unclassified,16,1
22.1132,82.41832,335.81,0.36,0.58,2026-03-03,820,N20,VIIRS,n,2,309.11,3.12,D,0.0,unclassified,16,1
22.13496,82.94852,332.43,0.39,0.6,2026-03-03,820,N20,VIIRS,n,2,306.68,2.24,D,0.0,unclassified,15,1
22.13827,82.34467,349.49,0.36,0.57,2026-03-03,820,N20,VIIRS,n,2,310.63,4.81,D,0.0,unclassified,17,1
22.13793,82.34116,345.26,0.36,0.57,2026-03-03,820,N20,VIIRS,n,2,310.02,4.81,D,0.0,unclassified,17,1
22.17856,82.64865,335.06,0.38,0.58,2026-03-03,820,N20,VIIRS,n,2,304.35,1.72,D,0.0,unclassified,-1,0
22.22661,82.80476,337.76,0.39,0.59,2026-03-03,820,N20,VIIRS,n,2,307.74,1.58,D,0.0,unclassified,18,1
22.22821,82.80685,333.14,0.39,0.59,2026-03-03,820,N20,VIIRS,l,2,306.61,2.23,D,0.0,unclassified,18,1
22.24732,82.59878,343.91,0.37,0.58,2026-03-03,820,N20,VIIRS,n,2,307.95,3.3,D,0.0,unclassified,-1,0
22.19551,82.94241,335.13,0.39,0.6,2026-03-03,820,N20,VIIRS,n,2,305.59,1.5,D,0.0,unclassified,-1,0
22.26734,82.75367,335.3,0.38,0.59,2026-03-03,820,N20,VIIRS,l,2,307.14,2.51,D,0.0,unclassified,-1,0
22.33408,82.60349,328.64,0.56,0.43,2026-03-04,2030,N20,VIIRS,n,2,294.69,4.05,N,2.0,industrial_direct,5,73
22.4365,82.59909,341.02,0.57,0.43,2026-03-04,802,N20,VIIRS,n,2,315.21,5.0,D,0.0,unclassified,-1,0
22.44009,82.72781,341.69,0.39,0.44,2026-03-04,802,N20,VIIRS,n,2,314.63,3.7,D,0.0,unclassified,-1,0
22.36926,82.79556,338.8,0.39,0.44,2026-03-04,802,N20,VIIRS,n,2,311.45,2.65,D,0.0,unclassified,19,2
22.36832,82.30564,337.62,0.55,0.42,2026-03-04,802,N20,VIIRS,l,2,311.31,5.43,D,0.0,industrial_nearby,-1,0
22.36524,82.79605,339.63,0.39,0.44,2026-03-04,802,N20,VIIRS,n,2,310.11,1.82,D,0.0,unclassified,19,2
22.33019,82.60265,328.29,0.56,0.43,2026-03-04,2030,N20,VIIRS,n,2,293.58,4.05,N,2.0,industrial_nearby,5,73
22.37944,82.36371,339.81,0.55,0.43,2026-03-04,802,N20,VIIRS,n,2,311.29,6.91,D,0.0,unclassified,-1,0
22.33522,82.57608,318.44,0.56,0.43,2026-03-04,2030,N20,VIIRS,n,2,295.26,2.38,N,2.0,industrial_direct,3,71
22.16081,82.68162,319.31,0.57,0.43,2026-03-04,2030,N20,VIIRS,n,2,295.17,4.23,N,0.0,unclassified,20,2
22.32159,82.584,307.84,0.56,0.43,2026-03-04,2030,N20,VIIRS,n,2,293.36,1.57,N,0.0,industrial_direct,11,23
22.31688,82.56629,320.16,0.56,0.43,2026-03-04,2030,N20,VIIRS,n,2,293.41,2.38,N,2.0,industrial_direct,1,98
22.35876,82.3035,322.69,0.54,0.42,2026-03-04,2030,N20,VIIRS,n,2,296.78,2.62,N,2.0,industrial_direct,2,96
22.31518,82.53284,313.18,0.56,0.43,2026-03-04,2030,N20,VIIRS,n,2,294.97,2.4,N,2.0,industrial_direct,1,98
22.35493,82.3027,302.83,0.54,0.42,2026-03-04,2030,N20,VIIRS,n,2,292.71,2.62,N,2.0,industrial_direct,2,96
22.31232,82.52673,309.08,0.55,0.43,2026-03-04,2030,N20,VIIRS,n,2,294.83,3.8,N,2.0,industrial_direct,1,98
22.15874,82.69235,303.56,0.57,0.43,2026-03-04,2030,N20,VIIRS,n,2,293.38,1.83,N,0.0,unclassified,-1,0
22.32956,82.60545,347.91,0.57,0.43,2026-03-04,802,N20,VIIRS,n,2,318.6,15.28,D,2.0,industrial_direct,5,73
22.33541,82.55374,320.23,0.56,0.43,2026-03-04,2030,N20,VIIRS,n,2,293.32,2.03,N,0.0,industrial_direct,4,61
22.3644,82.92347,341.71,0.39,0.44,2026-03-04,802,N20,VIIRS,n,2,313.55,3.45,D,0.0,unclassified,-1,0
22.50874,83.02137,340.57,0.4,0.44,2026-03-04,802,N20,VIIRS,n,2,310.96,3.02,D,0.0,unclassified,-1,0
22.30269,82.92354,352.09,0.39,0.44,2026-03-04,802,N20,VIIRS,n,2,313.46,7.87,D,0.0,unclassified,21,1
22.11128,82.67922,339.77,0.57,0.43,2026-03-04,802,N20,VIIRS,l,2,313.37,6.16,D,0.0,unclassified,22,1
22.11526,82.67867,347.03,0.57,0.43,2026-03-04,802,N20,VIIRS,n,2,314.41,7.93,D,0.0,unclassified,22,1
22.17261,82.94595,340.78,0.39,0.44,2026-03-04,802,N20,VIIRS,l,2,314.36,4.46,D,0.0,unclassified,-1,0
22.22516,82.79657,342.04,0.39,0.44,2026-03-04,802,N20,VIIRS,l,2,312.53,3.21,D,0.0,unclassified,-1,0
22.22953,82.76555,347.38,0.39,0.44,2026-03-04,802,N20,VIIRS,n,2,313.18,2.16,D,0.0,unclassified,23,1
22.23353,82.76499,356.23,0.39,0.44,2026-03-04,802,N20,VIIRS,l,2,315.58,6.56,D,0.0,unclassified,23,1
22.21453,82.51272,346.94,0.56,0.43,2026-03-04,802,N20,VIIRS,n,2,316.69,15.62,D,0.0,unclassified,-1,0
22.23902,82.54804,354.53,0.56,0.43,2026-03-04,802,N20,VIIRS,n,2,318.62,19.42,D,0.0,unclassified,24,1
22.27936,82.83875,347.59,0.39,0.44,2026-03-04,802,N20,VIIRS,n,2,312.58,4.24,D,0.0,unclassified,25,2
22.16712,82.68571,339.06,0.57,0.43,2026-03-04,802,N20,VIIRS,l,2,312.42,6.05,D,0.0,unclassified,12,2
22.23515,82.52393,345.75,0.56,0.43,2026-03-04,802,N20,VIIRS,n,2,315.34,8.0,D,0.0,unclassified,-1,0
22.23774,82.54577,346.48,0.56,0.43,2026-03-04,802,N20,VIIRS,l,2,318.5,12.94,D,0.0,unclassified,24,1
22.30313,82.92728,334.03,0.39,0.44,2026-03-04,802,N20,VIIRS,n,2,307.14,1.49,D,0.0,unclassified,21,1
22.29554,82.93275,349.39,0.39,0.44,2026-03-04,802,N20,VIIRS,n,2,312.51,5.08,D,0.0,unclassified,26,1
22.24369,82.52828,342.36,0.56,0.43,2026-03-04,802,N20,VIIRS,l,2,314.73,8.01,D,0.0,unclassified,-1,0
22.31394,82.87972,342.53,0.39,0.44,2026-03-04,802,N20,VIIRS,n,2,312.53,3.37,D,0.0,unclassified,-1,0
22.28038,82.83832,344.34,0.39,0.44,2026-03-04,802,N20,VIIRS,n,2,311.5,3.83,D,0.0,unclassified,25,2
22.2915,82.93339,335.49,0.39,0.44,2026-03-04,802,N20,VIIRS,l,2,310.25,2.54,D,0.0,unclassified,26,1
22.22743,82.45908,341.94,0.56,0.43,2026-03-04,802,N20,VIIRS,l,2,315.04,5.58,D,0.0,unclassified,-1,0
22.31304,82.65472,341.76,0.39,0.36,2026-03-05,743,N20,VIIRS,l,2,315.59,4.47,D,0.0,unclassified,-1,0
22.26928,82.59019,340.46,0.38,0.36,2026-03-05,743,N20,VIIRS,l,2,314.25,2.77,D,0.0,unclassified,27,1
22.315,82.53255,345.39,0.38,0.36,2026-03-05,743,N20,VIIRS,l,2,317.63,4.79,D,2.0,industrial_direct,1,98
22.32946,82.60616,344.86,0.38,0.36,2026-03-05,743,N20,VIIRS,l,2,317.04,15.02,D,2.0,industrial_direct,5,73
22.30768,82.46157,343.41,0.38,0.36,2026-03-05,743,N20,VIIRS,l,2,314.89,5.72,D,0.0,unclassified,-1,0
22.31259,82.4493,348.84,0.38,0.36,2026-03-05,743,N20,VIIRS,n,2,316.71,6.93,D,0.0,unclassified,-1,0
22.3354,82.55563,340.83,0.38,0.36,2026-03-05,743,N20,VIIRS,l,2,315.11,3.69,D,0.0,industrial_direct,4,61
22.3426,82.37943,339.39,0.38,0.36,2026-03-05,743,N20,VIIRS,l,2,311.96,4.34,D,0.0,unclassified,-1,0
22.50763,82.61643,347.43,0.39,0.36,2026-03-05,743,N20,VIIRS,n,2,315.18,5.72,D,0.0,unclassified,-1,0
22.36854,82.7822,315.5,0.39,0.36,2026-03-05,2011,N20,VIIRS,n,2,291.31,1.18,N,0.0,unclassified,-1,0
22.32476,82.67505,305.84,0.38,0.36,2026-03-05,2011,N20,VIIRS,n,2,294.93,0.72,N,0.0,industrial_direct,28,16
22.3327,82.60423,329.1,0.38,0.36,2026-03-05,2011,N20,VIIRS,n,2,295.56,2.23,N,2.0,industrial_nearby,5,73
22.37222,82.93865,336.96,0.39,0.36,2026-03-05,743,N20,VIIRS,n,2,306.59,1.99,D,0.0,unclassified,-1,0
22.35657,82.30458,317.78,0.38,0.36,2026-03-05,2011,N20,VIIRS,n,2,298.42,1.44,N,2.0,industrial_direct,2,96
22.33413,82.57407,325.31,0.38,0.36,2026-03-05,2011,N20,VIIRS,n,2,296.7,2.75,N,2.0,industrial_direct,3,71
22.32941,82.60361,306.15,0.38,0.36,2026-03-05,2011,N20,VIIRS,n,2,294.9,2.23,N,2.0,industrial_nearby,5,73
22.3225,82.58333,310.5,0.38,0.36,2026-03-05,2011,N20,VIIRS,n,2,295.42,1.36,N,0.0,industrial_direct,11,23
22.32073,82.59441,314.73,0.38,0.36,2026-03-05,2011,N20,VIIRS,n,2,295.16,1.31,N,2.0,industrial_nearby,11,23
22.31829,82.56734,334.69,0.38,0.36,2026-03-05,2011,N20,VIIRS,n,2,297.32,3.73,N,2.0,industrial_direct,1,98
22.36044,82.30149,313.03,0.38,0.36,2026-03-05,2011,N20,VIIRS,n,2,295.8,1.38,N,2.0,industrial_direct,2,96
22.35984,82.30516,313.23,0.38,0.36,2026-03-05,2011,N20,VIIRS,n,2,294.56,1.44,N,2.0,industrial_direct,2,96
22.35715,82.30089,312.14,0.38,0.36,2026-03-05,2011,N20,VIIRS,n,2,293.91,1.38,N,2.0,industrial_direct,2,96
22.26598,82.59077,340.21,0.38,0.36,2026-03-05,743,N20,VIIRS,l,2,314.32,2.77,D,0.0,unclassified,27,1
22.3176,82.52921,311.78,0.38,0.36,2026-03-05,2011,N20,VIIRS,n,2,299.49,2.18,N,2.0,industrial_direct,1,98
22.31701,82.53289,315.47,0.38,0.36,2026-03-05,2011,N20,VIIRS,n,2,299.04,1.28,N,2.0,industrial_direct,1,98
22.31666,82.51383,307.13,0.38,0.36,2026-03-05,2011,N20,VIIRS,n,2,295.3,1.32,N,0.0,industrial_direct,1,98
22.31372,82.5323,308.35,0.38,0.36,2026-03-05,2011,N20,VIIRS,n,2,295.12,1.28,N,2.0,industrial_nearby,1,98
22.2537,82.90585,306.48,0.39,0.36,2026-03-05,2011,N20,VIIRS,n,2,295.58,1.57,N,0.0,unclassified,-1,0
22.33708,82.55559,326.6,0.38,0.36,2026-03-05,2011,N20,VIIRS,n,2,295.52,1.99,N,0.0,industrial_direct,4,61
22.26213,82.58764,342.57,0.38,0.36,2026-03-05,743,N20,VIIRS,n,2,314.26,5.34,D,0.0,unclassified,27,1
22.33211,82.60792,328.01,0.38,0.36,2026-03-05,2011,N20,VIIRS,n,2,296.7,2.23,N,0.0,industrial_nearby,5,73
22.25883,82.58821,348.67,0.38,0.36,2026-03-05,743,N20,VIIRS,n,2,317.32,5.34,D,0.0,unclassified,27,1
22.26268,82.59134,345.41,0.38,0.36,2026-03-05,743,N20,VIIRS,n,2,314.11,5.34,D,0.0,unclassified,27,1
22.11648,83.0209,342.13,0.39,0.36,2026-03-05,743,N20,VIIRS,n,2,312.49,5.12,D,0.0,unclassified,29,1
22.11979,83.02035,349.14,0.39,0.36,2026-03-05,743,N20,VIIRS,n,2,314.64,8.13,D,0.0,unclassified,29,1
22.13288,82.99496,336.22,0.39,0.36,2026-03-05,743,N20,VIIRS,n,2,310.31,2.07,D,0.0,unclassified,-1,0
22.1213,82.9166,354.58,0.39,0.36,2026-03-05,743,N20,VIIRS,n,2,316.56,11.24,D,0.0,unclassified,-1,0
22.10792,82.69037,349.06,0.39,0.36,2026-03-05,743,N20,VIIRS,n,2,315.59,7.65,D,0.0,industrial_nearby,30,1
22.11122,82.6898,339.66,0.39,0.36,2026-03-05,743,N20,VIIRS,l,2,312.5,2.58,D,0.0,industrial_nearby,30,1
22.1626,82.89789,336.11,0.39,0.36,2026-03-05,743,N20,VIIRS,n,2,310.35,2.45,D,0.0,unclassified,-1,0
22.13817,82.68895,341.08,0.39,0.36,2026-03-05,743,N20,VIIRS,l,2,312.83,4.83,D,0.0,unclassified,-1,0
22.1536,82.70148,352.61,0.39,0.36,2026-03-05,743,N20,VIIRS,n,2,322.29,14.28,D,0.0,unclassified,31,1
22.1569,82.70091,347.94,0.39,0.36,2026-03-05,743,N20,VIIRS,n,2,317.13,14.28,D,0.0,unclassified,31,1
22.15634,82.69719,346.2,0.39,0.36,2026-03-05,743,N20,VIIRS,n,2,317.44,14.28,D,0.0,unclassified,31,1
22.16071,82.68121,344.15,0.39,0.36,2026-03-05,743,N20,VIIRS,n,2,313.01,6.15,D,0.0,unclassified,20,2
22.11405,82.30576,341.8,0.38,0.36,2026-03-05,743,N20,VIIRS,l,2,315.11,3.8,D,0.0,unclassified,-1,0
22.16701,82.88191,337.11,0.39,0.36,2026-03-05,743,N20,VIIRS,l,2,310.01,2.45,D,0.0,unclassified,-1,0
22.19284,82.80518,340.22,0.39,0.36,2026-03-05,743,N20,VIIRS,l,2,311.75,2.18,D,0.0,unclassified,32,2
22.20729,82.90192,342.94,0.39,0.36,2026-03-05,743,N20,VIIRS,n,2,312.72,8.61,D,0.0,unclassified,-1,0
22.30725,82.93459,332.74,0.39,0.36,2026-03-05,743,N20,VIIRS,l,2,307.17,1.07,D,0.0,unclassified,-1,0
22.25735,82.66841,345.48,0.39,0.36,2026-03-05,743,N20,VIIRS,n,2,314.93,4.83,D,0.0,unclassified,33,2
22.29127,82.94121,337.63,0.39,0.36,2026-03-05,743,N20,VIIRS,n,2,309.39,1.45,D,0.0,unclassified,-1,0
22.28242,82.90446,337.45,0.39,0.36,2026-03-05,743,N20,VIIRS,l,2,310.11,2.48,D,0.0,unclassified,34,2
22.29905,83.03963,339.85,0.39,0.36,2026-03-05,743,N20,VIIRS,n,2,311.18,3.15,D,0.0,unclassified,-1,0
22.28187,82.90074,339.6,0.39,0.36,2026-03-05,743,N20,VIIRS,l,2,309.67,1.76,D,0.0,unclassified,34,2
22.25939,82.59192,348.45,0.38,0.36,2026-03-05,743,N20,VIIRS,n,2,314.18,5.34,D,0.0,unclassified,27,1
22.24765,82.83018,335.32,0.39,0.36,2026-03-05,743,N20,VIIRS,l,2,309.8,1.63,D,0.0,unclassified,-1,0
22.1627,82.58202,340.03,0.38,0.36,2026-03-05,743,N20,VIIRS,l,2,312.24,3.34,D,0.0,unclassified,-1,0
22.19118,82.79404,342.78,0.39,0.36,2026-03-05,743,N20,VIIRS,n,2,312.77,4.18,D,0.0,unclassified,-1,0
22.19229,82.80146,346.32,0.39,0.36,2026-03-05,743,N20,VIIRS,n,2,314.01,4.72,D,0.0,unclassified,32,2
22.22868,82.6353,337.44,0.38,0.36,2026-03-05,743,N20,VIIRS,l,2,312.2,3.2,D,0.0,unclassified,-1,0
22.36146,82.30019,304.13,0.55,0.42,2026-03-06,1952,N20,VIIRS,n,2,294.12,1.65,N,2.0,industrial_direct,2,96
22.33041,82.6067,335.36,0.52,0.42,2026-03-06,1952,N20,VIIRS,n,2,298.59,7.88,N,2.0,industrial_direct,5,73
22.33692,82.5559,313.75,0.53,0.42,2026-03-06,1952,N20,VIIRS,n,2,295.97,2.62,N,0.0,industrial_direct,4,61
22.33433,82.5761,318.72,0.53,0.42,2026-03-06,1952,N20,VIIRS,n,2,296.85,2.81,N,2.0,industrial_direct,3,71
22.33187,82.53424,307.03,0.53,0.42,2026-03-06,1952,N20,VIIRS,n,2,296.44,1.37,N,2.0,industrial_direct,6,16
22.31654,82.51463,309.0,0.53,0.42,2026-03-06,1952,N20,VIIRS,n,2,295.92,1.47,N,2.0,industrial_direct,1,98
22.32024,82.59487,308.77,0.53,0.42,2026-03-06,1952,N20,VIIRS,n,2,295.79,1.47,N,2.0,industrial_direct,11,23
22.31966,82.56887,316.33,0.53,0.42,2026-03-06,1952,N20,VIIRS,n,2,297.97,3.04,N,0.0,industrial_direct,1,98
22.31848,82.51653,308.22,0.53,0.42,2026-03-06,1952,N20,VIIRS,n,2,297.01,2.38,N,2.0,industrial_direct,1,98
22.31653,82.5319,313.44,0.53,0.42,2026-03-06,1952,N20,VIIRS,n,2,299.05,3.26,N,2.0,industrial_direct,1,98
22.46024,82.59486,340.26,0.52,0.41,2026-03-06,724,N20,VIIRS,l,2,311.15,5.24,D,0.0,unclassified,-1,0
22.35691,82.30488,312.76,0.55,0.42,2026-03-06,1952,N20,VIIRS,n,2,296.26,3.75,N,2.0,industrial_direct,2,96
22.36822,82.66787,346.77,0.51,0.41,2026-03-06,724,N20,VIIRS,n,2,307.31,9.84,D,0.0,unclassified,-1,0
22.35872,82.87166,335.91,0.5,0.41,2026-03-06,724,N20,VIIRS,l,2,307.3,3.59,D,0.0,unclassified,-1,0
22.31932,82.5705,340.01,0.52,0.42,2026-03-06,724,N20,VIIRS,l,2,313.23,5.0,D,0.0,industrial_direct,1,98
22.33032,82.60931,339.56,0.52,0.41,2026-03-06,724,N20,VIIRS,l,2,314.47,10.82,D,0.0,industrial_nearby,5,73
22.11066,82.47382,338.98,0.53,0.42,2026-03-06,724,N20,VIIRS,l,2,309.64,6.85,D,0.0,unclassified,35,1
22.11446,82.47301,340.11,0.53,0.42,2026-03-06,724,N20,VIIRS,n,2,309.33,4.76,D,0.0,unclassified,35,1
22.2199,82.88641,341.98,0.5,0.41,2026-03-06,724,N20,VIIRS,n,2,309.4,3.98,D,0.0,unclassified,36,1
22.22362,82.88564,337.66,0.5,0.41,2026-03-06,724,N20,VIIRS,n,2,307.64,3.98,D,0.0,unclassified,36,1
22.15496,82.71809,336.25,0.51,0.41,2026-03-06,724,N20,VIIRS,l,2,310.93,3.6,D,0.0,unclassified,-1,0
22.28245,82.96967,337.53,0.5,0.41,2026-03-06,724,N20,VIIRS,n,2,308.31,3.92,D,0.0,unclassified,-1,0
22.17466,82.3786,333.35,0.53,0.42,2026-03-06,724,N20,VIIRS,l,2,308.3,3.12,D,0.0,unclassified,-1,0
22.32659,82.78618,336.46,0.51,0.41,2026-03-06,724,N20,VIIRS,n,2,309.42,4.29,D,0.0,industrial_nearby,37,1
22.32798,82.7877,336.03,0.51,0.41,2026-03-06,724,N20,VIIRS,n,2,310.63,2.9,D,0.0,unclassified,37,1
22.17922,82.63621,346.82,0.52,0.41,2026-03-06,724,N20,VIIRS,n,2,312.38,12.02,D,0.0,unclassified,-1,0
22.33707,82.55147,311.6,0.35,0.56,2026-03-07,1934,N20,VIIRS,n,2,294.39,0.8,N,0.0,industrial_direct,4,61
22.31531,82.55901,307.38,0.34,0.56,2026-03-07,1934,N20,VIIRS,n,2,294.89,1.07,N,2.0,industrial_direct,1,98
22.31949,82.56977,313.86,0.34,0.56,2026-03-07,1934,N20,VIIRS,n,2,295.46,1.49,N,0.0,industrial_direct,1,98
22.32201,82.59709,307.44,0.34,0.56,2026-03-07,1934,N20,VIIRS,n,2,294.97,0.7,N,2.0,industrial_direct,11,23
22.35634,82.30367,304.99,0.36,0.57,2026-03-07,1934,N20,VIIRS,n,2,294.8,1.08,N,2.0,industrial_direct,2,96
22.32469,82.67456,308.19,0.34,0.56,2026-03-07,1934,N20,VIIRS,n,2,294.46,0.66,N,0.0,industrial_direct,28,16
22.33171,82.60487,317.96,0.34,0.56,2026-03-07,1934,N20,VIIRS,n,2,294.86,3.78,N,2.0,industrial_nearby,5,73
22.33475,82.57455,316.76,0.34,0.56,2026-03-07,1934,N20,VIIRS,n,2,296.14,1.62,N,2.0,industrial_direct,3,71
22.33673,82.55487,305.8,0.35,0.56,2026-03-07,1934,N20,VIIRS,n,2,294.84,0.8,N,0.0,industrial_direct,4,61
22.36161,82.30438,305.32,0.36,0.57,2026-03-07,1934,N20,VIIRS,n,2,294.59,1.08,N,2.0,industrial_direct,2,96
22.30703,82.75665,340.36,0.33,0.55,2026-03-07,705,N20,VIIRS,n,2,304.57,3.5,D,0.0,unclassified,38,1
22.503,82.60193,367.0,0.33,0.55,2026-03-07,705,N20,VIIRS,h,2,308.41,4.88,D,0.0,industrial_nearby,39,2
22.33294,82.60881,347.94,0.33,0.56,2026-03-07,705,N20,VIIRS,n,2,307.04,4.34,D,0.0,industrial_direct,5,73
22.30722,82.75726,338.9,0.33,0.55,2026-03-07,705,N20,VIIRS,n,2,304.38,1.73,D,0.0,unclassified,38,1
22.22067,82.54638,338.15,0.34,0.56,2026-03-07,705,N20,VIIRS,n,2,307.35,3.29,D,0.0,unclassified,40,1
22.22135,82.54956,334.62,0.34,0.56,2026-03-07,705,N20,VIIRS,l,2,308.07,2.76,D,0.0,unclassified,40,1
22.15509,82.60222,332.64,0.34,0.56,2026-03-07,705,N20,VIIRS,l,2,306.89,1.92,D,0.0,unclassified,-1,0
22.15006,82.60344,343.16,0.34,0.56,2026-03-07,705,N20,VIIRS,n,2,308.15,3.76,D,0.0,unclassified,-1,0
22.18417,82.79047,335.91,0.33,0.55,2026-03-07,705,N20,VIIRS,n,2,306.02,2.2,D,0.0,unclassified,-1,0
22.33137,82.60825,349.44,0.34,0.56,2026-03-07,1934,N20,VIIRS,n,2,297.85,3.78,N,0.0,industrial_nearby,5,73
22.31721,82.53202,305.83,0.46,0.63,2026-03-08,2055,N20,VIIRS,n,2,295.16,2.07,N,2.0,industrial_direct,1,98
22.35661,82.30177,306.94,0.44,0.62,2026-03-08,2055,N20,VIIRS,n,2,294.49,1.61,N,2.0,industrial_direct,2,96
22.316,82.53352,307.04,0.46,0.63,2026-03-08,2055,N20,VIIRS,n,2,294.97,1.73,N,2.0,industrial_direct,1,98
22.35928,82.30099,312.0,0.44,0.62,2026-03-08,2055,N20,VIIRS,n,2,295.03,2.76,N,2.0,industrial_direct,2,96
22.32152,82.56516,308.22,0.46,0.63,2026-03-08,2055,N20,VIIRS,n,2,295.05,1.97,N,2.0,industrial_direct,1,98
22.36222,82.30315,306.72,0.44,0.62,2026-03-08,2055,N20,VIIRS,n,2,294.96,1.74,N,2.0,industrial_direct,2,96
22.33213,82.6058,310.14,0.69,0.75,2026-03-08,1915,N20,VIIRS,n,2,292.83,2.4,N,2.0,industrial_direct,5,73
22.33619,82.55138,305.05,0.7,0.75,2026-03-08,1915,N20,VIIRS,n,2,292.4,1.24,N,0.0,industrial_direct,4,61
22.33234,82.60484,309.74,0.7,0.75,2026-03-08,1915,N20,VIIRS,n,2,293.32,2.57,N,2.0,industrial_nearby,5,73
22.33607,82.55027,305.05,0.7,0.75,2026-03-08,1915,N20,VIIRS,n,2,292.76,1.42,N,0.0,industrial_nearby,4,61
22.3359,82.5552,314.01,0.46,0.63,2026-03-08,2055,N20,VIIRS,n,2,294.26,1.61,N,0.0,industrial_direct,4,61
22.45125,82.5574,338.51,0.47,0.64,2026-03-08,827,N20,VIIRS,n,2,301.57,3.13,D,0.0,unclassified,-1,0
22.33838,82.55667,305.72,0.46,0.47,2026-03-09,2036,N20,VIIRS,n,2,294.61,1.16,N,0.0,industrial_direct,4,61
22.33482,82.57448,309.45,0.46,0.47,2026-03-09,2036,N20,VIIRS,n,2,295.31,1.81,N,2.0,industrial_direct,3,71
22.31871,82.56589,315.73,0.46,0.47,2026-03-09,2036,N20,VIIRS,n,2,295.51,1.81,N,2.0,industrial_direct,1,98
22.3628,82.30251,307.12,0.44,0.46,2026-03-09,2036,N20,VIIRS,n,2,295.09,1.96,N,2.0,industrial_direct,2,96
22.35861,82.30161,316.31,0.44,0.46,2026-03-09,2036,N20,VIIRS,n,2,296.12,1.96,N,2.0,industrial_direct,2,96
22.31635,82.53347,311.78,0.46,0.47,2026-03-09,2036,N20,VIIRS,n,2,296.46,1.95,N,2.0,industrial_direct,1,98
22.33296,82.60601,316.95,0.46,0.47,2026-03-09,2036,N20,VIIRS,n,2,295.84,2.3,N,2.0,industrial_direct,5,73
22.31297,82.52818,306.21,0.46,0.47,2026-03-09,2036,N20,VIIRS,n,2,296.12,1.56,N,2.0,industrial_direct,1,98
22.35357,82.30486,306.98,0.44,0.46,2026-03-09,2036,N20,VIIRS,n,2,293.67,0.99,N,2.0,industrial_direct,2,96
22.31723,82.52911,310.24,0.46,0.47,2026-03-09,2036,N20,VIIRS,n,2,298.11,1.56,N,2.0,industrial_direct,1,98
22.36037,82.36232,331.63,0.45,0.47,2026-03-09,808,N20,VIIRS,l,2,304.22,4.7,D,0.0,unclassified,-1,0
22.33412,82.55574,317.04,0.46,0.47,2026-03-09,2036,N20,VIIRS,n,2,295.26,1.16,N,0.0,industrial_direct,4,61
22.34192,82.82672,341.21,0.49,0.48,2026-03-09,808,N20,VIIRS,n,2,308.1,5.74,D,0.0,unclassified,-1,0
22.33367,82.55676,339.36,0.47,0.48,2026-03-09,808,N20,VIIRS,l,2,312.75,3.99,D,0.0,industrial_direct,4,61
22.13933,83.00925,333.97,0.5,0.49,2026-03-09,808,N20,VIIRS,l,2,306.38,3.65,D,0.0,unclassified,-1,0
22.13555,82.54265,339.13,0.46,0.47,2026-03-09,808,N20,VIIRS,n,2,305.97,2.85,D,0.0,unclassified,41,1
22.15384,82.35563,339.23,0.45,0.47,2026-03-09,808,N20,VIIRS,n,2,309.58,2.01,D,0.0,unclassified,42,2
22.15815,82.35506,345.56,0.45,0.47,2026-03-09,808,N20,VIIRS,n,2,309.38,3.29,D,0.0,unclassified,42,2
22.13504,82.53814,334.59,0.46,0.47,2026-03-09,808,N20,VIIRS,l,2,306.38,2.85,D,0.0,unclassified,41,1
22.25312,82.43832,335.04,0.46,0.47,2026-03-09,808,N20,VIIRS,l,2,309.7,3.96,D,0.0,unclassified,-1,0
22.32909,82.83306,340.92,0.49,0.48,2026-03-09,808,N20,VIIRS,n,2,309.15,5.46,D,0.0,unclassified,-1,0
22.33302,82.82786,332.94,0.49,0.48,2026-03-09,808,N20,VIIRS,l,2,307.15,4.61,D,0.0,unclassified,-1,0
22.25976,82.69535,343.87,0.48,0.48,2026-03-09,808,N20,VIIRS,n,2,308.51,4.03,D,0.0,unclassified,-1,0
22.4848,83.06696,338.47,0.42,0.38,2026-03-10,749,N20,VIIRS,n,2,307.5,4.61,D,0.0,unclassified,43,2
22.49697,83.0524,334.78,0.42,0.38,2026-03-10,749,N20,VIIRS,l,2,306.7,3.87,D,0.0,unclassified,-1,0
22.46117,82.81681,330.65,0.42,0.37,2026-03-10,749,N20,VIIRS,n,2,304.63,1.78,D,0.0,unclassified,-1,0
22.49005,83.05351,334.28,0.42,0.38,2026-03-10,749,N20,VIIRS,l,2,307.3,3.62,D,0.0,unclassified,44,1
22.49061,83.05762,347.55,0.42,0.38,2026-03-10,749,N20,VIIRS,n,2,308.28,3.62,D,0.0,unclassified,44,1
22.41895,82.71276,339.03,0.41,0.37,2026-03-10,749,N20,VIIRS,l,2,313.75,5.61,D,0.0,unclassified,-1,0
22.37199,82.80216,335.71,0.42,0.37,2026-03-10,749,N20,VIIRS,l,2,308.01,4.74,D,0.0,unclassified,19,2
22.34764,82.33313,334.12,0.4,0.37,2026-03-10,749,N20,VIIRS,l,2,306.48,1.92,D,0.0,unclassified,-1,0
22.39884,82.79374,336.23,0.42,0.37,2026-03-10,749,N20,VIIRS,l,2,307.74,1.73,D,0.0,unclassified,45,2
22.33231,82.39542,332.39,0.4,0.37,2026-03-10,749,N20,VIIRS,l,2,306.89,1.86,D,0.0,unclassified,-1,0
22.33414,82.55588,341.75,0.41,0.37,2026-03-10,749,N20,VIIRS,n,2,313.1,4.63,D,0.0,industrial_direct,4,61
22.45574,82.75208,342.82,0.41,0.37,2026-03-10,749,N20,VIIRS,n,2,309.89,4.6,D,0.0,unclassified,46,2
22.45792,83.09178,336.4,0.43,0.38,2026-03-10,749,N20,VIIRS,n,2,307.53,2.71,D,0.0,unclassified,-1,0
22.51475,83.07904,339.29,0.43,0.38,2026-03-10,749,N20,VIIRS,n,2,307.6,2.76,D,0.0,unclassified,-1,0
22.31281,82.52896,308.05,0.41,0.37,2026-03-10,2018,N20,VIIRS,n,2,297.99,1.36,N,2.0,industrial_direct,1,98
22.56671,83.07069,336.7,0.43,0.38,2026-03-10,749,N20,VIIRS,n,2,307.05,2.46,D,0.0,unclassified,-1,0
22.33127,82.60506,326.6,0.41,0.37,2026-03-10,2018,N20,VIIRS,n,2,298.75,2.55,N,2.0,industrial_nearby,5,73
22.33587,82.57777,318.35,0.41,0.37,2026-03-10,2018,N20,VIIRS,n,2,298.24,1.64,N,2.0,industrial_direct,3,71
22.33645,82.55364,328.64,0.41,0.37,2026-03-10,2018,N20,VIIRS,n,2,297.89,1.88,N,0.0,industrial_direct,4,61
22.33579,82.55754,307.05,0.41,0.37,2026-03-10,2018,N20,VIIRS,n,2,296.81,1.88,N,0.0,industrial_direct,4,61
22.2926,82.79234,310.44,0.41,0.37,2026-03-10,2018,N20,VIIRS,n,2,294.52,1.17,N,0.0,unclassified,47,2
22.36119,82.30296,316.92,0.4,0.37,2026-03-10,2018,N20,VIIRS,n,2,298.45,1.59,N,2.0,industrial_direct,2,96
22.31699,82.56594,317.86,0.41,0.37,2026-03-10,2018,N20,VIIRS,n,2,297.21,1.71,N,2.0,industrial_direct,1,98
22.35785,82.30231,323.78,0.4,0.37,2026-03-10,2018,N20,VIIRS,n,2,298.76,1.59,N,2.0,industrial_direct,2,96
22.3572,82.30616,309.49,0.4,0.37,2026-03-10,2018,N20,VIIRS,n,2,297.86,1.59,N,2.0,industrial_direct,2,96
22.35386,82.30551,314.05,0.4,0.37,2026-03-10,2018,N20,VIIRS,n,2,295.83,1.44,N,2.0,industrial_direct,2,96
22.31618,82.52961,312.1,0.41,0.37,2026-03-10,2018,N20,VIIRS,n,2,300.24,1.36,N,2.0,industrial_direct,1,98
22.31552,82.53349,316.44,0.41,0.37,2026-03-10,2018,N20,VIIRS,n,2,298.85,2.06,N,2.0,industrial_direct,1,98
22.368,82.79868,342.09,0.42,0.37,2026-03-10,749,N20,VIIRS,n,2,309.02,4.74,D,0.0,unclassified,19,2
22.55632,83.07236,339.77,0.43,0.38,2026-03-10,749,N20,VIIRS,n,2,307.35,3.11,D,0.0,unclassified,48,2
22.36856,82.80269,342.2,0.42,0.37,2026-03-10,749,N20,VIIRS,n,2,308.6,4.74,D,0.0,unclassified,19,2
22.26872,82.61444,336.96,0.41,0.37,2026-03-10,749,N20,VIIRS,l,2,311.8,2.91,D,0.0,unclassified,49,2
22.29074,82.67171,348.08,0.41,0.37,2026-03-10,749,N20,VIIRS,n,2,314.63,4.89,D,0.0,unclassified,-1,0
22.10019,83.08427,332.93,0.42,0.38,2026-03-10,749,N20,VIIRS,l,2,306.07,2.31,D,0.0,unclassified,50,1
22.10364,83.08371,333.22,0.42,0.38,2026-03-10,749,N20,VIIRS,l,2,306.51,2.8,D,0.0,unclassified,50,1
22.11657,82.92397,341.24,0.42,0.37,2026-03-10,749,N20,VIIRS,n,2,310.22,4.17,D,0.0,unclassified,-1,0
22.33058,82.60501,342.43,0.41,0.37,2026-03-10,749,N20,VIIRS,l,2,316.37,2.6,D,2.0,industrial_nearby,5,73
22.16151,82.74583,337.0,0.41,0.37,2026-03-10,749,N20,VIIRS,l,2,311.86,3.4,D,0.0,unclassified,-1,0
22.12268,82.44584,344.72,0.4,0.37,2026-03-10,749,N20,VIIRS,n,2,310.96,5.1,D,0.0,unclassified,-1,0
22.19474,82.88345,336.52,0.42,0.37,2026-03-10,749,N20,VIIRS,l,2,308.55,2.85,D,0.0,unclassified,-1,0
22.18466,82.81139,339.49,0.41,0.37,2026-03-10,749,N20,VIIRS,n,2,311.44,1.59,D,0.0,unclassified,-1,0
22.22933,83.08137,334.59,0.42,0.38,2026-03-10,749,N20,VIIRS,l,2,305.89,1.96,D,0.0,unclassified,-1,0
22.21918,82.98302,340.24,0.42,0.38,2026-03-10,749,N20,VIIRS,n,2,309.0,2.84,D,0.0,unclassified,-1,0
22.18456,82.56401,343.84,0.41,0.37,2026-03-10,749,N20,VIIRS,n,2,311.2,5.84,D,0.0,unclassified,-1,0
22.20483,82.68198,343.6,0.41,0.37,2026-03-10,749,N20,VIIRS,n,2,312.32,2.77,D,0.0,unclassified,-1,0
22.19263,82.51796,347.23,0.41,0.37,2026-03-10,749,N20,VIIRS,n,2,312.72,8.74,D,0.0,unclassified,-1,0
22.24908,82.87443,344.03,0.42,0.37,2026-03-10,749,N20,VIIRS,n,2,308.35,4.08,D,0.0,unclassified,-1,0
22.1124,82.49545,335.12,0.41,0.37,2026-03-10,749,N20,VIIRS,l,2,309.99,1.73,D,0.0,unclassified,-1,0
22.20958,82.5152,339.84,0.41,0.37,2026-03-10,749,N20,VIIRS,l,2,311.01,3.87,D,0.0,unclassified,-1,0
22.25438,82.83665,338.79,0.42,0.37,2026-03-10,749,N20,VIIRS,n,2,308.91,4.12,D,0.0,unclassified,51,2
22.25659,82.45544,342.06,0.41,0.37,2026-03-10,749,N20,VIIRS,n,2,309.85,6.24,D,0.0,unclassified,-1,0
22.29271,82.81007,340.92,0.42,0.37,2026-03-10,749,N20,VIIRS,n,2,310.88,2.4,D,0.0,unclassified,52,2
22.28201,82.75862,348.78,0.41,0.37,2026-03-10,749,N20,VIIRS,n,2,313.57,4.72,D,0.0,unclassified,10,2
22.29593,82.8834,333.15,0.42,0.37,2026-03-10,749,N20,VIIRS,n,2,306.22,1.17,D,0.0,unclassified,-1,0
22.2422,82.57433,348.78,0.41,0.37,2026-03-10,749,N20,VIIRS,n,2,311.74,3.88,D,0.0,unclassified,53,1
22.28543,82.75808,345.24,0.41,0.37,2026-03-10,749,N20,VIIRS,n,2,312.9,4.72,D,0.0,unclassified,10,2
22.2388,82.57487,343.78,0.41,0.37,2026-03-10,749,N20,VIIRS,n,2,312.22,3.93,D,0.0,unclassified,53,1
22.2354,82.57543,348.14,0.41,0.37,2026-03-10,749,N20,VIIRS,n,2,312.39,3.93,D,0.0,unclassified,53,1
22.23596,82.57938,337.85,0.41,0.37,2026-03-10,749,N20,VIIRS,l,2,310.12,3.93,D,0.0,unclassified,53,1
22.30169,83.07801,342.53,0.42,0.38,2026-03-10,749,N20,VIIRS,n,2,308.75,3.72,D,0.0,unclassified,-1,0
22.28758,83.00094,341.19,0.42,0.38,2026-03-10,749,N20,VIIRS,n,2,309.11,3.44,D,0.0,unclassified,-1,0
22.24275,82.57828,337.22,0.41,0.37,2026-03-10,749,N20,VIIRS,l,2,309.94,3.88,D,0.0,unclassified,53,1
22.33345,82.57492,313.85,0.44,0.39,2026-03-11,1959,N20,VIIRS,n,2,296.44,2.13,N,2.0,industrial_direct,3,71
22.41126,82.71461,349.01,0.43,0.38,2026-03-11,730,N20,VIIRS,n,2,315.66,11.53,D,0.0,unclassified,-1,0
22.47804,83.06599,338.24,0.42,0.38,2026-03-11,730,N20,VIIRS,n,2,311.59,3.77,D,0.0,unclassified,-1,0
22.58523,82.94479,309.5,0.43,0.38,2026-03-11,1959,N20,VIIRS,n,2,294.66,1.09,N,0.0,unclassified,-1,0
22.59395,82.8568,306.73,0.43,0.38,2026-03-11,1959,N20,VIIRS,n,2,294.32,2.2,N,0.0,unclassified,-1,0
22.50921,82.94322,307.05,0.43,0.38,2026-03-11,1959,N20,VIIRS,n,2,296.17,1.21,N,0.0,unclassified,-1,0
22.3328,82.60548,319.21,0.44,0.39,2026-03-11,1959,N20,VIIRS,n,2,297.49,2.97,N,2.0,industrial_direct,5,73
22.32331,82.67352,305.92,0.44,0.38,2026-03-11,1959,N20,VIIRS,n,2,295.47,1.04,N,0.0,industrial_direct,28,16
22.33641,82.55363,327.02,0.44,0.39,2026-03-11,1959,N20,VIIRS,n,2,296.09,3.5,N,0.0,industrial_direct,4,61
22.35987,82.30434,320.57,0.46,0.39,2026-03-11,1959,N20,VIIRS,n,2,298.62,1.67,N,2.0,industrial_direct,2,96
22.31644,82.51522,310.72,0.45,0.39,2026-03-11,1959,N20,VIIRS,n,2,297.1,2.43,N,2.0,industrial_direct,1,98
22.3563,82.30374,312.96,0.46,0.39,2026-03-11,1959,N20,VIIRS,n,2,297.89,1.67,N,2.0,industrial_direct,2,96
22.31992,82.56848,311.79,0.44,0.39,2026-03-11,1959,N20,VIIRS,n,2,298.29,2.17,N,0.0,industrial_direct,1,98
22.12998,82.76159,308.29,0.43,0.38,2026-03-11,1959,N20,VIIRS,n,2,296.46,2.29,N,0.0,unclassified,-1,0
22.26475,82.93823,301.18,0.43,0.38,2026-03-11,1959,N20,VIIRS,n,2,290.53,0.4,N,0.0,unclassified,-1,0
22.3176,82.533,314.04,0.45,0.39,2026-03-11,1959,N20,VIIRS,n,2,300.71,2.5,N,2.0,industrial_direct,1,98
22.16661,82.99065,311.25,0.43,0.38,2026-03-11,1959,N20,VIIRS,n,2,295.98,2.04,N,0.0,unclassified,-1,0
22.15445,83.02645,309.48,0.43,0.38,2026-03-11,1959,N20,VIIRS,n,2,295.8,1.72,N,0.0,unclassified,-1,0
22.17245,82.87411,310.88,0.43,0.38,2026-03-11,1959,N20,VIIRS,n,2,296.92,2.56,N,0.0,unclassified,-1,0
22.14877,82.83995,345.66,0.43,0.38,2026-03-11,1959,N20,VIIRS,n,2,302.96,6.93,N,0.0,unclassified,-1,0
22.45405,83.04974,334.65,0.42,0.38,2026-03-11,730,N20,VIIRS,l,2,309.13,1.66,D,0.0,unclassified,-1,0
22.32167,82.58188,310.19,0.44,0.39,2026-03-11,1959,N20,VIIRS,n,2,296.8,2.34,N,0.0,industrial_nearby,11,23
22.44514,83.03896,339.14,0.42,0.38,2026-03-11,730,N20,VIIRS,l,2,309.97,4.65,D,0.0,unclassified,54,1
22.31639,82.56791,317.17,0.44,0.39,2026-03-11,1959,N20,VIIRS,n,2,295.21,1.7,N,0.0,industrial_nearby,1,98
22.33637,82.55534,339.32,0.44,0.38,2026-03-11,730,N20,VIIRS,l,2,313.22,3.49,D,0.0,industrial_direct,4,61
22.44592,83.0383,335.09,0.42,0.38,2026-03-11,730,N20,VIIRS,l,2,309.86,3.6,D,0.0,unclassified,54,1
22.15755,82.72356,339.68,0.44,0.38,2026-03-11,730,N20,VIIRS,l,2,312.85,4.57,D,0.0,unclassified,-1,0
22.18233,82.73607,348.17,0.43,0.38,2026-03-11,730,N20,VIIRS,n,2,313.8,3.22,D,0.0,unclassified,-1,0
22.18509,82.73122,335.87,0.44,0.38,2026-03-11,730,N20,VIIRS,l,2,310.73,3.22,D,0.0,unclassified,-1,0
22.25635,82.89725,342.68,0.43,0.38,2026-03-11,730,N20,VIIRS,n,2,312.62,2.38,D,0.0,unclassified,-1,0
22.26807,82.92445,344.32,0.43,0.38,2026-03-11,730,N20,VIIRS,n,2,312.81,4.76,D,0.0,unclassified,-1,0
22.25767,82.84158,351.11,0.43,0.38,2026-03-11,730,N20,VIIRS,n,2,314.15,6.35,D,0.0,unclassified,51,2
22.25697,82.83743,344.88,0.43,0.38,2026-03-11,730,N20,VIIRS,l,2,314.98,6.35,D,0.0,unclassified,51,2
22.28601,82.94642,338.17,0.43,0.38,2026-03-11,730,N20,VIIRS,l,2,311.73,5.19,D,0.0,unclassified,-1,0
22.27981,82.90948,347.65,0.43,0.38,2026-03-11,730,N20,VIIRS,n,2,315.27,5.19,D,0.0,unclassified,-1,0
22.24873,82.89442,343.58,0.43,0.38,2026-03-11,730,N20,VIIRS,n,2,313.76,4.36,D,0.0,unclassified,-1,0
22.29018,82.9075,347.24,0.43,0.38,2026-03-11,730,N20,VIIRS,n,2,313.95,10.34,D,0.0,unclassified,-1,0
22.29708,82.92747,344.44,0.43,0.38,2026-03-11,730,N20,VIIRS,n,2,314.37,6.01,D,0.0,unclassified,-1,0
22.29434,82.88978,348.69,0.43,0.38,2026-03-11,730,N20,VIIRS,n,2,313.6,6.57,D,0.0,unclassified,55,1
22.29779,82.8891,346.87,0.43,0.38,2026-03-11,730,N20,VIIRS,n,2,312.98,6.57,D,0.0,unclassified,55,1
22.20299,82.30601,343.65,0.45,0.39,2026-03-11,730,N20,VIIRS,l,2,316.69,6.3,D,0.0,unclassified,-1,0
22.29228,82.79195,336.96,0.43,0.38,2026-03-11,730,N20,VIIRS,n,2,310.57,1.7,D,0.0,unclassified,47,2
22.30806,82.81142,343.18,0.43,0.38,2026-03-11,730,N20,VIIRS,l,2,314.75,7.5,D,0.0,unclassified,56,1
22.30735,82.80728,338.11,0.43,0.38,2026-03-11,730,N20,VIIRS,l,2,312.2,2.8,D,0.0,unclassified,56,1
22.33118,82.92604,342.39,0.43,0.38,2026-03-11,730,N20,VIIRS,n,2,311.77,7.97,D,0.0,unclassified,-1,0
22.33435,82.79767,339.72,0.43,0.38,2026-03-11,730,N20,VIIRS,n,2,314.29,2.35,D,0.0,unclassified,13,3
22.28258,82.90474,339.18,0.43,0.38,2026-03-11,730,N20,VIIRS,l,2,313.15,3.45,D,0.0,unclassified,34,2
22.56993,83.07917,341.68,0.49,0.49,2026-03-12,712,N20,VIIRS,n,2,308.22,2.83,D,0.0,unclassified,-1,0
22.55931,83.0719,334.91,0.49,0.49,2026-03-12,712,N20,VIIRS,l,2,309.32,2.56,D,0.0,unclassified,48,2
22.43551,82.55014,337.53,0.53,0.5,2026-03-12,712,N20,VIIRS,l,2,310.3,4.35,D,0.0,unclassified,-1,0
22.44554,82.71534,345.42,0.52,0.5,2026-03-12,712,N20,VIIRS,l,2,317.29,9.93,D,0.0,unclassified,-1,0
22.51091,83.08263,333.35,0.49,0.49,2026-03-12,712,N20,VIIRS,l,2,308.17,5.84,D,0.0,unclassified,57,1
22.47894,83.07832,335.41,0.49,0.49,2026-03-12,712,N20,VIIRS,l,2,309.64,5.07,D,0.0,unclassified,-1,0
22.48499,83.00034,334.51,0.5,0.49,2026-03-12,712,N20,VIIRS,l,2,309.05,2.12,D,0.0,unclassified,-1,0
22.34496,82.3671,339.39,0.55,0.51,2026-03-12,712,N20,VIIRS,n,2,310.43,4.42,D,0.0,unclassified,-1,0
22.48589,83.06692,336.65,0.49,0.49,2026-03-12,712,N20,VIIRS,l,2,310.15,4.17,D,0.0,unclassified,43,2
22.47292,83.09442,335.48,0.49,0.49,2026-03-12,712,N20,VIIRS,n,2,309.7,2.83,D,0.0,unclassified,-1,0
22.40241,82.85667,339.78,0.51,0.49,2026-03-12,712,N20,VIIRS,n,2,309.69,7.17,D,0.0,unclassified,-1,0
22.57852,83.05293,339.29,0.49,0.49,2026-03-12,712,N20,VIIRS,l,2,310.54,5.67,D,0.0,unclassified,-1,0
22.51185,83.08726,339.16,0.49,0.49,2026-03-12,712,N20,VIIRS,n,2,308.0,2.75,D,0.0,unclassified,57,1
22.59186,82.86497,306.94,0.53,0.5,2026-03-12,1940,N20,VIIRS,n,2,296.72,2.32,N,0.0,unclassified,-1,0
22.16528,82.85336,307.88,0.52,0.5,2026-03-12,1940,N20,VIIRS,n,2,296.45,2.64,N,0.0,unclassified,-1,0
22.52442,82.6713,315.89,0.54,0.51,2026-03-12,1940,N20,VIIRS,n,2,296.76,3.67,N,0.0,unclassified,-1,0
22.3601,82.90118,307.28,0.52,0.5,2026-03-12,1940,N20,VIIRS,n,2,296.74,3.34,N,0.0,unclassified,-1,0
22.33758,82.55314,313.67,0.55,0.51,2026-03-12,1940,N20,VIIRS,n,2,294.48,2.67,N,0.0,industrial_direct,4,61
22.33532,82.57396,308.56,0.54,0.51,2026-03-12,1940,N20,VIIRS,n,2,295.77,2.08,N,2.0,industrial_direct,3,71
22.35965,82.30329,308.67,0.57,0.52,2026-03-12,1940,N20,VIIRS,n,2,294.52,2.31,N,2.0,industrial_direct,2,96
22.35489,82.30263,304.2,0.57,0.52,2026-03-12,1940,N20,VIIRS,n,2,293.97,1.82,N,2.0,industrial_direct,2,96
22.32012,82.58301,305.87,0.54,0.51,2026-03-12,1940,N20,VIIRS,n,2,294.96,2.21,N,0.0,industrial_direct,11,23
22.18471,82.84572,305.16,0.52,0.5,2026-03-12,1940,N20,VIIRS,n,2,295.02,2.48,N,0.0,unclassified,-1,0
22.43972,83.04308,334.77,0.5,0.49,2026-03-12,712,N20,VIIRS,l,2,309.61,2.67,D,0.0,unclassified,-1,0
22.17866,82.68596,328.16,0.53,0.5,2026-03-12,1940,N20,VIIRS,n,2,297.35,3.13,N,0.0,unclassified,58,1
22.17811,82.69106,308.16,0.53,0.5,2026-03-12,1940,N20,VIIRS,n,2,296.21,3.13,N,0.0,unclassified,58,1
22.17928,82.68923,324.95,0.53,0.5,2026-03-12,1940,N20,VIIRS,n,2,297.14,4.69,N,0.0,unclassified,58,1
22.1799,82.68378,309.33,0.53,0.5,2026-03-12,1940,N20,VIIRS,n,2,295.81,3.2,N,0.0,unclassified,58,1
22.5405,82.7831,304.95,0.53,0.5,2026-03-12,1940,N20,VIIRS,n,2,294.94,1.68,N,0.0,unclassified,-1,0
22.44344,83.06177,340.82,0.49,0.49,2026-03-12,712,N20,VIIRS,n,2,309.16,2.98,D,0.0,unclassified,59,1
22.33186,82.60581,320.99,0.54,0.51,2026-03-12,1940,N20,VIIRS,n,2,296.38,3.52,N,2.0,industrial_direct,5,73
22.39696,82.85281,340.76,0.51,0.49,2026-03-12,712,N20,VIIRS,n,2,310.37,3.93,D,0.0,unclassified,-1,0
22.38115,82.77425,342.66,0.52,0.5,2026-03-12,712,N20,VIIRS,n,2,311.43,4.67,D,0.0,unclassified,-1,0
22.11606,82.87827,343.81,0.51,0.5,2026-03-12,711,N20,VIIRS,n,2,310.58,11.79,D,0.0,unclassified,-1,0
22.12373,82.88498,334.28,0.51,0.5,2026-03-12,711,N20,VIIRS,l,2,308.92,4.7,D,0.0,unclassified,-1,0
22.15725,82.79551,343.61,0.52,0.5,2026-03-12,711,N20,VIIRS,n,2,313.5,5.98,D,0.0,unclassified,-1,0
22.15511,82.73817,338.79,0.52,0.5,2026-03-12,711,N20,VIIRS,n,2,312.46,3.31,D,0.0,unclassified,-1,0
22.21795,82.93452,342.44,0.51,0.49,2026-03-12,711,N20,VIIRS,n,2,310.3,3.86,D,0.0,unclassified,-1,0
22.21278,82.88508,343.35,0.51,0.49,2026-03-12,711,N20,VIIRS,n,2,312.56,6.43,D,0.0,unclassified,-1,0
22.18803,82.68983,347.66,0.53,0.5,2026-03-12,711,N20,VIIRS,n,2,312.43,4.64,D,0.0,unclassified,-1,0
22.24118,82.93408,336.12,0.51,0.49,2026-03-12,711,N20,VIIRS,l,2,309.48,3.97,D,0.0,unclassified,60,1
22.2044,82.70068,340.33,0.53,0.5,2026-03-12,711,N20,VIIRS,l,2,312.84,3.69,D,0.0,unclassified,-1,0
22.24351,82.93575,343.55,0.51,0.49,2026-03-12,712,N20,VIIRS,n,2,313.54,4.29,D,0.0,unclassified,60,1
22.27418,82.94899,344.32,0.51,0.49,2026-03-12,712,N20,VIIRS,n,2,310.51,5.6,D,0.0,unclassified,-1,0
22.26597,82.88551,338.85,0.51,0.49,2026-03-12,712,N20,VIIRS,l,2,311.9,5.31,D,0.0,unclassified,-1,0
22.16654,82.35239,343.16,0.55,0.51,2026-03-12,712,N20,VIIRS,n,2,313.18,6.6,D,0.0,unclassified,-1,0
22.15948,82.98009,335.82,0.51,0.49,2026-03-12,711,N20,VIIRS,l,2,308.96,2.68,D,0.0,unclassified,-1,0
22.31108,83.03986,339.53,0.5,0.49,2026-03-12,712,N20,VIIRS,n,2,312.85,4.1,D,0.0,unclassified,-1,0
22.43435,83.03933,338.72,0.5,0.49,2026-03-12,712,N20,VIIRS,l,2,310.18,3.43,D,0.0,unclassified,-1,0
22.16546,82.34715,343.78,0.55,0.51,2026-03-12,712,N20,VIIRS,n,2,314.51,9.54,D,0.0,unclassified,-1,0
22.36724,82.89062,341.61,0.51,0.49,2026-03-12,712,N20,VIIRS,n,2,309.23,3.64,D,0.0,unclassified,-1,0
22.36825,82.89558,336.13,0.51,0.49,2026-03-12,712,N20,VIIRS,l,2,309.1,3.64,D,0.0,unclassified,-1,0
22.37984,82.95259,343.4,0.5,0.49,2026-03-12,712,N20,VIIRS,n,2,311.88,5.39,D,0.0,unclassified,-1,0
22.3639,82.89711,335.98,0.51,0.49,2026-03-12,712,N20,VIIRS,l,2,306.58,3.64,D,0.0,unclassified,-1,0
22.43904,83.0628,367.0,0.49,0.49,2026-03-12,712,N20,VIIRS,h,2,312.53,9.46,D,0.0,unclassified,59,1
22.32568,82.75607,337.56,0.52,0.5,2026-03-12,712,N20,VIIRS,l,2,311.74,5.33,D,0.0,industrial_nearby,-1,0
22.33025,82.80888,342.6,0.51,0.5,2026-03-12,712,N20,VIIRS,l,2,314.61,4.66,D,0.0,unclassified,-1,0
22.30716,82.88108,342.9,0.51,0.49,2026-03-12,712,N20,VIIRS,n,2,312.66,5.92,D,0.0,unclassified,-1,0
22.19581,82.40066,352.58,0.55,0.51,2026-03-12,712,N20,VIIRS,n,2,311.97,11.98,D,0.0,unclassified,-1,0
22.21519,82.47211,336.3,0.54,0.51,2026-03-12,712,N20,VIIRS,n,2,309.65,3.1,D,0.0,unclassified,-1,0
22.3513,82.85826,338.53,0.51,0.49,2026-03-12,712,N20,VIIRS,n,2,310.38,3.03,D,0.0,unclassified,-1,0
22.59255,82.74394,307.92,0.54,0.68,2026-03-13,1921,N20,VIIRS,n,2,295.15,2.36,N,0.0,unclassified,61,1
22.45797,82.63941,331.62,0.6,0.71,2026-03-13,833,N20,VIIRS,l,2,305.67,2.54,D,0.0,unclassified,-1,0
22.4039,82.99399,331.88,0.64,0.72,2026-03-13,833,N20,VIIRS,n,2,303.93,3.37,D,0.0,unclassified,62,1
22.28885,82.84294,334.36,0.62,0.71,2026-03-13,833,N20,VIIRS,n,2,304.16,2.58,D,0.0,unclassified,63,1
22.25918,82.52206,337.94,0.59,0.7,2026-03-13,833,N20,VIIRS,l,2,309.22,4.31,D,0.0,unclassified,64,1
22.28694,83.00662,332.2,0.64,0.72,2026-03-13,833,N20,VIIRS,n,2,302.46,3.53,D,0.0,unclassified,65,1
22.29075,82.84319,334.72,0.62,0.71,2026-03-13,833,N20,VIIRS,n,2,304.44,2.23,D,0.0,unclassified,63,1
22.59493,82.74055,306.97,0.54,0.68,2026-03-13,1921,N20,VIIRS,n,2,294.47,2.43,N,0.0,unclassified,61,1
22.25906,82.52299,337.59,0.59,0.7,2026-03-13,833,N20,VIIRS,l,2,308.81,4.98,D,0.0,unclassified,64,1
22.40729,82.99632,330.32,0.64,0.72,2026-03-13,833,N20,VIIRS,n,2,303.3,2.46,D,0.0,unclassified,62,1
22.35663,82.30286,304.85,0.58,0.69,2026-03-13,1921,N20,VIIRS,n,2,293.13,2.03,N,2.0,industrial_direct,2,96
22.53868,82.47002,308.12,0.56,0.69,2026-03-13,2101,N20,VIIRS,n,2,295.68,3.63,N,0.0,unclassified,-1,0
22.33237,82.6064,314.66,0.55,0.68,2026-03-13,1921,N20,VIIRS,n,2,294.47,2.12,N,2.0,industrial_direct,5,73
22.32713,82.51305,303.28,0.56,0.69,2026-03-13,1921,N20,VIIRS,n,2,293.1,1.28,N,2.0,industrial_nearby,66,7
22.32149,82.58369,304.3,0.55,0.68,2026-03-13,1921,N20,VIIRS,n,2,292.93,1.99,N,0.0,industrial_direct,11,23
22.5436,82.46902,308.67,0.56,0.69,2026-03-13,2101,N20,VIIRS,n,2,296.0,2.76,N,0.0,unclassified,-1,0
22.33589,82.55677,304.77,0.58,0.69,2026-03-13,2101,N20,VIIRS,n,2,293.92,1.63,N,0.0,industrial_direct,4,61
22.3164,82.52843,308.44,0.57,0.69,2026-03-13,2101,N20,VIIRS,n,2,296.42,3.09,N,2.0,industrial_direct,1,98
22.31507,82.53383,303.78,0.57,0.69,2026-03-13,2101,N20,VIIRS,n,2,293.45,1.49,N,2.0,industrial_direct,1,98
22.33874,82.55738,304.45,0.58,0.69,2026-03-13,2101,N20,VIIRS,n,2,293.01,1.33,N,0.0,industrial_direct,4,61
22.31781,82.53434,306.21,0.57,0.69,2026-03-13,2101,N20,VIIRS,n,2,294.16,2.8,N,2.0,industrial_direct,1,98
22.36022,82.30289,310.48,0.55,0.68,2026-03-13,2101,N20,VIIRS,n,2,294.47,2.18,N,2.0,industrial_direct,2,96
22.28989,83.00665,331.91,0.64,0.72,2026-03-13,833,N20,VIIRS,n,2,302.41,3.17,D,0.0,unclassified,65,1
22.33672,82.55257,306.82,0.55,0.68,2026-03-13,1921,N20,VIIRS,n,2,293.78,1.51,N,0.0,industrial_direct,4,61
22.2323,82.43201,337.61,0.58,0.7,2026-03-13,833,N20,VIIRS,n,2,307.74,4.21,D,0.0,unclassified,-1,0
22.31469,82.80571,340.71,0.51,0.66,2026-03-13,653,N20,VIIRS,n,2,308.08,4.34,D,0.0,unclassified,-1,0
22.24095,82.8904,330.71,0.62,0.72,2026-03-13,833,N20,VIIRS,l,2,302.05,4.32,D,0.0,unclassified,-1,0
22.2294,82.94302,335.92,0.51,0.66,2026-03-13,653,N20,VIIRS,n,2,305.09,2.97,D,0.0,unclassified,-1,0
22.19992,82.73377,335.51,0.52,0.67,2026-03-13,653,N20,VIIRS,l,2,309.38,2.76,D,0.0,unclassified,-1,0
22.24705,82.88303,344.62,0.51,0.66,2026-03-13,653,N20,VIIRS,n,2,308.45,6.85,D,0.0,unclassified,67,1
22.24983,82.88577,334.57,0.51,0.66,2026-03-13,653,N20,VIIRS,n,2,306.98,4.7,D,0.0,unclassified,67,1
22.2487,82.88102,340.33,0.51,0.66,2026-03-13,653,N20,VIIRS,n,2,307.67,5.9,D,0.0,unclassified,67,1
22.27368,82.96003,330.44,0.5,0.66,2026-03-13,653,N20,VIIRS,l,2,305.21,2.81,D,0.0,unclassified,-1,0
22.24048,82.88413,331.82,0.62,0.72,2026-03-13,833,N20,VIIRS,n,2,303.69,4.28,D,0.0,unclassified,-1,0
22.29136,82.73891,335.52,0.52,0.67,2026-03-13,653,N20,VIIRS,l,2,309.0,4.04,D,0.0,unclassified,68,1
22.31934,82.8047,338.64,0.52,0.66,2026-03-13,653,N20,VIIRS,n,2,307.85,5.53,D,0.0,unclassified,-1,0
22.25332,82.5211,336.4,0.54,0.68,2026-03-13,653,N20,VIIRS,l,2,310.05,5.64,D,0.0,unclassified,-1,0
22.25213,82.51601,354.77,0.54,0.68,2026-03-13,653,N20,VIIRS,n,2,310.29,5.64,D,0.0,unclassified,69,1
22.17937,82.53568,332.97,0.54,0.68,2026-03-13,653,N20,VIIRS,l,2,306.47,2.67,D,0.0,unclassified,-1,0
22.33718,82.79976,354.07,0.52,0.66,2026-03-13,653,N20,VIIRS,n,2,313.62,18.35,D,0.0,unclassified,13,3
22.33832,82.8047,340.18,0.51,0.66,2026-03-13,653,N20,VIIRS,n,2,305.72,18.35,D,0.0,unclassified,70,1
22.5712,82.9106,337.7,0.5,0.66,2026-03-13,653,N20,VIIRS,n,2,303.44,3.62,D,0.0,unclassified,-1,0
22.56637,82.91665,334.88,0.5,0.66,2026-03-13,653,N20,VIIRS,l,2,305.09,3.62,D,0.0,unclassified,71,1
22.56348,82.9159,330.31,0.5,0.66,2026-03-13,653,N20,VIIRS,l,2,303.97,4.94,D,0.0,unclassified,71,1
22.33731,82.79426,340.19,0.51,0.66,2026-03-13,653,N20,VIIRS,n,2,309.95,18.13,D,0.0,unclassified,13,3
22.17538,82.54147,333.01,0.59,0.7,2026-03-13,833,N20,VIIRS,l,2,306.89,4.38,D,0.0,unclassified,-1,0
22.33965,82.80411,334.37,0.51,0.66,2026-03-13,653,N20,VIIRS,l,2,305.94,18.93,D,0.0,unclassified,70,1
22.2516,82.5162,367.0,0.54,0.68,2026-03-13,653,N20,VIIRS,h,2,310.67,12.07,D,0.0,unclassified,69,1
22.29221,82.7384,337.04,0.52,0.67,2026-03-13,653,N20,VIIRS,l,2,309.06,4.96,D,0.0,unclassified,68,1
22.33604,82.79483,338.56,0.52,0.66,2026-03-13,653,N20,VIIRS,n,2,309.86,16.3,D,0.0,unclassified,13,3
22.33848,82.79918,354.58,0.51,0.66,2026-03-13,653,N20,VIIRS,n,2,312.87,18.93,D,0.0,unclassified,13,3
22.32067,82.40454,344.68,0.57,0.52,2026-03-14,814,N20,VIIRS,n,2,313.54,5.75,D,0.0,unclassified,-1,0
22.35657,82.30269,309.85,0.55,0.51,2026-03-14,2043,N20,VIIRS,n,2,294.66,2.57,N,2.0,industrial_direct,2,96
22.31415,82.52827,314.57,0.57,0.52,2026-03-14,2043,N20,VIIRS,n,2,295.03,2.6,N,2.0,industrial_direct,1,98
22.3612,82.30375,308.69,0.55,0.51,2026-03-14,2043,N20,VIIRS,n,2,294.24,1.98,N,2.0,industrial_direct,2,96
22.3177,82.53482,306.52,0.57,0.52,2026-03-14,2043,N20,VIIRS,n,2,294.13,2.6,N,2.0,industrial_direct,1,98
22.32137,82.5643,315.97,0.58,0.52,2026-03-14,2043,N20,VIIRS,n,2,291.95,3.34,N,2.0,industrial_direct,1,98
22.33775,82.55674,315.13,0.58,0.52,2026-03-14,2043,N20,VIIRS,n,2,293.43,2.07,N,0.0,industrial_direct,4,61
22.41174,82.54142,343.7,0.59,0.53,2026-03-14,814,N20,VIIRS,n,2,313.02,7.78,D,0.0,unclassified,72,1
22.41281,82.53795,341.36,0.59,0.53,2026-03-14,814,N20,VIIRS,l,2,313.6,4.65,D,0.0,unclassified,72,1
22.35308,82.82244,347.59,0.61,0.54,2026-03-14,814,N20,VIIRS,n,2,308.8,7.08,D,0.0,unclassified,73,1
22.26997,82.61565,340.9,0.59,0.53,2026-03-14,814,N20,VIIRS,l,2,312.8,7.54,D,0.0,unclassified,49,2
22.30785,82.5673,345.1,0.59,0.53,2026-03-14,814,N20,VIIRS,n,2,315.66,8.73,D,0.0,industrial_nearby,74,1
22.10741,82.91163,345.21,0.62,0.54,2026-03-14,814,N20,VIIRS,l,2,315.99,23.33,D,0.0,unclassified,-1,0
22.28613,82.86904,334.49,0.61,0.54,2026-03-14,814,N20,VIIRS,l,2,308.94,2.52,D,0.0,unclassified,-1,0
22.35368,82.82845,341.63,0.61,0.54,2026-03-14,814,N20,VIIRS,n,2,309.33,7.08,D,0.0,unclassified,73,1
22.34386,82.94209,337.69,0.62,0.54,2026-03-14,814,N20,VIIRS,n,2,307.18,4.71,D,0.0,unclassified,75,1
22.25101,83.0211,330.31,0.63,0.54,2026-03-14,814,N20,VIIRS,l,2,303.19,4.23,D,0.0,unclassified,-1,0
22.35749,82.92818,339.27,0.62,0.54,2026-03-14,814,N20,VIIRS,n,2,307.59,5.22,D,0.0,unclassified,-1,0
22.3516,82.82558,340.38,0.61,0.54,2026-03-14,814,N20,VIIRS,n,2,310.25,5.38,D,0.0,unclassified,73,1
22.34513,82.94528,331.76,0.62,0.54,2026-03-14,814,N20,VIIRS,l,2,306.3,3.37,D,0.0,unclassified,75,1
22.30882,82.56448,344.79,0.59,0.53,2026-03-14,814,N20,VIIRS,n,2,313.5,7.16,D,0.0,industrial_nearby,74,1
22.33085,82.60571,316.5,0.46,0.39,2026-03-15,2024,N20,VIIRS,n,2,293.84,2.91,N,2.0,industrial_direct,5,73
22.31141,82.52819,319.68,0.46,0.39,2026-03-15,2024,N20,VIIRS,n,2,292.58,3.56,N,2.0,industrial_nearby,1,98
22.31775,82.53405,310.42,0.46,0.39,2026-03-15,2024,N20,VIIRS,n,2,292.94,3.09,N,2.0,industrial_direct,1,98
22.31934,82.56644,310.02,0.46,0.39,2026-03-15,2024,N20,VIIRS,n,2,287.04,2.81,N,2.0,industrial_direct,1,98
22.32172,82.59456,309.19,0.46,0.39,2026-03-15,2024,N20,VIIRS,n,2,293.43,2.28,N,2.0,industrial_nearby,11,23
22.33599,82.55611,324.89,0.46,0.39,2026-03-15,2024,N20,VIIRS,n,2,292.7,1.83,N,0.0,industrial_direct,4,61
22.45622,82.7566,331.43,0.48,0.4,2026-03-15,755,N20,VIIRS,l,2,302.58,1.4,D,0.0,unclassified,46,2
22.31076,82.53022,339.34,0.47,0.39,2026-03-15,755,N20,VIIRS,l,2,310.62,2.95,D,2.0,industrial_nearby,1,98
22.3361,82.55398,338.84,0.47,0.39,2026-03-15,755,N20,VIIRS,l,2,311.91,3.57,D,0.0,industrial_direct,4,61
22.3514,82.75191,332.69,0.48,0.4,2026-03-15,755,N20,VIIRS,l,2,307.26,1.67,D,0.0,unclassified,-1,0
22.31557,82.56627,334.83,0.47,0.39,2026-03-15,755,N20,VIIRS,l,2,306.95,0.55,D,0.0,industrial_direct,1,98
22.23481,82.54172,337.78,0.47,0.39,2026-03-15,755,N20,VIIRS,l,2,310.65,2.13,D,0.0,unclassified,-1,0
22.19993,82.81954,338.35,0.48,0.4,2026-03-15,755,N20,VIIRS,n,2,306.43,2.87,D,0.0,unclassified,-1,0
22.14529,82.99765,334.42,0.49,0.4,2026-03-15,755,N20,VIIRS,n,2,305.72,2.11,D,0.0,unclassified,-1,0
22.3768,82.77794,348.28,0.48,0.4,2026-03-15,755,N20,VIIRS,n,2,308.76,6.37,D,0.0,unclassified,-1,0
22.33213,82.60712,338.96,0.39,0.37,2026-03-16,737,N20,VIIRS,l,2,311.63,2.31,D,2.0,industrial_direct,5,73
22.34002,82.38577,337.03,0.4,0.37,2026-03-16,737,N20,VIIRS,n,2,309.21,3.04,D,0.0,unclassified,-1,0
22.33425,82.55589,337.91,0.4,0.37,2026-03-16,737,N20,VIIRS,l,2,312.42,4.49,D,0.0,industrial_direct,4,61
22.31271,82.52852,335.79,0.4,0.37,2026-03-16,737,N20,VIIRS,l,2,309.11,2.01,D,2.0,industrial_direct,1,98
22.19275,82.97399,354.75,0.39,0.36,2026-03-16,737,N20,VIIRS,n,2,308.94,8.71,D,0.0,unclassified,76,1
22.25619,82.66799,341.18,0.39,0.36,2026-03-16,737,N20,VIIRS,n,2,310.62,5.16,D,0.0,unclassified,33,2
22.18944,82.97459,346.84,0.39,0.36,2026-03-16,737,N20,VIIRS,n,2,308.09,8.71,D,0.0,unclassified,76,1
22.2964,82.59812,340.81,0.39,0.37,2026-03-16,737,N20,VIIRS,n,2,310.14,2.03,D,0.0,unclassified,-1,0
22.21498,83.01868,330.17,0.4,0.44,2026-03-17,718,N20,VIIRS,l,2,302.05,1.61,D,0.0,unclassified,77,2
22.21901,83.01778,335.75,0.4,0.44,2026-03-17,718,N20,VIIRS,n,2,303.03,1.61,D,0.0,unclassified,77,2
22.28146,82.57184,331.04,0.43,0.46,2026-03-17,718,N20,VIIRS,l,2,305.09,1.45,D,0.0,unclassified,-1,0
22.26539,82.44238,335.79,0.44,0.46,2026-03-17,718,N20,VIIRS,n,2,303.39,2.46,D,0.0,unclassified,-1,0
22.31719,82.56931,342.65,0.43,0.46,2026-03-17,718,N20,VIIRS,n,2,303.85,3.01,D,0.0,industrial_nearby,1,98
22.32922,82.60882,332.75,0.42,0.45,2026-03-17,718,N20,VIIRS,l,2,306.81,4.49,D,0.0,industrial_nearby,5,73
22.35948,82.30046,305.71,0.7,0.75,2026-03-18,2108,N20,VIIRS,n,2,287.46,2.18,N,2.0,industrial_direct,2,96
22.36057,82.30477,301.11,0.7,0.75,2026-03-18,2108,N20,VIIRS,n,2,288.05,2.21,N,2.0,industrial_direct,2,96
22.32044,82.57229,304.23,0.44,0.62,2026-03-18,1927,N20,VIIRS,n,2,290.44,1.82,N,0.0,industrial_direct,1,98
22.32288,82.67508,302.96,0.43,0.62,2026-03-18,1927,N20,VIIRS,n,2,288.79,1.08,N,0.0,industrial_direct,28,16
22.3377,82.57372,304.44,0.44,0.62,2026-03-18,1927,N20,VIIRS,n,2,290.11,0.85,N,2.0,industrial_direct,3,71
22.33955,82.55289,310.15,0.44,0.62,2026-03-18,1927,N20,VIIRS,n,2,290.53,1.23,N,0.0,industrial_direct,4,61
22.36155,82.30333,300.49,0.46,0.63,2026-03-18,1927,N20,VIIRS,n,2,288.72,1.97,N,2.0,industrial_direct,2,96
22.33464,82.60807,309.17,0.44,0.62,2026-03-18,1927,N20,VIIRS,n,2,290.41,1.81,N,0.0,industrial_direct,5,73
22.35747,82.30205,315.7,0.35,0.57,2026-03-19,2049,N20,VIIRS,n,2,291.15,1.06,N,2.0,industrial_direct,2,96
22.35558,82.3013,301.73,0.35,0.57,2026-03-19,2049,N20,VIIRS,n,2,289.55,0.87,N,2.0,industrial_direct,2,96
22.35997,82.30581,302.82,0.35,0.57,2026-03-19,2049,N20,VIIRS,n,2,290.58,0.87,N,0.0,industrial_direct,2,96
22.36068,82.30252,314.82,0.35,0.57,2026-03-19,2049,N20,VIIRS,n,2,291.68,0.87,N,2.0,industrial_direct,2,96
22.35674,82.30532,306.88,0.35,0.57,2026-03-19,2049,N20,VIIRS,n,2,292.03,1.06,N,2.0,industrial_direct,2,96
22.36257,82.30325,303.4,0.35,0.57,2026-03-19,2049,N20,VIIRS,n,2,290.76,1.06,N,2.0,industrial_direct,2,96
22.35487,82.3046,303.2,0.35,0.57,2026-03-19,2049,N20,VIIRS,n,2,290.46,0.87,N,2.0,industrial_direct,2,96
22.31768,82.52908,302.6,0.36,0.57,2026-03-19,2049,N20,VIIRS,n,2,291.36,1.41,N,2.0,industrial_direct,1,98
22.32039,82.56584,309.38,0.36,0.58,2026-03-19,2049,N20,VIIRS,n,2,290.67,1.63,N,2.0,industrial_direct,1,98
22.3202,82.59128,302.45,0.36,0.58,2026-03-19,2049,N20,VIIRS,n,2,289.61,0.6,N,2.0,industrial_direct,11,23
22.33377,82.55478,307.4,0.36,0.58,2026-03-19,2049,N20,VIIRS,n,2,289.56,0.82,N,0.0,industrial_direct,4,61
22.33427,82.57712,302.96,0.36,0.58,2026-03-19,2049,N20,VIIRS,n,2,290.65,1.05,N,2.0,industrial_direct,3,71
22.33896,82.55601,306.45,0.36,0.58,2026-03-19,2049,N20,VIIRS,n,2,288.96,0.82,N,0.0,industrial_direct,4,61
22.31692,82.5325,304.04,0.36,0.57,2026-03-19,2049,N20,VIIRS,n,2,290.61,1.56,N,2.0,industrial_direct,1,98
22.31357,82.52812,303.84,0.55,0.43,2026-03-20,2030,N20,VIIRS,n,2,290.08,0.99,N,2.0,industrial_direct,1,98
22.31556,82.51756,300.41,0.55,0.43,2026-03-20,2030,N20,VIIRS,n,2,289.3,1.51,N,2.0,industrial_direct,1,98
22.31645,82.53423,307.39,0.55,0.43,2026-03-20,2030,N20,VIIRS,n,2,290.32,1.69,N,2.0,industrial_direct,1,98
22.31744,82.52895,304.76,0.55,0.43,2026-03-20,2030,N20,VIIRS,n,2,291.03,0.99,N,2.0,industrial_direct,1,98
22.31824,82.5676,304.21,0.56,0.43,2026-03-20,2030,N20,VIIRS,n,2,290.09,1.09,N,2.0,industrial_direct,1,98
22.31456,82.52284,301.15,0.55,0.43,2026-03-20,2030,N20,VIIRS,n,2,289.31,0.99,N,2.0,industrial_nearby,1,98
22.33164,82.60387,313.4,0.56,0.43,2026-03-20,2030,N20,VIIRS,n,2,290.29,2.09,N,2.0,industrial_nearby,5,73
22.333,82.57738,303.97,0.56,0.43,2026-03-20,2030,N20,VIIRS,n,2,289.67,0.9,N,2.0,industrial_direct,3,71
22.33402,82.57207,300.55,0.56,0.43,2026-03-20,2030,N20,VIIRS,n,2,288.81,0.82,N,2.0,industrial_direct,3,71
22.33713,82.556,320.4,0.55,0.43,2026-03-20,2030,N20,VIIRS,n,2,289.85,2.1,N,0.0,industrial_direct,4,61
22.33177,82.60464,314.06,0.56,0.43,2026-03-20,2030,N20,VIIRS,n,2,290.01,2.04,N,2.0,industrial_nearby,5,73
22.33669,82.5551,323.66,0.55,0.43,2026-03-20,2030,N20,VIIRS,n,2,290.66,3.15,N,0.0,industrial_direct,4,61
22.3584,82.30264,313.21,0.38,0.36,2026-03-21,2011,N20,VIIRS,n,2,289.5,1.3,N,2.0,industrial_direct,2,96
22.35782,82.30634,316.05,0.38,0.36,2026-03-21,2011,N20,VIIRS,n,2,289.22,1.32,N,2.0,industrial_direct,2,96
22.32454,82.5167,302.54,0.38,0.36,2026-03-21,2011,N20,VIIRS,n,2,291.6,0.9,N,2.0,industrial_direct,66,7
22.31632,82.56838,305.42,0.38,0.36,2026-03-21,2011,N20,VIIRS,n,2,291.54,0.53,N,0.0,industrial_nearby,1,98
22.35511,82.30204,305.64,0.38,0.36,2026-03-21,2011,N20,VIIRS,n,2,288.59,1.3,N,2.0,industrial_direct,2,96
22.35453,82.30573,312.74,0.38,0.36,2026-03-21,2011,N20,VIIRS,n,2,288.99,1.32,N,2.0,industrial_direct,2,96
22.31832,82.53456,303.88,0.38,0.36,2026-03-21,2011,N20,VIIRS,n,2,293.6,0.95,N,2.0,industrial_direct,1,98
22.31503,82.53396,310.84,0.38,0.36,2026-03-21,2011,N20,VIIRS,n,2,293.84,1.33,N,2.0,industrial_nearby,1,98
22.31562,82.53026,310.15,0.38,0.36,2026-03-21,2011,N20,VIIRS,n,2,296.07,0.91,N,2.0,industrial_direct,1,98
22.31468,82.51488,303.8,0.38,0.36,2026-03-21,2011,N20,VIIRS,n,2,291.72,1.24,N,2.0,industrial_nearby,1,98
22.31292,82.52597,307.74,0.38,0.36,2026-03-21,2011,N20,VIIRS,n,2,292.28,0.91,N,2.0,industrial_direct,1,98
22.31233,82.52966,306.94,0.38,0.36,2026-03-21,2011,N20,VIIRS,n,2,292.96,0.91,N,2.0,industrial_nearby,1,98
22.2165,82.55434,311.31,0.38,0.36,2026-03-21,2012,N20,VIIRS,n,2,289.29,0.91,N,0.0,unclassified,-1,0
22.21263,82.55742,301.68,0.38,0.36,2026-03-21,2012,N20,VIIRS,n,2,289.29,0.91,N,0.0,unclassified,-1,0
22.31479,82.55671,305.22,0.38,0.36,2026-03-21,2011,N20,VIIRS,n,2,292.75,0.93,N,2.0,industrial_direct,1,98
22.3196,82.56899,312.96,0.38,0.36,2026-03-21,2011,N20,VIIRS,n,2,294.96,1.84,N,0.0,industrial_direct,1,98
22.32054,82.58437,309.56,0.38,0.36,2026-03-21,2011,N20,VIIRS,n,2,292.58,1.22,N,0.0,industrial_direct,11,23
22.32171,82.57698,304.14,0.38,0.36,2026-03-21,2011,N20,VIIRS,n,2,293.22,1.03,N,0.0,industrial_direct,11,23
22.36169,82.30324,313.34,0.38,0.36,2026-03-21,2011,N20,VIIRS,n,2,288.77,1.46,N,2.0,industrial_direct,2,96
22.12004,82.32343,345.27,0.38,0.36,2026-03-21,743,N20,VIIRS,n,2,311.89,2.97,D,0.0,unclassified,-1,0
22.28572,82.33908,339.55,0.38,0.36,2026-03-21,743,N20,VIIRS,n,2,307.91,3.49,D,0.0,unclassified,-1,0
22.33524,82.55466,342.1,0.38,0.36,2026-03-21,743,N20,VIIRS,n,2,309.57,3.42,D,0.0,industrial_direct,4,61
22.33402,82.60587,305.79,0.38,0.36,2026-03-21,2011,N20,VIIRS,n,2,292.18,0.73,N,2.0,industrial_direct,5,73
22.32342,82.67236,305.79,0.38,0.36,2026-03-21,2011,N20,VIIRS,n,2,291.6,0.82,N,0.0,industrial_direct,28,16
22.36614,82.79053,301.75,0.39,0.36,2026-03-21,2011,N20,VIIRS,n,2,288.67,0.27,N,0.0,unclassified,-1,0
22.33544,82.57571,313.97,0.38,0.36,2026-03-21,2011,N20,VIIRS,n,2,293.38,1.39,N,2.0,industrial_direct,3,71
22.33568,82.55295,330.61,0.38,0.36,2026-03-21,2011,N20,VIIRS,n,2,294.15,2.14,N,0.0,industrial_direct,4,61
22.33509,82.55664,315.09,0.38,0.36,2026-03-21,2011,N20,VIIRS,n,2,292.47,2.14,N,0.0,industrial_direct,4,61
22.33274,82.57141,301.99,0.38,0.36,2026-03-21,2011,N20,VIIRS,n,2,290.48,0.56,N,2.0,industrial_direct,3,71
22.33204,82.53328,304.15,0.38,0.36,2026-03-21,2011,N20,VIIRS,n,2,292.86,0.72,N,2.0,industrial_direct,6,16
22.32206,82.59605,302.78,0.38,0.36,2026-03-21,2011,N20,VIIRS,n,2,291.97,0.84,N,2.0,industrial_direct,11,23
22.33074,82.60526,325.46,0.38,0.36,2026-03-21,2011,N20,VIIRS,n,2,293.33,2.17,N,2.0,industrial_nearby,5,73
22.35942,82.30101,304.64,0.55,0.43,2026-03-22,1953,N20,VIIRS,n,2,292.0,1.03,N,2.0,industrial_direct,2,96
22.39333,82.79815,331.77,0.51,0.41,2026-03-22,724,N20,VIIRS,l,2,304.76,4.16,D,0.0,unclassified,45,2
22.44856,82.67503,330.53,0.51,0.41,2026-03-22,724,N20,VIIRS,l,2,305.2,3.17,D,0.0,unclassified,-1,0
22.33332,82.60422,301.32,0.53,0.42,2026-03-22,1953,N20,VIIRS,n,2,276.03,1.8,N,2.0,industrial_direct,5,73
22.33593,82.55262,315.88,0.53,0.42,2026-03-22,1953,N20,VIIRS,n,2,283.59,2.72,N,0.0,industrial_direct,4,61
22.36331,82.30162,302.66,0.55,0.43,2026-03-22,1953,N20,VIIRS,n,2,291.66,1.03,N,2.0,industrial_direct,2,96
22.35876,82.30633,306.42,0.55,0.42,2026-03-22,1953,N20,VIIRS,n,2,292.83,1.03,N,2.0,industrial_direct,2,96
22.31965,82.56884,298.03,0.53,0.42,2026-03-22,1953,N20,VIIRS,n,2,274.24,1.5,N,0.0,industrial_direct,1,98
22.337,82.55582,318.92,0.53,0.42,2026-03-22,1953,N20,VIIRS,n,2,283.25,2.34,N,0.0,industrial_direct,4,61
22.33026,82.60674,305.25,0.53,0.42,2026-03-22,1953,N20,VIIRS,n,2,274.63,0.79,N,2.0,industrial_direct,5,73
22.35822,82.30423,314.19,0.55,0.42,2026-03-22,1953,N20,VIIRS,n,2,294.68,2.11,N,2.0,industrial_direct,2,96
22.32214,82.57958,296.95,0.53,0.42,2026-03-22,1953,N20,VIIRS,n,2,274.98,1.34,N,0.0,industrial_direct,11,23
22.32147,82.58469,301.22,0.53,0.42,2026-03-22,1953,N20,VIIRS,n,2,275.58,1.06,N,0.0,industrial_direct,11,23
22.35433,82.30362,306.63,0.55,0.42,2026-03-22,1953,N20,VIIRS,n,2,292.53,2.11,N,2.0,industrial_direct,2,96
22.38871,82.79404,333.7,0.51,0.41,2026-03-22,724,N20,VIIRS,l,2,304.21,4.39,D,0.0,unclassified,78,2
22.33408,82.60732,295.74,0.53,0.42,2026-03-22,1953,N20,VIIRS,n,2,273.48,0.79,N,2.0,industrial_direct,5,73
22.33685,82.55456,335.09,0.52,0.42,2026-03-22,724,N20,VIIRS,l,2,307.1,1.44,D,0.0,industrial_direct,4,61
22.39705,82.79739,336.97,0.51,0.41,2026-03-22,724,N20,VIIRS,n,2,303.21,2.84,D,0.0,unclassified,45,2
22.40311,83.01224,337.53,0.49,0.41,2026-03-22,724,N20,VIIRS,n,2,304.9,2.54,D,0.0,unclassified,-1,0
22.11457,83.08047,340.23,0.5,0.41,2026-03-22,724,N20,VIIRS,n,2,308.94,3.09,D,0.0,unclassified,-1,0
22.1147,82.81367,337.4,0.51,0.41,2026-03-22,724,N20,VIIRS,l,2,308.94,4.04,D,0.0,unclassified,79,2
22.1435,82.82304,334.5,0.51,0.41,2026-03-22,724,N20,VIIRS,n,2,308.97,2.91,D,0.0,unclassified,-1,0
22.22078,83.009,337.76,0.5,0.41,2026-03-22,724,N20,VIIRS,n,2,307.37,7.42,D,0.0,unclassified,80,1
22.22447,83.00826,340.15,0.5,0.41,2026-03-22,724,N20,VIIRS,n,2,307.52,3.25,D,0.0,unclassified,80,1
22.25742,83.02117,334.45,0.5,0.41,2026-03-22,724,N20,VIIRS,l,2,306.44,3.34,D,0.0,unclassified,-1,0
22.27164,82.99364,340.07,0.5,0.41,2026-03-22,724,N20,VIIRS,n,2,306.49,4.23,D,0.0,unclassified,-1,0
22.18559,82.49265,348.13,0.53,0.42,2026-03-22,724,N20,VIIRS,n,2,313.16,7.03,D,0.0,unclassified,-1,0
22.13882,82.55989,337.16,0.53,0.42,2026-03-22,724,N20,VIIRS,l,2,310.76,5.55,D,0.0,unclassified,-1,0
22.21614,82.46517,337.2,0.53,0.42,2026-03-22,724,N20,VIIRS,l,2,309.89,5.85,D,0.0,unclassified,81,1
22.28608,82.83658,335.06,0.51,0.41,2026-03-22,724,N20,VIIRS,n,2,304.95,4.14,D,0.0,unclassified,25,2
22.28356,82.83849,336.33,0.51,0.41,2026-03-22,724,N20,VIIRS,l,2,306.42,3.94,D,0.0,unclassified,25,2
22.21513,82.46721,339.75,0.53,0.42,2026-03-22,724,N20,VIIRS,l,2,312.01,8.75,D,0.0,unclassified,81,1
22.38803,82.79656,335.89,0.51,0.41,2026-03-22,724,N20,VIIRS,n,2,305.42,6.38,D,0.0,unclassified,78,2
22.27689,82.45967,337.27,0.53,0.42,2026-03-22,724,N20,VIIRS,l,2,310.02,4.71,D,0.0,unclassified,-1,0
22.41355,83.09297,339.24,0.49,0.4,2026-03-22,724,N20,VIIRS,n,2,306.63,3.57,D,0.0,unclassified,82,2
22.20321,82.54659,343.49,0.53,0.42,2026-03-22,724,N20,VIIRS,n,2,311.68,6.65,D,0.0,unclassified,-1,0
22.35925,82.30231,303.99,0.36,0.57,2026-03-23,1934,N20,VIIRS,n,2,290.26,1.69,N,2.0,industrial_direct,2,96
22.33488,82.55077,305.74,0.35,0.57,2026-03-23,1934,N20,VIIRS,n,2,289.94,0.71,N,0.0,industrial_direct,4,61
22.33455,82.55418,306.84,0.35,0.56,2026-03-23,1934,N20,VIIRS,n,2,290.89,0.71,N,0.0,industrial_direct,4,61
22.32956,82.60446,302.92,0.34,0.56,2026-03-23,1934,N20,VIIRS,n,2,290.29,0.76,N,2.0,industrial_nearby,5,73
22.31738,82.51427,304.06,0.35,0.57,2026-03-23,1934,N20,VIIRS,n,2,290.62,1.89,N,0.0,industrial_direct,1,98
22.33135,82.53313,303.83,0.35,0.57,2026-03-23,1934,N20,VIIRS,n,2,291.51,0.89,N,2.0,industrial_direct,6,16
22.32116,82.58321,311.02,0.35,0.56,2026-03-23,1934,N20,VIIRS,n,2,290.64,1.77,N,0.0,industrial_direct,11,23
22.33441,82.60846,302.94,0.34,0.56,2026-03-23,1934,N20,VIIRS,n,2,291.05,0.76,N,0.0,industrial_direct,5,73
22.32259,82.67453,306.91,0.34,0.56,2026-03-23,1934,N20,VIIRS,n,2,290.22,1.09,N,0.0,industrial_direct,28,16
22.33474,82.6051,308.74,0.34,0.56,2026-03-23,1934,N20,VIIRS,n,2,290.58,0.76,N,0.0,industrial_direct,5,73
22.31828,82.55901,304.67,0.35,0.56,2026-03-23,1934,N20,VIIRS,n,2,291.75,1.18,N,2.0,industrial_direct,1,98
22.34007,82.55149,300.79,0.35,0.57,2026-03-23,1934,N20,VIIRS,n,2,289.6,0.71,N,0.0,industrial_direct,4,61
22.33777,82.57465,302.94,0.35,0.56,2026-03-23,1934,N20,VIIRS,n,2,291.25,0.81,N,2.0,industrial_direct,3,71
22.18862,82.62144,353.33,0.34,0.56,2026-03-23,705,N20,VIIRS,n,2,303.5,5.17,D,0.0,unclassified,83,1
22.18794,82.61826,352.01,0.34,0.56,2026-03-23,705,N20,VIIRS,n,2,302.14,5.17,D,0.0,unclassified,83,1
22.19365,82.62022,331.01,0.34,0.56,2026-03-23,705,N20,VIIRS,l,2,303.13,2.27,D,0.0,unclassified,-1,0
22.12076,82.64319,345.38,0.34,0.56,2026-03-23,705,N20,VIIRS,n,2,306.29,4.33,D,0.0,unclassified,-1,0
22.24141,82.77131,340.52,0.33,0.55,2026-03-23,705,N20,VIIRS,n,2,302.92,5.53,D,0.0,unclassified,84,1
22.24075,82.76818,334.59,0.33,0.55,2026-03-23,705,N20,VIIRS,l,2,305.2,3.24,D,0.0,unclassified,84,1
22.2401,82.76507,341.04,0.33,0.55,2026-03-23,705,N20,VIIRS,n,2,304.14,3.24,D,0.0,unclassified,84,1
22.2061,82.65399,332.34,0.33,0.56,2026-03-23,705,N20,VIIRS,l,2,302.36,1.47,D,0.0,unclassified,-1,0
22.3574,82.30392,325.53,0.44,0.62,2026-03-24,2055,N20,VIIRS,n,2,294.58,3.8,N,2.0,industrial_direct,2,96
22.31489,82.52426,303.5,0.45,0.63,2026-03-24,2055,N20,VIIRS,n,2,291.28,1.37,N,2.0,industrial_nearby,1,98
22.31332,82.52463,304.79,0.45,0.63,2026-03-24,2055,N20,VIIRS,n,2,291.79,3.04,N,2.0,industrial_direct,1,98
22.36394,82.30119,306.58,0.44,0.62,2026-03-24,2055,N20,VIIRS,n,2,291.23,1.92,N,2.0,industrial_nearby,2,96
22.31704,82.53468,304.48,0.46,0.63,2026-03-24,2055,N20,VIIRS,n,2,292.51,1.43,N,2.0,industrial_direct,1,98
22.35479,82.30281,305.43,0.44,0.62,2026-03-24,2055,N20,VIIRS,n,2,291.32,2.29,N,2.0,industrial_direct,2,96
22.36135,82.30007,311.33,0.44,0.62,2026-03-24,2055,N20,VIIRS,n,2,291.25,3.38,N,2.0,industrial_direct,2,96
22.36039,82.30419,322.84,0.44,0.62,2026-03-24,2055,N20,VIIRS,n,2,293.38,2.29,N,2.0,industrial_direct,2,96
22.31856,82.53429,305.58,0.45,0.63,2026-03-24,2055,N20,VIIRS,n,2,292.33,1.31,N,2.0,industrial_direct,1,98
22.31389,82.52856,306.92,0.45,0.63,2026-03-24,2055,N20,VIIRS,n,2,292.77,1.37,N,2.0,industrial_direct,1,98
22.33823,82.55308,306.31,0.46,0.63,2026-03-24,2055,N20,VIIRS,n,2,290.84,1.03,N,0.0,industrial_direct,4,61
22.33723,82.55737,303.88,0.46,0.63,2026-03-24,2055,N20,VIIRS,n,2,291.33,1.21,N,0.0,industrial_direct,4,61
22.15169,82.34282,332.6,0.45,0.63,2026-03-24,827,N20,VIIRS,l,2,305.0,1.7,D,0.0,unclassified,-1,0
22.26994,82.42036,331.64,0.46,0.64,2026-03-24,827,N20,VIIRS,l,2,303.26,2.0,D,0.0,unclassified,-1,0
22.3318,82.605,331.67,0.47,0.64,2026-03-24,827,N20,VIIRS,l,2,303.6,2.93,D,2.0,industrial_nearby,5,73
22.35431,82.80469,330.77,0.65,0.73,2026-03-24,647,N20,VIIRS,n,2,296.93,2.14,D,0.0,unclassified,85,2
22.48197,82.50809,307.12,0.45,0.63,2026-03-24,2055,N20,VIIRS,n,2,290.68,0.89,N,0.0,unclassified,-1,0
22.47632,82.50665,309.14,0.45,0.63,2026-03-24,2055,N20,VIIRS,n,2,290.64,0.89,N,0.0,unclassified,-1,0
22.33279,82.60236,312.22,0.46,0.63,2026-03-24,2055,N20,VIIRS,n,2,291.03,1.48,N,2.0,industrial_direct,5,73
22.35954,82.30457,337.96,0.45,0.63,2026-03-24,827,N20,VIIRS,n,2,307.7,8.72,D,2.0,industrial_direct,2,96
22.36181,82.30195,324.4,0.44,0.46,2026-03-25,2037,N20,VIIRS,n,2,294.97,3.0,N,2.0,industrial_direct,2,96
22.57911,82.96268,332.59,0.5,0.49,2026-03-25,808,N20,VIIRS,n,2,301.3,7.16,D,0.0,unclassified,86,1
22.48939,82.89188,305.09,0.48,0.48,2026-03-25,2036,N20,VIIRS,n,2,292.02,1.54,N,0.0,unclassified,87,2
22.3325,82.60408,318.42,0.46,0.47,2026-03-25,2037,N20,VIIRS,n,2,293.64,2.44,N,2.0,industrial_nearby,5,73
22.33783,82.55496,321.15,0.46,0.47,2026-03-25,2037,N20,VIIRS,n,2,293.13,2.17,N,0.0,industrial_direct,4,61
22.33344,82.57703,303.85,0.46,0.47,2026-03-25,2037,N20,VIIRS,n,2,292.77,0.71,N,2.0,industrial_direct,3,71
22.36098,82.30611,320.78,0.44,0.46,2026-03-25,2037,N20,VIIRS,n,2,293.03,2.48,N,0.0,industrial_nearby,2,96
22.31245,82.52657,306.04,0.46,0.47,2026-03-25,2037,N20,VIIRS,n,2,293.85,1.49,N,2.0,industrial_direct,1,98
22.31582,82.53185,312.41,0.46,0.47,2026-03-25,2037,N20,VIIRS,n,2,295.46,3.07,N,2.0,industrial_direct,1,98
22.35763,82.30103,314.35,0.44,0.46,2026-03-25,2037,N20,VIIRS,n,2,293.98,2.21,N,2.0,industrial_direct,2,96
22.35679,82.30521,318.07,0.44,0.46,2026-03-25,2037,N20,VIIRS,n,2,296.91,3.1,N,2.0,industrial_direct,2,96
22.20309,82.52605,303.8,0.46,0.47,2026-03-25,2037,N20,VIIRS,n,2,291.5,0.57,N,0.0,unclassified,-1,0
22.17565,82.55172,313.98,0.46,0.47,2026-03-25,2037,N20,VIIRS,n,2,292.24,1.43,N,0.0,unclassified,88,1
22.57668,82.96196,334.41,0.5,0.49,2026-03-25,808,N20,VIIRS,n,2,302.1,8.71,D,0.0,unclassified,86,1
22.1779,82.54896,310.84,0.46,0.47,2026-03-25,2037,N20,VIIRS,n,2,291.72,1.12,N,0.0,unclassified,88,1
22.52008,82.58543,333.36,0.47,0.48,2026-03-25,808,N20,VIIRS,l,2,305.13,3.06,D,0.0,unclassified,-1,0
22.22583,82.50594,332.29,0.46,0.47,2026-03-25,808,N20,VIIRS,n,2,301.63,2.7,D,0.0,unclassified,-1,0
22.43579,82.75114,334.95,0.48,0.48,2026-03-25,808,N20,VIIRS,n,2,302.24,5.05,D,0.0,unclassified,89,1
22.47689,83.051,331.39,0.5,0.49,2026-03-25,808,N20,VIIRS,n,2,300.78,3.0,D,0.0,unclassified,90,1
22.12653,82.7365,334.13,0.47,0.48,2026-03-25,808,N20,VIIRS,n,2,303.85,3.18,D,0.0,unclassified,-1,0
22.20127,83.00582,338.94,0.49,0.49,2026-03-25,808,N20,VIIRS,n,2,301.43,3.66,D,0.0,unclassified,-1,0
22.23707,82.84194,333.06,0.48,0.48,2026-03-25,808,N20,VIIRS,n,2,302.56,2.02,D,0.0,unclassified,91,1
22.23616,82.84344,331.48,0.48,0.48,2026-03-25,808,N20,VIIRS,l,2,301.57,1.45,D,0.0,unclassified,91,1
22.22199,82.51096,336.74,0.46,0.47,2026-03-25,808,N20,VIIRS,n,2,302.72,3.02,D,0.0,unclassified,-1,0
22.19371,82.77698,345.0,0.48,0.48,2026-03-25,808,N20,VIIRS,n,2,302.61,4.63,D,0.0,unclassified,-1,0
22.33441,82.55755,335.06,0.47,0.47,2026-03-25,808,N20,VIIRS,n,2,304.92,2.91,D,0.0,industrial_direct,4,61
22.41627,82.97285,336.78,0.49,0.49,2026-03-25,808,N20,VIIRS,n,2,301.89,3.19,D,0.0,unclassified,-1,0
22.35439,82.30705,333.96,0.45,0.47,2026-03-25,808,N20,VIIRS,l,2,308.89,2.26,D,2.0,industrial_direct,2,96
22.35868,82.30647,342.62,0.45,0.47,2026-03-25,808,N20,VIIRS,n,2,307.65,4.5,D,2.0,industrial_direct,2,96
22.43633,82.74973,330.64,0.48,0.48,2026-03-25,808,N20,VIIRS,l,2,303.44,2.88,D,0.0,unclassified,89,1
22.47506,83.04948,334.06,0.5,0.49,2026-03-25,808,N20,VIIRS,n,2,301.04,3.43,D,0.0,unclassified,90,1
22.35479,82.78349,338.71,0.48,0.48,2026-03-25,808,N20,VIIRS,n,2,305.36,3.21,D,0.0,unclassified,-1,0
22.57208,82.63316,305.18,0.41,0.37,2026-03-26,2018,N20,VIIRS,n,2,294.89,1.62,N,0.0,unclassified,-1,0
22.54613,82.72434,305.55,0.41,0.37,2026-03-26,2018,N20,VIIRS,n,2,294.78,1.4,N,0.0,unclassified,92,3
22.54484,82.75233,305.59,0.41,0.37,2026-03-26,2018,N20,VIIRS,n,2,293.65,1.47,N,0.0,unclassified,-1,0
22.55098,82.75723,310.69,0.41,0.37,2026-03-26,2018,N20,VIIRS,n,2,294.17,0.83,N,0.0,unclassified,93,2
22.55163,82.7534,304.32,0.41,0.37,2026-03-26,2018,N20,VIIRS,n,2,293.5,0.83,N,0.0,unclassified,93,2
22.55228,82.7496,308.37,0.41,0.37,2026-03-26,2018,N20,VIIRS,n,2,294.34,1.15,N,0.0,unclassified,93,2
22.56281,82.68771,304.33,0.41,0.37,2026-03-26,2018,N20,VIIRS,n,2,293.41,0.82,N,0.0,unclassified,94,5
22.55438,82.75775,304.41,0.41,0.37,2026-03-26,2018,N20,VIIRS,n,2,293.19,0.83,N,0.0,unclassified,93,2
22.5761,82.62382,334.12,0.41,0.37,2026-03-26,749,N20,VIIRS,l,2,307.67,2.19,D,0.0,unclassified,-1,0
22.55568,82.75011,310.06,0.41,0.37,2026-03-26,2018,N20,VIIRS,n,2,294.49,1.15,N,0.0,unclassified,93,2
22.55842,82.75449,305.2,0.41,0.37,2026-03-26,2018,N20,VIIRS,n,2,292.38,0.48,N,0.0,unclassified,93,2
22.5881,82.78495,308.98,0.41,0.37,2026-03-26,2018,N20,VIIRS,n,2,294.35,1.85,N,0.0,unclassified,-1,0
22.58364,82.5783,335.03,0.41,0.37,2026-03-26,749,N20,VIIRS,l,2,309.25,3.06,D,0.0,unclassified,-1,0
22.22191,82.38796,306.11,0.4,0.37,2026-03-26,2018,N20,VIIRS,n,2,294.49,1.02,N,0.0,unclassified,-1,0
22.53745,82.75475,307.83,0.41,0.37,2026-03-26,2018,N20,VIIRS,n,2,293.93,1.47,N,0.0,unclassified,-1,0
22.55516,82.6235,336.53,0.41,0.37,2026-03-26,749,N20,VIIRS,l,2,310.95,2.13,D,0.0,unclassified,-1,0
22.51967,82.59641,338.65,0.41,0.37,2026-03-26,749,N20,VIIRS,l,2,313.28,4.55,D,0.0,unclassified,95,1
22.55503,82.75392,313.21,0.41,0.37,2026-03-26,2018,N20,VIIRS,n,2,294.15,0.83,N,0.0,unclassified,93,2
22.48861,82.89244,308.16,0.41,0.37,2026-03-26,2018,N20,VIIRS,n,2,294.25,1.76,N,0.0,unclassified,87,2
22.33614,82.5527,325.38,0.41,0.37,2026-03-26,2018,N20,VIIRS,n,2,296.23,2.09,N,0.0,industrial_direct,4,61
22.459,82.33678,305.85,0.4,0.37,2026-03-26,2018,N20,VIIRS,n,2,295.21,1.31,N,0.0,unclassified,-1,0
22.52023,82.60039,352.38,0.41,0.37,2026-03-26,749,N20,VIIRS,n,2,315.36,8.5,D,0.0,unclassified,95,1
22.27481,82.41318,308.42,0.4,0.37,2026-03-26,2018,N20,VIIRS,n,2,294.45,1.66,N,0.0,unclassified,-1,0
22.31086,82.52824,309.85,0.4,0.37,2026-03-26,2018,N20,VIIRS,n,2,295.78,1.4,N,2.0,industrial_nearby,1,98
22.31151,82.52436,307.45,0.4,0.37,2026-03-26,2018,N20,VIIRS,n,2,294.87,1.4,N,2.0,industrial_direct,1,98
22.31357,82.53277,307.41,0.4,0.37,2026-03-26,2018,N20,VIIRS,n,2,295.26,1.04,N,2.0,industrial_nearby,1,98
22.31618,82.51724,310.12,0.4,0.37,2026-03-26,2018,N20,VIIRS,n,2,297.49,1.89,N,2.0,industrial_direct,1,98
22.35497,82.30585,312.73,0.4,0.37,2026-03-26,2018,N20,VIIRS,n,2,296.23,1.91,N,2.0,industrial_direct,2,96
22.35561,82.30202,309.19,0.4,0.37,2026-03-26,2018,N20,VIIRS,n,2,295.69,1.91,N,2.0,industrial_direct,2,96
22.31693,82.53342,320.17,0.4,0.37,2026-03-26,2018,N20,VIIRS,n,2,298.73,3.03,N,2.0,industrial_direct,1,98
22.35831,82.30649,324.4,0.4,0.37,2026-03-26,2018,N20,VIIRS,n,2,296.34,1.91,N,2.0,industrial_direct,2,96
22.35895,82.30266,328.33,0.4,0.37,2026-03-26,2018,N20,VIIRS,n,2,296.45,1.91,N,2.0,industrial_direct,2,96
22.36229,82.30329,314.82,0.4,0.37,2026-03-26,2018,N20,VIIRS,n,2,295.51,1.48,N,2.0,industrial_direct,2,96
22.33548,82.55659,318.23,0.41,0.37,2026-03-26,2018,N20,VIIRS,n,2,296.85,2.09,N,0.0,industrial_direct,4,61
22.33087,82.60395,317.7,0.41,0.37,2026-03-26,2018,N20,VIIRS,n,2,295.61,1.47,N,2.0,industrial_nearby,5,73
22.33551,82.57675,308.84,0.41,0.37,2026-03-26,2018,N20,VIIRS,n,2,296.13,0.98,N,2.0,industrial_direct,3,71
22.33424,82.6046,317.27,0.41,0.37,2026-03-26,2018,N20,VIIRS,n,2,295.5,1.47,N,2.0,industrial_direct,5,73
22.35839,82.89327,306.85,0.41,0.37,2026-03-26,2018,N20,VIIRS,n,2,295.1,1.46,N,0.0,unclassified,-1,0
22.50839,82.73405,307.28,0.41,0.37,2026-03-26,2018,N20,VIIRS,n,2,296.1,1.66,N,0.0,unclassified,-1,0
22.54666,82.81215,335.6,0.42,0.37,2026-03-26,749,N20,VIIRS,l,2,307.81,5.62,D,0.0,unclassified,96,1
22.46669,82.96464,342.41,0.42,0.38,2026-03-26,749,N20,VIIRS,n,2,308.59,8.38,D,0.0,unclassified,97,1
22.56412,82.93668,331.44,0.42,0.38,2026-03-26,749,N20,VIIRS,l,2,305.34,2.12,D,0.0,unclassified,-1,0
22.20327,82.70781,339.74,0.41,0.37,2026-03-26,749,N20,VIIRS,l,2,311.31,2.91,D,0.0,unclassified,98,1
22.19987,82.70835,342.6,0.41,0.37,2026-03-26,749,N20,VIIRS,n,2,313.51,2.91,D,0.0,unclassified,98,1
22.20043,82.71232,336.87,0.41,0.37,2026-03-26,749,N20,VIIRS,l,2,311.47,2.91,D,0.0,unclassified,98,1
22.22744,82.90385,336.39,0.42,0.37,2026-03-26,749,N20,VIIRS,l,2,311.14,3.49,D,0.0,unclassified,-1,0
22.21577,83.02141,344.52,0.42,0.38,2026-03-26,749,N20,VIIRS,n,2,309.95,4.27,D,0.0,unclassified,77,2
22.18138,82.82496,345.08,0.41,0.37,2026-03-26,749,N20,VIIRS,n,2,309.64,4.59,D,0.0,unclassified,-1,0
22.12683,82.48689,341.99,0.4,0.37,2026-03-26,749,N20,VIIRS,n,2,309.74,4.45,D,0.0,unclassified,-1,0
22.23487,82.90675,339.58,0.42,0.37,2026-03-26,749,N20,VIIRS,l,2,313.44,4.13,D,0.0,unclassified,-1,0
22.19454,83.02062,342.68,0.42,0.38,2026-03-26,749,N20,VIIRS,n,2,311.77,4.08,D,0.0,unclassified,-1,0
22.13358,82.68266,344.85,0.41,0.37,2026-03-26,749,N20,VIIRS,n,2,313.09,6.43,D,0.0,unclassified,-1,0
22.15227,83.06433,340.54,0.42,0.38,2026-03-26,749,N20,VIIRS,n,2,311.32,2.93,D,0.0,unclassified,-1,0
22.11668,83.06169,342.25,0.42,0.38,2026-03-26,749,N20,VIIRS,n,2,312.85,3.85,D,0.0,unclassified,99,1
22.11724,83.06575,339.78,0.42,0.38,2026-03-26,749,N20,VIIRS,n,2,314.61,7.66,D,0.0,unclassified,99,1
22.1178,83.0698,335.1,0.42,0.38,2026-03-26,749,N20,VIIRS,l,2,309.31,7.66,D,0.0,unclassified,99,1
22.11379,83.06629,346.98,0.42,0.38,2026-03-26,749,N20,VIIRS,n,2,314.35,7.66,D,0.0,unclassified,99,1
22.54722,82.81612,334.51,0.42,0.37,2026-03-26,749,N20,VIIRS,n,2,305.99,3.9,D,0.0,unclassified,96,1
22.18206,82.98113,344.72,0.42,0.38,2026-03-26,749,N20,VIIRS,n,2,310.4,4.52,D,0.0,unclassified,-1,0
22.28082,82.73587,339.55,0.41,0.37,2026-03-26,749,N20,VIIRS,l,2,313.56,4.07,D,0.0,unclassified,100,1
22.13841,82.32604,339.99,0.4,0.37,2026-03-26,749,N20,VIIRS,l,2,313.39,6.11,D,0.0,unclassified,-1,0
22.30043,82.851,341.45,0.42,0.37,2026-03-26,749,N20,VIIRS,l,2,311.61,4.54,D,0.0,unclassified,101,2
22.49928,82.59985,340.07,0.41,0.37,2026-03-26,749,N20,VIIRS,l,2,313.99,4.02,D,0.0,industrial_nearby,39,2
22.50013,82.7298,343.56,0.41,0.37,2026-03-26,749,N20,VIIRS,n,2,315.09,5.31,D,0.0,unclassified,-1,0
22.28026,82.7319,337.44,0.41,0.37,2026-03-26,749,N20,VIIRS,l,2,311.78,3.22,D,0.0,unclassified,100,1
22.44056,82.85354,349.99,0.42,0.37,2026-03-26,749,N20,VIIRS,n,2,313.14,4.81,D,0.0,unclassified,-1,0
22.35923,82.30534,352.18,0.4,0.37,2026-03-26,749,N20,VIIRS,n,2,318.77,7.8,D,2.0,industrial_direct,2,96
22.35304,82.31033,355.11,0.4,0.37,2026-03-26,749,N20,VIIRS,n,2,312.71,16.54,D,0.0,industrial_nearby,2,96
22.34967,82.31088,347.24,0.4,0.37,2026-03-26,749,N20,VIIRS,l,2,320.6,26.78,D,0.0,industrial_nearby,2,96
22.35023,82.31476,338.14,0.4,0.37,2026-03-26,749,N20,VIIRS,l,2,310.89,18.81,D,0.0,industrial_nearby,2,96
22.42235,82.82365,337.22,0.42,0.37,2026-03-26,749,N20,VIIRS,l,2,309.57,3.6,D,0.0,unclassified,-1,0
22.46897,82.96082,339.22,0.42,0.38,2026-03-26,749,N20,VIIRS,n,2,308.34,3.92,D,0.0,unclassified,97,1
22.38651,82.79255,347.15,0.41,0.37,2026-03-26,749,N20,VIIRS,n,2,315.81,10.17,D,0.0,unclassified,78,2
22.39823,82.87682,333.1,0.42,0.37,2026-03-26,749,N20,VIIRS,l,2,307.5,1.59,D,0.0,unclassified,-1,0
22.4093,83.00764,338.69,0.42,0.38,2026-03-26,749,N20,VIIRS,n,2,310.66,4.93,D,0.0,unclassified,102,2
22.33615,82.55704,338.42,0.41,0.37,2026-03-26,749,N20,VIIRS,l,2,312.72,4.04,D,0.0,industrial_direct,4,61
22.36381,82.90696,336.05,0.42,0.37,2026-03-26,749,N20,VIIRS,l,2,310.84,1.98,D,0.0,unclassified,-1,0
22.38207,83.0663,334.86,0.42,0.38,2026-03-26,749,N20,VIIRS,l,2,307.4,1.56,D,0.0,unclassified,-1,0
22.41157,82.79669,346.59,0.41,0.37,2026-03-26,749,N20,VIIRS,n,2,313.72,5.53,D,0.0,unclassified,-1,0
22.32418,82.97101,348.85,0.42,0.38,2026-03-26,749,N20,VIIRS,n,2,310.57,6.45,D,0.0,unclassified,-1,0
22.33525,82.57729,305.94,0.44,0.39,2026-03-27,1959,N20,VIIRS,n,2,295.68,0.76,N,2.0,industrial_direct,3,71
22.33472,82.55537,326.23,0.45,0.39,2026-03-27,1959,N20,VIIRS,n,2,296.55,4.08,N,0.0,industrial_direct,4,61
22.36291,82.30163,305.54,0.46,0.39,2026-03-27,1959,N20,VIIRS,n,2,295.08,0.77,N,2.0,industrial_direct,2,96
22.33068,82.53267,308.93,0.45,0.39,2026-03-27,1959,N20,VIIRS,n,2,295.56,1.22,N,2.0,industrial_direct,6,16
22.35515,82.30486,311.11,0.46,0.39,2026-03-27,1959,N20,VIIRS,n,2,296.94,1.88,N,2.0,industrial_direct,2,96
22.31652,82.5304,307.96,0.45,0.39,2026-03-27,1959,N20,VIIRS,n,2,297.2,1.56,N,2.0,industrial_direct,1,98
22.3242,82.52724,306.5,0.45,0.39,2026-03-27,1959,N20,VIIRS,n,2,294.68,1.16,N,0.0,industrial_direct,103,4
22.31645,82.5568,307.04,0.45,0.39,2026-03-27,1959,N20,VIIRS,n,2,295.11,1.5,N,2.0,industrial_direct,1,98
22.31592,82.53471,311.92,0.45,0.39,2026-03-27,1959,N20,VIIRS,n,2,296.38,1.56,N,2.0,industrial_direct,1,98
22.31479,82.51689,308.55,0.45,0.39,2026-03-27,1959,N20,VIIRS,n,2,295.89,1.4,N,2.0,industrial_direct,1,98
22.31299,82.52982,308.73,0.45,0.39,2026-03-27,1959,N20,VIIRS,n,2,295.23,1.42,N,2.0,industrial_direct,1,98
22.33101,82.60735,330.13,0.44,0.39,2026-03-27,1959,N20,VIIRS,n,2,296.67,3.72,N,2.0,industrial_direct,5,73
22.32601,82.51431,305.58,0.45,0.39,2026-03-27,1959,N20,VIIRS,n,2,294.49,0.96,N,2.0,industrial_direct,66,7
22.53015,82.75665,303.3,0.44,0.38,2026-03-27,1959,N20,VIIRS,n,2,291.6,0.51,N,0.0,unclassified,-1,0
22.35872,82.30545,321.65,0.46,0.39,2026-03-27,1959,N20,VIIRS,n,2,297.48,1.88,N,2.0,industrial_direct,2,96
22.54585,82.72606,305.53,0.44,0.38,2026-03-27,1959,N20,VIIRS,n,2,293.68,0.61,N,0.0,unclassified,92,3
22.545,82.72802,305.51,0.44,0.38,2026-03-27,1959,N20,VIIRS,n,2,293.74,0.77,N,0.0,unclassified,92,3
22.10363,82.71828,338.38,0.44,0.38,2026-03-27,730,N20,VIIRS,l,2,309.99,4.68,D,0.0,unclassified,-1,0
22.19977,82.7259,341.33,0.44,0.38,2026-03-27,730,N20,VIIRS,l,2,311.56,3.66,D,0.0,unclassified,-1,0
22.20518,82.69458,334.03,0.44,0.38,2026-03-27,730,N20,VIIRS,l,2,308.98,3.13,D,0.0,unclassified,-1,0
22.26741,82.74288,340.22,0.44,0.38,2026-03-27,730,N20,VIIRS,n,2,306.36,4.31,D,0.0,unclassified,-1,0
22.29539,82.86628,334.89,0.43,0.38,2026-03-27,730,N20,VIIRS,n,2,298.45,2.76,D,0.0,unclassified,104,1
22.15468,82.42364,336.46,0.45,0.39,2026-03-27,730,N20,VIIRS,n,2,298.79,3.09,D,0.0,unclassified,-1,0
22.30922,82.84216,330.64,0.43,0.38,2026-03-27,730,N20,VIIRS,n,2,292.81,2.58,D,0.0,unclassified,-1,0
22.34219,82.9969,336.76,0.43,0.38,2026-03-27,730,N20,VIIRS,n,2,302.01,3.5,D,0.0,unclassified,-1,0
22.33138,82.60539,339.46,0.44,0.38,2026-03-27,730,N20,VIIRS,n,2,308.55,3.8,D,2.0,industrial_nearby,5,73
22.35971,82.30527,340.87,0.45,0.39,2026-03-27,730,N20,VIIRS,n,2,310.83,6.16,D,2.0,industrial_direct,2,96
22.55449,82.76028,335.62,0.43,0.38,2026-03-27,731,N20,VIIRS,n,2,302.75,6.16,D,0.0,unclassified,93,2
22.5607,82.75476,336.12,0.43,0.38,2026-03-27,731,N20,VIIRS,n,2,302.69,3.35,D,0.0,unclassified,93,2
22.2947,82.86215,335.24,0.43,0.38,2026-03-27,730,N20,VIIRS,n,2,299.12,2.76,D,0.0,unclassified,104,1
22.35879,82.30499,310.45,0.57,0.52,2026-03-28,1940,N20,VIIRS,n,2,296.06,3.21,N,2.0,industrial_direct,2,96
22.22957,82.37275,308.34,0.56,0.52,2026-03-28,1940,N20,VIIRS,n,2,295.76,3.1,N,0.0,unclassified,105,4
22.31618,82.51431,306.33,0.55,0.51,2026-03-28,1940,N20,VIIRS,n,2,295.62,2.11,N,2.0,industrial_direct,1,98
22.31614,82.55772,307.84,0.55,0.51,2026-03-28,1940,N20,VIIRS,n,2,295.95,2.0,N,2.0,industrial_direct,1,98
22.3586,82.30406,312.15,0.57,0.52,2026-03-28,1940,N20,VIIRS,n,2,296.59,2.89,N,2.0,industrial_direct,2,96
22.32954,82.60785,309.33,0.54,0.51,2026-03-28,1940,N20,VIIRS,n,2,295.47,1.21,N,2.0,industrial_nearby,5,73
22.33549,82.55488,320.01,0.55,0.51,2026-03-28,1940,N20,VIIRS,n,2,296.83,3.0,N,0.0,industrial_direct,4,61
22.33422,82.60843,309.96,0.54,0.51,2026-03-28,1940,N20,VIIRS,n,2,295.66,1.83,N,0.0,industrial_direct,5,73
22.32519,82.67257,306.69,0.54,0.51,2026-03-28,1940,N20,VIIRS,n,2,294.84,1.38,N,0.0,industrial_direct,28,16
22.56279,82.7605,338.86,0.52,0.5,2026-03-28,712,N20,VIIRS,n,2,300.4,8.88,D,0.0,unclassified,-1,0
22.33744,82.55635,308.63,0.55,0.51,2026-03-28,1940,N20,VIIRS,n,2,295.74,2.01,N,0.0,industrial_direct,4,61
22.33801,82.55097,314.38,0.55,0.51,2026-03-28,1940,N20,VIIRS,n,2,294.39,2.01,N,0.0,industrial_direct,4,61
22.3526,82.33054,334.22,0.55,0.51,2026-03-28,712,N20,VIIRS,l,2,307.98,2.97,D,0.0,unclassified,-1,0
22.41644,82.71732,332.42,0.52,0.5,2026-03-28,712,N20,VIIRS,l,2,307.19,2.87,D,0.0,unclassified,-1,0
22.32731,82.32545,335.04,0.55,0.51,2026-03-28,712,N20,VIIRS,n,2,307.26,3.23,D,0.0,unclassified,-1,0
22.27745,82.54626,334.83,0.54,0.51,2026-03-28,712,N20,VIIRS,l,2,308.29,1.75,D,0.0,unclassified,-1,0
22.19488,83.07354,336.48,0.5,0.49,2026-03-28,712,N20,VIIRS,n,2,304.55,4.51,D,0.0,unclassified,106,2
22.33243,82.60401,317.48,0.55,0.51,2026-03-28,1940,N20,VIIRS,n,2,295.83,3.72,N,2.0,industrial_nearby,5,73
22.32631,82.52733,304.52,0.56,0.69,2026-03-29,1921,N20,VIIRS,n,2,292.78,2.63,N,0.0,industrial_direct,103,4
22.35796,82.30657,306.3,0.55,0.68,2026-03-29,2102,N20,VIIRS,n,2,292.85,2.97,N,2.0,industrial_direct,2,96
22.3592,82.30145,315.25,0.55,0.68,2026-03-29,2102,N20,VIIRS,n,2,292.46,3.66,N,2.0,industrial_direct,2,96
22.31664,82.5313,305.51,0.57,0.69,2026-03-29,2102,N20,VIIRS,n,2,292.93,2.33,N,2.0,industrial_direct,1,98
22.3375,82.55419,305.83,0.57,0.69,2026-03-29,2102,N20,VIIRS,n,2,291.35,1.13,N,0.0,industrial_direct,4,61
22.31832,82.51491,304.1,0.56,0.69,2026-03-29,1921,N20,VIIRS,n,2,293.16,2.07,N,2.0,industrial_direct,1,98
22.32401,82.67386,302.72,0.55,0.68,2026-03-29,1921,N20,VIIRS,n,2,292.35,1.38,N,0.0,industrial_direct,28,16
22.33301,82.60496,307.65,0.55,0.68,2026-03-29,1921,N20,VIIRS,n,2,293.44,1.94,N,2.0,industrial_direct,5,73
22.22388,83.02942,330.01,0.5,0.66,2026-03-29,653,N20,VIIRS,l,2,301.37,2.53,D,0.0,unclassified,107,1
22.35859,82.30563,336.08,0.57,0.69,2026-03-29,833,N20,VIIRS,l,2,306.36,4.05,D,2.0,industrial_direct,2,96
22.44613,82.70973,331.02,0.52,0.67,2026-03-29,653,N20,VIIRS,l,2,303.93,4.09,D,0.0,unclassified,-1,0
22.28399,82.81007,335.23,0.52,0.67,2026-03-29,653,N20,VIIRS,n,2,302.22,4.89,D,0.0,unclassified,108,1
22.27551,82.7784,332.64,0.52,0.67,2026-03-29,653,N20,VIIRS,n,2,302.07,1.49,D,0.0,unclassified,109,2
22.28349,82.813,340.06,0.52,0.67,2026-03-29,653,N20,VIIRS,n,2,300.92,3.67,D,0.0,unclassified,108,1
22.25277,82.78995,334.73,0.52,0.67,2026-03-29,653,N20,VIIRS,n,2,302.48,2.78,D,0.0,unclassified,-1,0
22.22026,83.02879,331.75,0.5,0.66,2026-03-29,653,N20,VIIRS,n,2,301.5,1.8,D,0.0,unclassified,107,1
22.33727,82.55076,309.68,0.56,0.69,2026-03-29,1921,N20,VIIRS,n,2,293.2,1.86,N,0.0,industrial_direct,4,61
22.43192,82.80948,334.92,0.61,0.53,2026-03-30,814,N20,VIIRS,n,2,303.04,3.38,D,0.0,unclassified,-1,0
22.35616,82.30387,340.8,0.56,0.52,2026-03-30,814,N20,VIIRS,l,2,310.89,8.54,D,2.0,industrial_direct,2,96
22.35593,82.30788,335.09,0.56,0.52,2026-03-30,814,N20,VIIRS,l,2,307.17,10.91,D,2.0,industrial_nearby,2,96
22.36638,82.86867,337.92,0.61,0.54,2026-03-30,814,N20,VIIRS,n,2,304.95,3.95,D,0.0,unclassified,-1,0
22.31992,82.75481,337.43,0.6,0.53,2026-03-30,814,N20,VIIRS,n,2,305.73,4.62,D,0.0,industrial_nearby,-1,0
22.23625,82.50405,336.01,0.58,0.52,2026-03-30,814,N20,VIIRS,l,2,308.47,2.93,D,0.0,unclassified,-1,0
22.13442,82.36401,331.7,0.57,0.52,2026-03-30,814,N20,VIIRS,l,2,306.02,3.69,D,0.0,unclassified,-1,0
22.16273,82.64536,334.42,0.59,0.53,2026-03-30,814,N20,VIIRS,l,2,306.53,1.54,D,0.0,unclassified,110,1
22.15868,82.41402,337.35,0.57,0.52,2026-03-30,814,N20,VIIRS,l,2,308.15,4.09,D,0.0,unclassified,-1,0
22.1645,82.64755,336.8,0.59,0.53,2026-03-30,814,N20,VIIRS,n,2,306.69,1.46,D,0.0,unclassified,110,1
22.12223,82.85864,342.56,0.61,0.53,2026-03-30,814,N20,VIIRS,n,2,309.88,18.28,D,0.0,unclassified,111,2
22.23143,82.50456,333.04,0.58,0.52,2026-03-30,814,N20,VIIRS,l,2,307.46,2.93,D,0.0,unclassified,-1,0
22.3143,82.52969,310.2,0.46,0.39,2026-03-31,2024,N20,VIIRS,n,2,296.08,1.9,N,2.0,industrial_direct,1,98
22.31666,82.51651,307.14,0.46,0.39,2026-03-31,2024,N20,VIIRS,n,2,295.54,1.41,N,2.0,industrial_direct,1,98
22.35462,82.30392,305.14,0.45,0.39,2026-03-31,2024,N20,VIIRS,n,2,294.26,2.07,N,2.0,industrial_direct,2,96
22.31707,82.53481,314.63,0.46,0.39,2026-03-31,2024,N20,VIIRS,n,2,296.41,1.9,N,2.0,industrial_direct,1,98
22.35815,82.30462,327.41,0.45,0.39,2026-03-31,2024,N20,VIIRS,n,2,297.85,2.07,N,2.0,industrial_direct,2,96
22.36243,82.30104,306.06,0.45,0.39,2026-03-31,2024,N20,VIIRS,n,2,293.86,0.83,N,2.0,industrial_direct,2,96
22.33211,82.57453,305.48,0.46,0.39,2026-03-31,2024,N20,VIIRS,n,2,294.75,1.6,N,2.0,industrial_direct,3,71
22.32855,82.57379,320.33,0.46,0.39,2026-03-31,2024,N20,VIIRS,n,2,294.8,1.6,N,2.0,industrial_direct,3,71
22.33528,82.55679,316.58,0.46,0.39,2026-03-31,2024,N20,VIIRS,n,2,295.49,1.26,N,0.0,industrial_direct,4,61
22.33606,82.55238,306.01,0.46,0.39,2026-03-31,2024,N20,VIIRS,n,2,294.19,1.26,N,0.0,industrial_direct,4,61
22.33017,82.60615,310.34,0.46,0.39,2026-03-31,2024,N20,VIIRS,n,2,295.05,1.04,N,2.0,industrial_direct,5,73
22.33374,82.60688,310.04,0.46,0.39,2026-03-31,2024,N20,VIIRS,n,2,294.91,1.04,N,2.0,industrial_direct,5,73
22.32575,82.52751,317.7,0.46,0.39,2026-03-31,2024,N20,VIIRS,n,2,294.86,2.46,N,0.0,industrial_direct,103,4
22.33678,82.55215,308.15,0.4,0.37,2026-04-01,2005,N20,VIIRS,n,2,293.68,1.87,N,0.0,industrial_direct,4,61
22.3306,82.57069,310.7,0.4,0.37,2026-04-01,2005,N20,VIIRS,n,2,293.41,2.24,N,0.0,industrial_direct,3,71
22.33291,82.53181,308.76,0.4,0.37,2026-04-01,2005,N20,VIIRS,n,2,294.19,1.46,N,2.0,industrial_direct,6,16
22.33066,82.53184,309.98,0.4,0.37,2026-04-01,2005,N20,VIIRS,n,2,294.84,1.95,N,2.0,industrial_direct,6,16
22.32397,82.53069,330.44,0.4,0.37,2026-04-01,2005,N20,VIIRS,n,2,297.52,5.13,N,0.0,industrial_direct,103,4
22.3167,82.53338,315.49,0.4,0.37,2026-04-01,2005,N20,VIIRS,n,2,298.01,1.95,N,2.0,industrial_direct,1,98
22.31821,82.56901,307.31,0.4,0.37,2026-04-01,2005,N20,VIIRS,n,2,294.84,1.34,N,0.0,industrial_direct,1,98
22.33621,82.55599,328.63,0.4,0.37,2026-04-01,2005,N20,VIIRS,n,2,295.0,3.14,N,0.0,industrial_direct,4,61
22.31565,82.51745,312.62,0.4,0.37,2026-04-01,2005,N20,VIIRS,n,2,296.14,2.61,N,2.0,industrial_direct,1,98
22.3145,82.52512,309.87,0.4,0.37,2026-04-01,2005,N20,VIIRS,n,2,294.72,2.62,N,2.0,industrial_nearby,1,98
22.31335,82.5328,307.89,0.4,0.37,2026-04-01,2005,N20,VIIRS,n,2,294.81,1.95,N,2.0,industrial_nearby,1,98
22.32454,82.52686,309.35,0.4,0.37,2026-04-01,2005,N20,VIIRS,n,2,294.61,3.35,N,0.0,industrial_direct,103,4
22.33219,82.60631,324.94,0.4,0.37,2026-04-01,2005,N20,VIIRS,n,2,295.47,3.1,N,2.0,industrial_direct,5,73
22.33338,82.57509,308.53,0.4,0.37,2026-04-01,2005,N20,VIIRS,n,2,293.59,1.59,N,2.0,industrial_direct,3,71
22.58092,82.60159,336.27,0.39,0.36,2026-04-01,737,N20,VIIRS,l,2,310.79,2.99,D,0.0,unclassified,-1,0
22.42383,82.9026,307.16,0.39,0.36,2026-04-01,2005,N20,VIIRS,n,2,293.57,1.22,N,0.0,unclassified,112,2
22.1345,82.74284,333.59,0.39,0.36,2026-04-01,737,N20,VIIRS,l,2,307.1,2.1,D,0.0,unclassified,-1,0
22.21179,83.06062,335.9,0.39,0.36,2026-04-01,737,N20,VIIRS,l,2,307.81,3.27,D,0.0,unclassified,-1,0
22.13321,82.42075,337.33,0.4,0.37,2026-04-01,737,N20,VIIRS,l,2,309.36,3.82,D,0.0,unclassified,-1,0
22.18161,82.5928,335.47,0.4,0.37,2026-04-01,737,N20,VIIRS,l,2,307.17,3.28,D,0.0,unclassified,-1,0
22.27238,83.0996,333.97,0.39,0.36,2026-04-01,737,N20,VIIRS,l,2,307.41,1.3,D,0.0,unclassified,-1,0
22.11147,82.81313,339.35,0.39,0.36,2026-04-01,737,N20,VIIRS,l,2,314.08,4.14,D,0.0,unclassified,79,2
22.33446,82.95371,335.57,0.39,0.36,2026-04-01,737,N20,VIIRS,l,2,308.93,2.7,D,0.0,unclassified,-1,0
22.32427,82.53138,339.05,0.4,0.37,2026-04-01,737,N20,VIIRS,l,2,312.48,4.16,D,0.0,industrial_direct,103,4
22.32365,82.52757,341.55,0.4,0.37,2026-04-01,737,N20,VIIRS,l,2,313.29,5.28,D,0.0,industrial_direct,103,4
22.48588,83.02997,337.44,0.39,0.36,2026-04-01,737,N20,VIIRS,n,2,306.24,2.67,D,0.0,unclassified,-1,0
22.34323,83.05228,338.87,0.39,0.36,2026-04-01,737,N20,VIIRS,n,2,308.61,1.94,D,0.0,unclassified,-1,0
22.33865,82.55504,316.02,0.44,0.46,2026-04-02,1946,N20,VIIRS,n,2,291.36,2.26,N,0.0,industrial_direct,4,61
22.33252,82.60558,315.32,0.43,0.46,2026-04-02,1946,N20,VIIRS,n,2,290.86,1.93,N,2.0,industrial_nearby,5,73
22.33442,82.5544,318.63,0.44,0.46,2026-04-02,1946,N20,VIIRS,n,2,291.23,2.26,N,0.0,industrial_direct,4,61
22.33189,82.57532,307.78,0.44,0.46,2026-04-02,1946,N20,VIIRS,n,2,290.9,1.98,N,2.0,industrial_direct,3,71
22.36019,82.30299,311.09,0.45,0.47,2026-04-02,1946,N20,VIIRS,n,2,294.76,2.87,N,2.0,industrial_direct,2,96
22.31951,82.53497,302.37,0.44,0.46,2026-04-02,1946,N20,VIIRS,n,2,288.15,1.61,N,2.0,industrial_direct,1,98
22.35536,82.30679,310.82,0.45,0.47,2026-04-02,1946,N20,VIIRS,n,2,293.36,2.24,N,2.0,industrial_direct,2,96
22.31646,82.56049,306.62,0.44,0.46,2026-04-02,1946,N20,VIIRS,n,2,290.9,1.92,N,2.0,industrial_direct,1,98
22.3173,82.51734,309.58,0.44,0.46,2026-04-02,1946,N20,VIIRS,n,2,292.69,1.9,N,2.0,industrial_direct,1,98
22.10614,82.99388,308.84,0.41,0.45,2026-04-02,1946,N20,VIIRS,n,2,286.46,1.25,N,0.0,unclassified,-1,0
22.54956,82.64645,335.04,0.42,0.45,2026-04-02,718,N20,VIIRS,n,2,304.9,4.07,D,0.0,unclassified,113,1
22.33275,82.53249,305.71,0.44,0.46,2026-04-02,1946,N20,VIIRS,n,2,289.94,0.96,N,2.0,industrial_direct,6,16
22.54711,82.64688,333.35,0.42,0.45,2026-04-02,718,N20,VIIRS,l,2,305.94,2.11,D,0.0,unclassified,113,1
22.31154,82.52949,308.67,0.44,0.46,2026-04-02,1946,N20,VIIRS,n,2,291.06,2.41,N,2.0,industrial_nearby,1,98
22.5216,82.80419,335.39,0.41,0.45,2026-04-02,718,N20,VIIRS,n,2,302.68,3.51,D,0.0,unclassified,-1,0
22.50792,82.79916,331.49,0.41,0.45,2026-04-02,718,N20,VIIRS,n,2,301.54,1.34,D,0.0,unclassified,-1,0
22.41832,82.67875,333.7,0.42,0.45,2026-04-02,718,N20,VIIRS,l,2,306.87,3.6,D,0.0,industrial_nearby,-1,0
22.33408,82.55372,337.96,0.43,0.46,2026-04-02,718,N20,VIIRS,l,2,308.74,3.81,D,0.0,industrial_direct,4,61
22.36174,82.76226,334.94,0.42,0.45,2026-04-02,718,N20,VIIRS,n,2,304.68,2.37,D,0.0,unclassified,-1,0
22.4134,83.09502,334.45,0.4,0.44,2026-04-02,718,N20,VIIRS,n,2,303.04,2.74,D,0.0,unclassified,82,2
22.28834,82.50248,336.58,0.43,0.46,2026-04-02,718,N20,VIIRS,n,2,305.76,1.85,D,0.0,unclassified,-1,0
22.30125,82.72855,338.08,0.42,0.45,2026-04-02,718,N20,VIIRS,l,2,308.94,8.55,D,0.0,industrial_nearby,114,1
22.30202,82.73258,335.26,0.42,0.45,2026-04-02,718,N20,VIIRS,l,2,308.27,8.55,D,0.0,industrial_nearby,114,1
22.27617,82.77593,331.01,0.42,0.45,2026-04-02,718,N20,VIIRS,l,2,305.51,1.72,D,0.0,unclassified,109,2
22.1907,83.07516,341.97,0.4,0.44,2026-04-02,718,N20,VIIRS,n,2,303.62,8.06,D,0.0,unclassified,106,2
22.19418,83.07372,330.44,0.4,0.44,2026-04-02,718,N20,VIIRS,l,2,304.7,3.75,D,0.0,unclassified,106,2
22.19015,83.07463,342.65,0.4,0.44,2026-04-02,718,N20,VIIRS,n,2,304.06,3.75,D,0.0,unclassified,106,2
22.59105,82.92618,331.38,0.4,0.45,2026-04-02,718,N20,VIIRS,l,2,304.98,2.87,D,0.0,unclassified,-1,0
22.33431,82.60622,297.23,0.44,0.62,2026-04-03,1927,N20,VIIRS,n,2,274.08,1.16,N,2.0,industrial_direct,5,73
22.33172,82.57107,297.35,0.44,0.62,2026-04-03,1927,N20,VIIRS,n,2,273.48,1.07,N,2.0,industrial_direct,3,71
22.339,82.55502,297.78,0.44,0.62,2026-04-03,1927,N20,VIIRS,n,2,274.19,1.02,N,0.0,industrial_direct,4,61
22.3292,82.57018,301.8,0.36,0.57,2026-04-04,2049,N20,VIIRS,n,2,285.32,1.79,N,0.0,industrial_direct,3,71
22.32051,82.53533,310.51,0.36,0.57,2026-04-04,2049,N20,VIIRS,n,2,285.3,1.5,N,0.0,industrial_nearby,1,98
22.31861,82.53581,303.58,0.55,0.43,2026-04-05,2030,N20,VIIRS,n,2,284.84,2.1,N,2.0,industrial_direct,1,98
22.35976,82.30487,337.29,0.54,0.42,2026-04-05,802,N20,VIIRS,n,2,306.09,6.11,D,2.0,industrial_direct,2,96
22.46277,82.5259,336.74,0.56,0.43,2026-04-05,802,N20,VIIRS,n,2,302.65,7.72,D,0.0,unclassified,-1,0
22.46211,82.52048,336.4,0.56,0.43,2026-04-05,802,N20,VIIRS,n,2,303.85,7.76,D,0.0,industrial_nearby,-1,0
22.33492,82.55573,304.49,0.55,0.43,2026-04-05,2030,N20,VIIRS,n,2,277.78,1.03,N,0.0,industrial_direct,4,61
22.33191,82.57172,299.15,0.55,0.43,2026-04-05,2030,N20,VIIRS,n,2,278.06,0.77,N,2.0,industrial_direct,3,71
22.31418,82.53059,307.47,0.38,0.36,2026-04-06,2012,N20,VIIRS,n,2,294.04,1.68,N,2.0,industrial_direct,1,98
22.36018,82.30352,322.85,0.38,0.36,2026-04-06,2012,N20,VIIRS,n,2,295.22,1.7,N,2.0,industrial_direct,2,96
22.3569,82.30292,305.9,0.38,0.36,2026-04-06,2012,N20,VIIRS,n,2,294.68,1.7,N,2.0,industrial_direct,2,96
22.3306,82.53359,305.96,0.38,0.36,2026-04-06,2012,N20,VIIRS,n,2,293.63,0.69,N,2.0,industrial_direct,6,16
22.31688,82.53487,319.72,0.38,0.36,2026-04-06,2012,N20,VIIRS,n,2,294.22,1.68,N,2.0,industrial_direct,1,98
22.31652,82.51582,308.12,0.38,0.36,2026-04-06,2012,N20,VIIRS,n,2,294.33,1.32,N,2.0,industrial_direct,1,98
22.31958,82.53916,308.1,0.38,0.36,2026-04-06,2012,N20,VIIRS,n,2,293.68,0.82,N,2.0,industrial_nearby,1,98
22.32803,82.57111,304.18,0.38,0.36,2026-04-06,2012,N20,VIIRS,n,2,292.73,1.07,N,0.0,industrial_direct,3,71
22.32063,82.59636,304.32,0.38,0.36,2026-04-06,2012,N20,VIIRS,n,2,293.63,0.93,N,2.0,industrial_direct,11,23
22.33425,82.55326,305.33,0.38,0.36,2026-04-06,2012,N20,VIIRS,n,2,292.08,0.41,N,0.0,industrial_nearby,4,61
22.32932,82.60555,309.05,0.38,0.36,2026-04-06,2012,N20,VIIRS,n,2,293.4,0.98,N,2.0,industrial_direct,5,73
22.33753,82.55386,314.54,0.38,0.36,2026-04-06,2012,N20,VIIRS,n,2,293.08,1.17,N,0.0,industrial_direct,4,61
22.3326,82.60616,309.65,0.38,0.36,2026-04-06,2012,N20,VIIRS,n,2,293.68,0.98,N,2.0,industrial_direct,5,73
22.35803,82.30356,341.17,0.38,0.36,2026-04-06,743,N20,VIIRS,l,2,311.65,6.82,D,2.0,industrial_direct,2,96
22.33467,82.55447,334.31,0.38,0.36,2026-04-06,743,N20,VIIRS,l,2,304.62,2.45,D,0.0,industrial_direct,4,61
22.32724,82.66224,338.14,0.38,0.36,2026-04-06,743,N20,VIIRS,n,2,306.33,3.03,D,0.0,industrial_direct,115,2
22.33131,82.57172,312.37,0.38,0.36,2026-04-06,2012,N20,VIIRS,n,2,292.85,1.07,N,2.0,industrial_direct,3,71
22.14769,82.97194,302.35,0.5,0.41,2026-04-07,1953,N20,VIIRS,n,2,292.13,0.43,N,0.0,unclassified,-1,0
22.31562,82.51727,312.84,0.54,0.42,2026-04-07,1953,N20,VIIRS,n,2,296.31,3.08,N,2.0,industrial_direct,1,98
22.31745,82.53336,313.6,0.53,0.42,2026-04-07,1953,N20,VIIRS,n,2,298.0,3.51,N,2.0,industrial_direct,1,98
22.35919,82.30431,312.83,0.55,0.43,2026-04-07,1953,N20,VIIRS,n,2,295.98,2.67,N,2.0,industrial_direct,2,96
22.33102,82.60876,305.75,0.53,0.42,2026-04-07,1953,N20,VIIRS,n,2,295.58,2.46,N,0.0,industrial_nearby,5,73
22.33849,82.55237,306.4,0.53,0.42,2026-04-07,1953,N20,VIIRS,n,2,293.71,2.77,N,0.0,industrial_direct,4,61
22.3313,82.53224,305.43,0.53,0.42,2026-04-07,1953,N20,VIIRS,n,2,295.35,1.16,N,2.0,industrial_direct,6,16
22.33195,82.57218,313.58,0.53,0.42,2026-04-07,1953,N20,VIIRS,n,2,294.63,2.72,N,2.0,industrial_direct,3,71
22.32998,82.57401,311.01,0.53,0.42,2026-04-07,1953,N20,VIIRS,n,2,294.76,2.58,N,2.0,industrial_direct,3,71
22.32993,82.60551,310.15,0.53,0.42,2026-04-07,1953,N20,VIIRS,n,2,295.6,2.02,N,2.0,industrial_direct,5,73
22.3364,82.55416,317.78,0.53,0.42,2026-04-07,1953,N20,VIIRS,n,2,295.51,2.44,N,0.0,industrial_direct,4,61
22.3353,82.55547,334.41,0.53,0.42,2026-04-07,724,N20,VIIRS,l,2,308.05,4.0,D,0.0,industrial_direct,4,61
22.33136,82.57391,332.4,0.52,0.42,2026-04-07,724,N20,VIIRS,l,2,306.36,2.95,D,2.0,industrial_direct,3,71
22.14988,82.65082,340.84,0.52,0.42,2026-04-07,724,N20,VIIRS,n,2,308.89,7.33,D,0.0,unclassified,-1,0
22.36004,82.30094,306.7,0.55,0.43,2026-04-07,1953,N20,VIIRS,n,2,294.86,2.27,N,2.0,industrial_direct,2,96
22.28873,82.72582,334.64,0.33,0.55,2026-04-08,705,N20,VIIRS,n,2,298.06,2.29,D,0.0,unclassified,116,1
22.28806,82.72267,333.26,0.33,0.55,2026-04-08,705,N20,VIIRS,n,2,297.83,2.29,D,0.0,unclassified,116,1
22.35693,82.30179,305.18,0.44,0.62,2026-04-09,2055,N20,VIIRS,n,2,294.19,1.0,N,2.0,industrial_direct,2,96
22.31232,82.5202,302.48,0.45,0.63,2026-04-09,2055,N20,VIIRS,n,2,291.82,0.6,N,0.0,industrial_nearby,1,98
22.36252,82.30317,310.35,0.44,0.62,2026-04-09,2055,N20,VIIRS,n,2,293.98,1.0,N,2.0,industrial_direct,2,96
22.32941,82.60203,305.49,0.46,0.63,2026-04-09,2055,N20,VIIRS,n,2,291.89,1.08,N,2.0,industrial_nearby,5,73
22.33467,82.55313,304.58,0.45,0.63,2026-04-09,2055,N20,VIIRS,n,2,291.69,0.89,N,0.0,industrial_direct,4,61
22.33822,82.54789,304.05,0.71,0.75,2026-04-09,1915,N20,VIIRS,n,2,291.15,1.33,N,0.0,industrial_nearby,4,61
22.316,82.53015,306.63,0.45,0.63,2026-04-09,2055,N20,VIIRS,n,2,293.71,2.24,N,2.0,industrial_direct,1,98
22.33415,82.55725,306.31,0.45,0.47,2026-04-10,2037,N20,VIIRS,n,2,294.81,1.2,N,0.0,industrial_direct,4,61
22.31298,82.52993,310.32,0.45,0.47,2026-04-10,2037,N20,VIIRS,n,2,296.35,1.9,N,2.0,industrial_nearby,1,98
22.35786,82.30148,309.97,0.44,0.46,2026-04-10,2037,N20,VIIRS,n,2,295.1,1.79,N,2.0,industrial_direct,2,96
22.31636,82.53517,310.93,0.45,0.47,2026-04-10,2037,N20,VIIRS,n,2,295.86,1.99,N,2.0,industrial_direct,1,98
22.36203,82.30239,318.51,0.44,0.46,2026-04-10,2037,N20,VIIRS,n,2,295.6,2.27,N,2.0,industrial_direct,2,96
22.33499,82.55292,305.09,0.45,0.47,2026-04-10,2037,N20,VIIRS,n,2,293.55,0.72,N,0.0,industrial_direct,4,61
22.37046,83.04004,335.42,0.5,0.49,2026-04-10,808,N20,VIIRS,l,2,306.4,3.98,D,0.0,unclassified,-1,0
22.33761,82.55684,307.49,0.45,0.47,2026-04-10,2037,N20,VIIRS,n,2,294.17,1.49,N,0.0,industrial_direct,4,61
22.33218,82.6055,308.22,0.46,0.47,2026-04-10,2037,N20,VIIRS,n,2,294.79,1.29,N,2.0,industrial_nearby,5,73
22.33772,82.66608,306.96,0.46,0.47,2026-04-10,2037,N20,VIIRS,n,2,293.0,0.63,N,0.0,industrial_direct,117,8
22.40056,82.67174,343.3,0.47,0.48,2026-04-10,808,N20,VIIRS,n,2,308.48,5.94,D,0.0,industrial_nearby,-1,0
22.32904,82.60601,304.82,0.46,0.47,2026-04-10,2037,N20,VIIRS,n,2,294.61,1.52,N,2.0,industrial_direct,5,73
22.167,82.53976,340.86,0.46,0.47,2026-04-10,808,N20,VIIRS,l,2,313.13,5.53,D,0.0,unclassified,-1,0
22.59037,82.48044,306.11,0.4,0.37,2026-04-11,2018,N20,VIIRS,n,2,294.84,0.98,N,0.0,unclassified,118,3
22.58765,82.47604,305.44,0.4,0.37,2026-04-11,2018,N20,VIIRS,n,2,294.09,1.03,N,0.0,unclassified,118,3
22.54276,82.72322,311.93,0.41,0.37,2026-04-11,2018,N20,VIIRS,n,2,295.34,1.53,N,0.0,unclassified,92,3
22.33765,82.66604,315.44,0.41,0.37,2026-04-11,2018,N20,VIIRS,n,2,294.52,1.74,N,0.0,industrial_direct,117,8
22.33065,82.60433,312.18,0.41,0.37,2026-04-11,2018,N20,VIIRS,n,2,295.65,1.87,N,2.0,industrial_nearby,5,73
22.33513,82.55708,309.54,0.4,0.37,2026-04-11,2018,N20,VIIRS,n,2,296.63,1.26,N,0.0,industrial_direct,4,61
22.33251,82.57265,308.48,0.4,0.37,2026-04-11,2018,N20,VIIRS,n,2,295.1,1.23,N,2.0,industrial_direct,3,71
22.32319,82.58683,309.26,0.4,0.37,2026-04-11,2018,N20,VIIRS,n,2,295.71,1.47,N,2.0,industrial_direct,11,23
22.31825,82.53382,308.49,0.4,0.37,2026-04-11,2018,N20,VIIRS,n,2,297.58,1.86,N,2.0,industrial_direct,1,98
22.36031,82.30374,325.64,0.4,0.37,2026-04-11,2018,N20,VIIRS,n,2,298.68,1.58,N,2.0,industrial_direct,2,96
22.55086,82.73708,311.83,0.41,0.37,2026-04-11,2018,N20,VIIRS,n,2,295.16,2.2,N,0.0,unclassified,-1,0
22.31433,82.55704,306.34,0.4,0.37,2026-04-11,2018,N20,VIIRS,n,2,295.86,1.12,N,2.0,industrial_direct,1,98
22.3175,82.51769,319.16,0.4,0.37,2026-04-11,2018,N20,VIIRS,n,2,297.51,2.69,N,2.0,industrial_direct,1,98
22.31619,82.52543,307.16,0.4,0.37,2026-04-11,2018,N20,VIIRS,n,2,296.48,1.79,N,2.0,industrial_direct,1,98
22.31489,82.53316,315.84,0.4,0.37,2026-04-11,2018,N20,VIIRS,n,2,297.39,1.86,N,2.0,industrial_direct,1,98
22.27955,82.42289,307.44,0.4,0.37,2026-04-11,2018,N20,VIIRS,n,2,296.83,2.26,N,0.0,unclassified,-1,0
22.32048,82.58227,312.2,0.4,0.37,2026-04-11,2018,N20,VIIRS,n,2,295.71,1.73,N,2.0,industrial_direct,11,23
22.5849,82.66689,308.45,0.4,0.37,2026-04-11,2018,N20,VIIRS,n,2,293.52,1.55,N,0.0,unclassified,-1,0
22.33578,82.55321,314.74,0.4,0.37,2026-04-11,2018,N20,VIIRS,n,2,296.0,1.41,N,0.0,industrial_direct,4,61
22.58264,82.62193,336.13,0.41,0.37,2026-04-11,749,N20,VIIRS,l,2,310.76,2.27,D,0.0,unclassified,119,1
22.59579,82.59168,338.05,0.41,0.37,2026-04-11,749,N20,VIIRS,l,2,312.64,3.62,D,0.0,unclassified,-1,0
22.16504,82.51265,345.93,0.4,0.37,2026-04-11,749,N20,VIIRS,l,2,319.83,10.19,D,0.0,unclassified,-1,0
22.2452,82.76097,345.93,0.41,0.37,2026-04-11,749,N20,VIIRS,l,2,317.4,6.74,D,0.0,unclassified,120,2
22.26719,82.84276,342.99,0.41,0.37,2026-04-11,749,N20,VIIRS,n,2,316.8,1.76,D,0.0,unclassified,-1,0
22.22865,82.49826,343.31,0.4,0.37,2026-04-11,749,N20,VIIRS,l,2,318.13,4.33,D,0.0,unclassified,121,2
22.27766,82.34745,349.02,0.4,0.37,2026-04-11,749,N20,VIIRS,n,2,318.2,8.64,D,0.0,unclassified,122,1
22.28103,82.34693,351.01,0.4,0.37,2026-04-11,749,N20,VIIRS,n,2,317.45,6.76,D,0.0,unclassified,122,1
22.42541,82.89983,337.14,0.42,0.37,2026-04-11,749,N20,VIIRS,n,2,311.8,1.9,D,0.0,unclassified,112,2
22.39668,82.69278,340.34,0.41,0.37,2026-04-11,749,N20,VIIRS,n,2,314.1,5.8,D,0.0,industrial_nearby,-1,0
22.2281,82.49437,344.52,0.4,0.37,2026-04-11,749,N20,VIIRS,l,2,319.33,4.33,D,0.0,unclassified,121,2
22.51371,82.8812,337.79,0.42,0.37,2026-04-11,749,N20,VIIRS,l,2,308.52,3.41,D,0.0,unclassified,123,2
22.50675,82.77997,336.57,0.41,0.37,2026-04-11,749,N20,VIIRS,l,2,310.02,0.86,D,0.0,unclassified,-1,0
22.52265,82.76877,332.94,0.41,0.37,2026-04-11,749,N20,VIIRS,l,2,307.69,3.17,D,0.0,unclassified,-1,0
22.55194,82.67924,344.77,0.41,0.37,2026-04-11,749,N20,VIIRS,n,2,311.81,3.44,D,0.0,unclassified,124,1
22.55139,82.67532,342.22,0.41,0.37,2026-04-11,749,N20,VIIRS,n,2,311.85,3.44,D,0.0,unclassified,124,1
22.55083,82.67137,340.24,0.41,0.37,2026-04-11,749,N20,VIIRS,l,2,312.83,4.75,D,0.0,unclassified,124,1
22.50981,82.90234,332.52,0.42,0.37,2026-04-11,749,N20,VIIRS,l,2,307.44,3.28,D,0.0,unclassified,-1,0
22.58207,82.62179,336.65,0.41,0.37,2026-04-11,749,N20,VIIRS,l,2,311.2,1.15,D,0.0,unclassified,119,1
22.33064,82.53321,309.24,0.45,0.39,2026-04-12,1959,N20,VIIRS,n,2,298.39,1.75,N,2.0,industrial_direct,6,16
22.33232,82.57321,311.81,0.45,0.39,2026-04-12,1959,N20,VIIRS,n,2,296.31,2.32,N,2.0,industrial_direct,3,71
22.33472,82.55605,311.05,0.45,0.39,2026-04-12,1959,N20,VIIRS,n,2,297.92,2.15,N,0.0,industrial_direct,4,61
22.33532,82.55171,308.4,0.45,0.39,2026-04-12,1959,N20,VIIRS,n,2,296.53,1.75,N,0.0,industrial_nearby,4,61
22.50432,82.86599,309.64,0.44,0.38,2026-04-12,1959,N20,VIIRS,n,2,296.85,2.31,N,0.0,unclassified,-1,0
22.33164,82.60402,309.06,0.45,0.39,2026-04-12,1959,N20,VIIRS,n,2,296.79,1.72,N,2.0,industrial_nearby,5,73
22.32283,82.58941,310.57,0.45,0.39,2026-04-12,1959,N20,VIIRS,n,2,296.93,2.26,N,2.0,industrial_direct,11,23
22.52263,82.78678,306.97,0.44,0.38,2026-04-12,1959,N20,VIIRS,n,2,296.56,1.53,N,0.0,unclassified,-1,0
22.33104,82.60834,307.8,0.45,0.39,2026-04-12,1959,N20,VIIRS,n,2,297.01,1.57,N,0.0,industrial_nearby,5,73
22.35857,82.30453,317.41,0.46,0.39,2026-04-12,1959,N20,VIIRS,n,2,299.35,3.41,N,2.0,industrial_direct,2,96
22.21025,82.35663,329.05,0.46,0.39,2026-04-12,1959,N20,VIIRS,n,2,299.56,4.21,N,0.0,unclassified,125,3
22.3164,82.5575,309.37,0.45,0.39,2026-04-12,1959,N20,VIIRS,n,2,298.22,2.03,N,2.0,industrial_direct,1,98
22.31585,82.53527,311.75,0.45,0.39,2026-04-12,1959,N20,VIIRS,n,2,298.18,2.64,N,2.0,industrial_direct,1,98
22.3147,82.51733,323.81,0.45,0.39,2026-04-12,1959,N20,VIIRS,n,2,298.24,3.18,N,2.0,industrial_direct,1,98
22.28327,82.42809,309.22,0.45,0.39,2026-04-12,1959,N20,VIIRS,n,2,298.33,3.05,N,0.0,unclassified,126,1
22.2839,82.43044,310.82,0.45,0.39,2026-04-12,1959,N20,VIIRS,n,2,299.03,3.3,N,0.0,unclassified,126,1
22.21103,82.84329,310.17,0.44,0.38,2026-04-12,1959,N20,VIIRS,n,2,298.1,2.35,N,0.0,unclassified,-1,0
22.19484,82.80602,312.29,0.44,0.38,2026-04-12,1959,N20,VIIRS,n,2,298.03,1.84,N,0.0,unclassified,32,2
22.20966,82.36092,313.13,0.46,0.39,2026-04-12,1959,N20,VIIRS,n,2,299.17,2.85,N,0.0,unclassified,125,3
22.55431,82.66391,308.04,0.45,0.39,2026-04-12,1959,N20,VIIRS,n,2,296.14,1.9,N,0.0,unclassified,-1,0
22.31989,82.58455,307.77,0.45,0.39,2026-04-12,1959,N20,VIIRS,n,2,296.8,1.63,N,0.0,industrial_direct,11,23
22.58904,82.48232,339.71,0.44,0.39,2026-04-12,731,N20,VIIRS,l,2,314.41,6.31,D,0.0,unclassified,118,3
22.54332,82.74203,323.99,0.44,0.39,2026-04-12,1959,N20,VIIRS,n,2,297.7,3.29,N,0.0,unclassified,-1,0
22.55423,82.68427,335.02,0.44,0.38,2026-04-12,731,N20,VIIRS,l,2,309.93,3.74,D,0.0,unclassified,94,5
22.14499,83.05588,353.33,0.43,0.38,2026-04-12,730,N20,VIIRS,n,2,319.2,10.63,D,0.0,unclassified,-1,0
22.19054,82.80894,344.41,0.44,0.38,2026-04-12,731,N20,VIIRS,l,2,318.99,8.8,D,0.0,unclassified,32,2
22.17286,82.6429,342.07,0.44,0.39,2026-04-12,731,N20,VIIRS,l,2,315.96,4.52,D,0.0,unclassified,-1,0
22.32069,83.09388,356.7,0.42,0.38,2026-04-12,731,N20,VIIRS,n,2,316.53,8.23,D,0.0,unclassified,127,1
22.32347,83.09426,342.57,0.42,0.38,2026-04-12,731,N20,VIIRS,n,2,314.5,5.09,D,0.0,unclassified,127,1
22.20863,82.34521,350.43,0.45,0.39,2026-04-12,731,N20,VIIRS,n,2,317.36,5.71,D,0.0,unclassified,-1,0
22.37301,82.96668,337.94,0.43,0.38,2026-04-12,731,N20,VIIRS,l,2,312.33,4.41,D,0.0,unclassified,128,1
22.34428,82.75396,349.15,0.44,0.38,2026-04-12,731,N20,VIIRS,l,2,316.57,7.86,D,0.0,industrial_nearby,-1,0
22.40813,83.00638,351.25,0.43,0.38,2026-04-12,731,N20,VIIRS,n,2,315.49,6.73,D,0.0,unclassified,102,2
22.38751,82.86166,338.02,0.43,0.38,2026-04-12,731,N20,VIIRS,l,2,312.68,2.73,D,0.0,unclassified,-1,0
22.36956,82.96735,344.0,0.43,0.38,2026-04-12,731,N20,VIIRS,l,2,315.62,4.26,D,0.0,unclassified,128,1
22.51615,82.90244,340.1,0.43,0.38,2026-04-12,731,N20,VIIRS,l,2,306.72,3.25,D,0.0,unclassified,129,1
22.49261,82.94537,339.81,0.43,0.38,2026-04-12,731,N20,VIIRS,n,2,306.14,3.19,D,0.0,unclassified,-1,0
22.55494,82.68843,351.46,0.44,0.38,2026-04-12,731,N20,VIIRS,n,2,311.19,3.74,D,0.0,unclassified,94,5
22.54653,82.68127,337.13,0.44,0.38,2026-04-12,731,N20,VIIRS,l,2,311.91,5.73,D,0.0,unclassified,-1,0
22.54375,82.6861,347.68,0.44,0.38,2026-04-12,731,N20,VIIRS,n,2,314.21,7.88,D,0.0,unclassified,-1,0
22.58655,82.93951,336.11,0.43,0.38,2026-04-12,731,N20,VIIRS,l,2,307.11,4.16,D,0.0,unclassified,-1,0
22.55842,82.68776,335.6,0.44,0.38,2026-04-12,731,N20,VIIRS,n,2,308.58,3.37,D,0.0,unclassified,94,5
22.51239,82.8178,342.23,0.43,0.38,2026-04-12,731,N20,VIIRS,n,2,309.6,4.99,D,0.0,unclassified,-1,0
22.51961,82.90175,334.41,0.43,0.38,2026-04-12,731,N20,VIIRS,l,2,307.94,3.25,D,0.0,unclassified,129,1
22.51121,82.87356,337.21,0.43,0.38,2026-04-12,731,N20,VIIRS,l,2,306.97,2.74,D,0.0,unclassified,-1,0
22.53948,82.82979,331.34,0.43,0.38,2026-04-12,731,N20,VIIRS,l,2,306.19,2.02,D,0.0,unclassified,-1,0
22.33729,82.55223,313.23,0.55,0.51,2026-04-13,1940,N20,VIIRS,n,2,295.79,3.31,N,0.0,industrial_direct,4,61
22.20749,82.35126,319.48,0.57,0.52,2026-04-13,1940,N20,VIIRS,n,2,298.23,5.57,N,0.0,unclassified,-1,0
22.21205,82.35385,307.5,0.57,0.52,2026-04-13,1940,N20,VIIRS,n,2,296.5,2.79,N,0.0,unclassified,125,3
22.31514,82.51991,307.79,0.56,0.51,2026-04-13,1940,N20,VIIRS,n,2,297.03,3.89,N,2.0,industrial_direct,1,98
22.31573,82.51452,313.02,0.56,0.51,2026-04-13,1940,N20,VIIRS,n,2,296.08,2.67,N,2.0,industrial_direct,1,98
22.3157,82.5583,307.4,0.55,0.51,2026-04-13,1940,N20,VIIRS,n,2,296.44,2.61,N,2.0,industrial_direct,1,98
22.35831,82.30227,308.98,0.58,0.52,2026-04-13,1940,N20,VIIRS,n,2,296.08,2.94,N,2.0,industrial_direct,2,96
22.33513,82.55541,309.09,0.55,0.51,2026-04-13,1940,N20,VIIRS,n,2,296.17,2.58,N,0.0,industrial_direct,4,61
22.3631,82.30295,304.54,0.58,0.52,2026-04-13,1940,N20,VIIRS,n,2,294.3,1.53,N,2.0,industrial_direct,2,96
22.3317,82.60574,310.69,0.55,0.51,2026-04-13,1940,N20,VIIRS,n,2,296.74,2.89,N,2.0,industrial_direct,5,73
22.2069,82.35674,318.95,0.57,0.52,2026-04-13,1940,N20,VIIRS,n,2,298.96,5.37,N,0.0,unclassified,125,3
22.36289,82.30475,305.37,0.58,0.52,2026-04-13,1940,N20,VIIRS,n,2,294.61,1.72,N,2.0,industrial_direct,2,96
22.56775,82.61884,309.91,0.55,0.51,2026-04-13,1940,N20,VIIRS,n,2,295.9,3.58,N,0.0,unclassified,130,1
22.56606,82.6164,309.05,0.55,0.51,2026-04-13,1940,N20,VIIRS,n,2,294.72,2.08,N,0.0,unclassified,130,1
22.21037,82.37132,346.15,0.56,0.51,2026-04-13,712,N20,VIIRS,n,2,306.94,10.78,D,0.0,unclassified,-1,0
22.28884,82.40906,339.17,0.55,0.51,2026-04-13,712,N20,VIIRS,n,2,307.73,9.11,D,0.0,unclassified,-1,0
22.44617,82.94981,330.24,0.51,0.49,2026-04-13,712,N20,VIIRS,l,2,303.34,3.36,D,0.0,unclassified,-1,0
22.23149,82.99348,336.66,0.51,0.49,2026-04-13,712,N20,VIIRS,n,2,307.98,2.56,D,0.0,unclassified,-1,0
22.58105,82.8118,337.01,0.52,0.5,2026-04-13,712,N20,VIIRS,n,2,305.81,5.96,D,0.0,unclassified,-1,0
22.58468,82.8066,331.41,0.52,0.5,2026-04-13,712,N20,VIIRS,l,2,303.62,4.88,D,0.0,unclassified,-1,0
22.5829,82.78751,305.94,0.54,0.51,2026-04-13,1940,N20,VIIRS,n,2,294.09,2.39,N,0.0,unclassified,-1,0
22.56834,82.61323,309.45,0.55,0.51,2026-04-13,1940,N20,VIIRS,n,2,294.91,1.89,N,0.0,unclassified,130,1
22.51701,82.61561,344.55,0.53,0.5,2026-04-13,712,N20,VIIRS,n,2,311.38,7.52,D,0.0,unclassified,-1,0
22.31919,82.51897,306.95,0.56,0.69,2026-04-14,1921,N20,VIIRS,n,2,294.6,3.09,N,2.0,industrial_direct,1,98
22.22283,82.36532,312.43,0.56,0.68,2026-04-14,2102,N20,VIIRS,n,2,293.14,3.49,N,0.0,unclassified,-1,0
22.36014,82.30434,305.01,0.55,0.68,2026-04-14,2102,N20,VIIRS,n,2,294.12,2.63,N,2.0,industrial_direct,2,96
22.31818,82.53229,305.09,0.57,0.69,2026-04-14,2102,N20,VIIRS,n,2,293.96,2.78,N,2.0,industrial_direct,1,98
22.32306,82.53933,308.22,0.57,0.69,2026-04-14,2102,N20,VIIRS,n,2,292.63,2.42,N,0.0,industrial_direct,1,98
22.33205,82.57243,304.72,0.57,0.69,2026-04-14,2102,N20,VIIRS,n,2,292.18,1.17,N,2.0,industrial_direct,3,71
22.33615,82.55583,302.64,0.57,0.69,2026-04-14,2102,N20,VIIRS,n,2,292.3,1.21,N,0.0,industrial_direct,4,61
22.28665,82.44556,306.75,0.57,0.69,2026-04-14,1921,N20,VIIRS,n,2,294.83,2.56,N,0.0,unclassified,131,3
22.31549,82.51499,312.92,0.57,0.69,2026-04-14,1921,N20,VIIRS,n,2,293.39,2.79,N,2.0,industrial_direct,1,98
22.59699,82.81637,305.64,0.55,0.68,2026-04-14,1921,N20,VIIRS,n,2,293.81,3.0,N,0.0,unclassified,132,1
22.35769,82.30309,303.74,0.58,0.7,2026-04-14,1921,N20,VIIRS,n,2,292.84,1.46,N,2.0,industrial_direct,2,96
22.59443,82.81618,307.87,0.55,0.68,2026-04-14,1921,N20,VIIRS,n,2,294.32,2.7,N,0.0,unclassified,132,1
22.53205,82.80984,340.79,0.62,0.71,2026-04-14,833,N20,VIIRS,n,2,304.38,6.32,D,0.0,unclassified,133,1
22.53335,82.81076,336.6,0.61,0.71,2026-04-14,833,N20,VIIRS,n,2,303.67,6.8,D,0.0,unclassified,133,1
22.52198,82.83572,348.64,0.62,0.71,2026-04-14,833,N20,VIIRS,n,2,305.11,6.77,D,0.0,unclassified,134,2
22.51901,82.87634,330.97,0.51,0.66,2026-04-14,653,N20,VIIRS,n,2,303.43,3.55,D,0.0,unclassified,-1,0
22.36144,82.64709,331.4,0.53,0.67,2026-04-14,653,N20,VIIRS,l,2,306.38,3.04,D,0.0,unclassified,-1,0
22.33835,82.55093,305.37,0.56,0.69,2026-04-14,1921,N20,VIIRS,n,2,292.64,1.64,N,0.0,industrial_direct,4,61
22.31465,82.53116,312.78,0.57,0.52,2026-04-15,2043,N20,VIIRS,n,2,298.4,3.21,N,2.0,industrial_direct,1,98
22.229,82.37126,310.93,0.55,0.51,2026-04-15,2043,N20,VIIRS,n,2,298.47,2.65,N,0.0,unclassified,105,4
22.23006,82.3662,313.95,0.55,0.51,2026-04-15,2043,N20,VIIRS,n,2,298.83,2.65,N,0.0,unclassified,105,4
22.2889,82.44495,313.1,0.56,0.51,2026-04-15,2043,N20,VIIRS,n,2,299.41,4.72,N,0.0,unclassified,131,3
22.35739,82.30357,310.44,0.55,0.51,2026-04-15,2043,N20,VIIRS,n,2,298.93,2.77,N,2.0,industrial_direct,2,96
22.31819,82.53763,318.37,0.57,0.52,2026-04-15,2043,N20,VIIRS,n,2,297.68,3.21,N,2.0,industrial_direct,1,98
22.31931,82.5377,340.55,0.58,0.52,2026-04-15,815,N20,VIIRS,n,2,309.4,6.26,D,2.0,industrial_direct,1,98
22.3372,82.66414,306.3,0.58,0.52,2026-04-15,2043,N20,VIIRS,n,2,295.73,2.02,N,0.0,industrial_direct,117,8
22.3741,82.64095,335.27,0.59,0.53,2026-04-15,815,N20,VIIRS,n,2,305.58,3.13,D,0.0,industrial_nearby,-1,0
22.35686,82.80659,344.84,0.6,0.53,2026-04-15,815,N20,VIIRS,n,2,306.28,8.91,D,0.0,unclassified,85,2
22.23657,82.48774,337.57,0.57,0.52,2026-04-15,814,N20,VIIRS,l,2,311.31,3.58,D,0.0,unclassified,-1,0
22.21308,82.35767,335.9,0.56,0.52,2026-04-15,814,N20,VIIRS,l,2,307.61,5.0,D,0.0,unclassified,125,3
22.33004,82.57471,308.95,0.57,0.52,2026-04-15,2043,N20,VIIRS,n,2,296.98,3.59,N,2.0,industrial_direct,3,71
22.33722,82.66351,310.32,0.46,0.39,2026-04-16,2024,N20,VIIRS,n,2,297.22,1.87,N,0.0,industrial_direct,117,8
22.33935,82.54987,308.25,0.46,0.39,2026-04-16,2024,N20,VIIRS,n,2,296.3,0.81,N,0.0,industrial_nearby,4,61
22.33562,82.55586,316.63,0.46,0.39,2026-04-16,2024,N20,VIIRS,n,2,299.76,2.16,N,0.0,industrial_direct,4,61
22.33251,82.57355,314.62,0.46,0.39,2026-04-16,2024,N20,VIIRS,n,2,297.83,2.92,N,2.0,industrial_direct,3,71
22.32896,82.57278,330.02,0.46,0.39,2026-04-16,2024,N20,VIIRS,n,2,298.77,2.92,N,2.0,industrial_direct,3,71
22.35706,82.37141,307.68,0.45,0.39,2026-04-16,2024,N20,VIIRS,n,2,297.34,1.73,N,0.0,unclassified,-1,0
22.32296,82.5442,309.19,0.46,0.39,2026-04-16,2024,N20,VIIRS,n,2,298.45,1.86,N,0.0,industrial_nearby,1,98
22.32018,82.53911,328.72,0.46,0.39,2026-04-16,2024,N20,VIIRS,n,2,299.41,1.86,N,0.0,industrial_direct,1,98
22.36206,82.30145,311.53,0.45,0.39,2026-04-16,2024,N20,VIIRS,n,2,298.64,1.85,N,2.0,industrial_direct,2,96
22.31741,82.53401,316.12,0.46,0.39,2026-04-16,2024,N20,VIIRS,n,2,300.7,2.0,N,2.0,industrial_direct,1,98
22.55124,82.68961,317.81,0.46,0.39,2026-04-16,2024,N20,VIIRS,n,2,298.15,3.29,N,0.0,unclassified,94,5
22.31695,82.51582,314.23,0.46,0.39,2026-04-16,2024,N20,VIIRS,n,2,299.86,1.97,N,2.0,industrial_direct,1,98
22.31386,82.53329,310.68,0.46,0.39,2026-04-16,2024,N20,VIIRS,n,2,298.94,2.0,N,2.0,industrial_nearby,1,98
22.25974,82.81614,309.5,0.47,0.4,2026-04-16,2024,N20,VIIRS,n,2,296.25,1.24,N,0.0,unclassified,135,1
22.25616,82.81533,309.16,0.47,0.4,2026-04-16,2024,N20,VIIRS,n,2,296.93,1.24,N,0.0,unclassified,135,1
22.28738,82.45512,309.36,0.45,0.39,2026-04-16,2024,N20,VIIRS,n,2,298.25,2.88,N,0.0,unclassified,-1,0
22.23299,82.37325,328.99,0.45,0.39,2026-04-16,2024,N20,VIIRS,n,2,298.56,2.9,N,0.0,unclassified,105,4
22.23375,82.36893,313.67,0.45,0.39,2026-04-16,2024,N20,VIIRS,n,2,298.64,2.9,N,0.0,unclassified,105,4
22.22547,82.35381,316.91,0.45,0.39,2026-04-16,2024,N20,VIIRS,n,2,298.21,3.56,N,0.0,unclassified,136,2
22.3578,82.30502,316.55,0.45,0.39,2026-04-16,2024,N20,VIIRS,n,2,301.33,3.48,N,2.0,industrial_direct,2,96
22.5655,82.65154,309.51,0.46,0.39,2026-04-16,2024,N20,VIIRS,n,2,297.23,2.72,N,0.0,unclassified,-1,0
22.33065,82.60497,313.07,0.46,0.39,2026-04-16,2024,N20,VIIRS,n,2,298.06,2.62,N,2.0,industrial_nearby,5,73
22.55863,82.77164,307.55,0.46,0.39,2026-04-16,2024,N20,VIIRS,n,2,295.63,2.32,N,0.0,unclassified,-1,0
22.22471,82.77867,347.99,0.47,0.4,2026-04-16,756,N20,VIIRS,n,2,317.41,8.57,D,0.0,unclassified,-1,0
22.21451,82.59155,356.27,0.46,0.39,2026-04-16,756,N20,VIIRS,n,2,319.65,17.51,D,0.0,unclassified,-1,0
22.59468,82.48938,308.85,0.45,0.39,2026-04-16,2024,N20,VIIRS,n,2,296.04,1.83,N,0.0,unclassified,137,1
22.27262,82.74498,343.13,0.47,0.4,2026-04-16,756,N20,VIIRS,l,2,314.4,6.93,D,0.0,unclassified,-1,0
22.29776,82.85292,341.76,0.48,0.4,2026-04-16,756,N20,VIIRS,n,2,311.84,3.56,D,0.0,unclassified,101,2
22.28877,82.44928,344.48,0.46,0.39,2026-04-16,756,N20,VIIRS,l,2,315.82,7.06,D,0.0,unclassified,131,3
22.31932,82.54031,345.24,0.46,0.39,2026-04-16,756,N20,VIIRS,l,2,317.24,7.78,D,0.0,industrial_nearby,1,98
22.33135,82.57509,344.1,0.46,0.39,2026-04-16,756,N20,VIIRS,l,2,317.5,5.62,D,2.0,industrial_direct,3,71
22.32876,82.57179,342.89,0.46,0.39,2026-04-16,756,N20,VIIRS,l,2,316.89,5.04,D,0.0,industrial_direct,3,71
22.32252,82.49525,346.56,0.46,0.39,2026-04-16,756,N20,VIIRS,n,2,318.92,7.77,D,0.0,unclassified,-1,0
22.21456,82.38479,341.71,0.45,0.39,2026-04-16,756,N20,VIIRS,l,2,315.41,3.67,D,0.0,unclassified,-1,0
22.52479,82.90995,336.09,0.48,0.4,2026-04-16,756,N20,VIIRS,l,2,308.53,5.38,D,0.0,unclassified,-1,0
22.45254,82.95358,337.79,0.48,0.4,2026-04-16,756,N20,VIIRS,n,2,311.32,2.86,D,0.0,unclassified,-1,0
22.56606,82.3149,340.14,0.45,0.39,2026-04-16,756,N20,VIIRS,l,2,310.92,2.62,D,0.0,unclassified,-1,0
22.56153,82.64496,344.08,0.47,0.4,2026-04-16,756,N20,VIIRS,n,2,313.18,4.38,D,0.0,unclassified,-1,0
22.57401,82.77132,334.01,0.48,0.4,2026-04-16,756,N20,VIIRS,l,2,308.76,5.21,D,0.0,unclassified,138,1
22.59254,82.48719,346.81,0.46,0.39,2026-04-16,756,N20,VIIRS,n,2,313.73,4.51,D,0.0,unclassified,137,1
22.56984,82.76969,340.66,0.48,0.4,2026-04-16,756,N20,VIIRS,l,2,312.5,5.74,D,0.0,unclassified,138,1
22.52061,82.84868,339.3,0.48,0.4,2026-04-16,756,N20,VIIRS,l,2,309.5,5.86,D,0.0,unclassified,-1,0
22.51753,82.85373,338.09,0.48,0.4,2026-04-16,756,N20,VIIRS,l,2,308.14,2.22,D,0.0,unclassified,-1,0
22.59475,82.9008,343.62,0.48,0.4,2026-04-16,756,N20,VIIRS,n,2,314.77,3.95,D,0.0,unclassified,-1,0
22.32969,82.53267,306.75,0.4,0.37,2026-04-17,2005,N20,VIIRS,n,2,290.94,1.44,N,2.0,industrial_direct,6,16
22.55353,82.69575,306.78,0.4,0.37,2026-04-17,2005,N20,VIIRS,n,2,290.04,0.97,N,0.0,unclassified,94,5
22.50382,82.32332,307.68,0.41,0.37,2026-04-17,2005,N20,VIIRS,n,2,293.25,0.6,N,0.0,unclassified,-1,0
22.33689,82.55368,310.87,0.4,0.37,2026-04-17,2005,N20,VIIRS,n,2,290.05,2.12,N,0.0,industrial_direct,4,61
22.33069,82.57227,328.54,0.4,0.37,2026-04-17,2005,N20,VIIRS,n,2,285.1,2.34,N,2.0,industrial_direct,3,71
22.32734,82.57171,301.26,0.4,0.37,2026-04-17,2005,N20,VIIRS,n,2,281.99,0.68,N,0.0,industrial_direct,3,71
22.36006,82.30333,319.25,0.4,0.37,2026-04-17,2005,N20,VIIRS,n,2,300.68,2.03,N,2.0,industrial_direct,2,96
22.3152,82.51438,302.5,0.4,0.37,2026-04-17,2005,N20,VIIRS,n,2,284.66,0.51,N,2.0,industrial_nearby,1,98
22.31849,82.53866,318.66,0.4,0.37,2026-04-17,2005,N20,VIIRS,n,2,290.43,1.8,N,2.0,industrial_direct,1,98
22.31627,82.53037,304.98,0.4,0.37,2026-04-17,2005,N20,VIIRS,n,2,288.09,1.51,N,2.0,industrial_direct,1,98
22.3157,82.53423,311.05,0.4,0.37,2026-04-17,2005,N20,VIIRS,n,2,288.99,1.8,N,2.0,industrial_direct,1,98
22.31463,82.51823,311.08,0.4,0.37,2026-04-17,2005,N20,VIIRS,n,2,285.63,1.24,N,2.0,industrial_direct,1,98
22.31013,82.52536,299.78,0.4,0.37,2026-04-17,2005,N20,VIIRS,n,2,283.16,1.08,N,2.0,industrial_direct,1,98
22.2375,82.37585,314.67,0.4,0.37,2026-04-17,2005,N20,VIIRS,n,2,289.31,2.06,N,0.0,unclassified,-1,0
22.35668,82.30274,310.15,0.4,0.37,2026-04-17,2005,N20,VIIRS,n,2,299.92,2.03,N,2.0,industrial_direct,2,96
22.5541,82.69196,310.07,0.4,0.37,2026-04-17,2005,N20,VIIRS,n,2,290.25,0.97,N,0.0,unclassified,94,5
22.55688,82.6963,307.3,0.4,0.37,2026-04-17,2005,N20,VIIRS,n,2,289.9,1.29,N,0.0,unclassified,94,5
22.58108,82.64933,304.46,0.4,0.37,2026-04-17,2005,N20,VIIRS,n,2,288.63,0.67,N,0.0,unclassified,139,1
22.58507,82.48405,310.38,0.4,0.37,2026-04-17,2005,N20,VIIRS,n,2,297.41,2.43,N,0.0,unclassified,118,3
22.20874,82.67542,340.19,0.4,0.37,2026-04-17,737,N20,VIIRS,l,2,311.76,3.4,D,0.0,unclassified,-1,0
22.2994,82.85748,336.98,0.39,0.36,2026-04-17,737,N20,VIIRS,l,2,311.55,1.5,D,0.0,unclassified,-1,0
22.23667,82.36747,343.68,0.4,0.37,2026-04-17,737,N20,VIIRS,l,2,310.33,2.78,D,0.0,unclassified,105,4
22.31999,82.54106,340.59,0.4,0.37,2026-04-17,737,N20,VIIRS,l,2,314.8,4.35,D,0.0,industrial_nearby,1,98
22.51906,82.8912,334.92,0.39,0.36,2026-04-17,737,N20,VIIRS,l,2,305.82,2.56,D,0.0,unclassified,-1,0
22.32884,82.57474,341.63,0.4,0.37,2026-04-17,737,N20,VIIRS,l,2,315.77,4.15,D,2.0,industrial_direct,3,71
22.53827,82.86369,333.97,0.39,0.36,2026-04-17,737,N20,VIIRS,l,2,307.35,2.33,D,0.0,unclassified,140,1
22.53767,82.8599,333.64,0.39,0.36,2026-04-17,737,N20,VIIRS,l,2,308.36,2.71,D,0.0,unclassified,140,1
22.52348,82.45183,338.44,0.4,0.37,2026-04-17,737,N20,VIIRS,l,2,311.66,2.07,D,0.0,unclassified,-1,0
22.58221,82.48084,338.65,0.4,0.37,2026-04-17,737,N20,VIIRS,l,2,312.12,2.3,D,0.0,unclassified,118,3
22.58555,82.48023,337.55,0.4,0.37,2026-04-17,737,N20,VIIRS,l,2,311.29,2.3,D,0.0,unclassified,118,3
22.58165,82.64553,305.52,0.4,0.37,2026-04-17,2005,N20,VIIRS,n,2,288.52,0.85,N,0.0,unclassified,139,1
22.53555,82.86803,333.1,0.39,0.36,2026-04-17,737,N20,VIIRS,l,2,308.04,2.33,D,0.0,unclassified,-1,0
22.33177,82.57501,323.11,0.44,0.46,2026-04-18,1946,N20,VIIRS,n,2,298.3,6.42,N,2.0,industrial_direct,3,71
22.31697,82.51643,314.3,0.44,0.46,2026-04-18,1946,N20,VIIRS,n,2,286.29,2.43,N,2.0,industrial_direct,1,98
22.31874,82.53855,308.26,0.44,0.46,2026-04-18,1946,N20,VIIRS,n,2,290.97,2.54,N,2.0,industrial_direct,1,98
22.35897,82.30423,311.56,0.46,0.47,2026-04-18,1946,N20,VIIRS,n,2,297.85,5.48,N,2.0,industrial_direct,2,96
22.33248,82.60559,315.74,0.44,0.46,2026-04-18,1946,N20,VIIRS,n,2,298.4,4.63,N,2.0,industrial_nearby,5,73
22.33054,82.57436,337.75,0.43,0.46,2026-04-18,718,N20,VIIRS,n,2,307.07,3.82,D,2.0,industrial_direct,3,71
22.52468,82.62593,333.35,0.43,0.46,2026-04-18,718,N20,VIIRS,l,2,304.89,0.99,D,0.0,unclassified,141,2
22.52422,82.86207,330.36,0.41,0.45,2026-04-18,718,N20,VIIRS,n,2,299.21,3.08,D,0.0,unclassified,142,1
22.52012,82.86278,332.21,0.41,0.45,2026-04-18,718,N20,VIIRS,n,2,298.54,3.08,D,0.0,unclassified,142,1
22.31529,82.51752,340.49,0.44,0.46,2026-04-18,718,N20,VIIRS,l,2,313.08,4.54,D,2.0,industrial_direct,1,98
22.57808,82.77911,309.73,0.43,0.46,2026-04-18,1946,N20,VIIRS,n,2,297.4,1.79,N,0.0,unclassified,-1,0
22.15246,82.32339,339.85,0.45,0.63,2026-04-19,659,N20,VIIRS,l,2,310.17,6.21,D,0.0,unclassified,143,1
22.14892,82.32626,336.18,0.45,0.63,2026-04-19,659,N20,VIIRS,l,2,310.45,2.98,D,0.0,unclassified,143,1
22.15458,82.32484,339.05,0.45,0.63,2026-04-19,659,N20,VIIRS,l,2,309.69,4.92,D,0.0,unclassified,143,1
22.31555,82.52976,314.46,0.35,0.57,2026-04-20,2049,N20,VIIRS,n,2,299.18,1.75,N,2.0,industrial_direct,1,98
22.36054,82.30097,309.3,0.34,0.56,2026-04-20,2049,N20,VIIRS,n,2,296.05,1.5,N,2.0,industrial_direct,2,96
22.35983,82.3042,311.24,0.34,0.56,2026-04-20,2049,N20,VIIRS,n,2,298.01,1.87,N,2.0,industrial_direct,2,96
22.31481,82.53312,311.09,0.35,0.57,2026-04-20,2049,N20,VIIRS,n,2,296.5,1.75,N,2.0,industrial_direct,1,98
22.31919,82.53776,334.5,0.36,0.57,2026-04-20,2049,N20,VIIRS,n,2,297.4,2.1,N,2.0,industrial_direct,1,98
22.33677,82.55634,311.82,0.36,0.57,2026-04-20,2049,N20,VIIRS,n,2,295.67,1.79,N,0.0,industrial_direct,4,61
22.32786,82.57225,331.07,0.36,0.57,2026-04-20,2049,N20,VIIRS,n,2,296.17,4.02,N,2.0,industrial_direct,3,71
22.33298,82.57366,316.78,0.36,0.57,2026-04-20,2049,N20,VIIRS,n,2,295.15,1.2,N,2.0,industrial_direct,3,71
22.33812,82.57495,308.39,0.36,0.57,2026-04-20,2049,N20,VIIRS,n,2,294.55,1.2,N,2.0,industrial_direct,3,71
22.32359,82.54239,306.72,0.36,0.57,2026-04-20,2049,N20,VIIRS,n,2,294.91,2.1,N,0.0,industrial_direct,1,98
22.51735,82.88326,334.82,0.39,0.44,2026-04-21,802,N20,VIIRS,l,2,307.8,3.09,D,0.0,unclassified,123,2
22.55815,83.05019,342.33,0.4,0.44,2026-04-21,802,N20,VIIRS,n,2,311.8,4.44,D,0.0,unclassified,144,1
22.55768,83.0463,347.45,0.4,0.44,2026-04-21,802,N20,VIIRS,n,2,314.68,4.44,D,0.0,unclassified,144,1
22.5839,82.95105,335.32,0.39,0.44,2026-04-21,802,N20,VIIRS,l,2,308.15,1.72,D,0.0,unclassified,145,1
22.58795,82.95063,335.45,0.39,0.44,2026-04-21,802,N20,VIIRS,l,2,310.14,2.69,D,0.0,unclassified,145,1
22.59598,82.98396,334.9,0.39,0.44,2026-04-21,802,N20,VIIRS,l,2,309.52,2.42,D,0.0,unclassified,-1,0
22.59028,82.63374,309.59,0.55,0.42,2026-04-21,2030,N20,VIIRS,n,2,296.71,3.73,N,0.0,unclassified,-1,0
22.58606,82.49887,305.81,0.54,0.42,2026-04-21,2030,N20,VIIRS,n,2,289.88,3.44,N,0.0,unclassified,-1,0
22.33736,82.5732,311.28,0.55,0.42,2026-04-21,2030,N20,VIIRS,n,2,296.05,2.41,N,2.0,industrial_direct,3,71
22.33145,82.60453,318.66,0.55,0.43,2026-04-21,2030,N20,VIIRS,n,2,296.71,4.14,N,2.0,industrial_nearby,5,73
22.3365,82.5565,316.89,0.55,0.42,2026-04-21,2030,N20,VIIRS,n,2,297.97,2.31,N,0.0,industrial_direct,4,61
22.33351,82.57237,306.13,0.55,0.42,2026-04-21,2030,N20,VIIRS,n,2,295.36,3.17,N,2.0,industrial_direct,3,71
22.32967,82.57151,325.59,0.55,0.42,2026-04-21,2030,N20,VIIRS,n,2,296.49,3.17,N,0.0,industrial_direct,3,71
22.32023,82.53677,330.11,0.55,0.42,2026-04-21,2030,N20,VIIRS,n,2,298.82,6.35,N,0.0,industrial_direct,1,98
22.31639,82.53593,311.95,0.55,0.42,2026-04-21,2030,N20,VIIRS,n,2,298.44,3.14,N,2.0,industrial_direct,1,98
22.3165,82.51432,308.8,0.54,0.42,2026-04-21,2030,N20,VIIRS,n,2,297.89,3.78,N,2.0,industrial_direct,1,98
22.31353,82.52991,313.44,0.54,0.42,2026-04-21,2030,N20,VIIRS,n,2,298.84,4.81,N,2.0,industrial_direct,1,98
22.25899,82.36629,308.93,0.53,0.42,2026-04-21,2030,N20,VIIRS,n,2,294.72,3.35,N,0.0,unclassified,146,2
22.2514,82.38558,312.76,0.54,0.42,2026-04-21,2030,N20,VIIRS,n,2,299.17,3.59,N,0.0,unclassified,147,2
22.25041,82.39085,315.6,0.54,0.42,2026-04-21,2030,N20,VIIRS,n,2,299.12,3.59,N,0.0,unclassified,148,2
22.49335,82.85314,331.34,0.39,0.44,2026-04-21,802,N20,VIIRS,l,2,306.26,1.37,D,0.0,unclassified,-1,0
22.33748,82.55132,307.14,0.55,0.42,2026-04-21,2030,N20,VIIRS,n,2,296.04,2.31,N,0.0,industrial_direct,4,61
22.4701,82.93169,339.87,0.39,0.44,2026-04-21,802,N20,VIIRS,n,2,308.21,2.98,D,0.0,unclassified,149,1
22.15263,82.35537,345.12,0.54,0.42,2026-04-21,802,N20,VIIRS,l,2,316.09,11.01,D,0.0,unclassified,42,2
22.43049,82.82114,343.17,0.38,0.43,2026-04-21,802,N20,VIIRS,n,2,310.92,1.79,D,0.0,unclassified,-1,0
22.10402,82.76083,342.93,0.57,0.43,2026-04-21,802,N20,VIIRS,n,2,312.3,8.52,D,0.0,unclassified,150,2
22.10865,82.76563,346.31,0.57,0.43,2026-04-21,802,N20,VIIRS,n,2,314.89,6.68,D,0.0,unclassified,150,2
22.10796,82.76012,342.12,0.57,0.43,2026-04-21,802,N20,VIIRS,l,2,314.97,6.68,D,0.0,unclassified,150,2
22.1026,82.75854,338.09,0.57,0.43,2026-04-21,802,N20,VIIRS,l,2,312.2,4.92,D,0.0,unclassified,150,2
22.10719,82.76337,343.69,0.57,0.43,2026-04-21,802,N20,VIIRS,n,2,315.51,9.79,D,0.0,unclassified,150,2
22.10654,82.7579,341.9,0.57,0.43,2026-04-21,802,N20,VIIRS,l,2,313.71,4.92,D,0.0,unclassified,150,2
22.11113,82.76263,340.4,0.57,0.43,2026-04-21,802,N20,VIIRS,l,2,312.89,6.46,D,0.0,unclassified,150,2
22.15763,82.88116,342.61,0.38,0.43,2026-04-21,802,N20,VIIRS,n,2,310.32,5.58,D,0.0,unclassified,-1,0
22.15743,82.45587,342.45,0.54,0.42,2026-04-21,802,N20,VIIRS,l,2,314.04,7.25,D,0.0,unclassified,-1,0
22.20796,82.50583,339.57,0.55,0.43,2026-04-21,802,N20,VIIRS,l,2,314.07,7.11,D,0.0,unclassified,151,1
22.47053,82.93526,339.7,0.39,0.44,2026-04-21,802,N20,VIIRS,n,2,306.57,2.98,D,0.0,unclassified,149,1
22.36128,82.3944,339.0,0.54,0.42,2026-04-21,802,N20,VIIRS,l,2,313.7,8.95,D,0.0,unclassified,-1,0
22.21187,82.50529,340.43,0.55,0.43,2026-04-21,802,N20,VIIRS,l,2,314.05,10.15,D,0.0,unclassified,151,1
22.21122,82.49998,349.45,0.55,0.43,2026-04-21,802,N20,VIIRS,n,2,313.67,10.15,D,0.0,unclassified,152,1
22.23335,82.51848,367.0,0.55,0.43,2026-04-21,802,N20,VIIRS,h,2,319.34,23.09,D,0.0,unclassified,153,1
22.23726,82.51794,355.25,0.55,0.43,2026-04-21,802,N20,VIIRS,n,2,318.73,18.93,D,0.0,unclassified,153,1
22.28033,82.7711,343.42,0.57,0.43,2026-04-21,802,N20,VIIRS,n,2,313.68,8.88,D,0.0,unclassified,154,1
22.28431,82.77058,339.46,0.57,0.43,2026-04-21,802,N20,VIIRS,n,2,309.27,3.8,D,0.0,unclassified,154,1
22.25372,82.36405,347.35,0.54,0.42,2026-04-21,802,N20,VIIRS,n,2,312.11,6.76,D,0.0,unclassified,-1,0
22.4268,82.92349,340.4,0.39,0.44,2026-04-21,802,N20,VIIRS,n,2,309.07,2.91,D,0.0,unclassified,-1,0
22.20732,82.50053,339.09,0.55,0.43,2026-04-21,802,N20,VIIRS,n,2,307.02,7.11,D,0.0,unclassified,152,1
22.33204,82.53484,306.0,0.38,0.36,2026-04-22,2012,N20,VIIRS,n,2,293.82,1.06,N,2.0,industrial_direct,6,16
22.36155,82.3046,308.22,0.38,0.36,2026-04-22,2012,N20,VIIRS,n,2,297.96,1.42,N,2.0,industrial_direct,2,96
22.32371,82.54472,310.96,0.38,0.36,2026-04-22,2012,N20,VIIRS,n,2,296.45,1.18,N,0.0,industrial_direct,1,98
22.45197,82.33514,306.09,0.38,0.36,2026-04-22,2012,N20,VIIRS,n,2,293.19,1.3,N,0.0,unclassified,-1,0
22.35826,82.30399,316.44,0.38,0.36,2026-04-22,2012,N20,VIIRS,n,2,300.09,1.42,N,2.0,industrial_direct,2,96
22.321,82.54043,318.16,0.38,0.36,2026-04-22,2012,N20,VIIRS,n,2,295.16,1.18,N,0.0,industrial_direct,1,98
22.32948,82.57235,336.56,0.38,0.36,2026-04-22,2012,N20,VIIRS,n,2,296.65,2.66,N,2.0,industrial_direct,3,71
22.31961,82.57054,311.15,0.38,0.36,2026-04-22,2012,N20,VIIRS,n,2,298.79,1.79,N,0.0,industrial_direct,1,98
22.33277,82.57295,320.45,0.38,0.36,2026-04-22,2012,N20,VIIRS,n,2,296.2,2.66,N,2.0,industrial_direct,3,71
22.39567,82.43513,307.67,0.38,0.36,2026-04-22,2012,N20,VIIRS,n,2,293.86,1.9,N,0.0,unclassified,-1,0
22.33605,82.57355,314.84,0.38,0.36,2026-04-22,2012,N20,VIIRS,n,2,295.73,1.96,N,2.0,industrial_direct,3,71
22.33956,82.55141,307.07,0.38,0.36,2026-04-22,2012,N20,VIIRS,n,2,293.52,1.13,N,0.0,industrial_direct,4,61
22.33078,82.6068,332.33,0.38,0.36,2026-04-22,2012,N20,VIIRS,n,2,298.01,3.89,N,2.0,industrial_direct,5,73
22.31771,82.53983,317.8,0.38,0.36,2026-04-22,2012,N20,VIIRS,n,2,295.34,1.82,N,0.0,industrial_nearby,1,98
22.39954,82.43204,314.63,0.38,0.36,2026-04-22,2012,N20,VIIRS,n,2,295.03,2.49,N,0.0,unclassified,-1,0
22.44346,82.36781,307.31,0.38,0.36,2026-04-22,2012,N20,VIIRS,n,2,293.98,1.67,N,0.0,unclassified,-1,0
22.44752,82.34193,312.96,0.38,0.36,2026-04-22,2012,N20,VIIRS,n,2,293.05,1.58,N,0.0,unclassified,155,2
22.4481,82.33824,310.11,0.38,0.36,2026-04-22,2012,N20,VIIRS,n,2,293.13,1.3,N,0.0,unclassified,155,2
22.33569,82.55451,323.94,0.38,0.36,2026-04-22,2012,N20,VIIRS,n,2,297.83,2.82,N,0.0,industrial_direct,4,61
22.31479,82.55829,310.81,0.38,0.36,2026-04-22,2012,N20,VIIRS,n,2,297.52,1.91,N,2.0,industrial_direct,1,98
22.2591,82.39249,319.21,0.38,0.36,2026-04-22,2012,N20,VIIRS,n,2,298.98,1.87,N,0.0,unclassified,148,2
22.31501,82.53553,312.93,0.38,0.36,2026-04-22,2012,N20,VIIRS,n,2,295.66,1.85,N,2.0,industrial_nearby,1,98
22.11541,82.76167,311.16,0.38,0.36,2026-04-22,2012,N20,VIIRS,n,2,300.36,1.57,N,0.0,unclassified,150,2
22.116,82.75799,313.25,0.38,0.36,2026-04-22,2012,N20,VIIRS,n,2,299.99,2.42,N,0.0,unclassified,150,2
22.1187,82.76227,317.55,0.38,0.36,2026-04-22,2012,N20,VIIRS,n,2,300.23,1.57,N,0.0,unclassified,150,2
22.11811,82.76597,320.45,0.38,0.36,2026-04-22,2012,N20,VIIRS,n,2,301.25,1.57,N,0.0,unclassified,150,2
22.24266,82.38947,315.29,0.38,0.36,2026-04-22,2012,N20,VIIRS,n,2,301.25,1.73,N,0.0,unclassified,156,3
22.24595,82.39008,315.65,0.38,0.36,2026-04-22,2012,N20,VIIRS,n,2,301.02,1.73,N,0.0,unclassified,156,3
22.25369,82.38388,313.29,0.38,0.36,2026-04-22,2012,N20,VIIRS,n,2,297.17,2.63,N,0.0,unclassified,147,2
22.2624,82.32854,317.92,0.38,0.36,2026-04-22,2012,N20,VIIRS,n,2,300.68,1.44,N,0.0,unclassified,157,1
22.31559,82.53183,316.1,0.38,0.36,2026-04-22,2012,N20,VIIRS,n,2,300.17,1.85,N,2.0,industrial_direct,1,98
22.26298,82.32485,310.42,0.38,0.36,2026-04-22,2012,N20,VIIRS,n,2,300.28,1.44,N,0.0,unclassified,157,1
22.25195,82.39497,330.23,0.38,0.36,2026-04-22,2012,N20,VIIRS,n,2,301.69,3.96,N,0.0,unclassified,148,2
22.25698,82.38448,307.65,0.38,0.36,2026-04-22,2012,N20,VIIRS,n,2,296.24,1.78,N,0.0,unclassified,147,2
22.26568,82.32915,311.8,0.38,0.36,2026-04-22,2012,N20,VIIRS,n,2,299.68,2.39,N,0.0,unclassified,157,1
22.25524,82.39556,327.56,0.38,0.36,2026-04-22,2012,N20,VIIRS,n,2,301.32,1.87,N,0.0,unclassified,148,2
22.25853,82.39616,309.68,0.38,0.36,2026-04-22,2012,N20,VIIRS,n,2,299.03,1.87,N,0.0,unclassified,148,2
22.25969,82.38877,318.13,0.38,0.36,2026-04-22,2012,N20,VIIRS,n,2,298.84,1.78,N,0.0,unclassified,148,2
22.3123,82.53123,308.19,0.38,0.36,2026-04-22,2012,N20,VIIRS,n,2,296.42,1.19,N,2.0,industrial_nearby,1,98
22.31464,82.51646,320.77,0.38,0.36,2026-04-22,2012,N20,VIIRS,n,2,298.25,2.52,N,2.0,industrial_direct,1,98
22.26356,82.32115,309.74,0.38,0.36,2026-04-22,2012,N20,VIIRS,n,2,297.92,1.04,N,0.0,unclassified,157,1
22.42083,82.91541,311.11,0.39,0.36,2026-04-22,2012,N20,VIIRS,n,2,299.89,2.09,N,0.0,unclassified,-1,0
22.46783,82.94298,322.55,0.39,0.36,2026-04-22,2012,N20,VIIRS,n,2,300.79,3.13,N,0.0,unclassified,-1,0
22.46747,82.8819,312.53,0.38,0.36,2026-04-22,2012,N20,VIIRS,n,2,297.61,2.2,N,0.0,unclassified,158,1
22.57391,82.88812,339.31,0.39,0.36,2026-04-22,743,N20,VIIRS,l,2,311.02,3.88,D,0.0,unclassified,-1,0
22.55573,82.85691,341.9,0.39,0.36,2026-04-22,743,N20,VIIRS,n,2,310.07,2.95,D,0.0,unclassified,-1,0
22.56902,82.96909,339.28,0.39,0.36,2026-04-22,743,N20,VIIRS,l,2,311.83,3.58,D,0.0,unclassified,-1,0
22.45044,82.3427,341.46,0.38,0.36,2026-04-22,743,N20,VIIRS,l,2,312.3,6.8,D,0.0,unclassified,155,2
22.46688,82.8856,309.09,0.38,0.36,2026-04-22,2012,N20,VIIRS,n,2,296.22,1.85,N,0.0,unclassified,158,1
22.53107,82.92181,341.4,0.39,0.36,2026-04-22,743,N20,VIIRS,l,2,314.57,3.97,D,0.0,unclassified,-1,0
22.53274,82.93299,346.9,0.39,0.36,2026-04-22,743,N20,VIIRS,n,2,312.53,4.68,D,0.0,unclassified,159,2
22.49921,82.93495,348.11,0.39,0.36,2026-04-22,743,N20,VIIRS,n,2,310.74,5.62,D,0.0,unclassified,-1,0
22.56599,82.76715,336.99,0.39,0.36,2026-04-22,743,N20,VIIRS,l,2,309.22,3.96,D,0.0,unclassified,-1,0
22.46839,82.88704,342.37,0.39,0.36,2026-04-22,743,N20,VIIRS,n,2,308.98,5.23,D,0.0,unclassified,158,1
22.44313,82.89907,335.35,0.39,0.36,2026-04-22,743,N20,VIIRS,l,2,307.96,4.58,D,0.0,unclassified,-1,0
22.34439,82.55968,348.29,0.38,0.36,2026-04-22,743,N20,VIIRS,n,2,314.64,5.77,D,0.0,industrial_nearby,-1,0
22.32962,82.57366,351.15,0.38,0.36,2026-04-22,743,N20,VIIRS,n,2,318.52,7.61,D,2.0,industrial_direct,3,71
22.33137,82.60752,347.84,0.38,0.36,2026-04-22,743,N20,VIIRS,n,2,319.39,6.92,D,2.0,industrial_direct,5,73
22.2614,82.36935,350.4,0.38,0.36,2026-04-22,743,N20,VIIRS,n,2,315.62,6.5,D,0.0,unclassified,146,2
22.25435,82.38956,350.25,0.38,0.36,2026-04-22,743,N20,VIIRS,n,2,316.94,5.03,D,0.0,unclassified,148,2
22.25163,82.39384,344.71,0.38,0.36,2026-04-22,743,N20,VIIRS,l,2,316.69,3.91,D,0.0,unclassified,148,2
22.29059,82.81213,347.74,0.39,0.36,2026-04-22,743,N20,VIIRS,l,2,320.46,6.2,D,0.0,unclassified,52,2
22.38831,82.44479,347.46,0.38,0.36,2026-04-22,743,N20,VIIRS,n,2,313.96,5.85,D,0.0,unclassified,-1,0
22.58522,82.76015,343.73,0.39,0.36,2026-04-22,743,N20,VIIRS,n,2,312.44,8.85,D,0.0,unclassified,160,2
22.51833,82.83649,343.12,0.39,0.36,2026-04-22,743,N20,VIIRS,l,2,315.96,6.3,D,0.0,unclassified,134,2
22.58142,82.76524,309.22,0.38,0.36,2026-04-22,2012,N20,VIIRS,n,2,297.72,2.03,N,0.0,unclassified,160,2
22.47076,82.88251,308.47,0.38,0.36,2026-04-22,2012,N20,VIIRS,n,2,295.91,1.1,N,0.0,unclassified,158,1
22.5631,82.32098,320.41,0.38,0.36,2026-04-22,2012,N20,VIIRS,n,2,299.04,3.39,N,0.0,unclassified,161,1
22.56552,82.99123,311.66,0.39,0.36,2026-04-22,2012,N20,VIIRS,n,2,300.87,2.42,N,0.0,unclassified,-1,0
22.56639,82.32158,320.8,0.38,0.36,2026-04-22,2012,N20,VIIRS,n,2,297.86,2.9,N,0.0,unclassified,161,1
22.47262,82.95535,314.05,0.39,0.36,2026-04-22,2012,N20,VIIRS,n,2,299.74,2.51,N,0.0,unclassified,-1,0
22.57626,82.38805,313.28,0.38,0.36,2026-04-22,2012,N20,VIIRS,n,2,293.98,2.08,N,0.0,unclassified,-1,0
22.49564,82.95966,313.71,0.39,0.36,2026-04-22,2012,N20,VIIRS,n,2,299.4,2.5,N,0.0,unclassified,-1,0
22.5022,82.91877,311.5,0.39,0.36,2026-04-22,2012,N20,VIIRS,n,2,298.64,2.18,N,0.0,unclassified,162,1
22.49832,82.92181,312.82,0.39,0.36,2026-04-22,2012,N20,VIIRS,n,2,297.84,2.34,N,0.0,unclassified,-1,0
22.52283,82.9379,309.59,0.39,0.36,2026-04-22,2012,N20,VIIRS,n,2,298.3,2.72,N,0.0,unclassified,159,2
22.52402,82.93042,316.89,0.39,0.36,2026-04-22,2012,N20,VIIRS,n,2,297.98,1.51,N,0.0,unclassified,159,2
22.52462,82.9267,312.7,0.39,0.36,2026-04-22,2012,N20,VIIRS,n,2,296.46,1.51,N,0.0,unclassified,159,2
22.59227,82.50131,311.18,0.38,0.36,2026-04-22,2012,N20,VIIRS,n,2,294.44,1.25,N,0.0,unclassified,163,1
22.59286,82.49761,310.23,0.38,0.36,2026-04-22,2012,N20,VIIRS,n,2,294.69,1.25,N,0.0,unclassified,163,1
22.53473,82.909,315.84,0.38,0.36,2026-04-22,2012,N20,VIIRS,n,2,297.91,2.85,N,0.0,unclassified,-1,0
22.53919,82.90224,311.03,0.38,0.36,2026-04-22,2012,N20,VIIRS,n,2,298.2,1.94,N,0.0,unclassified,-1,0
22.55504,82.90898,315.2,0.38,0.36,2026-04-22,2012,N20,VIIRS,n,2,298.43,3.13,N,0.0,unclassified,-1,0
22.50548,82.91939,309.73,0.39,0.36,2026-04-22,2012,N20,VIIRS,n,2,296.63,1.4,N,0.0,unclassified,162,1
22.33073,82.60809,317.78,0.53,0.42,2026-04-23,1953,N20,VIIRS,n,2,296.66,3.68,N,0.0,industrial_nearby,5,73
22.44396,82.34167,311.23,0.55,0.43,2026-04-23,1953,N20,VIIRS,n,2,299.61,3.25,N,0.0,unclassified,155,2
22.43731,82.36223,308.65,0.55,0.43,2026-04-23,1953,N20,VIIRS,n,2,298.2,3.34,N,0.0,unclassified,-1,0
22.33792,82.55107,307.86,0.54,0.42,2026-04-23,1953,N20,VIIRS,n,2,294.41,1.52,N,0.0,industrial_direct,4,61
22.33727,82.5563,311.02,0.54,0.42,2026-04-23,1953,N20,VIIRS,n,2,296.33,1.52,N,0.0,industrial_direct,4,61
22.33146,82.57111,329.4,0.54,0.42,2026-04-23,1953,N20,VIIRS,n,2,295.21,6.56,N,2.0,industrial_direct,3,71
22.56023,82.40022,308.35,0.55,0.43,2026-04-23,1953,N20,VIIRS,n,2,297.44,3.77,N,0.0,unclassified,164,1
22.36056,82.30622,306.35,0.56,0.43,2026-04-23,1953,N20,VIIRS,n,2,296.32,1.43,N,2.0,industrial_nearby,2,96
22.3199,82.53769,317.48,0.54,0.42,2026-04-23,1953,N20,VIIRS,n,2,298.79,4.24,N,2.0,industrial_direct,1,98
22.36085,82.30573,307.55,0.56,0.43,2026-04-23,1953,N20,VIIRS,n,2,297.23,4.04,N,2.0,industrial_direct,2,96
22.31803,82.54203,310.54,0.54,0.42,2026-04-23,1953,N20,VIIRS,n,2,297.0,3.91,N,0.0,industrial_nearby,1,98
22.2425,82.38522,310.44,0.55,0.43,2026-04-23,1953,N20,VIIRS,n,2,298.92,4.2,N,0.0,unclassified,156,3
22.3334,82.55569,309.31,0.54,0.42,2026-04-23,1953,N20,VIIRS,n,2,297.05,2.64,N,0.0,industrial_direct,4,61
22.19059,82.50999,312.79,0.54,0.42,2026-04-23,1953,N20,VIIRS,n,2,291.83,2.41,N,0.0,unclassified,-1,0
22.53676,82.80669,311.89,0.52,0.42,2026-04-23,1953,N20,VIIRS,n,2,297.7,1.48,N,0.0,unclassified,-1,0
22.52418,82.93475,310.93,0.52,0.41,2026-04-23,1953,N20,VIIRS,n,2,299.16,3.45,N,0.0,unclassified,159,2
22.56019,82.40161,308.46,0.55,0.43,2026-04-23,1953,N20,VIIRS,n,2,297.6,3.46,N,0.0,unclassified,164,1
22.38227,82.96111,332.12,0.5,0.41,2026-04-23,724,N20,VIIRS,l,2,306.24,1.94,D,0.0,unclassified,-1,0
22.49621,82.87265,338.65,0.51,0.41,2026-04-23,724,N20,VIIRS,n,2,293.91,6.32,D,0.0,unclassified,-1,0
22.52727,82.93741,339.48,0.5,0.41,2026-04-23,724,N20,VIIRS,n,2,298.55,4.48,D,0.0,unclassified,159,2
22.58121,82.76466,330.35,0.51,0.41,2026-04-23,724,N20,VIIRS,n,2,297.63,3.2,D,0.0,unclassified,160,2
22.58129,82.76199,332.73,0.51,0.41,2026-04-23,724,N20,VIIRS,n,2,297.9,3.45,D,0.0,unclassified,160,2
22.51397,82.94884,331.85,0.5,0.41,2026-04-23,724,N20,VIIRS,n,2,298.82,2.66,D,0.0,unclassified,-1,0
22.58646,82.50905,309.33,0.54,0.42,2026-04-23,1953,N20,VIIRS,n,2,293.29,3.09,N,0.0,unclassified,-1,0
22.53234,82.9315,309.72,0.52,0.41,2026-04-23,1953,N20,VIIRS,n,2,297.0,1.59,N,0.0,unclassified,159,2
22.53171,82.93633,309.56,0.52,0.41,2026-04-23,1953,N20,VIIRS,n,2,298.06,1.59,N,0.0,unclassified,159,2
22.5832,82.50349,323.53,0.55,0.42,2026-04-23,1953,N20,VIIRS,n,2,294.74,4.61,N,0.0,unclassified,-1,0
22.52795,82.93553,310.6,0.52,0.41,2026-04-23,1953,N20,VIIRS,n,2,299.21,1.59,N,0.0,unclassified,159,2
22.53547,82.93718,309.61,0.52,0.41,2026-04-23,1953,N20,VIIRS,n,2,296.75,2.38,N,0.0,unclassified,159,2
22.59332,82.32057,336.43,0.35,0.57,2026-04-24,706,N20,VIIRS,l,2,309.87,2.2,D,0.0,unclassified,165,1
22.33605,82.64864,305.8,0.35,0.57,2026-04-24,1934,N20,VIIRS,n,2,294.52,0.95,N,0.0,industrial_direct,-1,0
22.44842,82.90914,314.38,0.34,0.56,2026-04-24,1934,N20,VIIRS,n,2,293.9,2.56,N,0.0,unclassified,166,1
22.44875,82.90578,304.58,0.34,0.56,2026-04-24,1934,N20,VIIRS,n,2,291.26,1.63,N,0.0,unclassified,166,1
22.53322,82.94313,308.19,0.34,0.56,2026-04-24,1934,N20,VIIRS,n,2,294.48,2.65,N,0.0,unclassified,-1,0
22.52747,82.97719,310.24,0.33,0.56,2026-04-24,1934,N20,VIIRS,n,2,296.63,2.53,N,0.0,unclassified,-1,0
22.55577,82.79285,311.36,0.34,0.56,2026-04-24,1934,N20,VIIRS,n,2,294.7,2.49,N,0.0,unclassified,-1,0
22.594,82.32372,337.53,0.35,0.57,2026-04-24,706,N20,VIIRS,l,2,309.17,2.2,D,0.0,unclassified,165,1
22.33032,82.57623,343.11,0.34,0.56,2026-04-24,706,N20,VIIRS,l,2,313.74,5.25,D,0.0,industrial_direct,3,71
22.33319,82.57513,338.05,0.34,0.56,2026-04-24,706,N20,VIIRS,l,2,311.76,2.31,D,2.0,industrial_direct,3,71
22.24075,82.38324,337.65,0.35,0.57,2026-04-24,706,N20,VIIRS,n,2,309.65,3.11,D,0.0,unclassified,156,3
22.25006,82.45116,343.01,0.35,0.57,2026-04-24,706,N20,VIIRS,l,2,315.76,5.1,D,0.0,unclassified,-1,0
22.16452,82.43629,336.09,0.35,0.57,2026-04-24,706,N20,VIIRS,n,2,303.7,2.47,D,0.0,unclassified,-1,0
22.14637,82.72278,339.97,0.34,0.56,2026-04-24,706,N20,VIIRS,n,2,307.98,3.63,D,0.0,unclassified,167,1
22.14796,82.72276,340.87,0.34,0.56,2026-04-24,705,N20,VIIRS,n,2,307.76,4.0,D,0.0,unclassified,167,1
22.52752,82.62453,367.0,0.34,0.56,2026-04-24,706,N20,VIIRS,h,2,313.9,5.96,D,0.0,unclassified,141,2
22.33524,82.5527,308.72,0.45,0.63,2026-04-25,2055,N20,VIIRS,n,2,295.66,2.62,N,0.0,industrial_direct,4,61
22.33117,82.57,312.89,0.45,0.63,2026-04-25,2055,N20,VIIRS,n,2,295.2,2.44,N,2.0,industrial_direct,3,71
22.32381,82.67365,306.73,0.46,0.63,2026-04-25,2055,N20,VIIRS,n,2,295.27,1.11,N,2.0,industrial_direct,28,16
22.33882,82.55518,311.65,0.45,0.63,2026-04-25,2055,N20,VIIRS,n,2,295.69,2.86,N,0.0,industrial_direct,4,61
22.31453,82.53099,314.06,0.45,0.63,2026-04-25,2055,N20,VIIRS,n,2,298.19,3.0,N,2.0,industrial_direct,1,98
22.31919,82.53668,325.87,0.45,0.63,2026-04-25,2055,N20,VIIRS,n,2,298.13,3.0,N,2.0,industrial_direct,1,98
22.36104,82.3021,307.09,0.43,0.62,2026-04-25,2055,N20,VIIRS,n,2,296.82,2.14,N,2.0,industrial_direct,2,96
22.33578,82.57584,313.34,0.45,0.63,2026-04-25,2055,N20,VIIRS,n,2,296.89,2.44,N,2.0,industrial_direct,3,71
22.32922,82.57109,320.25,0.45,0.63,2026-04-25,2055,N20,VIIRS,n,2,296.6,4.59,N,0.0,industrial_direct,3,71
22.31946,82.67071,304.39,0.45,0.63,2026-04-25,2055,N20,VIIRS,n,2,293.94,1.36,N,0.0,industrial_nearby,28,16
22.20223,82.50629,333.12,0.7,0.75,2026-04-25,647,N20,VIIRS,l,2,305.93,1.8,D,0.0,unclassified,168,1
22.23021,82.48894,337.46,0.46,0.63,2026-04-25,827,N20,VIIRS,l,2,310.83,4.36,D,0.0,unclassified,121,2
22.23124,82.49285,339.92,0.46,0.63,2026-04-25,827,N20,VIIRS,l,2,310.57,4.24,D,0.0,unclassified,121,2
22.21835,82.48058,336.34,0.46,0.63,2026-04-25,827,N20,VIIRS,l,2,310.34,2.81,D,0.0,unclassified,-1,0
22.20118,82.41961,335.87,0.45,0.63,2026-04-25,827,N20,VIIRS,l,2,309.86,1.58,D,0.0,unclassified,-1,0
22.20275,82.5044,340.16,0.46,0.63,2026-04-25,827,N20,VIIRS,n,2,310.1,2.41,D,0.0,unclassified,168,1
22.12581,82.6973,343.89,0.47,0.64,2026-04-25,827,N20,VIIRS,n,2,315.35,5.59,D,0.0,industrial_nearby,-1,0
22.30255,82.54662,341.55,0.69,0.74,2026-04-25,647,N20,VIIRS,n,2,309.66,5.66,D,0.0,unclassified,169,1
22.30044,82.54848,341.13,0.69,0.74,2026-04-25,647,N20,VIIRS,n,2,311.71,5.09,D,0.0,unclassified,169,1
22.31721,82.53931,338.74,0.46,0.64,2026-04-25,827,N20,VIIRS,l,2,309.08,5.88,D,2.0,industrial_nearby,1,98
22.33635,82.55432,329.74,0.45,0.47,2026-04-26,2037,N20,VIIRS,n,2,297.4,7.48,N,0.0,industrial_direct,4,61
22.33288,82.57168,317.15,0.45,0.47,2026-04-26,2037,N20,VIIRS,n,2,295.51,3.72,N,2.0,industrial_direct,3,71
22.32867,82.57066,317.84,0.45,0.47,2026-04-26,2037,N20,VIIRS,n,2,296.39,3.72,N,0.0,industrial_direct,3,71
22.32541,82.54293,308.36,0.45,0.47,2026-04-26,2037,N20,VIIRS,n,2,293.89,3.66,N,0.0,industrial_direct,1,98
22.14735,82.88164,309.45,0.47,0.48,2026-04-26,2037,N20,VIIRS,n,2,296.8,4.22,N,0.0,unclassified,-1,0
22.31783,82.53679,311.56,0.45,0.47,2026-04-26,2037,N20,VIIRS,n,2,297.46,4.53,N,2.0,industrial_direct,1,98
22.31447,82.53159,314.96,0.45,0.47,2026-04-26,2037,N20,VIIRS,n,2,298.05,4.14,N,2.0,industrial_direct,1,98
22.31112,82.5264,308.88,0.45,0.47,2026-04-26,2037,N20,VIIRS,n,2,295.72,4.14,N,2.0,industrial_direct,1,98
22.12635,82.75492,309.12,0.47,0.47,2026-04-26,2037,N20,VIIRS,n,2,296.41,5.35,N,0.0,unclassified,-1,0
22.32204,82.53775,326.93,0.45,0.47,2026-04-26,2037,N20,VIIRS,n,2,298.26,4.53,N,0.0,industrial_direct,1,98
22.32155,82.67258,307.29,0.46,0.47,2026-04-26,2037,N20,VIIRS,n,2,294.81,3.73,N,2.0,industrial_nearby,28,16
22.55455,82.783,331.92,0.48,0.48,2026-04-26,808,N20,VIIRS,n,2,305.81,2.19,D,0.0,unclassified,-1,0
22.53805,82.8864,307.45,0.47,0.47,2026-04-26,2037,N20,VIIRS,n,2,293.43,1.55,N,0.0,unclassified,-1,0
22.18194,82.40488,356.07,0.45,0.47,2026-04-26,808,N20,VIIRS,n,2,319.5,14.06,D,0.0,unclassified,170,1
22.19853,82.51311,342.4,0.45,0.47,2026-04-26,808,N20,VIIRS,l,2,313.09,4.76,D,0.0,unclassified,171,1
22.18622,82.4043,342.26,0.45,0.47,2026-04-26,808,N20,VIIRS,l,2,316.39,6.74,D,0.0,unclassified,170,1
22.20284,82.51258,346.15,0.45,0.47,2026-04-26,808,N20,VIIRS,n,2,313.35,4.76,D,0.0,unclassified,171,1
22.5371,82.37924,310.73,0.43,0.46,2026-04-26,2037,N20,VIIRS,n,2,296.04,3.17,N,0.0,unclassified,-1,0
22.26152,82.43023,341.2,0.45,0.47,2026-04-26,808,N20,VIIRS,l,2,315.38,5.73,D,0.0,unclassified,172,1
22.31734,82.53887,345.31,0.46,0.47,2026-04-26,808,N20,VIIRS,n,2,314.14,8.44,D,2.0,industrial_nearby,1,98
22.33003,82.57352,343.8,0.46,0.47,2026-04-26,808,N20,VIIRS,l,2,314.95,5.8,D,2.0,industrial_direct,3,71
22.45642,82.39658,334.94,0.45,0.47,2026-04-26,808,N20,VIIRS,l,2,308.63,4.53,D,0.0,unclassified,-1,0
22.2587,82.42992,345.29,0.45,0.47,2026-04-26,808,N20,VIIRS,n,2,315.43,6.4,D,0.0,unclassified,172,1
22.33027,82.5707,320.42,0.4,0.37,2026-04-27,2018,N20,VIIRS,n,2,296.61,2.69,N,0.0,industrial_direct,3,71
22.32961,82.57458,325.66,0.4,0.37,2026-04-27,2018,N20,VIIRS,n,2,298.37,2.69,N,2.0,industrial_direct,3,71
22.3248,82.54169,307.13,0.4,0.37,2026-04-27,2018,N20,VIIRS,n,2,295.34,1.3,N,0.0,industrial_direct,1,98
22.32415,82.54554,310.16,0.4,0.37,2026-04-27,2018,N20,VIIRS,n,2,297.62,1.36,N,2.0,industrial_direct,1,98
22.32349,82.5494,310.11,0.4,0.37,2026-04-27,2018,N20,VIIRS,n,2,296.95,1.36,N,2.0,industrial_nearby,1,98
22.32022,82.5687,313.04,0.4,0.37,2026-04-27,2018,N20,VIIRS,n,2,299.69,2.91,N,0.0,industrial_direct,1,98
22.32754,82.51517,306.02,0.4,0.37,2026-04-27,2018,N20,VIIRS,n,2,294.64,1.56,N,0.0,industrial_direct,66,7
22.31853,82.56921,312.34,0.4,0.37,2026-04-27,2018,N20,VIIRS,n,2,298.68,2.51,N,0.0,industrial_direct,1,98
22.32033,82.53767,329.96,0.4,0.37,2026-04-27,2018,N20,VIIRS,n,2,297.86,2.59,N,0.0,industrial_direct,1,98
22.3171,82.55698,310.09,0.4,0.37,2026-04-27,2018,N20,VIIRS,n,2,296.77,1.96,N,2.0,industrial_direct,1,98
22.33297,82.57523,318.76,0.4,0.37,2026-04-27,2018,N20,VIIRS,n,2,297.76,2.09,N,2.0,industrial_direct,3,71
22.31684,82.51709,307.97,0.4,0.37,2026-04-27,2018,N20,VIIRS,n,2,296.63,1.58,N,2.0,industrial_direct,1,98
22.31427,82.53252,313.55,0.4,0.37,2026-04-27,2018,N20,VIIRS,n,2,297.01,3.6,N,2.0,industrial_nearby,1,98
22.31156,82.52801,309.1,0.4,0.37,2026-04-27,2018,N20,VIIRS,n,2,296.51,1.75,N,2.0,industrial_nearby,1,98
22.32304,82.54218,309.64,0.4,0.37,2026-04-27,2018,N20,VIIRS,n,2,296.07,2.59,N,0.0,industrial_direct,1,98
22.31697,82.53703,311.57,0.4,0.37,2026-04-27,2018,N20,VIIRS,n,2,297.65,1.79,N,2.0,industrial_direct,1,98
22.3369,82.55199,313.28,0.4,0.37,2026-04-27,2018,N20,VIIRS,n,2,296.57,3.3,N,0.0,industrial_direct,4,61
22.31989,82.67271,306.35,0.4,0.37,2026-04-27,2018,N20,VIIRS,n,2,295.34,3.7,N,0.0,industrial_nearby,28,16
22.14664,82.90826,337.34,0.41,0.37,2026-04-27,749,N20,VIIRS,l,2,309.64,3.84,D,0.0,unclassified,173,1
22.33625,82.55585,339.34,0.4,0.37,2026-04-27,2018,N20,VIIRS,n,2,300.07,4.8,N,0.0,industrial_direct,4,61
22.11464,82.53248,340.88,0.4,0.37,2026-04-27,749,N20,VIIRS,l,2,313.25,6.29,D,0.0,unclassified,-1,0
22.2257,82.85115,338.1,0.41,0.37,2026-04-27,749,N20,VIIRS,l,2,312.62,3.62,D,0.0,unclassified,174,1
22.22514,82.84719,339.53,0.41,0.37,2026-04-27,749,N20,VIIRS,l,2,312.85,3.93,D,0.0,unclassified,174,1
22.19936,82.66624,344.99,0.41,0.37,2026-04-27,749,N20,VIIRS,l,2,318.71,5.74,D,0.0,unclassified,-1,0
22.31866,82.53938,342.33,0.4,0.37,2026-04-27,749,N20,VIIRS,l,2,315.78,8.38,D,2.0,industrial_nearby,1,98
22.14607,82.90411,341.43,0.41,0.37,2026-04-27,749,N20,VIIRS,n,2,309.73,3.84,D,0.0,unclassified,173,1
22.33491,82.55666,347.06,0.4,0.37,2026-04-27,749,N20,VIIRS,l,2,317.78,13.9,D,0.0,industrial_direct,4,61
22.36312,82.51213,341.95,0.4,0.37,2026-04-27,749,N20,VIIRS,l,2,316.04,12.19,D,0.0,unclassified,-1,0
22.54226,82.88953,340.29,0.41,0.37,2026-04-27,749,N20,VIIRS,n,2,310.2,5.66,D,0.0,unclassified,-1,0
22.54125,82.37566,317.46,0.4,0.37,2026-04-27,2018,N20,VIIRS,n,2,297.4,3.13,N,0.0,unclassified,-1,0
22.33803,82.66823,307.72,0.4,0.37,2026-04-27,2018,N20,VIIRS,n,2,296.23,2.99,N,0.0,industrial_direct,117,8
22.33632,82.57589,321.49,0.4,0.37,2026-04-27,2018,N20,VIIRS,n,2,297.65,2.09,N,2.0,industrial_direct,3,71
22.33109,82.60679,321.35,0.4,0.37,2026-04-27,2018,N20,VIIRS,n,2,298.42,2.25,N,2.0,industrial_direct,5,73
22.33037,82.57345,353.33,0.4,0.37,2026-04-27,749,N20,VIIRS,n,2,317.24,11.52,D,2.0,industrial_direct,3,71
22.32899,82.57298,319.3,0.45,0.39,2026-04-28,1959,N20,VIIRS,n,2,297.39,3.97,N,2.0,industrial_direct,3,71
22.35833,82.30251,308.72,0.46,0.39,2026-04-28,1959,N20,VIIRS,n,2,296.15,4.07,N,2.0,industrial_direct,2,96
22.32603,82.51459,313.3,0.45,0.39,2026-04-28,1959,N20,VIIRS,n,2,298.49,4.37,N,0.0,industrial_direct,66,7
22.3189,82.54025,319.39,0.45,0.39,2026-04-28,1959,N20,VIIRS,n,2,298.72,4.55,N,0.0,industrial_nearby,1,98
22.31653,82.55772,314.17,0.45,0.39,2026-04-28,1959,N20,VIIRS,n,2,299.73,5.06,N,2.0,industrial_direct,1,98
22.31727,82.53375,317.32,0.45,0.39,2026-04-28,1959,N20,VIIRS,n,2,302.12,5.66,N,2.0,industrial_direct,1,98
22.31616,82.5157,314.07,0.45,0.39,2026-04-28,1959,N20,VIIRS,n,2,299.39,5.16,N,2.0,industrial_direct,1,98
22.31474,82.51722,315.42,0.45,0.39,2026-04-28,1959,N20,VIIRS,n,2,299.93,4.62,N,2.0,industrial_direct,1,98
22.31358,82.55992,311.37,0.45,0.39,2026-04-28,1959,N20,VIIRS,n,2,295.67,3.4,N,2.0,industrial_nearby,1,98
22.33552,82.55187,319.78,0.45,0.39,2026-04-28,1959,N20,VIIRS,n,2,299.37,3.6,N,0.0,industrial_nearby,4,61
22.31594,82.5353,313.65,0.45,0.39,2026-04-28,1959,N20,VIIRS,n,2,299.96,6.03,N,2.0,industrial_direct,1,98
22.33255,82.57355,330.88,0.45,0.39,2026-04-28,1959,N20,VIIRS,n,2,300.49,3.97,N,2.0,industrial_direct,3,71
22.33668,82.669,341.82,0.44,0.39,2026-04-28,731,N20,VIIRS,l,2,313.0,6.07,D,0.0,industrial_direct,117,8
22.33193,82.60461,315.56,0.45,0.39,2026-04-28,1959,N20,VIIRS,n,2,295.13,4.05,N,2.0,industrial_nearby,5,73
22.33611,82.57411,315.55,0.45,0.39,2026-04-28,1959,N20,VIIRS,n,2,298.82,4.52,N,2.0,industrial_direct,3,71
22.53247,82.38551,314.19,0.46,0.39,2026-04-28,1959,N20,VIIRS,n,2,298.13,2.87,N,0.0,unclassified,-1,0
22.41603,82.73192,340.44,0.44,0.38,2026-04-28,731,N20,VIIRS,l,2,311.87,3.38,D,0.0,unclassified,-1,0
22.33514,82.55495,346.47,0.45,0.39,2026-04-28,731,N20,VIIRS,l,2,317.48,7.59,D,0.0,industrial_direct,4,61
22.33104,82.57333,348.39,0.45,0.39,2026-04-28,731,N20,VIIRS,l,2,316.04,7.4,D,2.0,industrial_direct,3,71
22.33595,82.66477,340.77,0.44,0.39,2026-04-28,731,N20,VIIRS,l,2,313.63,6.07,D,0.0,industrial_direct,117,8
22.30469,82.78307,342.64,0.44,0.38,2026-04-28,731,N20,VIIRS,l,2,313.82,5.41,D,0.0,unclassified,-1,0
22.25265,82.49868,342.69,0.45,0.39,2026-04-28,731,N20,VIIRS,l,2,317.14,6.35,D,0.0,unclassified,-1,0
22.10823,82.52634,343.76,0.45,0.39,2026-04-28,731,N20,VIIRS,l,2,316.56,8.03,D,0.0,unclassified,-1,0
22.33492,82.55624,324.65,0.45,0.39,2026-04-28,1959,N20,VIIRS,n,2,300.7,3.6,N,0.0,industrial_direct,4,61
22.55107,82.68407,313.6,0.55,0.51,2026-04-29,1940,N20,VIIRS,n,2,295.02,8.74,N,0.0,unclassified,94,5
22.51509,82.79518,332.8,0.52,0.5,2026-04-29,712,N20,VIIRS,l,2,306.13,2.02,D,0.0,unclassified,175,1
22.51401,82.79283,340.71,0.53,0.5,2026-04-29,712,N20,VIIRS,n,2,307.92,4.62,D,0.0,unclassified,175,1
22.12327,82.78873,335.96,0.53,0.5,2026-04-29,712,N20,VIIRS,l,2,310.66,2.28,D,0.0,unclassified,-1,0
22.12978,82.84418,339.66,0.53,0.5,2026-04-29,712,N20,VIIRS,l,2,310.77,5.13,D,0.0,unclassified,7,2
22.40005,82.72228,336.79,0.53,0.5,2026-04-29,712,N20,VIIRS,l,2,310.73,6.84,D,0.0,industrial_nearby,-1,0
22.33332,82.57266,305.4,0.57,0.69,2026-04-30,1921,N20,VIIRS,n,2,286.66,3.66,N,2.0,industrial_direct,3,71
22.33498,82.60632,303.31,0.56,0.69,2026-04-30,1921,N20,VIIRS,n,2,285.01,4.25,N,0.0,industrial_direct,5,73
22.33141,82.57216,307.37,0.57,0.69,2026-04-30,1921,N20,VIIRS,n,2,286.83,3.47,N,2.0,industrial_direct,3,71
22.3317,82.6891,307.01,0.57,0.52,2026-05-01,2043,N20,VIIRS,n,2,292.99,2.01,N,0.0,industrial_nearby,176,3
22.33548,82.57702,306.51,0.56,0.52,2026-05-01,2043,N20,VIIRS,n,2,294.22,1.59,N,2.0,industrial_direct,3,71
22.33195,82.57051,328.48,0.56,0.52,2026-05-01,2043,N20,VIIRS,n,2,294.2,4.24,N,2.0,industrial_direct,3,71
22.33536,82.55423,312.44,0.56,0.51,2026-05-01,2043,N20,VIIRS,n,2,294.52,2.73,N,0.0,industrial_direct,4,61
22.31902,82.53919,310.48,0.56,0.51,2026-05-01,2043,N20,VIIRS,n,2,294.18,2.11,N,2.0,industrial_nearby,1,98
22.31549,82.53279,311.86,0.56,0.51,2026-05-01,2043,N20,VIIRS,n,2,294.69,4.48,N,2.0,industrial_direct,1,98
22.35897,82.30267,309.47,0.54,0.51,2026-05-01,2043,N20,VIIRS,n,2,294.5,2.04,N,2.0,industrial_direct,2,96
22.3307,82.57433,344.06,0.46,0.39,2026-05-02,756,N20,VIIRS,n,2,308.95,6.01,D,2.0,industrial_direct,3,71
22.32887,82.57426,344.1,0.46,0.39,2026-05-02,756,N20,VIIRS,n,2,308.62,5.32,D,2.0,industrial_direct,3,71
22.33555,82.55534,336.58,0.46,0.39,2026-05-02,756,N20,VIIRS,l,2,309.55,4.14,D,0.0,industrial_direct,4,61
22.32648,82.69308,335.23,0.46,0.39,2026-05-02,756,N20,VIIRS,l,2,307.38,2.3,D,0.0,industrial_nearby,176,3
22.29867,82.76157,339.45,0.47,0.4,2026-05-02,756,N20,VIIRS,n,2,309.42,6.06,D,0.0,unclassified,-1,0
22.32048,82.53926,336.7,0.46,0.39,2026-05-02,756,N20,VIIRS,l,2,306.75,4.09,D,0.0,industrial_direct,1,98
22.31444,82.5174,312.16,0.4,0.37,2026-05-03,2005,N20,VIIRS,n,2,295.93,3.93,N,2.0,industrial_direct,1,98
22.31552,82.53346,314.7,0.4,0.37,2026-05-03,2005,N20,VIIRS,n,2,295.95,2.03,N,2.0,industrial_direct,1,98
22.31602,82.55338,313.82,0.4,0.37,2026-05-03,2005,N20,VIIRS,n,2,294.72,3.78,N,0.0,industrial_nearby,1,98
22.31831,82.53791,306.97,0.4,0.37,2026-05-03,2005,N20,VIIRS,n,2,294.29,2.03,N,2.0,industrial_direct,1,98
22.32167,82.53849,304.54,0.4,0.37,2026-05-03,2005,N20,VIIRS,n,2,290.54,3.02,N,0.0,industrial_direct,1,98
22.32511,82.51526,307.59,0.4,0.37,2026-05-03,2005,N20,VIIRS,n,2,295.22,3.2,N,0.0,industrial_direct,66,7
22.35605,82.30468,309.7,0.41,0.37,2026-05-03,2005,N20,VIIRS,n,2,296.87,1.66,N,2.0,industrial_direct,2,96
22.31931,82.57772,312.75,0.4,0.37,2026-05-03,2005,N20,VIIRS,n,2,294.44,3.98,N,0.0,industrial_direct,11,23
22.31545,82.55725,312.79,0.4,0.37,2026-05-03,2005,N20,VIIRS,n,2,295.35,4.06,N,2.0,industrial_direct,1,98
22.35944,82.30526,312.92,0.41,0.37,2026-05-03,2005,N20,VIIRS,n,2,296.65,1.66,N,2.0,industrial_direct,2,96
22.33055,82.57167,327.03,0.4,0.37,2026-05-03,2005,N20,VIIRS,n,2,289.99,4.19,N,0.0,industrial_direct,3,71
22.33619,82.55686,312.56,0.4,0.37,2026-05-03,2005,N20,VIIRS,n,2,293.67,2.31,N,0.0,industrial_direct,4,61
22.33677,82.55299,310.59,0.4,0.37,2026-05-03,2005,N20,VIIRS,n,2,294.65,2.31,N,0.0,industrial_direct,4,61
22.31712,82.73103,310.06,0.4,0.37,2026-05-03,2005,N20,VIIRS,n,2,295.93,1.35,N,0.0,industrial_direct,177,3
22.32998,82.5743,348.99,0.4,0.37,2026-05-03,737,N20,VIIRS,n,2,314.41,5.95,D,2.0,industrial_direct,3,71
22.24439,82.76257,345.65,0.4,0.37,2026-05-03,737,N20,VIIRS,l,2,314.19,7.17,D,0.0,unclassified,120,2
22.32046,82.57,313.62,0.4,0.37,2026-05-03,2005,N20,VIIRS,n,2,296.27,4.07,N,0.0,industrial_direct,1,98
22.31707,82.51622,307.13,0.45,0.47,2026-05-04,1946,N20,VIIRS,n,2,293.85,1.49,N,2.0,industrial_direct,1,98
22.31626,82.5603,311.83,0.45,0.47,2026-05-04,1946,N20,VIIRS,n,2,293.96,2.54,N,2.0,industrial_direct,1,98
22.31728,82.55162,313.13,0.45,0.47,2026-05-04,1946,N20,VIIRS,n,2,293.53,1.61,N,0.0,industrial_nearby,1,98
22.31881,82.53859,306.38,0.45,0.47,2026-05-04,1946,N20,VIIRS,n,2,293.58,1.32,N,2.0,industrial_direct,1,98
22.31952,82.56958,308.79,0.45,0.47,2026-05-04,1946,N20,VIIRS,n,2,294.19,2.23,N,0.0,industrial_direct,1,98
22.33186,82.57542,312.32,0.45,0.47,2026-05-04,1946,N20,VIIRS,n,2,293.83,2.27,N,2.0,industrial_direct,3,71
22.33253,82.60635,313.26,0.44,0.46,2026-05-04,1946,N20,VIIRS,n,2,293.7,1.39,N,2.0,industrial_direct,5,73
22.3344,82.55405,307.86,0.45,0.47,2026-05-04,1946,N20,VIIRS,n,2,293.55,1.2,N,0.0,industrial_direct,4,61
22.33614,82.576,305.91,0.45,0.47,2026-05-04,1946,N20,VIIRS,n,2,293.24,1.25,N,2.0,industrial_direct,3,71
22.33813,82.66808,305.32,0.44,0.46,2026-05-04,1946,N20,VIIRS,n,2,292.61,1.38,N,0.0,industrial_direct,117,8
22.13901,82.73386,334.83,0.43,0.46,2026-05-04,718,N20,VIIRS,n,2,300.53,1.23,D,0.0,unclassified,-1,0
22.33237,82.57114,318.35,0.45,0.47,2026-05-04,1946,N20,VIIRS,n,2,293.02,2.73,N,2.0,industrial_direct,3,71
22.31643,82.52811,302.67,0.7,0.75,2026-05-05,2108,N20,VIIRS,n,2,288.96,2.33,N,2.0,industrial_direct,1,98
22.31393,82.52919,303.31,0.7,0.75,2026-05-05,2108,N20,VIIRS,n,2,288.49,3.32,N,2.0,industrial_direct,1,98
22.31896,82.53765,304.16,0.7,0.75,2026-05-05,2108,N20,VIIRS,n,2,288.78,2.35,N,2.0,industrial_direct,1,98
22.32142,82.53658,303.93,0.7,0.75,2026-05-05,2108,N20,VIIRS,n,2,288.38,1.58,N,0.0,industrial_direct,1,98
22.30627,82.96143,331.03,0.41,0.61,2026-05-05,659,N20,VIIRS,n,2,293.89,3.72,D,0.0,unclassified,-1,0
22.33461,82.56912,300.79,0.7,0.75,2026-05-05,2108,N20,VIIRS,n,2,287.81,2.45,N,0.0,industrial_direct,3,71
22.34989,82.74562,336.83,0.43,0.62,2026-05-05,659,N20,VIIRS,n,2,295.0,2.52,D,0.0,unclassified,-1,0
22.3329,82.57585,308.27,0.7,0.75,2026-05-05,2108,N20,VIIRS,n,2,288.5,2.74,N,2.0,industrial_direct,3,71
22.35679,82.30167,309.31,0.34,0.56,2026-05-06,2049,N20,VIIRS,n,2,294.58,1.55,N,2.0,industrial_direct,2,96
22.3167,82.53581,307.28,0.35,0.57,2026-05-06,2049,N20,VIIRS,n,2,293.94,1.13,N,2.0,industrial_direct,1,98
22.31743,82.53249,307.07,0.35,0.57,2026-05-06,2049,N20,VIIRS,n,2,294.66,1.13,N,2.0,industrial_direct,1,98
22.32181,82.5371,315.27,0.35,0.57,2026-05-06,2049,N20,VIIRS,n,2,294.61,1.62,N,0.0,industrial_direct,1,98
22.32043,82.56831,307.09,0.35,0.57,2026-05-06,2049,N20,VIIRS,n,2,295.11,1.3,N,2.0,industrial_direct,1,98
22.32985,82.57465,309.01,0.35,0.57,2026-05-06,2049,N20,VIIRS,n,2,294.5,2.1,N,2.0,industrial_direct,3,71
22.36183,82.30287,305.42,0.34,0.56,2026-05-06,2049,N20,VIIRS,n,2,295.09,1.26,N,2.0,industrial_direct,2,96
22.33495,82.57601,308.26,0.35,0.57,2026-05-06,2049,N20,VIIRS,n,2,294.47,1.43,N,2.0,industrial_direct,3,71
22.33563,82.55495,311.22,0.35,0.57,2026-05-06,2049,N20,VIIRS,n,2,294.37,1.14,N,0.0,industrial_direct,4,61
22.33182,82.57199,338.02,0.35,0.57,2026-05-06,2049,N20,VIIRS,n,2,294.77,3.92,N,2.0,industrial_direct,3,71
22.33026,82.60318,304.96,0.35,0.57,2026-05-06,2049,N20,VIIRS,n,2,293.73,0.6,N,2.0,industrial_nearby,5,73
22.35765,82.30445,335.78,0.35,0.57,2026-05-06,821,N20,VIIRS,l,2,308.37,5.17,D,2.0,industrial_direct,2,96
22.33027,82.57446,346.19,0.36,0.58,2026-05-06,821,N20,VIIRS,n,2,308.38,4.54,D,2.0,industrial_direct,3,71
22.33057,82.5713,328.52,0.35,0.57,2026-05-06,2049,N20,VIIRS,n,2,294.2,2.1,N,0.0,industrial_direct,3,71
22.33222,82.57551,339.73,0.55,0.43,2026-05-07,802,N20,VIIRS,l,2,310.91,11.59,D,2.0,industrial_direct,3,71
22.39033,82.72063,334.25,0.56,0.43,2026-05-07,802,N20,VIIRS,l,2,305.55,4.78,D,0.0,industrial_direct,-1,0
22.35886,82.30698,307.89,0.38,0.36,2026-05-08,2012,N20,VIIRS,n,2,295.79,1.28,N,2.0,industrial_nearby,2,96
22.32229,82.53994,306.68,0.38,0.36,2026-05-08,2012,N20,VIIRS,n,2,295.24,1.17,N,0.0,industrial_direct,1,98
22.31762,82.56951,307.08,0.38,0.36,2026-05-08,2012,N20,VIIRS,n,2,295.76,1.5,N,0.0,industrial_nearby,1,98
22.35615,82.30269,310.22,0.38,0.36,2026-05-08,2012,N20,VIIRS,n,2,296.6,1.21,N,2.0,industrial_direct,2,96
22.319,82.53934,315.89,0.38,0.36,2026-05-08,2012,N20,VIIRS,n,2,296.21,1.17,N,2.0,industrial_nearby,1,98
22.31593,82.51598,311.31,0.38,0.36,2026-05-08,2012,N20,VIIRS,n,2,296.03,1.31,N,2.0,industrial_direct,1,98
22.31608,82.55782,311.54,0.38,0.36,2026-05-08,2012,N20,VIIRS,n,2,296.55,1.63,N,2.0,industrial_direct,1,98
22.31629,82.53504,316.81,0.38,0.36,2026-05-08,2012,N20,VIIRS,n,2,296.75,1.71,N,2.0,industrial_direct,1,98
22.31358,82.53075,309.77,0.38,0.36,2026-05-08,2012,N20,VIIRS,n,2,295.73,2.43,N,2.0,industrial_direct,1,98
22.31089,82.52648,307.16,0.38,0.36,2026-05-08,2012,N20,VIIRS,n,2,294.77,1.06,N,2.0,industrial_direct,1,98
22.31725,82.55043,308.54,0.38,0.36,2026-05-08,2012,N20,VIIRS,n,2,295.6,1.42,N,0.0,industrial_nearby,1,98
22.35944,82.30328,312.0,0.38,0.36,2026-05-08,2012,N20,VIIRS,n,2,296.43,1.21,N,2.0,industrial_direct,2,96
22.32091,82.57011,315.78,0.38,0.36,2026-05-08,2012,N20,VIIRS,n,2,297.94,2.16,N,0.0,industrial_direct,1,98
22.33004,82.53375,306.76,0.38,0.36,2026-05-08,2012,N20,VIIRS,n,2,295.24,1.14,N,2.0,industrial_direct,6,16
22.33078,82.57191,332.9,0.38,0.36,2026-05-08,2012,N20,VIIRS,n,2,296.23,3.19,N,0.0,industrial_direct,3,71
22.33349,82.57621,309.58,0.38,0.36,2026-05-08,2012,N20,VIIRS,n,2,295.9,1.07,N,2.0,industrial_direct,3,71
22.33407,82.57251,312.05,0.38,0.36,2026-05-08,2012,N20,VIIRS,n,2,294.54,0.98,N,2.0,industrial_direct,3,71
22.33699,82.55403,318.78,0.38,0.36,2026-05-08,2012,N20,VIIRS,n,2,296.32,1.97,N,0.0,industrial_direct,4,61
22.33758,82.55034,306.47,0.38,0.36,2026-05-08,2012,N20,VIIRS,n,2,295.17,0.93,N,0.0,industrial_direct,4,61
22.33211,82.60638,318.22,0.38,0.36,2026-05-08,2012,N20,VIIRS,n,2,296.37,1.84,N,2.0,industrial_direct,5,73
22.33678,82.57681,309.21,0.38,0.36,2026-05-08,2012,N20,VIIRS,n,2,295.48,1.07,N,2.0,industrial_direct,3,71
22.33737,82.57311,312.92,0.38,0.36,2026-05-08,2012,N20,VIIRS,n,2,294.9,0.98,N,2.0,industrial_direct,3,71
22.31606,82.72894,307.82,0.38,0.36,2026-05-08,2012,N20,VIIRS,n,2,295.08,1.06,N,0.0,industrial_direct,177,3
22.31974,82.57751,311.2,0.38,0.36,2026-05-08,2012,N20,VIIRS,n,2,296.17,1.88,N,0.0,industrial_nearby,11,23
22.33333,82.57684,341.13,0.53,0.42,2026-05-09,724,N20,VIIRS,n,2,310.0,6.36,D,2.0,industrial_direct,3,71
22.32859,82.57258,337.35,0.53,0.42,2026-05-09,724,N20,VIIRS,l,2,309.07,5.82,D,2.0,industrial_direct,3,71
22.22149,82.34589,334.55,0.55,0.43,2026-05-09,724,N20,VIIRS,l,2,305.55,3.57,D,0.0,unclassified,-1,0
22.12856,82.56606,336.86,0.54,0.42,2026-05-09,724,N20,VIIRS,l,2,308.09,3.87,D,0.0,unclassified,-1,0
22.22214,82.52311,335.94,0.54,0.42,2026-05-09,724,N20,VIIRS,l,2,309.47,4.71,D,0.0,unclassified,-1,0
22.17148,82.93945,331.51,0.33,0.55,2026-05-10,705,N20,VIIRS,n,2,295.2,1.07,D,0.0,unclassified,-1,0
22.33569,82.57347,312.3,0.36,0.57,2026-05-10,1934,N20,VIIRS,n,2,292.75,1.31,N,2.0,industrial_direct,3,71
22.33217,82.60841,311.75,0.35,0.57,2026-05-10,1934,N20,VIIRS,n,2,293.15,1.48,N,0.0,industrial_nearby,5,73
22.33041,82.57288,317.52,0.36,0.57,2026-05-10,1934,N20,VIIRS,n,2,292.81,1.31,N,2.0,industrial_direct,3,71
22.31984,82.57204,318.58,0.36,0.57,2026-05-10,1934,N20,VIIRS,n,2,293.53,2.39,N,0.0,industrial_direct,1,98
22.31915,82.57899,305.45,0.36,0.57,2026-05-10,1934,N20,VIIRS,n,2,292.23,1.78,N,0.0,industrial_direct,11,23
22.31802,82.53649,309.13,0.36,0.57,2026-05-10,1934,N20,VIIRS,n,2,292.61,1.88,N,2.0,industrial_direct,1,98
22.3156,82.56095,310.19,0.36,0.57,2026-05-10,1934,N20,VIIRS,n,2,293.04,1.43,N,2.0,industrial_direct,1,98
22.31457,82.52928,313.41,0.44,0.62,2026-05-11,2055,N20,VIIRS,n,2,293.08,3.17,N,2.0,industrial_direct,1,98
22.36038,82.30339,313.35,0.42,0.61,2026-05-11,2055,N20,VIIRS,n,2,294.06,2.45,N,2.0,industrial_direct,2,96
22.31637,82.54732,310.26,0.44,0.62,2026-05-11,2055,N20,VIIRS,n,2,292.01,3.54,N,0.0,industrial_nearby,1,98
22.31922,82.53489,312.06,0.44,0.62,2026-05-11,2055,N20,VIIRS,n,2,292.69,3.22,N,2.0,industrial_direct,1,98
22.33639,82.57487,307.85,0.44,0.62,2026-05-11,2055,N20,VIIRS,n,2,291.78,1.3,N,2.0,industrial_direct,3,71
22.35682,82.30415,332.53,0.44,0.62,2026-05-11,827,N20,VIIRS,l,2,303.36,4.52,D,2.0,industrial_direct,2,96
22.35575,82.30405,330.53,0.44,0.62,2026-05-11,827,N20,VIIRS,l,2,303.21,4.23,D,2.0,industrial_direct,2,96
22.32832,82.57304,308.37,0.44,0.62,2026-05-11,2055,N20,VIIRS,n,2,292.33,4.26,N,2.0,industrial_direct,3,71
22.31771,82.53616,310.52,0.44,0.46,2026-05-12,2037,N20,VIIRS,n,2,294.82,1.2,N,2.0,industrial_direct,1,98
22.35559,82.30282,309.51,0.43,0.46,2026-05-12,2037,N20,VIIRS,n,2,296.06,2.14,N,2.0,industrial_direct,2,96
22.31436,82.53103,312.01,0.44,0.46,2026-05-12,2037,N20,VIIRS,n,2,295.33,2.42,N,2.0,industrial_direct,1,98
22.35972,82.30372,322.06,0.43,0.46,2026-05-12,2037,N20,VIIRS,n,2,296.88,2.14,N,2.0,industrial_direct,2,96
22.3152,82.54877,311.27,0.44,0.46,2026-05-12,2037,N20,VIIRS,n,2,294.31,1.84,N,0.0,industrial_nearby,1,98
22.32022,82.56752,313.11,0.44,0.46,2026-05-12,2037,N20,VIIRS,n,2,295.49,2.3,N,2.0,industrial_direct,1,98
22.33192,82.5749,308.3,0.44,0.46,2026-05-12,2037,N20,VIIRS,n,2,294.86,2.48,N,2.0,industrial_direct,3,71
22.33025,82.60537,308.88,0.45,0.47,2026-05-12,2037,N20,VIIRS,n,2,294.45,0.95,N,2.0,industrial_direct,5,73
22.33611,82.57587,314.25,0.44,0.46,2026-05-12,2037,N20,VIIRS,n,2,294.95,1.62,N,2.0,industrial_direct,3,71
22.35689,82.30302,338.47,0.44,0.46,2026-05-12,808,N20,VIIRS,l,2,313.28,8.42,D,2.0,industrial_direct,2,96
22.32191,82.53712,309.82,0.44,0.46,2026-05-12,2037,N20,VIIRS,n,2,294.93,1.2,N,0.0,industrial_direct,1,98
22.32066,82.5398,311.51,0.4,0.37,2026-05-13,2018,N20,VIIRS,n,2,294.04,2.26,N,0.0,industrial_direct,1,98
22.3154,82.55069,322.91,0.4,0.37,2026-05-13,2018,N20,VIIRS,n,2,294.14,2.43,N,0.0,industrial_nearby,1,98
22.3119,82.53018,309.81,0.4,0.37,2026-05-13,2018,N20,VIIRS,n,2,293.95,1.91,N,2.0,industrial_nearby,1,98
22.31525,82.53082,311.55,0.4,0.37,2026-05-13,2018,N20,VIIRS,n,2,295.86,1.81,N,2.0,industrial_direct,1,98
22.3245,82.51675,306.84,0.4,0.37,2026-05-13,2018,N20,VIIRS,n,2,293.32,1.71,N,0.0,industrial_direct,66,7
22.31411,82.55838,306.94,0.4,0.37,2026-05-13,2018,N20,VIIRS,n,2,293.99,1.57,N,2.0,industrial_direct,1,98
22.31889,82.57121,309.05,0.4,0.37,2026-05-13,2018,N20,VIIRS,n,2,293.93,1.18,N,0.0,industrial_direct,1,98
22.31461,82.53467,312.68,0.4,0.37,2026-05-13,2018,N20,VIIRS,n,2,293.97,1.81,N,2.0,industrial_nearby,1,98
22.33249,82.60461,308.99,0.4,0.37,2026-05-13,2018,N20,VIIRS,n,2,293.37,1.47,N,2.0,industrial_nearby,5,73
22.22373,82.62881,339.07,0.4,0.37,2026-05-13,749,N20,VIIRS,n,2,308.54,3.77,D,0.0,unclassified,178,1
22.22318,82.62492,340.69,0.4,0.37,2026-05-13,749,N20,VIIRS,n,2,309.61,3.77,D,0.0,unclassified,178,1
22.3142,82.55082,338.41,0.4,0.37,2026-05-13,749,N20,VIIRS,l,2,308.66,4.17,D,0.0,industrial_nearby,1,98
22.33099,82.57255,319.3,0.4,0.37,2026-05-13,2018,N20,VIIRS,n,2,293.88,2.24,N,2.0,industrial_direct,3,71
22.31825,82.72971,305.25,0.4,0.37,2026-05-13,2018,N20,VIIRS,n,2,293.62,1.23,N,0.0,industrial_direct,177,3
22.33769,82.57384,311.53,0.4,0.37,2026-05-13,2018,N20,VIIRS,n,2,292.97,2.17,N,2.0,industrial_direct,3,71
22.32819,82.69157,305.66,0.4,0.37,2026-05-13,2018,N20,VIIRS,n,2,293.62,0.7,N,0.0,industrial_nearby,176,3
22.33068,82.60667,336.2,0.45,0.39,2026-05-14,731,N20,VIIRS,l,2,310.46,3.39,D,2.0,industrial_direct,5,73
22.35864,82.30525,338.68,0.46,0.39,2026-05-14,731,N20,VIIRS,l,2,310.88,6.89,D,2.0,industrial_direct,2,96
22.31405,82.55212,338.65,0.45,0.39,2026-05-14,731,N20,VIIRS,l,2,308.39,4.31,D,0.0,industrial_nearby,1,98
22.31372,82.5615,306.94,0.56,0.52,2026-05-15,1940,N20,VIIRS,n,2,293.01,4.99,N,0.0,industrial_nearby,1,98
22.33634,82.57522,308.71,0.56,0.52,2026-05-15,1940,N20,VIIRS,n,2,293.02,4.16,N,2.0,industrial_direct,3,71
22.3327,82.60824,312.04,0.56,0.52,2026-05-15,1940,N20,VIIRS,n,2,293.21,3.69,N,0.0,industrial_direct,5,73
22.36077,82.30618,311.03,0.59,0.53,2026-05-15,1940,N20,VIIRS,n,2,292.69,2.59,N,2.0,industrial_nearby,2,96
22.3167,82.53394,307.71,0.57,0.52,2026-05-15,1940,N20,VIIRS,n,2,293.79,4.58,N,2.0,industrial_direct,1,98
22.31491,82.55048,312.75,0.57,0.52,2026-05-15,1940,N20,VIIRS,n,2,293.01,4.09,N,0.0,industrial_nearby,1,98
22.35754,82.30221,305.26,0.53,0.67,2026-05-16,2102,N20,VIIRS,n,2,289.12,1.3,N,2.0,industrial_direct,2,96
22.35843,82.30527,337.44,0.56,0.69,2026-05-16,834,N20,VIIRS,n,2,301.59,3.51,D,2.0,industrial_direct,2,96
22.31452,82.53079,301.19,0.55,0.68,2026-05-16,2102,N20,VIIRS,n,2,280.16,1.71,N,2.0,industrial_direct,1,98
22.35657,82.3025,309.92,0.54,0.5,2026-05-17,2043,N20,VIIRS,n,2,293.05,8.23,N,2.0,industrial_direct,2,96
22.31414,82.54921,341.48,0.46,0.39,2026-05-18,756,N20,VIIRS,l,2,311.87,9.08,D,0.0,industrial_nearby,1,98
22.35877,82.30151,308.64,0.44,0.38,2026-05-18,2024,N20,VIIRS,n,2,289.89,5.29,N,2.0,industrial_direct,2,96
22.31466,82.55767,316.38,0.4,0.37,2026-05-19,2006,N20,VIIRS,n,2,300.92,4.01,N,2.0,industrial_direct,1,98
22.31581,82.54993,321.27,0.4,0.37,2026-05-19,2006,N20,VIIRS,n,2,300.62,3.33,N,0.0,industrial_nearby,1,98
22.32091,82.53887,311.96,0.4,0.37,2026-05-19,2006,N20,VIIRS,n,2,300.68,3.28,N,0.0,industrial_direct,1,98
22.35891,82.3053,317.52,0.41,0.37,2026-05-19,2006,N20,VIIRS,n,2,301.83,1.68,N,2.0,industrial_direct,2,96
22.32188,82.57875,313.83,0.4,0.37,2026-05-19,2006,N20,VIIRS,n,2,301.12,4.45,N,0.0,industrial_direct,11,23
22.33313,82.57269,311.14,0.4,0.37,2026-05-19,2006,N20,VIIRS,n,2,299.77,1.35,N,2.0,industrial_direct,3,71
22.3313,82.60807,319.92,0.4,0.37,2026-05-19,2006,N20,VIIRS,n,2,300.6,5.3,N,0.0,industrial_nearby,5,73
22.3365,82.57327,312.57,0.4,0.37,2026-05-19,2006,N20,VIIRS,n,2,300.14,1.35,N,2.0,industrial_direct,3,71
22.32994,82.66316,311.08,0.4,0.37,2026-05-19,2006,N20,VIIRS,n,2,299.05,3.59,N,0.0,industrial_direct,115,2
22.33167,82.60516,337.1,0.4,0.37,2026-05-19,737,N20,VIIRS,l,2,309.42,3.62,D,2.0,industrial_nearby,5,73
22.31628,82.5528,341.04,0.4,0.37,2026-05-19,737,N20,VIIRS,l,2,312.91,5.79,D,0.0,industrial_nearby,1,98
22.33601,82.5534,313.46,0.4,0.37,2026-05-19,2006,N20,VIIRS,n,2,300.69,1.86,N,0.0,industrial_direct,4,61
22.31475,82.53384,316.72,0.4,0.37,2026-05-19,2006,N20,VIIRS,n,2,301.28,2.74,N,2.0,industrial_nearby,1,98
22.3155,82.55376,315.34,0.45,0.47,2026-05-20,1947,N20,VIIRS,n,2,300.17,6.1,N,0.0,industrial_nearby,1,98
22.315,82.55812,313.49,0.45,0.47,2026-05-20,1947,N20,VIIRS,n,2,299.95,6.16,N,2.0,industrial_direct,1,98
22.32373,82.66866,310.48,0.44,0.46,2026-05-20,1947,N20,VIIRS,n,2,298.36,4.87,N,0.0,industrial_direct,28,16
22.19197,82.4789,341.6,0.45,0.47,2026-05-20,718,N20,VIIRS,n,2,310.81,4.35,D,0.0,unclassified,-1,0
22.11692,82.85824,336.71,0.43,0.46,2026-05-20,718,N20,VIIRS,l,2,307.39,8.64,D,0.0,unclassified,-1,0
22.33082,82.60863,315.69,0.44,0.46,2026-05-20,1947,N20,VIIRS,n,2,299.28,5.71,N,2.0,industrial_nearby,5,73
22.23359,82.34762,344.35,0.35,0.57,2026-05-22,821,N20,VIIRS,n,2,304.93,5.54,D,0.0,unclassified,179,1
22.31502,82.5352,305.18,0.35,0.57,2026-05-22,2050,N20,VIIRS,n,2,284.62,0.8,N,2.0,industrial_nearby,1,98
22.32013,82.53648,304.19,0.35,0.57,2026-05-22,2050,N20,VIIRS,n,2,283.87,0.8,N,2.0,industrial_direct,1,98
22.33973,82.49586,299.5,0.35,0.57,2026-05-22,2050,N20,VIIRS,n,2,278.41,0.24,N,0.0,industrial_direct,180,5
22.54076,82.45251,335.0,0.36,0.57,2026-05-22,821,N20,VIIRS,n,2,302.25,1.22,D,0.0,unclassified,181,1
22.54118,82.45257,334.35,0.36,0.57,2026-05-22,821,N20,VIIRS,n,2,302.01,2.21,D,0.0,unclassified,181,1
22.23304,82.34176,340.68,0.35,0.57,2026-05-22,821,N20,VIIRS,n,2,302.53,2.67,D,0.0,unclassified,-1,0
22.23387,82.35055,337.65,0.35,0.57,2026-05-22,821,N20,VIIRS,n,2,305.37,2.7,D,0.0,unclassified,179,1
22.23416,82.35358,334.77,0.35,0.57,2026-05-22,821,N20,VIIRS,n,2,302.67,2.7,D,0.0,unclassified,179,1
22.22832,82.34772,330.55,0.35,0.57,2026-05-22,821,N20,VIIRS,l,2,303.8,3.45,D,0.0,unclassified,136,2
22.22858,82.35046,346.67,0.35,0.57,2026-05-22,821,N20,VIIRS,n,2,305.66,3.68,D,0.0,unclassified,136,2
22.22884,82.35326,345.36,0.35,0.57,2026-05-22,821,N20,VIIRS,n,2,303.14,3.68,D,0.0,unclassified,136,2
22.22763,82.51118,335.27,0.36,0.57,2026-05-22,821,N20,VIIRS,l,2,306.28,2.17,D,0.0,unclassified,-1,0
22.22787,82.34887,331.44,0.35,0.57,2026-05-22,821,N20,VIIRS,l,2,303.93,3.01,D,0.0,unclassified,136,2
22.22815,82.3516,346.94,0.35,0.57,2026-05-22,821,N20,VIIRS,n,2,304.65,2.71,D,0.0,unclassified,136,2
22.22844,82.3545,335.75,0.35,0.57,2026-05-22,821,N20,VIIRS,n,2,301.26,2.71,D,0.0,unclassified,136,2
22.36046,82.30205,304.31,0.34,0.56,2026-05-22,2050,N20,VIIRS,n,2,283.2,0.79,N,2.0,industrial_direct,2,96
22.35542,82.30085,305.44,0.34,0.56,2026-05-22,2050,N20,VIIRS,n,2,283.06,0.79,N,2.0,industrial_direct,2,96
22.35651,82.30023,313.24,0.52,0.42,2026-05-23,2031,N20,VIIRS,n,2,297.14,3.33,N,2.0,industrial_direct,2,96
22.35935,82.30603,310.38,0.52,0.42,2026-05-23,2031,N20,VIIRS,n,2,299.44,4.2,N,2.0,industrial_direct,2,96
22.3132,82.5289,310.0,0.54,0.42,2026-05-23,2031,N20,VIIRS,n,2,295.12,2.68,N,2.0,industrial_direct,1,98
22.31695,82.55119,310.11,0.54,0.42,2026-05-23,2031,N20,VIIRS,n,2,293.74,3.03,N,0.0,industrial_nearby,1,98
22.31605,82.53487,312.23,0.54,0.42,2026-05-23,2031,N20,VIIRS,n,2,295.31,2.68,N,2.0,industrial_direct,1,98
22.33315,82.57103,308.77,0.54,0.42,2026-05-23,2031,N20,VIIRS,n,2,291.88,2.68,N,2.0,industrial_direct,3,71
22.33612,82.5553,310.07,0.54,0.42,2026-05-23,2031,N20,VIIRS,n,2,294.29,2.8,N,0.0,industrial_direct,4,61
22.33601,82.57707,308.37,0.54,0.42,2026-05-23,2031,N20,VIIRS,n,2,293.66,2.13,N,2.0,industrial_direct,3,71
22.52794,82.30721,336.43,0.54,0.42,2026-05-23,802,N20,VIIRS,l,2,309.65,6.8,D,0.0,unclassified,-1,0
22.34299,82.49779,306.14,0.54,0.42,2026-05-23,2031,N20,VIIRS,n,2,293.25,0.56,N,0.0,industrial_direct,180,5
22.31319,82.53041,310.47,0.38,0.36,2026-05-24,2012,N20,VIIRS,n,2,294.66,1.74,N,2.0,industrial_nearby,1,98
22.3186,82.53901,309.74,0.38,0.36,2026-05-24,2012,N20,VIIRS,n,2,293.92,1.29,N,2.0,industrial_direct,1,98
22.35581,82.30231,314.9,0.38,0.36,2026-05-24,2012,N20,VIIRS,n,2,298.94,1.49,N,2.0,industrial_direct,2,96
22.35911,82.3029,317.55,0.38,0.36,2026-05-24,2012,N20,VIIRS,n,2,298.08,1.66,N,2.0,industrial_direct,2,96
22.33039,82.5716,313.95,0.38,0.36,2026-05-24,2012,N20,VIIRS,n,2,292.93,1.54,N,0.0,industrial_direct,3,71
22.3159,82.53471,316.14,0.38,0.36,2026-05-24,2012,N20,VIIRS,n,2,296.12,1.29,N,2.0,industrial_direct,1,98
22.3366,82.55371,310.38,0.38,0.36,2026-05-24,2012,N20,VIIRS,n,2,294.17,1.8,N,0.0,industrial_direct,4,61
22.3317,82.60609,317.31,0.38,0.36,2026-05-24,2012,N20,VIIRS,n,2,293.54,1.63,N,2.0,industrial_direct,5,73
22.33638,82.5765,310.76,0.38,0.36,2026-05-24,2012,N20,VIIRS,n,2,294.22,1.02,N,2.0,industrial_direct,3,71
22.35712,82.30441,346.62,0.38,0.36,2026-05-24,744,N20,VIIRS,l,2,319.75,11.32,D,2.0,industrial_direct,2,96
22.34207,82.49763,307.12,0.38,0.36,2026-05-24,2012,N20,VIIRS,n,2,291.46,0.45,N,0.0,industrial_direct,180,5
22.35974,82.30239,300.93,0.43,0.62,2026-05-27,2056,N20,VIIRS,n,2,267.04,0.47,N,2.0,industrial_direct,2,96
22.35605,82.30269,299.34,0.43,0.62,2026-05-27,2056,N20,VIIRS,n,2,267.76,0.78,N,2.0,industrial_direct,2,96
22.31374,82.53262,310.08,0.45,0.47,2026-05-28,2037,N20,VIIRS,n,2,294.59,1.68,N,2.0,industrial_nearby,1,98
22.3595,82.30291,317.32,0.43,0.46,2026-05-28,2037,N20,VIIRS,n,2,295.71,2.47,N,2.0,industrial_direct,2,96
22.31796,82.53357,310.96,0.45,0.47,2026-05-28,2037,N20,VIIRS,n,2,295.05,1.68,N,2.0,industrial_direct,1,98
22.32132,82.53878,309.2,0.45,0.47,2026-05-28,2037,N20,VIIRS,n,2,294.27,0.99,N,0.0,industrial_direct,1,98
22.32468,82.54396,309.69,0.45,0.47,2026-05-28,2037,N20,VIIRS,n,2,294.79,0.99,N,2.0,industrial_direct,1,98
22.49269,82.6722,338.56,0.47,0.47,2026-05-28,809,N20,VIIRS,l,2,310.0,4.14,D,0.0,unclassified,-1,0
22.33563,82.55535,310.97,0.45,0.47,2026-05-28,2037,N20,VIIRS,n,2,294.82,1.52,N,0.0,industrial_direct,4,61
22.35591,82.30437,342.45,0.44,0.46,2026-05-28,809,N20,VIIRS,n,2,310.39,7.01,D,2.0,industrial_direct,2,96
22.20594,82.46021,340.71,0.45,0.47,2026-05-28,809,N20,VIIRS,n,2,305.95,3.94,D,0.0,unclassified,-1,0
22.35535,82.30201,313.11,0.43,0.46,2026-05-28,2037,N20,VIIRS,n,2,295.62,1.71,N,2.0,industrial_direct,2,96
22.3322,82.57269,315.2,0.45,0.47,2026-05-28,2037,N20,VIIRS,n,2,294.51,2.15,N,2.0,industrial_direct,3,71
22.32274,82.54221,313.36,0.4,0.37,2026-05-29,2019,N20,VIIRS,n,2,296.58,0.89,N,0.0,industrial_direct,1,98
22.31822,82.56925,314.26,0.4,0.37,2026-05-29,2019,N20,VIIRS,n,2,296.73,1.15,N,0.0,industrial_direct,1,98
22.32505,82.59058,310.73,0.4,0.37,2026-05-29,2019,N20,VIIRS,n,2,296.7,0.98,N,2.0,industrial_direct,11,23
22.35898,82.30371,316.9,0.4,0.37,2026-05-29,2019,N20,VIIRS,n,2,298.36,1.87,N,2.0,industrial_direct,2,96
22.34051,82.49788,311.75,0.4,0.37,2026-05-29,2019,N20,VIIRS,n,2,295.85,0.99,N,0.0,industrial_direct,180,5
22.35565,82.30308,321.58,0.4,0.37,2026-05-29,2019,N20,VIIRS,n,2,298.72,2.07,N,2.0,industrial_direct,2,96
22.31732,82.5332,311.97,0.4,0.37,2026-05-29,2019,N20,VIIRS,n,2,297.97,1.34,N,2.0,industrial_direct,1,98
22.31667,82.53705,315.51,0.4,0.37,2026-05-29,2019,N20,VIIRS,n,2,297.23,1.09,N,2.0,industrial_direct,1,98
22.31396,82.53255,311.04,0.4,0.37,2026-05-29,2019,N20,VIIRS,n,2,297.31,1.34,N,2.0,industrial_nearby,1,98
22.32003,82.5377,311.5,0.4,0.37,2026-05-29,2019,N20,VIIRS,n,2,296.92,0.89,N,2.0,industrial_direct,1,98
22.33163,82.57192,316.42,0.4,0.37,2026-05-29,2019,N20,VIIRS,n,2,296.68,1.8,N,2.0,industrial_direct,3,71
22.12497,82.85635,344.5,0.41,0.37,2026-05-29,750,N20,VIIRS,n,2,312.72,8.65,D,0.0,unclassified,111,2
22.33324,82.57145,313.04,0.4,0.37,2026-05-29,2019,N20,VIIRS,n,2,296.43,1.2,N,2.0,industrial_direct,3,71
22.12482,82.73135,343.2,0.41,0.37,2026-05-29,750,N20,VIIRS,l,2,313.3,8.13,D,0.0,unclassified,-1,0
22.13667,82.45058,341.61,0.4,0.37,2026-05-29,750,N20,VIIRS,n,2,311.23,4.5,D,0.0,unclassified,-1,0
22.21844,82.95094,340.17,0.41,0.37,2026-05-29,750,N20,VIIRS,n,2,309.46,5.64,D,0.0,unclassified,-1,0
22.33828,82.66444,311.99,0.4,0.37,2026-05-29,2019,N20,VIIRS,n,2,295.84,0.76,N,0.0,industrial_direct,117,8
22.33422,82.5564,310.21,0.4,0.37,2026-05-29,2019,N20,VIIRS,n,2,296.49,0.9,N,0.0,industrial_direct,4,61
22.33595,82.57597,311.4,0.4,0.37,2026-05-29,2019,N20,VIIRS,n,2,297.07,1.2,N,2.0,industrial_direct,3,71
22.3307,82.60687,318.0,0.4,0.37,2026-05-29,2019,N20,VIIRS,n,2,296.93,1.44,N,2.0,industrial_direct,5,73
22.33588,82.55593,315.28,0.4,0.37,2026-05-29,2019,N20,VIIRS,n,2,297.48,1.04,N,0.0,industrial_direct,4,61
22.33762,82.66832,309.25,0.4,0.37,2026-05-29,2019,N20,VIIRS,n,2,295.79,0.6,N,0.0,industrial_direct,117,8
22.32946,82.60713,334.74,0.45,0.39,2026-05-30,731,N20,VIIRS,l,2,305.46,2.96,D,2.0,industrial_nearby,5,73
22.35692,82.30316,338.17,0.46,0.39,2026-05-30,731,N20,VIIRS,l,2,308.49,6.58,D,2.0,industrial_direct,2,96
22.35828,82.30255,299.06,0.46,0.39,2026-05-30,2000,N20,VIIRS,n,2,266.66,0.88,N,2.0,industrial_direct,2,96
22.31647,82.53551,306.94,0.56,0.51,2026-05-31,1941,N20,VIIRS,n,2,292.07,5.0,N,2.0,industrial_direct,1,98
22.33427,82.57287,318.91,0.56,0.69,2026-06-01,2101,N20,VIIRS,n,2.0NRT,289.3,3.2,N,,industrial_direct,3,71
22.31885,82.53814,304.7,0.56,0.69,2026-06-01,2101,N20,VIIRS,n,2.0NRT,289.37,2.74,N,,industrial_direct,1,98
22.35485,82.30133,320.39,0.54,0.68,2026-06-01,2101,N20,VIIRS,n,2.0NRT,287.59,2.56,N,,industrial_direct,2,96
22.36094,82.30289,311.32,0.54,0.68,2026-06-01,2101,N20,VIIRS,n,2.0NRT,288.56,2.56,N,,industrial_direct,2,96
22.31754,82.53381,306.93,0.56,0.69,2026-06-01,2101,N20,VIIRS,n,2.0NRT,289.64,3.56,N,,industrial_direct,1,98
22.35767,82.30482,338.56,0.56,0.69,2026-06-01,835,N20,VIIRS,n,2.0NRT,298.42,5.03,D,,industrial_direct,2,96
22.31395,82.53117,308.87,0.56,0.69,2026-06-01,2101,N20,VIIRS,n,2.0NRT,289.38,2.02,N,,industrial_direct,1,98
22.31525,82.55936,302.89,0.57,0.69,2026-06-01,1921,N20,VIIRS,n,2.0NRT,285.2,1.05,N,,industrial_direct,1,98
22.33102,82.60535,302.99,0.56,0.69,2026-06-01,1921,N20,VIIRS,n,2.0NRT,286.46,0.91,N,,industrial_nearby,5,73
22.35354,82.30489,336.24,0.56,0.69,2026-06-01,835,N20,VIIRS,n,2.0NRT,298.57,5.37,D,,industrial_direct,2,96
22.35476,82.30474,306.29,0.54,0.68,2026-06-01,2101,N20,VIIRS,n,2.0NRT,288.26,2.24,N,,industrial_direct,2,96
22.33091,82.57127,315.51,0.56,0.52,2026-06-02,2044,N20,VIIRS,n,2.0NRT,291.84,1.65,N,,industrial_direct,3,71
22.3573,82.30175,331.63,0.54,0.51,2026-06-02,2044,N20,VIIRS,n,2.0NRT,294.06,4.97,N,,industrial_direct,2,96
22.31432,82.53333,308.84,0.56,0.52,2026-06-02,2044,N20,VIIRS,n,2.0NRT,292.6,2.97,N,,industrial_nearby,1,98
22.31897,82.53442,305.05,0.56,0.52,2026-06-02,2044,N20,VIIRS,n,2.0NRT,292.16,1.88,N,,industrial_direct,1,98
22.33556,82.57244,312.06,0.56,0.52,2026-06-02,2044,N20,VIIRS,n,2.0NRT,291.65,1.65,N,,industrial_direct,3,71
22.33016,82.57346,332.44,0.58,0.52,2026-06-02,816,N20,VIIRS,n,2.0NRT,296.85,5.84,D,,industrial_direct,3,71
22.18873,82.46857,335.13,0.57,0.52,2026-06-02,816,N20,VIIRS,n,2.0NRT,302.99,6.28,D,,unclassified,-1,0
22.18405,82.47647,332.16,0.57,0.52,2026-06-02,816,N20,VIIRS,n,2.0NRT,301.31,5.52,D,,unclassified,-1,0
22.35495,82.30235,341.26,0.55,0.51,2026-06-02,816,N20,VIIRS,n,2.0NRT,301.0,9.26,D,,industrial_direct,2,96
22.33222,82.57325,325.15,0.56,0.52,2026-06-02,2044,N20,VIIRS,n,2.0NRT,292.2,3.91,N,,industrial_direct,3,71
22.34146,82.4994,310.42,0.45,0.39,2026-06-03,2025,N20,VIIRS,n,2.0NRT,294.33,3.38,N,,industrial_direct,180,5
22.31407,82.52986,311.61,0.45,0.39,2026-06-03,2025,N20,VIIRS,n,2.0NRT,295.91,5.69,N,,industrial_direct,1,98
22.31638,82.51678,309.74,0.45,0.39,2026-06-03,2025,N20,VIIRS,n,2.0NRT,296.21,4.48,N,,industrial_direct,1,98
22.31685,82.53494,317.19,0.46,0.39,2026-06-03,2025,N20,VIIRS,n,2.0NRT,296.02,6.3,N,,industrial_direct,1,98
22.35774,82.30222,335.63,0.44,0.39,2026-06-03,2025,N20,VIIRS,n,2.0NRT,297.28,8.61,N,,industrial_direct,2,96
22.31963,82.54003,309.21,0.46,0.39,2026-06-03,2025,N20,VIIRS,n,2.0NRT,295.4,4.2,N,,industrial_nearby,1,98
22.31856,82.56695,311.77,0.46,0.39,2026-06-03,2025,N20,VIIRS,n,2.0NRT,295.6,5.31,N,,industrial_direct,1,98
22.33118,82.57276,324.15,0.46,0.39,2026-06-03,2025,N20,VIIRS,n,2.0NRT,295.31,2.35,N,,industrial_direct,3,71
22.33276,82.60478,313.18,0.46,0.39,2026-06-03,2025,N20,VIIRS,n,2.0NRT,294.58,3.7,N,,industrial_nearby,5,73
22.33473,82.57349,320.71,0.46,0.39,2026-06-03,2025,N20,VIIRS,n,2.0NRT,294.7,2.35,N,,industrial_direct,3,71
22.35591,82.3014,341.41,0.45,0.39,2026-06-03,756,N20,VIIRS,l,2.0NRT,311.97,6.8,D,,industrial_direct,2,96
22.3318,82.57362,342.05,0.46,0.39,2026-06-03,756,N20,VIIRS,n,2.0NRT,304.75,3.94,D,,industrial_direct,3,71
22.19894,82.9481,332.67,0.48,0.4,2026-06-03,756,N20,VIIRS,n,2.0NRT,302.11,2.71,D,,unclassified,-1,0
22.17416,82.98404,339.37,0.48,0.4,2026-06-03,756,N20,VIIRS,n,2.0NRT,301.16,14.83,D,,unclassified,-1,0
22.34103,82.4979,308.52,0.45,0.39,2026-06-03,2025,N20,VIIRS,n,2.0NRT,294.27,0.87,N,,industrial_direct,180,5
22.35699,82.30351,342.58,0.4,0.37,2026-06-04,737,N20,VIIRS,l,2.0NRT,309.53,7.91,D,,industrial_direct,2,96
22.2376,83.00816,344.8,0.41,0.45,2026-06-05,720,N20,VIIRS,n,2.0NRT,304.26,12.06,D,,unclassified,182,1
22.21453,83.08594,333.69,0.41,0.45,2026-06-05,720,N20,VIIRS,n,2.0NRT,300.86,2.83,D,,unclassified,-1,0
22.24165,83.00727,331.42,0.41,0.45,2026-06-05,720,N20,VIIRS,n,2.0NRT,300.12,2.28,D,,unclassified,182,1
22.33173,82.60754,333.55,0.43,0.46,2026-06-05,720,N20,VIIRS,n,2.0NRT,302.05,3.49,D,,industrial_direct,5,73
22.33048,82.60762,333.19,0.43,0.46,2026-06-05,720,N20,VIIRS,n,2.0NRT,300.68,2.73,D,,industrial_nearby,5,73
22.31865,82.57177,304.58,0.44,0.46,2026-06-05,1949,N20,VIIRS,n,2.0NRT,277.74,2.27,N,,industrial_nearby,1,98
22.35923,82.30417,330.29,0.71,0.75,2026-06-06,839,N20,VIIRS,n,2.0NRT,295.21,3.68,D,,industrial_direct,2,96
22.35804,82.3024,335.86,0.71,0.75,2026-06-06,839,N20,VIIRS,n,2.0NRT,295.35,8.91,D,,industrial_direct,2,96
22.12203,82.86837,342.98,0.38,0.43,2026-06-08,805,N20,VIIRS,n,2.0NRT,301.99,5.14,D,,unclassified,183,1
22.32906,83.08565,330.81,0.4,0.44,2026-06-08,805,N20,VIIRS,n,2.0NRT,300.58,2.22,D,,unclassified,-1,0
22.35625,82.30447,350.72,0.54,0.42,2026-06-08,805,N20,VIIRS,n,2.0NRT,312.78,18.51,D,,industrial_direct,2,96
22.1891,83.08921,336.42,0.39,0.44,2026-06-08,805,N20,VIIRS,n,2.0NRT,302.68,2.56,D,,unclassified,-1,0
22.12381,82.86797,342.38,0.38,0.43,2026-06-08,805,N20,VIIRS,n,2.0NRT,300.63,4.35,D,,unclassified,183,1
22.31394,82.52914,296.27,0.55,0.42,2026-06-08,2032,N20,VIIRS,n,2.0NRT,263.57,0.82,N,,industrial_direct,1,98
22.3168,82.53516,295.46,0.55,0.42,2026-06-08,2032,N20,VIIRS,n,2.0NRT,263.03,0.82,N,,industrial_direct,1,98
22.32323,82.56558,316.15,0.38,0.36,2026-06-09,2014,N20,VIIRS,n,2.0NRT,296.74,4.64,N,,industrial_direct,1,98
22.31935,82.56867,313.7,0.38,0.36,2026-06-09,2014,N20,VIIRS,n,2.0NRT,295.8,4.0,N,,industrial_direct,1,98
22.35805,82.30196,303.06,0.38,0.36,2026-06-09,2014,N20,VIIRS,n,2.0NRT,278.76,0.56,N,,industrial_direct,2,96
22.33251,82.57108,316.26,0.38,0.36,2026-06-09,2014,N20,VIIRS,n,2.0NRT,295.26,4.74,N,,industrial_direct,3,71
22.32241,82.59206,314.94,0.38,0.36,2026-06-09,2014,N20,VIIRS,n,2.0NRT,292.96,3.38,N,,industrial_nearby,11,23
22.32287,82.5465,317.93,0.38,0.36,2026-06-09,2014,N20,VIIRS,n,2.0NRT,297.18,4.82,N,,industrial_direct,1,98
22.33052,82.60494,319.07,0.38,0.36,2026-06-09,2014,N20,VIIRS,n,2.0NRT,295.09,3.93,N,,industrial_nearby,5,73
22.35605,82.3026,346.0,0.38,0.36,2026-06-09,744,N20,VIIRS,n,2.0NRT,313.84,10.22,D,,industrial_direct,2,96
22.36263,82.30144,339.13,0.38,0.36,2026-06-09,744,N20,VIIRS,n,2.0NRT,306.96,3.76,D,,industrial_direct,2,96
22.33097,82.6074,341.49,0.38,0.36,2026-06-09,744,N20,VIIRS,l,2.0NRT,312.56,6.89,D,,industrial_direct,5,73
22.35934,82.30202,338.09,0.38,0.36,2026-06-09,744,N20,VIIRS,n,2.0NRT,307.35,3.76,D,,industrial_direct,2,96
22.31474,82.53363,318.78,0.38,0.36,2026-06-09,2014,N20,VIIRS,n,2.0NRT,297.7,6.03,N,,industrial_nearby,1,98
22.19126,83.0004,343.43,0.5,0.41,2026-06-10,726,N20,VIIRS,n,2.0NRT,305.27,6.02,D,,unclassified,-1,0
22.35621,82.30322,344.67,0.54,0.42,2026-06-10,726,N20,VIIRS,n,2.0NRT,312.85,5.74,D,,industrial_direct,2,96
22.36006,82.30242,340.34,0.54,0.42,2026-06-10,726,N20,VIIRS,l,2.0NRT,311.29,5.74,D,,industrial_direct,2,96
22.21668,82.97013,337.54,0.51,0.41,2026-06-10,726,N20,VIIRS,n,2.0NRT,305.75,3.45,D,,unclassified,-1,0
22.33006,82.60811,333.61,0.34,0.56,2026-06-11,707,N20,VIIRS,n,2.0NRT,301.86,1.84,D,,industrial_nearby,5,73
22.3546,82.30269,333.85,0.45,0.63,2026-06-12,828,N20,VIIRS,n,2.0NRT,293.59,5.91,D,,industrial_direct,2,96
22.35497,82.30701,333.07,0.45,0.63,2026-06-12,828,N20,VIIRS,n,2.0NRT,293.46,4.13,D,,industrial_direct,2,96
22.3604,82.30205,353.63,0.45,0.63,2026-06-12,828,N20,VIIRS,n,2.0NRT,294.11,6.51,D,,industrial_direct,2,96
22.35482,82.30659,339.15,0.45,0.63,2026-06-12,828,N20,VIIRS,n,2.0NRT,294.11,3.84,D,,industrial_direct,2,96
22.35781,82.30603,302.37,0.44,0.46,2026-06-13,2038,N20,VIIRS,n,2.0NRT,286.0,4.09,N,,industrial_direct,2,96
22.36279,82.3028,302.49,0.44,0.46,2026-06-13,2038,N20,VIIRS,n,2.0NRT,282.56,2.54,N,,industrial_direct,2,96
22.35885,82.30376,331.05,0.44,0.46,2026-06-13,2038,N20,VIIRS,n,2.0NRT,287.65,6.69,N,,industrial_direct,2,96
22.33035,82.5747,332.8,0.46,0.47,2026-06-13,809,N20,VIIRS,l,2.0NRT,303.05,2.6,D,,industrial_direct,3,71
22.15586,82.4446,343.96,0.45,0.47,2026-06-13,809,N20,VIIRS,n,2.0NRT,305.03,3.48,D,,unclassified,-1,0
22.35892,82.30442,348.55,0.44,0.46,2026-06-13,809,N20,VIIRS,n,2.0NRT,307.68,10.53,D,,industrial_direct,2,96
22.35862,82.30189,331.1,0.44,0.46,2026-06-13,2038,N20,VIIRS,n,2.0NRT,287.66,5.81,N,,industrial_direct,2,96
22.31386,82.53037,306.32,0.4,0.37,2026-06-14,2019,N20,VIIRS,n,2.0NRT,289.92,1.56,N,,industrial_direct,1,98
22.35525,82.30412,311.44,0.4,0.37,2026-06-14,2019,N20,VIIRS,n,2.0NRT,294.05,3.37,N,,industrial_direct,2,96
22.31602,82.55877,303.1,0.4,0.37,2026-06-14,2019,N20,VIIRS,n,2.0NRT,288.62,1.36,N,,industrial_direct,1,98
22.35859,82.30476,334.92,0.4,0.37,2026-06-14,2019,N20,VIIRS,n,2.0NRT,295.49,3.37,N,,industrial_direct,2,96
22.32209,82.56396,318.24,0.4,0.37,2026-06-14,2019,N20,VIIRS,n,2.0NRT,292.94,2.36,N,,industrial_direct,1,98
22.32424,82.59245,309.65,0.4,0.37,2026-06-14,2019,N20,VIIRS,n,2.0NRT,292.32,1.69,N,,industrial_direct,11,23
22.36256,82.30157,309.54,0.4,0.37,2026-06-14,2019,N20,VIIRS,n,2.0NRT,292.09,1.88,N,,industrial_direct,2,96
22.329,82.60543,311.92,0.4,0.37,2026-06-14,2019,N20,VIIRS,n,2.0NRT,291.83,1.99,N,,industrial_direct,5,73
22.32189,82.6684,308.1,0.41,0.37,2026-06-14,2019,N20,VIIRS,n,2.0NRT,291.2,1.54,N,,industrial_direct,28,16
22.33237,82.60609,316.39,0.4,0.37,2026-06-14,2019,N20,VIIRS,n,2.0NRT,292.75,2.02,N,,industrial_direct,5,73
22.31657,82.53489,306.67,0.4,0.37,2026-06-14,2019,N20,VIIRS,n,2.0NRT,289.06,1.48,N,,industrial_direct,1,98
22.35617,82.30234,334.72,0.4,0.37,2026-06-14,750,N20,VIIRS,n,2.0NRT,299.65,3.74,D,,industrial_direct,2,96
22.33085,82.57375,323.06,0.4,0.37,2026-06-14,2019,N20,VIIRS,n,2.0NRT,292.75,3.01,N,,industrial_direct,3,71
22.32397,82.5452,339.58,0.44,0.39,2026-06-15,731,N20,VIIRS,l,2.0NRT,306.87,4.96,D,,industrial_direct,1,98
22.33113,82.60737,313.11,0.55,0.51,2026-06-16,1942,N20,VIIRS,n,2.0NRT,288.07,3.09,N,,industrial_direct,5,73
22.32351,82.54668,318.83,0.55,0.51,2026-06-16,1942,N20,VIIRS,n,2.0NRT,287.14,4.62,N,,industrial_direct,1,98
22.32115,82.56821,305.97,0.55,0.51,2026-06-16,1942,N20,VIIRS,n,2.0NRT,287.87,3.13,N,,industrial_direct,1,98
22.35722,82.30149,338.53,0.56,0.51,2026-06-18,816,N20,VIIRS,n,2.0NRT,292.98,7.6,D,,industrial_direct,2,96
22.32431,82.547,316.94,0.4,0.37,2026-06-20,2008,N20,VIIRS,n,2.0NRT,267.69,2.26,N,,industrial_direct,1,98
22.32202,82.56236,304.11,0.4,0.37,2026-06-20,2008,N20,VIIRS,n,2.0NRT,269.6,1.14,N,,industrial_direct,1,98
22.31598,82.53373,300.18,0.4,0.37,2026-06-20,2008,N20,VIIRS,n,2.0NRT,266.92,0.81,N,,industrial_direct,1,98
22.35717,82.30273,295.22,0.4,0.37,2026-06-20,2008,N20,VIIRS,n,2.0NRT,255.48,0.64,N,,industrial_direct,2,96
22.32144,82.56619,305.35,0.4,0.37,2026-06-20,2008,N20,VIIRS,n,2.0NRT,270.98,1.84,N,,industrial_direct,1,98
22.36054,82.30331,300.96,0.4,0.37,2026-06-20,2008,N20,VIIRS,n,2.0NRT,252.65,0.64,N,,industrial_direct,2,96
22.31991,82.66797,308.15,0.4,0.37,2026-06-20,2008,N20,VIIRS,n,2.0NRT,271.33,0.96,N,,industrial_nearby,28,16
22.3291,82.60681,297.32,0.4,0.37,2026-06-20,2008,N20,VIIRS,n,2.0NRT,267.03,0.68,N,,industrial_nearby,5,73
22.32967,82.60297,297.35,0.4,0.37,2026-06-20,2008,N20,VIIRS,n,2.0NRT,266.18,0.46,N,,industrial_nearby,5,73
22.32325,82.66854,303.04,0.4,0.37,2026-06-20,2008,N20,VIIRS,n,2.0NRT,272.12,0.86,N,,industrial_direct,28,16
22.33245,82.60739,298.27,0.4,0.37,2026-06-20,2008,N20,VIIRS,n,2.0NRT,264.35,0.28,N,,industrial_direct,5,73
22.33093,82.57172,300.6,0.4,0.37,2026-06-20,2008,N20,VIIRS,n,2.0NRT,269.54,0.68,N,,industrial_direct,3,71
22.32053,82.56668,345.05,0.43,0.46,2026-06-21,720,N20,VIIRS,n,2.0NRT,301.23,5.39,D,,industrial_direct,1,98
22.3215,82.5493,338.61,0.43,0.46,2026-06-21,720,N20,VIIRS,n,2.0NRT,299.68,3.34,D,,industrial_nearby,1,98
22.32565,82.54839,336.01,0.43,0.46,2026-06-21,720,N20,VIIRS,n,2.0NRT,298.03,3.64,D,,industrial_direct,1,98
22.3575,82.3061,336.05,0.45,0.47,2026-06-21,720,N20,VIIRS,n,2.0NRT,303.79,6.67,D,,industrial_direct,2,96
22.32288,82.54724,305.41,0.44,0.46,2026-06-21,1947,N20,VIIRS,n,2.0NRT,262.97,2.1,N,,industrial_nearby,1,98
22.32149,82.6672,308.17,0.43,0.46,2026-06-21,1947,N20,VIIRS,n,2.0NRT,275.27,2.13,N,,industrial_direct,28,16
22.31617,82.53181,303.04,0.71,0.75,2026-06-22,2110,N20,VIIRS,n,2.0NRT,285.78,2.61,N,,industrial_direct,1,98
22.3625,82.30114,328.72,0.69,0.74,2026-06-22,2110,N20,VIIRS,n,2.0NRT,285.89,7.34,N,,industrial_direct,2,96
22.3267,82.54887,312.26,0.44,0.63,2026-06-22,1930,N20,VIIRS,n,2.0NRT,286.66,5.68,N,,industrial_direct,1,98
22.3587,82.30466,314.23,0.69,0.74,2026-06-22,2110,N20,VIIRS,n,2.0NRT,284.67,4.03,N,,industrial_direct,2,96
22.36078,82.30254,345.45,0.36,0.57,2026-06-23,822,N20,VIIRS,n,2.0NRT,290.81,3.16,D,,industrial_direct,2,96
22.35552,82.30316,333.18,0.36,0.57,2026-06-23,822,N20,VIIRS,n,2.0NRT,293.52,4.07,D,,industrial_direct,2,96
22.32185,82.56347,311.7,0.55,0.43,2026-06-24,2032,N20,VIIRS,n,2.0NRT,292.4,7.83,N,,industrial_direct,1,98
22.35582,82.30156,306.51,0.53,0.42,2026-06-24,2032,N20,VIIRS,n,2.0NRT,289.55,2.15,N,,industrial_direct,2,96
22.31529,82.53471,313.48,0.55,0.43,2026-06-24,2032,N20,VIIRS,n,2.0NRT,292.51,8.58,N,,industrial_nearby,1,98
22.3163,82.52947,312.09,0.55,0.43,2026-06-24,2032,N20,VIIRS,n,2.0NRT,293.03,7.97,N,,industrial_direct,1,98
22.35963,82.30236,351.31,0.53,0.42,2026-06-24,2032,N20,VIIRS,n,2.0NRT,291.02,12.44,N,,industrial_direct,2,96
22.32201,82.54162,307.56,0.55,0.43,2026-06-24,2032,N20,VIIRS,n,2.0NRT,291.79,4.07,N,,industrial_direct,1,98
22.32586,82.54245,313.49,0.55,0.43,2026-06-24,2032,N20,VIIRS,n,2.0NRT,292.17,4.07,N,,industrial_direct,1,98
22.32486,82.54769,308.5,0.55,0.43,2026-06-24,2032,N20,VIIRS,n,2.0NRT,292.75,8.11,N,,industrial_direct,1,98
22.33026,82.60387,309.04,0.55,0.43,2026-06-24,2032,N20,VIIRS,n,2.0NRT,291.17,6.72,N,,industrial_nearby,5,73
22.35659,82.30461,320.57,0.53,0.42,2026-06-24,2032,N20,VIIRS,n,2.0NRT,290.49,4.23,N,,industrial_direct,2,96
22.31244,82.52866,309.45,0.55,0.43,2026-06-24,2032,N20,VIIRS,n,2.0NRT,292.65,7.88,N,,industrial_direct,1,98
22.31462,82.53232,315.86,0.55,0.43,2026-06-24,2032,N20,VIIRS,n,2.0NRT,292.83,9.65,N,,industrial_direct,1,98
22.3564,82.30541,340.74,0.54,0.42,2026-06-24,805,N20,VIIRS,n,2.0NRT,303.08,7.02,D,,industrial_direct,2,96
22.36028,82.30484,340.23,0.54,0.42,2026-06-24,805,N20,VIIRS,n,2.0NRT,301.81,7.02,D,,industrial_direct,2,96
22.3217,82.54557,335.09,0.56,0.43,2026-06-24,805,N20,VIIRS,n,2.0NRT,298.89,11.71,D,,industrial_nearby,1,98
22.3324,82.57143,310.14,0.55,0.43,2026-06-24,2032,N20,VIIRS,n,2.0NRT,291.81,7.42,N,,industrial_direct,3,71
22.3118,82.52931,304.17,0.38,0.36,2026-06-25,2014,N20,VIIRS,n,2.0NRT,287.36,1.56,N,,industrial_nearby,1,98
22.3145,82.53361,312.24,0.38,0.36,2026-06-25,2014,N20,VIIRS,n,2.0NRT,287.27,1.21,N,,industrial_nearby,1,98
22.31779,82.53421,307.79,0.38,0.36,2026-06-25,2014,N20,VIIRS,n,2.0NRT,287.18,1.21,N,,industrial_direct,1,98
22.35728,82.30581,312.05,0.38,0.36,2026-06-25,2014,N20,VIIRS,n,2.0NRT,295.16,2.11,N,,industrial_direct,2,96
22.35786,82.30212,331.43,0.38,0.36,2026-06-25,2014,N20,VIIRS,n,2.0NRT,294.15,5.38,N,,industrial_direct,2,96
22.31908,82.56866,301.09,0.38,0.36,2026-06-25,2014,N20,VIIRS,n,2.0NRT,279.74,0.67,N,,industrial_direct,1,98
22.32261,82.54649,316.42,0.38,0.36,2026-06-25,2014,N20,VIIRS,n,2.0NRT,283.7,1.89,N,,industrial_nearby,1,98
22.33153,82.53293,305.24,0.38,0.36,2026-06-25,2014,N20,VIIRS,n,2.0NRT,286.86,1.44,N,,industrial_direct,6,16
22.32365,82.60371,305.72,0.38,0.36,2026-06-25,2014,N20,VIIRS,n,2.0NRT,285.87,1.18,N,,industrial_nearby,5,73
22.3202,82.66776,297.73,0.38,0.36,2026-06-25,2014,N20,VIIRS,n,2.0NRT,277.88,0.55,N,,industrial_nearby,28,16
22.33023,82.60492,319.97,0.38,0.36,2026-06-25,2014,N20,VIIRS,n,2.0NRT,287.09,2.52,N,,industrial_nearby,5,73
22.31967,82.56496,307.94,0.38,0.36,2026-06-25,2014,N20,VIIRS,n,2.0NRT,279.76,0.67,N,,industrial_direct,1,98
22.31962,82.56318,337.5,0.38,0.36,2026-06-25,746,N20,VIIRS,n,2.0NRT,296.65,3.35,D,,industrial_direct,1,98
22.32397,82.54722,338.75,0.38,0.36,2026-06-25,746,N20,VIIRS,n,2.0NRT,297.84,3.32,D,,industrial_direct,1,98
22.36115,82.3027,349.12,0.38,0.36,2026-06-25,2014,N20,VIIRS,n,2.0NRT,295.39,5.38,N,,industrial_direct,2,96
22.32517,82.54687,312.86,0.53,0.42,2026-06-26,1953,N20,VIIRS,n,2.0NRT,290.91,2.01,N,,industrial_direct,1,98
22.31549,82.56116,310.64,0.53,0.42,2026-06-26,1953,N20,VIIRS,n,2.0NRT,291.31,2.86,N,,industrial_nearby,1,98
22.318,82.57203,309.11,0.53,0.42,2026-06-26,1953,N20,VIIRS,n,2.0NRT,291.29,1.38,N,,industrial_nearby,1,98
22.31497,82.53478,307.17,0.53,0.42,2026-06-26,1953,N20,VIIRS,n,2.0NRT,290.76,1.3,N,,industrial_nearby,1,98
22.32251,82.56744,307.17,0.53,0.42,2026-06-26,1953,N20,VIIRS,n,2.0NRT,291.52,1.44,N,,industrial_nearby,1,98
22.33103,82.53193,306.75,0.53,0.42,2026-06-26,1953,N20,VIIRS,n,2.0NRT,290.48,1.43,N,,industrial_direct,6,16
22.31867,82.56689,309.76,0.53,0.42,2026-06-26,1953,N20,VIIRS,n,2.0NRT,291.14,1.38,N,,industrial_direct,1,98
22.32553,82.60445,306.75,0.53,0.42,2026-06-26,1953,N20,VIIRS,n,2.0NRT,290.73,1.27,N,,industrial_nearby,5,73
22.32937,82.60499,315.75,0.53,0.42,2026-06-26,1953,N20,VIIRS,n,2.0NRT,291.47,1.27,N,,industrial_direct,5,73
22.3332,82.60558,312.28,0.53,0.42,2026-06-26,1953,N20,VIIRS,n,2.0NRT,291.07,1.27,N,,industrial_direct,5,73
22.33133,82.60641,336.25,0.52,0.42,2026-06-26,726,N20,VIIRS,n,2.0NRT,300.57,5.87,D,,industrial_direct,5,73
22.32029,82.56729,335.75,0.52,0.42,2026-06-26,726,N20,VIIRS,n,2.0NRT,299.14,3.79,D,,industrial_direct,1,98
22.36074,82.30128,326.31,0.55,0.43,2026-06-26,1953,N20,VIIRS,n,2.0NRT,289.4,4.89,N,,industrial_direct,2,96
22.31613,82.55957,296.64,0.35,0.57,2026-06-27,1936,N20,VIIRS,n,2.0NRT,265.74,0.33,N,,industrial_direct,1,98
22.32068,82.56702,295.6,0.35,0.57,2026-06-27,1936,N20,VIIRS,n,2.0NRT,264.0,1.31,N,,industrial_direct,1,98
22.315,82.56062,297.46,0.35,0.57,2026-06-27,1936,N20,VIIRS,n,2.0NRT,266.49,0.24,N,,industrial_nearby,1,98
22.35841,82.30263,321.73,0.44,0.62,2026-06-28,2057,N20,VIIRS,n,2.0NRT,280.03,2.42,N,,industrial_direct,2,96
22.36148,82.30318,320.52,0.44,0.62,2026-06-28,2057,N20,VIIRS,n,2.0NRT,279.8,2.75,N,,industrial_direct,2,96
22.31244,82.53085,298.26,0.45,0.63,2026-06-28,2057,N20,VIIRS,n,2.0NRT,273.02,0.72,N,,industrial_nearby,1,98
22.36214,82.30353,332.3,0.45,0.63,2026-06-28,830,N20,VIIRS,n,2.0NRT,276.07,8.05,D,,industrial_direct,2,96
22.31404,82.53078,299.8,0.45,0.63,2026-06-28,2057,N20,VIIRS,n,2.0NRT,273.07,1.0,N,,industrial_direct,1,98
22.36109,82.30172,337.72,0.45,0.47,2026-06-29,809,N20,VIIRS,n,2.0NRT,276.15,5.09,D,,industrial_direct,2,96
22.35941,82.30165,339.42,0.45,0.47,2026-06-29,809,N20,VIIRS,n,2.0NRT,275.99,8.82,D,,industrial_direct,2,96
22.3562,82.30133,334.48,0.54,0.42,2026-07-10,805,N20,VIIRS,n,2.0NRT,292.41,6.0,D,,industrial_direct,2,96
22.3601,82.30076,330.08,0.54,0.42,2026-07-10,805,N20,VIIRS,n,2.0NRT,293.09,6.0,D,,industrial_direct,2,96
22.36113,82.30374,299.08,0.54,0.42,2026-07-10,2032,N20,VIIRS,n,2.0NRT,266.39,0.67,N,,industrial_direct,2,96
22.35732,82.30294,295.09,0.54,0.42,2026-07-10,2032,N20,VIIRS,n,2.0NRT,264.48,0.67,N,,industrial_direct,2,96
22.35645,82.30122,330.7,0.38,0.36,2026-07-11,2014,N20,VIIRS,n,2.0NRT,291.12,2.39,N,,industrial_direct,2,96
22.31304,82.53261,306.56,0.38,0.36,2026-07-11,2014,N20,VIIRS,n,2.0NRT,291.08,1.45,N,,industrial_nearby,1,98
22.3155,82.55966,308.16,0.38,0.36,2026-07-11,2014,N20,VIIRS,n,2.0NRT,292.05,1.2,N,,industrial_direct,1,98
22.35587,82.30492,310.15,0.38,0.36,2026-07-11,2014,N20,VIIRS,n,2.0NRT,291.79,2.39,N,,industrial_direct,2,96
22.32114,82.54549,315.28,0.38,0.36,2026-07-11,2014,N20,VIIRS,n,2.0NRT,291.6,2.49,N,,industrial_nearby,1,98
22.31633,82.5332,307.11,0.38,0.36,2026-07-11,2014,N20,VIIRS,n,2.0NRT,291.68,1.32,N,,industrial_direct,1,98
22.32148,82.56456,315.24,0.38,0.36,2026-07-11,2014,N20,VIIRS,n,2.0NRT,292.67,2.24,N,,industrial_direct,1,98
22.33006,82.53193,305.38,0.38,0.36,2026-07-11,2014,N20,VIIRS,n,2.0NRT,291.14,0.79,N,,industrial_direct,6,16
22.33203,82.60455,313.36,0.38,0.36,2026-07-11,2014,N20,VIIRS,n,2.0NRT,291.34,1.21,N,,industrial_nearby,5,73
22.32874,82.60394,306.68,0.38,0.36,2026-07-11,2014,N20,VIIRS,n,2.0NRT,291.76,1.24,N,,industrial_direct,5,73
22.35974,82.30182,337.13,0.38,0.36,2026-07-11,2014,N20,VIIRS,n,2.0NRT,292.41,4.67,N,,industrial_direct,2,96
22.36093,82.30424,311.33,0.55,0.42,2026-07-12,1955,N20,VIIRS,n,2.0NRT,288.85,2.09,N,,industrial_direct,2,96
22.35704,82.30363,315.9,0.55,0.42,2026-07-12,1955,N20,VIIRS,n,2.0NRT,289.03,2.09,N,,industrial_direct,2,96
22.33218,82.60658,296.96,0.34,0.56,2026-07-13,1936,N20,VIIRS,n,2.0NRT,274.38,0.82,N,,industrial_direct,5,73
22.31849,82.57055,300.68,0.35,0.56,2026-07-13,1936,N20,VIIRS,n,2.0NRT,280.07,1.32,N,,industrial_direct,1,98
22.33063,82.60566,297.94,0.34,0.56,2026-07-13,1936,N20,VIIRS,n,2.0NRT,275.52,1.29,N,,industrial_direct,5,73
22.35853,82.30383,330.35,0.45,0.63,2026-07-14,830,N20,VIIRS,n,2.0NRT,285.25,4.41,D,,industrial_direct,2,96
22.31901,82.5692,305.41,0.46,0.47,2026-07-31,2040,N20,VIIRS,n,2.0NRT,283.62,1.72,N,,industrial_direct,1,98
22.35865,82.30376,333.77,0.44,0.46,2026-07-31,2040,N20,VIIRS,n,2.0NRT,282.35,4.39,N,,industrial_direct,2,96
22.31321,82.53134,304.28,0.46,0.47,2026-07-31,2040,N20,VIIRS,n,2.0NRT,283.53,1.35,N,,industrial_nearby,1,98
22.31848,82.56682,298.12,0.41,0.37,2026-08-01,2021,N20,VIIRS,n,2.0NRT,265.7,0.47,N,,industrial_direct,1,98
22.35636,82.30221,309.28,0.4,0.37,2026-08-01,2021,N20,VIIRS,n,2.0NRT,269.98,1.97,N,,industrial_direct,2,96
22.3597,82.30285,323.6,0.4,0.37,2026-08-01,2021,N20,VIIRS,n,2.0NRT,271.24,1.97,N,,industrial_direct,2,96
22.31705,82.53432,296.12,0.41,0.37,2026-08-01,2021,N20,VIIRS,n,2.0NRT,263.96,0.25,N,,industrial_direct,1,98
22.31914,82.56291,301.39,0.41,0.37,2026-08-01,2021,N20,VIIRS,n,2.0NRT,264.62,0.57,N,,industrial_direct,1,98
22.32516,82.54797,298.63,0.41,0.37,2026-08-01,2021,N20,VIIRS,n,2.0NRT,263.97,0.87,N,,industrial_direct,1,98
22.32251,82.56358,295.39,0.41,0.37,2026-08-01,2021,N20,VIIRS,n,2.0NRT,264.03,0.57,N,,industrial_direct,1,98
22.33272,82.60599,299.53,0.41,0.37,2026-08-01,2021,N20,VIIRS,n,2.0NRT,266.67,0.4,N,,industrial_direct,5,73
22.3573,82.3028,345.09,0.4,0.37,2026-08-01,752,N20,VIIRS,n,2.0NRT,297.43,8.32,D,,industrial_direct,2,96
22.32185,82.56748,295.04,0.41,0.37,2026-08-01,2021,N20,VIIRS,n,2.0NRT,264.36,0.47,N,,industrial_nearby,1,98
22.35583,82.3048,331.86,0.45,0.39,2026-08-02,733,N20,VIIRS,l,2.0NRT,297.73,4.59,D,,industrial_direct,2,96
22.35936,82.30412,339.68,0.45,0.39,2026-08-02,733,N20,VIIRS,n,2.0NRT,297.18,5.03,D,,industrial_direct,2,96
22.35736,82.30417,338.94,0.55,0.43,2026-08-11,807,N20,VIIRS,n,2.0NRT,294.1,6.84,D,,industrial_direct,2,96
22.35893,82.30504,333.67,0.38,0.36,2026-08-12,746,N20,VIIRS,n,2.0NRT,296.06,6.54,D,,industrial_direct,2,96
22.35889,82.30314,320.33,0.38,0.36,2026-08-12,2017,N20,VIIRS,n,2.0NRT,276.69,1.44,N,,industrial_direct,2,96
22.3556,82.30254,305.44,0.38,0.36,2026-08-12,2017,N20,VIIRS,n,2.0NRT,277.28,1.44,N,,industrial_direct,2,96
22.3208,82.56306,301.62,0.47,0.39,2026-08-22,2027,N20,VIIRS,n,2.0NRT,271.16,0.68,N,,industrial_direct,1,98
22.32,82.56749,298.3,0.47,0.39,2026-08-22,2027,N20,VIIRS,n,2.0NRT,270.71,0.68,N,,industrial_direct,1,98
22.35542,82.30332,334.63,0.36,0.58,2026-08-26,824,N20,VIIRS,n,2.0NRT,289.53,7.35,D,,industrial_direct,2,96
22.35975,82.30282,333.19,0.36,0.58,2026-08-26,824,N20,VIIRS,n,2.0NRT,286.99,8.21,D,,industrial_direct,2,96
