{
"type": "FeatureCollection",
"name": "firms_final",
"crs": { "type": "name", "properties": { "name": "urn:ogc:def:crs:OGC:1.3:CRS84" } },
"features": [
{ "type": "Feature", "properties": { "final_label": "Natural Fire", "frp": 15.85, "frp_deviation": 1.29, "alert_flag": "Normal", "evidence": "cluster active 1 days; FRP 15.8 MW (1.29x cluster avg); Normal", "acq_date": "2026-03-01", "distinct_days": 1 }, "geometry": { "type": "Point", "coordinates": [ 82.61755, 22.11777 ] } },
{ "type": "Feature", "properties": { "final_label": "Industrial", "frp": 1.81, "frp_deviation": 0.72, "alert_flag": "Normal", "evidence": "Within 1 km of OSM industrial zone; cluster active 98 days; FRP 1.8 MW (0.72x cluster avg); Normal", "acq_date": "2026-03-01", "distinct_days": 98 }, "geometry": { "type": "Point", "coordinates": [ 82.53032, 22.31284 ] } },
{ "type": "Feature", "properties": { "final_label": "Industrial", "frp": 3.26, "frp_deviation": 1.3, "alert_flag": "Normal", "evidence": "Inside OSM industrial zone; cluster active 98 days; FRP 3.3 MW (1.30x cluster avg); Normal", "acq_date": "2026-03-01", "distinct_days": 98 }, "geometry": { "type": "Point", "coordinates": [ 82.52609, 22.31333 ] } },
{ "type": "Feature", "properties": { "final_label": "Industrial", "frp": 1.26, "frp_deviation": 0.5, "alert_flag": "Normal", "evidence": "Inside OSM industrial zone; cluster active 98 days; FRP 1.3 MW (0.50x cluster avg); Normal", "acq_date": "2026-03-01", "distinct_days": 98 }, "geometry": { "type": "Point", "coordinates": [ 82.53515, 22.31656 ] } },
{ "type": "Feature", "properties": { "final_label": "Industrial", "frp": 1.26, "frp_deviation": 0.5, "alert_flag": "Normal", "evidence": "Inside OSM industrial zone; cluster active 98 days; FRP 1.3 MW (0.50x cluster avg); Normal", "acq_date": "2026-03-01", "distinct_days": 98 }, "geometry": { "type": "Point", "coordinates": [ 82.53094, 22.31706 ] } },
{ "type": "Feature", "properties": { "final_label": "Industrial", "frp": 0.91, "frp_deviation": 0.36, "alert_flag": "Normal", "evidence": "Within 1 km of OSM industrial zone; cluster active 98 days; FRP 0.9 MW (0.36x cluster avg); Normal", "acq_date": "2026-03-01", "distinct_days": 98 }, "geometry": { "type": "Point", "coordinates": [ 82.56947, 22.31679 ] } },
{ "type": "Feature", "properties": { "final_label": "Industrial", "frp": 1.51, "frp_deviation": 0.43, "alert_flag": "Normal", "evidence": "Inside OSM industrial zone; cluster active 96 days; FRP 1.5 MW (0.43x cluster avg); Normal", "acq_date": "2026-03-01", "distinct_days": 96 }, "geometry": { "type": "Point", "coordinates": [ 82.30097, 22.35712 ] } },
{ "type": "Feature", "properties": { "final_label": "Industrial", "frp": 1.61, "frp_deviation": 0.45, "alert_flag": "Normal", "evidence": "Inside OSM industrial zone; cluster active 96 days; FRP 1.6 MW (0.45x cluster avg); Normal", "acq_date": "2026-03-01", "distinct_days": 96 }, "geometry": { "type": "Point", "coordinates": [ 82.30161, 22.36141 ] } },
{ "type": "Feature", "properties": { "final_label": "Industrial", "frp": 0.93, "frp_deviation": 0.33, "alert_flag": "Normal", "evidence": "Inside OSM industrial zone; cluster active 71 days; FRP 0.9 MW (0.33x cluster avg); Normal", "acq_date": "2026-03-01", "distinct_days": 71 }, "geometry": { "type": "Point", "coordinates": [ 82.57576, 22.33318 ] } },
{ "type": "Feature", "properties": { "final_label": "Industrial", "frp": 1.08, "frp_deviation": 0.48, "alert_flag": "Normal", "evidence": "Inside OSM industrial zone; cluster active 61 days; FRP 1.1 MW (0.48x cluster avg); Normal", "acq_date": "2026-03-01", "distinct_days": 61 }, "geometry": { "type": "Point", "coordinates": [ 82.55504, 22.33566 ] } },
{ "type": "Feature", "properties": { "final_label": "Industrial", "frp": 2.32, "frp_deviation": 0.84, "alert_flag": "Normal", "evidence": "Inside OSM industrial zone; cluster active 73 days; FRP 2.3 MW (0.84x cluster avg); Normal", "acq_date": "2026-03-01", "distinct_days": 73 }, "geometry": { "type": "Point", "coordinates": [ 82.60517, 22.32965 ] } },
{ "type": "Feature", "properties": { "final_label": "Industrial", "frp": 1.0, "frp_deviation": 0.36, "alert_flag": "Normal", "evidence": "Inside OSM industrial zone; cluster active 73 days; FRP 1.0 MW (0.36x cluster avg); Normal", "acq_date": "2026-03-01", "distinct_days": 73 }, "geometry": { "type": "Point", "coordinates": [ 82.60577, 22.33385 ] } },
{ "type": "Feature", "properties": { "final_label": "Industrial", "frp": 1.31, "frp_deviation": 0.47, "alert_flag": "Normal", "evidence": "Inside OSM industrial zone; cluster active 71 days; FRP 1.3 MW (0.47x cluster avg); Normal", "acq_date": "2026-03-01", "distinct_days": 71 }, "geometry": { "type": "Point", "coordinates": [ 82.57636, 22.33739 ] } },
{ "type": "Feature", "properties": { "final_label": "Industrial", "frp": 1.51, "frp_deviation": 0.43, "alert_flag": "Normal", "evidence": "Inside OSM industrial zone; cluster active 96 days; FRP 1.5 MW (0.43x cluster avg); Normal", "acq_date": "2026-03-01", "distinct_days": 96 }, "geometry": { "type": "Point", "coordinates": [ 82.30535, 22.3566 ] } },
{ "type": "Feature", "properties": { "final_label": "Natural Fire", "frp": 0.8, "frp_deviation": null, "alert_flag": "Normal", "evidence": "isolated detection (no persistent cluster); FRP 0.8 MW; Normal", "acq_date": "2026-03-01", "distinct_days": 0 }, "geometry": { "type": "Point", "coordinates": [ 82.68317, 22.44469 ] } },
{ "type": "Feature", "properties": { "final_label": "Industrial", "frp": 1.35, "frp_deviation": 0.48, "alert_flag": "Normal", "evidence": "Inside OSM industrial zone; cluster active 71 days; FRP 1.4 MW (0.48x cluster avg); Normal", "acq_date": "2026-03-01", "distinct_days": 71 }, "geometry": { "type": "Point", "coordinates": [ 82.57217, 22.33789 ] } },
{ "type": "Feature", "properties": { "final_label": "Natural Fire", "frp": 15.85, "frp_deviation": 1.29, "alert_flag": "Normal", "evidence": "cluster active 1 days; FRP 15.8 MW (1.29x cluster avg); Normal", "acq_date": "2026-03-01", "distinct_days": 1 }, "geometry": { "type": "Point", "coordinates": [ 82.6207, 22.12267 ] } },
{ "type": "Feature", "properties": { "final_label": "Natural Fire", "frp": 15.85, "frp_deviation": 1.29, "alert_flag": "Normal", "evidence": "cluster active 1 days; FRP 15.8 MW (1.29x cluster avg); Normal", "acq_date": "2026-03-01", "distinct_days": 1 }, "geometry": { "type": "Point", "coordinates": [ 82.61665, 22.12191 ] } },
{ "type": "Feature", "properties": { "final_label": "Natural Fire", "frp": 13.94, "frp_deviation": 1.14, "alert_flag": "Normal", "evidence": "cluster active 1 days; FRP 13.9 MW (1.14x cluster avg); Normal", "acq_date": "2026-03-01", "distinct_days": 1 }, "geometry": { "type": "Point", "coordinates": [ 82.61259, 22.12114 ] } },
{ "type": "Feature", "properties": { "final_label": "Natural Fire", "frp": 6.01, "frp_deviation": 0.49, "alert_flag": "Normal", "evidence": "cluster active 1 days; FRP 6.0 MW (0.49x cluster avg); Normal", "acq_date": "2026-03-01", "distinct_days": 1 }, "geometry": { "type": "Point", "coordinates": [ 82.61574, 22.12604 ] } },
{ "type": "Feature", "properties": { "final_label": "Natural Fire", "frp": 6.01, "frp_deviation": 0.49, "alert_flag": "Normal", "evidence": "cluster active 1 days; FRP 6.0 MW (0.49x cluster avg); Normal", "acq_date": "2026-03-01", "distinct_days": 1 }, "geometry": { "type": "Point", "coordinates": [ 82.61979, 22.1268 ] } },
{ "type": "Feature", "properties": { "final_label": "Industrial", "frp": 6.02, "frp_deviation": 2.4, "alert_flag": "Normal", "evidence": "Within 1 km of OSM industrial zone; cluster active 98 days; FRP 6.0 MW (2.40x cluster avg); Normal", "acq_date": "2026-03-01", "distinct_days": 98 }, "geometry": { "type": "Point", "coordinates": [ 82.53024, 22.3111 ] } },
{ "type": "Feature", "properties": { "final_label": "Industrial", "frp": 5.0, "frp_deviation": 1.81, "alert_flag": "Normal", "evidence": "Inside OSM industrial zone; cluster active 73 days; FRP 5.0 MW (1.81x cluster avg); Normal", "acq_date": "2026-03-01", "distinct_days": 73 }, "geometry": { "type": "Point", "coordinates": [ 82.60644, 22.32988 ] } },
{ "type": "Feature", "properties": { "final_label": "Natural Fire", "frp": 4.13, "frp_deviation": null, "alert_flag": "Normal", "evidence": "isolated detection (no persistent cluster); FRP 4.1 MW; Normal", "acq_date": "2026-03-01", "distinct_days": 0 }, "geometry": { "type": "Point", "coordinates": [ 82.81679, 22.37384 ] } },
{ "type": "Feature", "properties": { "final_label": "Industrial", "frp": 3.01, "frp_deviation": 1.08, "alert_flag": "Normal", "evidence": "Inside OSM industrial zone; cluster active 71 days; FRP 3.0 MW (1.08x cluster avg); Normal", "acq_date": "2026-03-01", "distinct_days": 71 }, "geometry": { "type": "Point", "coordinates": [ 82.57613, 22.33273 ] } },
{ "type": "Feature", "properties": { "final_label": "Industrial", "frp": 2.12, "frp_deviation": null, "alert_flag": "Normal", "evidence": "Within 1 km of OSM industrial zone; isolated detection (no persistent cluster); FRP 2.1 MW; Normal", "acq_date": "2026-03-01", "distinct_days": 0 }, "geometry": { "type": "Point", "coordinates": [ 82.60797, 22.50167 ] } },
{ "type": "Feature", "properties": { "final_label": "Natural Fire", "frp": 2.62, "frp_deviation": null, "alert_flag": "Normal", "evidence": "isolated detection (no persistent cluster); FRP 2.6 MW; Normal", "acq_date": "2026-03-01", "distinct_days": 0 }, "geometry": { "type": "Point", "coordinates": [ 83.09211, 22.28705 ] } },
{ "type": "Feature", "properties": { "final_label": "Industrial", "frp": 1.2, "frp_deviation": 0.34, "alert_flag": "Normal", "evidence": "Inside OSM industrial zone; cluster active 96 days; FRP 1.2 MW (0.34x cluster avg); Normal", "acq_date": "2026-03-02", "distinct_days": 96 }, "geometry": { "type": "Point", "coordinates": [ 82.30583, 22.3589 ] } },
{ "type": "Feature", "properties": { "final_label": "Industrial", "frp": 2.01, "frp_deviation": 0.8, "alert_flag": "Normal", "evidence": "Inside OSM industrial zone; cluster active 98 days; FRP 2.0 MW (0.80x cluster avg); Normal", "acq_date": "2026-03-02", "distinct_days": 98 }, "geometry": { "type": "Point", "coordinates": [ 82.51304, 22.31765 ] } },
{ "type": "Feature", "properties": { "final_label": "Industrial", "frp": 1.97, "frp_deviation": 0.71, "alert_flag": "Normal", "evidence": "Inside OSM industrial zone; cluster active 71 days; FRP 2.0 MW (0.71x cluster avg); Normal", "acq_date": "2026-03-02", "distinct_days": 71 }, "geometry": { "type": "Point", "coordinates": [ 82.57087, 22.3358 ] } },
{ "type": "Feature", "properties": { "final_label": "Industrial", "frp": 2.14, "frp_deviation": 0.77, "alert_flag": "Normal", "evidence": "Inside OSM industrial zone; cluster active 73 days; FRP 2.1 MW (0.77x cluster avg); Normal", "acq_date": "2026-03-02", "distinct_days": 73 }, "geometry": { "type": "Point", "coordinates": [ 82.6051, 22.33279 ] } },
{ "type": "Feature", "properties": { "final_label": "Industrial", "frp": 0.94, "frp_deviation": 0.78, "alert_flag": "Normal", "evidence": "Inside OSM industrial zone; cluster active 16 days; FRP 0.9 MW (0.78x cluster avg); Normal", "acq_date": "2026-03-02", "distinct_days": 16 }, "geometry": { "type": "Point", "coordinates": [ 82.53215, 22.3334 ] } },
{ "type": "Feature", "properties": { "final_label": "Industrial", "frp": 1.32, "frp_deviation": 0.53, "alert_flag": "Normal", "evidence": "Inside OSM industrial zone; cluster active 98 days; FRP 1.3 MW (0.53x cluster avg); Normal", "acq_date": "2026-03-02", "distinct_days": 98 }, "geometry": { "type": "Point", "coordinates": [ 82.56945, 22.31856 ] } },
{ "type": "Feature", "properties": { "final_label": "Industrial", "frp": 1.81, "frp_deviation": 0.72, "alert_flag": "Normal", "evidence": "Inside OSM industrial zone; cluster active 98 days; FRP 1.8 MW (0.72x cluster avg); Normal", "acq_date": "2026-03-02", "distinct_days": 98 }, "geometry": { "type": "Point", "coordinates": [ 82.51382, 22.3163 ] } },
{ "type": "Feature", "properties": { "final_label": "Industrial", "frp": 3.11, "frp_deviation": 1.24, "alert_flag": "Normal", "evidence": "Inside OSM industrial zone; cluster active 98 days; FRP 3.1 MW (1.24x cluster avg); Normal", "acq_date": "2026-03-02", "distinct_days": 98 }, "geometry": { "type": "Point", "coordinates": [ 82.52551, 22.31623 ] } },
{ "type": "Feature", "properties": { "final_label": "Industrial", "frp": 1.75, "frp_deviation": 0.63, "alert_flag": "Normal", "evidence": "Inside OSM industrial zone; cluster active 71 days; FRP 1.8 MW (0.63x cluster avg); Normal", "acq_date": "2026-03-02", "distinct_days": 71 }, "geometry": { "type": "Point", "coordinates": [ 82.57486, 22.33301 ] } },
{ "type": "Feature", "properties": { "final_label": "Industrial", "frp": 2.15, "frp_deviation": 0.86, "alert_flag": "Normal", "evidence": "Inside OSM industrial zone; cluster active 98 days; FRP 2.1 MW (0.86x cluster avg); Normal", "acq_date": "2026-03-02", "distinct_days": 98 }, "geometry": { "type": "Point", "coordinates": [ 82.56343, 22.32147 ] } },
{ "type": "Feature", "properties": { "final_label": "Industrial", "frp": 2.84, "frp_deviation": 1.13, "alert_flag": "Normal", "evidence": "Inside OSM industrial zone; cluster active 98 days; FRP 2.8 MW (1.13x cluster avg); Normal", "acq_date": "2026-03-02", "distinct_days": 98 }, "geometry": { "type": "Point", "coordinates": [ 82.52581, 22.31671 ] } },
{ "type": "Feature", "properties": { "final_label": "Industrial", "frp": 1.94, "frp_deviation": 0.77, "alert_flag": "Normal", "evidence": "Inside OSM industrial zone; cluster active 98 days; FRP 1.9 MW (0.77x cluster avg); Normal", "acq_date": "2026-03-02", "distinct_days": 98 }, "geometry": { "type": "Point", "coordinates": [ 82.56324, 22.32118 ] } },
{ "type": "Feature", "properties": { "final_label": "Industrial", "frp": 2.33, "frp_deviation": 0.66, "alert_flag": "Normal", "evidence": "Inside OSM industrial zone; cluster active 96 days; FRP 2.3 MW (0.66x cluster avg); Normal", "acq_date": "2026-03-02", "distinct_days": 96 }, "geometry": { "type": "Point", "coordinates": [ 82.30238, 22.35808 ] } },
{ "type": "Feature", "properties": { "final_label": "Industrial", "frp": 1.2, "frp_deviation": 0.34, "alert_flag": "Normal", "evidence": "Inside OSM industrial zone; cluster active 96 days; FRP 1.2 MW (0.34x cluster avg); Normal", "acq_date": "2026-03-02", "distinct_days": 96 }, "geometry": { "type": "Point", "coordinates": [ 82.30135, 22.35929 ] } },
{ "type": "Feature", "properties": { "final_label": "Industrial", "frp": 2.93, "frp_deviation": 1.17, "alert_flag": "Normal", "evidence": "Within 1 km of OSM industrial zone; cluster active 98 days; FRP 2.9 MW (1.17x cluster avg); Normal", "acq_date": "2026-03-02", "distinct_days": 98 }, "geometry": { "type": "Point", "coordinates": [ 82.52666, 22.31511 ] } },
{ "type": "Feature", "properties": { "final_label": "Natural Fire", "frp": 3.17, "frp_deviation": null, "alert_flag": "Normal", "evidence": "isolated detection (no persistent cluster); FRP 3.2 MW; Normal", "acq_date": "2026-03-02", "distinct_days": 0 }, "geometry": { "type": "Point", "coordinates": [ 82.53694, 22.27187 ] } },
{ "type": "Feature", "properties": { "final_label": "Industrial", "frp": 2.69, "frp_deviation": 0.76, "alert_flag": "Normal", "evidence": "Inside OSM industrial zone; cluster active 96 days; FRP 2.7 MW (0.76x cluster avg); Normal", "acq_date": "2026-03-02", "distinct_days": 96 }, "geometry": { "type": "Point", "coordinates": [ 82.30341, 22.35982 ] } },
{ "type": "Feature", "properties": { "final_label": "Natural Fire", "frp": 3.34, "frp_deviation": null, "alert_flag": "Normal", "evidence": "isolated detection (no persistent cluster); FRP 3.3 MW; Normal", "acq_date": "2026-03-02", "distinct_days": 0 }, "geometry": { "type": "Point", "coordinates": [ 82.67392, 22.43975 ] } },
{ "type": "Feature", "properties": { "final_label": "Natural Fire", "frp": 4.79, "frp_deviation": 0.95, "alert_flag": "Normal", "evidence": "cluster active 2 days; FRP 4.8 MW (0.95x cluster avg); Normal", "acq_date": "2026-03-02", "distinct_days": 2 }, "geometry": { "type": "Point", "coordinates": [ 82.83611, 22.12719 ] } },
{ "type": "Feature", "properties": { "final_label": "Natural Fire", "frp": 1.81, "frp_deviation": null, "alert_flag": "Normal", "evidence": "isolated detection (no persistent cluster); FRP 1.8 MW; Normal", "acq_date": "2026-03-02", "distinct_days": 0 }, "geometry": { "type": "Point", "coordinates": [ 82.86965, 22.10971 ] } },
{ "type": "Feature", "properties": { "final_label": "Natural Fire", "frp": 4.36, "frp_deviation": 0.86, "alert_flag": "Normal", "evidence": "cluster active 2 days; FRP 4.4 MW (0.86x cluster avg); Normal", "acq_date": "2026-03-02", "distinct_days": 2 }, "geometry": { "type": "Point", "coordinates": [ 82.84111, 22.12629 ] } },
{ "type": "Feature", "properties": { "final_label": "Natural Fire", "frp": 5.98, "frp_deviation": 1.18, "alert_flag": "Normal", "evidence": "cluster active 2 days; FRP 6.0 MW (1.18x cluster avg); Normal", "acq_date": "2026-03-02", "distinct_days": 2 }, "geometry": { "type": "Point", "coordinates": [ 82.83724, 22.12543 ] } },
{ "type": "Feature", "properties": { "final_label": "Natural Fire", "frp": 5.57, "frp_deviation": 1.0, "alert_flag": "Normal", "evidence": "cluster active 1 days; FRP 5.6 MW (1.00x cluster avg); Normal", "acq_date": "2026-03-02", "distinct_days": 1 }, "geometry": { "type": "Point", "coordinates": [ 83.00592, 22.20885 ] } },
{ "type": "Feature", "properties": { "final_label": "Natural Fire", "frp": 5.57, "frp_deviation": 1.0, "alert_flag": "Normal", "evidence": "cluster active 1 days; FRP 5.6 MW (1.00x cluster avg); Normal", "acq_date": "2026-03-02", "distinct_days": 1 }, "geometry": { "type": "Point", "coordinates": [ 83.00966, 22.20967 ] } },
{ "type": "Feature", "properties": { "final_label": "Natural Fire", "frp": 2.78, "frp_deviation": 0.74, "alert_flag": "Normal", "evidence": "cluster active 1 days; FRP 2.8 MW (0.74x cluster avg); Normal", "acq_date": "2026-03-02", "distinct_days": 1 }, "geometry": { "type": "Point", "coordinates": [ 82.62842, 22.17741 ] } },
{ "type": "Feature", "properties": { "final_label": "Natural Fire", "frp": 5.57, "frp_deviation": null, "alert_flag": "Normal", "evidence": "isolated detection (no persistent cluster); FRP 5.6 MW; Normal", "acq_date": "2026-03-02", "distinct_days": 0 }, "geometry": { "type": "Point", "coordinates": [ 82.98409, 22.11737 ] } },
{ "type": "Feature", "properties": { "final_label": "Natural Fire", "frp": 9.02, "frp_deviation": null, "alert_flag": "Normal", "evidence": "isolated detection (no persistent cluster); FRP 9.0 MW; Normal", "acq_date": "2026-03-02", "distinct_days": 0 }, "geometry": { "type": "Point", "coordinates": [ 82.38559, 22.13814 ] } },
{ "type": "Feature", "properties": { "final_label": "Natural Fire", "frp": 2.04, "frp_deviation": null, "alert_flag": "Normal", "evidence": "isolated detection (no persistent cluster); FRP 2.0 MW; Normal", "acq_date": "2026-03-02", "distinct_days": 0 }, "geometry": { "type": "Point", "coordinates": [ 82.74951, 22.26111 ] } },
{ "type": "Feature", "properties": { "final_label": "Natural Fire", "frp": 1.21, "frp_deviation": 0.34, "alert_flag": "Normal", "evidence": "cluster active 2 days; FRP 1.2 MW (0.34x cluster avg); Normal", "acq_date": "2026-03-02", "distinct_days": 2 }, "geometry": { "type": "Point", "coordinates": [ 82.75549, 22.28552 ] } },
{ "type": "Feature", "properties": { "final_label": "Industrial", "frp": 3.83, "frp_deviation": 1.38, "alert_flag": "Normal", "evidence": "Within 1 km of OSM industrial zone; cluster active 73 days; FRP 3.8 MW (1.38x cluster avg); Normal", "acq_date": "2026-03-02", "distinct_days": 73 }, "geometry": { "type": "Point", "coordinates": [ 82.61082, 22.32798 ] } },
{ "type": "Feature", "properties": { "final_label": "Industrial", "frp": 3.22, "frp_deviation": 1.28, "alert_flag": "Normal", "evidence": "Inside OSM industrial zone; cluster active 98 days; FRP 3.2 MW (1.28x cluster avg); Normal", "acq_date": "2026-03-02", "distinct_days": 98 }, "geometry": { "type": "Point", "coordinates": [ 82.57119, 22.31907 ] } },
{ "type": "Feature", "properties": { "final_label": "Industrial", "frp": 3.76, "frp_deviation": 1.5, "alert_flag": "Normal", "evidence": "Within 1 km of OSM industrial zone; cluster active 98 days; FRP 3.8 MW (1.50x cluster avg); Normal", "acq_date": "2026-03-02", "distinct_days": 98 }, "geometry": { "type": "Point", "coordinates": [ 82.53098, 22.31003 ] } },
{ "type": "Feature", "properties": { "final_label": "Natural Fire", "frp": 6.24, "frp_deviation": null, "alert_flag": "Normal", "evidence": "isolated detection (no persistent cluster); FRP 6.2 MW; Normal", "acq_date": "2026-03-02", "distinct_days": 0 }, "geometry": { "type": "Point", "coordinates": [ 82.92621, 22.49059 ] } },
{ "type": "Feature", "properties": { "final_label": "Natural Fire", "frp": 4.71, "frp_deviation": 1.26, "alert_flag": "Normal", "evidence": "cluster active 1 days; FRP 4.7 MW (1.26x cluster avg); Normal", "acq_date": "2026-03-02", "distinct_days": 1 }, "geometry": { "type": "Point", "coordinates": [ 82.62919, 22.17599 ] } },
{ "type": "Feature", "properties": { "final_label": "Natural Fire", "frp": 1.69, "frp_deviation": null, "alert_flag": "Normal", "evidence": "isolated detection (no persistent cluster); FRP 1.7 MW; Normal", "acq_date": "2026-03-03", "distinct_days": 0 }, "geometry": { "type": "Point", "coordinates": [ 82.80109, 22.35006 ] } },
{ "type": "Feature", "properties": { "final_label": "Industrial", "frp": 1.45, "frp_deviation": null, "alert_flag": "Normal", "evidence": "Within 1 km of OSM industrial zone; isolated detection (no persistent cluster); FRP 1.4 MW; Normal", "acq_date": "2026-03-03", "distinct_days": 0 }, "geometry": { "type": "Point", "coordinates": [ 82.74861, 22.34526 ] } },
{ "type": "Feature", "properties": { "final_label": "Industrial", "frp": 1.4, "frp_deviation": 0.5, "alert_flag": "Normal", "evidence": "Inside OSM industrial zone; cluster active 71 days; FRP 1.4 MW (0.50x cluster avg); Normal", "acq_date": "2026-03-03", "distinct_days": 71 }, "geometry": { "type": "Point", "coordinates": [ 82.5766, 22.33711 ] } },
{ "type": "Feature", "properties": { "final_label": "Industrial", "frp": 1.23, "frp_deviation": 0.44, "alert_flag": "Normal", "evidence": "Within 1 km of OSM industrial zone; cluster active 73 days; FRP 1.2 MW (0.44x cluster avg); Normal", "acq_date": "2026-03-03", "distinct_days": 73 }, "geometry": { "type": "Point", "coordinates": [ 82.60403, 22.33097 ] } },
{ "type": "Feature", "properties": { "final_label": "Industrial", "frp": 1.12, "frp_deviation": 0.5, "alert_flag": "Normal", "evidence": "Inside OSM industrial zone; cluster active 61 days; FRP 1.1 MW (0.50x cluster avg); Normal", "acq_date": "2026-03-03", "distinct_days": 61 }, "geometry": { "type": "Point", "coordinates": [ 82.55418, 22.33666 ] } },
{ "type": "Feature", "properties": { "final_label": "Industrial", "frp": 1.04, "frp_deviation": 0.61, "alert_flag": "Normal", "evidence": "Within 1 km of OSM industrial zone; cluster active 23 days; FRP 1.0 MW (0.61x cluster avg); Normal", "acq_date": "2026-03-03", "distinct_days": 23 }, "geometry": { "type": "Point", "coordinates": [ 82.58408, 22.32448 ] } },
{ "type": "Feature", "properties": { "final_label": "Industrial", "frp": 1.71, "frp_deviation": 0.68, "alert_flag": "Normal", "evidence": "Inside OSM industrial zone; cluster active 98 days; FRP 1.7 MW (0.68x cluster avg); Normal", "acq_date": "2026-03-03", "distinct_days": 98 }, "geometry": { "type": "Point", "coordinates": [ 82.564, 22.31804 ] } },
{ "type": "Feature", "properties": { "final_label": "Industrial", "frp": 1.78, "frp_deviation": 0.71, "alert_flag": "Normal", "evidence": "Inside OSM industrial zone; cluster active 98 days; FRP 1.8 MW (0.71x cluster avg); Normal", "acq_date": "2026-03-03", "distinct_days": 98 }, "geometry": { "type": "Point", "coordinates": [ 82.53515, 22.3189 ] } },
{ "type": "Feature", "properties": { "final_label": "Industrial", "frp": 1.09, "frp_deviation": 0.64, "alert_flag": "Normal", "evidence": "Within 1 km of OSM industrial zone; cluster active 23 days; FRP 1.1 MW (0.64x cluster avg); Normal", "acq_date": "2026-03-03", "distinct_days": 23 }, "geometry": { "type": "Point", "coordinates": [ 82.58409, 22.32465 ] } },
{ "type": "Feature", "properties": { "final_label": "Industrial", "frp": 1.96, "frp_deviation": 0.78, "alert_flag": "Normal", "evidence": "Inside OSM industrial zone; cluster active 98 days; FRP 2.0 MW (0.78x cluster avg); Normal", "acq_date": "2026-03-03", "distinct_days": 98 }, "geometry": { "type": "Point", "coordinates": [ 82.56393, 22.3181 ] } },
{ "type": "Feature", "properties": { "final_label": "Industrial", "frp": 1.72, "frp_deviation": 0.69, "alert_flag": "Normal", "evidence": "Within 1 km of OSM industrial zone; cluster active 98 days; FRP 1.7 MW (0.69x cluster avg); Normal", "acq_date": "2026-03-03", "distinct_days": 98 }, "geometry": { "type": "Point", "coordinates": [ 82.52699, 22.31523 ] } },
{ "type": "Feature", "properties": { "final_label": "Industrial", "frp": 1.72, "frp_deviation": 0.69, "alert_flag": "Normal", "evidence": "Inside OSM industrial zone; cluster active 98 days; FRP 1.7 MW (0.69x cluster avg); Normal", "acq_date": "2026-03-03", "distinct_days": 98 }, "geometry": { "type": "Point", "coordinates": [ 82.53042, 22.31448 ] } },
{ "type": "Feature", "properties": { "final_label": "Industrial", "frp": 2.86, "frp_deviation": 0.81, "alert_flag": "Normal", "evidence": "Inside OSM industrial zone; cluster active 96 days; FRP 2.9 MW (0.81x cluster avg); Normal", "acq_date": "2026-03-03", "distinct_days": 96 }, "geometry": { "type": "Point", "coordinates": [ 82.30324, 22.35852 ] } },
{ "type": "Feature", "properties": { "final_label": "Natural Fire", "frp": 1.61, "frp_deviation": null, "alert_flag": "Normal", "evidence": "isolated detection (no persistent cluster); FRP 1.6 MW; Normal", "acq_date": "2026-03-03", "distinct_days": 0 }, "geometry": { "type": "Point", "coordinates": [ 82.68301, 22.17152 ] } },
{ "type": "Feature", "properties": { "final_label": "Natural Fire", "frp": 1.46, "frp_deviation": 0.39, "alert_flag": "Normal", "evidence": "cluster active 2 days; FRP 1.5 MW (0.39x cluster avg); Normal", "acq_date": "2026-03-03", "distinct_days": 2 }, "geometry": { "type": "Point", "coordinates": [ 82.68188, 22.16624 ] } },
{ "type": "Feature", "properties": { "final_label": "Industrial", "frp": 0.9, "frp_deviation": 0.4, "alert_flag": "Normal", "evidence": "Inside OSM industrial zone; cluster active 61 days; FRP 0.9 MW (0.40x cluster avg); Normal", "acq_date": "2026-03-03", "distinct_days": 61 }, "geometry": { "type": "Point", "coordinates": [ 82.55411, 22.33662 ] } },
{ "type": "Feature", "properties": { "final_label": "Natural Fire", "frp": 2.18, "frp_deviation": 0.19, "alert_flag": "Normal", "evidence": "cluster active 3 days; FRP 2.2 MW (0.19x cluster avg); Normal", "acq_date": "2026-03-03", "distinct_days": 3 }, "geometry": { "type": "Point", "coordinates": [ 82.79119, 22.33813 ] } },
{ "type": "Feature", "properties": { "final_label": "Natural Fire", "frp": 2.18, "frp_deviation": 0.19, "alert_flag": "Normal", "evidence": "cluster active 3 days; FRP 2.2 MW (0.19x cluster avg); Normal", "acq_date": "2026-03-03", "distinct_days": 3 }, "geometry": { "type": "Point", "coordinates": [ 82.78745, 22.33779 ] } },
{ "type": "Feature", "properties": { "final_label": "Natural Fire", "frp": 3.15, "frp_deviation": null, "alert_flag": "Normal", "evidence": "isolated detection (no persistent cluster); FRP 3.1 MW; Normal", "acq_date": "2026-03-03", "distinct_days": 0 }, "geometry": { "type": "Point", "coordinates": [ 82.58787, 22.27893 ] } },
{ "type": "Feature", "properties": { "final_label": "Natural Fire", "frp": 2.02, "frp_deviation": null, "alert_flag": "Normal", "evidence": "isolated detection (no persistent cluster); FRP 2.0 MW; Normal", "acq_date": "2026-03-03", "distinct_days": 0 }, "geometry": { "type": "Point", "coordinates": [ 82.64531, 22.30084 ] } },
{ "type": "Feature", "properties": { "final_label": "Natural Fire", "frp": 11.44, "frp_deviation": 1.09, "alert_flag": "Normal", "evidence": "cluster active 1 days; FRP 11.4 MW (1.09x cluster avg); Normal", "acq_date": "2026-03-03", "distinct_days": 1 }, "geometry": { "type": "Point", "coordinates": [ 83.01832, 22.23981 ] } },
{ "type": "Feature", "properties": { "final_label": "Natural Fire", "frp": 9.54, "frp_deviation": 0.91, "alert_flag": "Normal", "evidence": "cluster active 1 days; FRP 9.5 MW (0.91x cluster avg); Normal", "acq_date": "2026-03-03", "distinct_days": 1 }, "geometry": { "type": "Point", "coordinates": [ 83.01897, 22.23653 ] } },
{ "type": "Feature", "properties": { "final_label": "Natural Fire", "frp": 1.7, "frp_deviation": 0.86, "alert_flag": "Normal", "evidence": "cluster active 1 days; FRP 1.7 MW (0.86x cluster avg); Normal", "acq_date": "2026-03-03", "distinct_days": 1 }, "geometry": { "type": "Point", "coordinates": [ 82.94913, 22.13471 ] } },
{ "type": "Feature", "properties": { "final_label": "Natural Fire", "frp": 2.11, "frp_deviation": null, "alert_flag": "Normal", "evidence": "isolated detection (no persistent cluster); FRP 2.1 MW; Normal", "acq_date": "2026-03-03", "distinct_days": 0 }, "geometry": { "type": "Point", "coordinates": [ 82.75273, 22.14464 ] } },
{ "type": "Feature", "properties": { "final_label": "Natural Fire", "frp": 3.51, "frp_deviation": 1.06, "alert_flag": "Normal", "evidence": "cluster active 1 days; FRP 3.5 MW (1.06x cluster avg); Normal", "acq_date": "2026-03-03", "distinct_days": 1 }, "geometry": { "type": "Point", "coordinates": [ 82.42188, 22.11353 ] } },
{ "type": "Feature", "properties": { "final_label": "Natural Fire", "frp": 3.12, "frp_deviation": 0.94, "alert_flag": "Normal", "evidence": "cluster active 1 days; FRP 3.1 MW (0.94x cluster avg); Normal", "acq_date": "2026-03-03", "distinct_days": 1 }, "geometry": { "type": "Point", "coordinates": [ 82.41832, 22.1132 ] } },
{ "type": "Feature", "properties": { "final_label": "Natural Fire", "frp": 2.24, "frp_deviation": 1.14, "alert_flag": "Normal", "evidence": "cluster active 1 days; FRP 2.2 MW (1.14x cluster avg); Normal", "acq_date": "2026-03-03", "distinct_days": 1 }, "geometry": { "type": "Point", "coordinates": [ 82.94852, 22.13496 ] } },
{ "type": "Feature", "properties": { "final_label": "Natural Fire", "frp": 4.81, "frp_deviation": 1.0, "alert_flag": "Normal", "evidence": "cluster active 1 days; FRP 4.8 MW (1.00x cluster avg); Normal", "acq_date": "2026-03-03", "distinct_days": 1 }, "geometry": { "type": "Point", "coordinates": [ 82.34467, 22.13827 ] } },
{ "type": "Feature", "properties": { "final_label": "Natural Fire", "frp": 4.81, "frp_deviation": 1.0, "alert_flag": "Normal", "evidence": "cluster active 1 days; FRP 4.8 MW (1.00x cluster avg); Normal", "acq_date": "2026-03-03", "distinct_days": 1 }, "geometry": { "type": "Point", "coordinates": [ 82.34116, 22.13793 ] } },
{ "type": "Feature", "properties": { "final_label": "Natural Fire", "frp": 1.72, "frp_deviation": null, "alert_flag": "Normal", "evidence": "isolated detection (no persistent cluster); FRP 1.7 MW; Normal", "acq_date": "2026-03-03", "distinct_days": 0 }, "geometry": { "type": "Point", "coordinates": [ 82.64865, 22.17856 ] } },
{ "type": "Feature", "properties": { "final_label": "Natural Fire", "frp": 1.58, "frp_deviation": 0.83, "alert_flag": "Normal", "evidence": "cluster active 1 days; FRP 1.6 MW (0.83x cluster avg); Normal", "acq_date": "2026-03-03", "distinct_days": 1 }, "geometry": { "type": "Point", "coordinates": [ 82.80476, 22.22661 ] } },
{ "type": "Feature", "properties": { "final_label": "Natural Fire", "frp": 2.23, "frp_deviation": 1.17, "alert_flag": "Normal", "evidence": "cluster active 1 days; FRP 2.2 MW (1.17x cluster avg); Normal", "acq_date": "2026-03-03", "distinct_days": 1 }, "geometry": { "type": "Point", "coordinates": [ 82.80685, 22.22821 ] } },
{ "type": "Feature", "properties": { "final_label": "Natural Fire", "frp": 3.3, "frp_deviation": null, "alert_flag": "Normal", "evidence": "isolated detection (no persistent cluster); FRP 3.3 MW; Normal", "acq_date": "2026-03-03", "distinct_days": 0 }, "geometry": { "type": "Point", "coordinates": [ 82.59878, 22.24732 ] } },
{ "type": "Feature", "properties": { "final_label": "Natural Fire", "frp": 1.5, "frp_deviation": null, "alert_flag": "Normal", "evidence": "isolated detection (no persistent cluster); FRP 1.5 MW; Normal", "acq_date": "2026-03-03", "distinct_days": 0 }, "geometry": { "type": "Point", "coordinates": [ 82.94241, 22.19551 ] } },
{ "type": "Feature", "properties": { "final_label": "Natural Fire", "frp": 2.51, "frp_deviation": null, "alert_flag": "Normal", "evidence": "isolated detection (no persistent cluster); FRP 2.5 MW; Normal", "acq_date": "2026-03-03", "distinct_days": 0 }, "geometry": { "type": "Point", "coordinates": [ 82.75367, 22.26734 ] } },
{ "type": "Feature", "properties": { "final_label": "Industrial", "frp": 4.05, "frp_deviation": 1.46, "alert_flag": "Normal", "evidence": "Inside OSM industrial zone; cluster active 73 days; FRP 4.0 MW (1.46x cluster avg); Normal", "acq_date": "2026-03-04", "distinct_days": 73 }, "geometry": { "type": "Point", "coordinates": [ 82.60349, 22.33408 ] } },
{ "type": "Feature", "properties": { "final_label": "Natural Fire", "frp": 5.0, "frp_deviation": null, "alert_flag": "Normal", "evidence": "isolated detection (no persistent cluster); FRP 5.0 MW; Normal", "acq_date": "2026-03-04", "distinct_days": 0 }, "geometry": { "type": "Point", "coordinates": [ 82.59909, 22.4365 ] } },
{ "type": "Feature", "properties": { "final_label": "Natural Fire", "frp": 3.7, "frp_deviation": null, "alert_flag": "Normal", "evidence": "isolated detection (no persistent cluster); FRP 3.7 MW; Normal", "acq_date": "2026-03-04", "distinct_days": 0 }, "geometry": { "type": "Point", "coordinates": [ 82.72781, 22.44009 ] } },
{ "type": "Feature", "properties": { "final_label": "Natural Fire", "frp": 2.65, "frp_deviation": 0.71, "alert_flag": "Normal", "evidence": "cluster active 2 days; FRP 2.6 MW (0.71x cluster avg); Normal", "acq_date": "2026-03-04", "distinct_days": 2 }, "geometry": { "type": "Point", "coordinates": [ 82.79556, 22.36926 ] } },
{ "type": "Feature", "properties": { "final_label": "Industrial", "frp": 5.43, "frp_deviation": null, "alert_flag": "Normal", "evidence": "Within 1 km of OSM industrial zone; isolated detection (no persistent cluster); FRP 5.4 MW; Normal", "acq_date": "2026-03-04", "distinct_days": 0 }, "geometry": { "type": "Point", "coordinates": [ 82.30564, 22.36832 ] } },
{ "type": "Feature", "properties": { "final_label": "Natural Fire", "frp": 1.82, "frp_deviation": 0.49, "alert_flag": "Normal", "evidence": "cluster active 2 days; FRP 1.8 MW (0.49x cluster avg); Normal", "acq_date": "2026-03-04", "distinct_days": 2 }, "geometry": { "type": "Point", "coordinates": [ 82.79605, 22.36524 ] } },
{ "type": "Feature", "properties": { "final_label": "Industrial", "frp": 4.05, "frp_deviation": 1.46, "alert_flag": "Normal", "evidence": "Within 1 km of OSM industrial zone; cluster active 73 days; FRP 4.0 MW (1.46x cluster avg); Normal", "acq_date": "2026-03-04", "distinct_days": 73 }, "geometry": { "type": "Point", "coordinates": [ 82.60265, 22.33019 ] } },
{ "type": "Feature", "properties": { "final_label": "Natural Fire", "frp": 6.91, "frp_deviation": null, "alert_flag": "Normal", "evidence": "isolated detection (no persistent cluster); FRP 6.9 MW; Normal", "acq_date": "2026-03-04", "distinct_days": 0 }, "geometry": { "type": "Point", "coordinates": [ 82.36371, 22.37944 ] } },
{ "type": "Feature", "properties": { "final_label": "Industrial", "frp": 2.38, "frp_deviation": 0.85, "alert_flag": "Normal", "evidence": "Inside OSM industrial zone; cluster active 71 days; FRP 2.4 MW (0.85x cluster avg); Normal", "acq_date": "2026-03-04", "distinct_days": 71 }, "geometry": { "type": "Point", "coordinates": [ 82.57608, 22.33522 ] } },
{ "type": "Feature", "properties": { "final_label": "Natural Fire", "frp": 4.23, "frp_deviation": 0.82, "alert_flag": "Normal", "evidence": "cluster active 2 days; FRP 4.2 MW (0.82x cluster avg); Normal", "acq_date": "2026-03-04", "distinct_days": 2 }, "geometry": { "type": "Point", "coordinates": [ 82.68162, 22.16081 ] } },
{ "type": "Feature", "properties": { "final_label": "Industrial", "frp": 1.57, "frp_deviation": 0.92, "alert_flag": "Normal", "evidence": "Inside OSM industrial zone; cluster active 23 days; FRP 1.6 MW (0.92x cluster avg); Normal", "acq_date": "2026-03-04", "distinct_days": 23 }, "geometry": { "type": "Point", "coordinates": [ 82.584, 22.32159 ] } },
{ "type": "Feature", "properties": { "final_label": "Industrial", "frp": 2.38, "frp_deviation": 0.95, "alert_flag": "Normal", "evidence": "Inside OSM industrial zone; cluster active 98 days; FRP 2.4 MW (0.95x cluster avg); Normal", "acq_date": "2026-03-04", "distinct_days": 98 }, "geometry": { "type": "Point", "coordinates": [ 82.56629, 22.31688 ] } },
{ "type": "Feature", "properties": { "final_label": "Industrial", "frp": 2.62, "frp_deviation": 0.74, "alert_flag": "Normal", "evidence": "Inside OSM industrial zone; cluster active 96 days; FRP 2.6 MW (0.74x cluster avg); Normal", "acq_date": "2026-03-04", "distinct_days": 96 }, "geometry": { "type": "Point", "coordinates": [ 82.3035, 22.35876 ] } },
{ "type": "Feature", "properties": { "final_label": "Industrial", "frp": 2.4, "frp_deviation": 0.96, "alert_flag": "Normal", "evidence": "Inside OSM industrial zone; cluster active 98 days; FRP 2.4 MW (0.96x cluster avg); Normal", "acq_date": "2026-03-04", "distinct_days": 98 }, "geometry": { "type": "Point", "coordinates": [ 82.53284, 22.31518 ] } },
{ "type": "Feature", "properties": { "final_label": "Industrial", "frp": 2.62, "frp_deviation": 0.74, "alert_flag": "Normal", "evidence": "Inside OSM industrial zone; cluster active 96 days; FRP 2.6 MW (0.74x cluster avg); Normal", "acq_date": "2026-03-04", "distinct_days": 96 }, "geometry": { "type": "Point", "coordinates": [ 82.3027, 22.35493 ] } },
{ "type": "Feature", "properties": { "final_label": "Industrial", "frp": 3.8, "frp_deviation": 1.51, "alert_flag": "Normal", "evidence": "Inside OSM industrial zone; cluster active 98 days; FRP 3.8 MW (1.51x cluster avg); Normal", "acq_date": "2026-03-04", "distinct_days": 98 }, "geometry": { "type": "Point", "coordinates": [ 82.52673, 22.31232 ] } },
{ "type": "Feature", "properties": { "final_label": "Natural Fire", "frp": 1.83, "frp_deviation": null, "alert_flag": "Normal", "evidence": "isolated detection (no persistent cluster); FRP 1.8 MW; Normal", "acq_date": "2026-03-04", "distinct_days": 0 }, "geometry": { "type": "Point", "coordinates": [ 82.69235, 22.15874 ] } },
{ "type": "Feature", "properties": { "final_label": "Industrial", "frp": 15.28, "frp_deviation": 5.52, "alert_flag": "Abnormal spike", "evidence": "Inside OSM industrial zone; cluster active 73 days; FRP 15.3 MW (5.52x cluster avg); Abnormal spike", "acq_date": "2026-03-04", "distinct_days": 73 }, "geometry": { "type": "Point", "coordinates": [ 82.60545, 22.32956 ] } },
{ "type": "Feature", "properties": { "final_label": "Industrial", "frp": 2.03, "frp_deviation": 0.9, "alert_flag": "Normal", "evidence": "Inside OSM industrial zone; cluster active 61 days; FRP 2.0 MW (0.90x cluster avg); Normal", "acq_date": "2026-03-04", "distinct_days": 61 }, "geometry": { "type": "Point", "coordinates": [ 82.55374, 22.33541 ] } },
{ "type": "Feature", "properties": { "final_label": "Natural Fire", "frp": 3.45, "frp_deviation": null, "alert_flag": "Normal", "evidence": "isolated detection (no persistent cluster); FRP 3.5 MW; Normal", "acq_date": "2026-03-04", "distinct_days": 0 }, "geometry": { "type": "Point", "coordinates": [ 82.92347, 22.3644 ] } },
{ "type": "Feature", "properties": { "final_label": "Natural Fire", "frp": 3.02, "frp_deviation": null, "alert_flag": "Normal", "evidence": "isolated detection (no persistent cluster); FRP 3.0 MW; Normal", "acq_date": "2026-03-04", "distinct_days": 0 }, "geometry": { "type": "Point", "coordinates": [ 83.02137, 22.50874 ] } },
{ "type": "Feature", "properties": { "final_label": "Natural Fire", "frp": 7.87, "frp_deviation": 1.68, "alert_flag": "Normal", "evidence": "cluster active 1 days; FRP 7.9 MW (1.68x cluster avg); Normal", "acq_date": "2026-03-04", "distinct_days": 1 }, "geometry": { "type": "Point", "coordinates": [ 82.92354, 22.30269 ] } },
{ "type": "Feature", "properties": { "final_label": "Natural Fire", "frp": 6.16, "frp_deviation": 0.87, "alert_flag": "Normal", "evidence": "cluster active 1 days; FRP 6.2 MW (0.87x cluster avg); Normal", "acq_date": "2026-03-04", "distinct_days": 1 }, "geometry": { "type": "Point", "coordinates": [ 82.67922, 22.11128 ] } },
{ "type": "Feature", "properties": { "final_label": "Natural Fire", "frp": 7.93, "frp_deviation": 1.13, "alert_flag": "Normal", "evidence": "cluster active 1 days; FRP 7.9 MW (1.13x cluster avg); Normal", "acq_date": "2026-03-04", "distinct_days": 1 }, "geometry": { "type": "Point", "coordinates": [ 82.67867, 22.11526 ] } },
{ "type": "Feature", "properties": { "final_label": "Natural Fire", "frp": 4.46, "frp_deviation": null, "alert_flag": "Normal", "evidence": "isolated detection (no persistent cluster); FRP 4.5 MW; Normal", "acq_date": "2026-03-04", "distinct_days": 0 }, "geometry": { "type": "Point", "coordinates": [ 82.94595, 22.17261 ] } },
{ "type": "Feature", "properties": { "final_label": "Natural Fire", "frp": 3.21, "frp_deviation": null, "alert_flag": "Normal", "evidence": "isolated detection (no persistent cluster); FRP 3.2 MW; Normal", "acq_date": "2026-03-04", "distinct_days": 0 }, "geometry": { "type": "Point", "coordinates": [ 82.79657, 22.22516 ] } },
{ "type": "Feature", "properties": { "final_label": "Natural Fire", "frp": 2.16, "frp_deviation": 0.5, "alert_flag": "Normal", "evidence": "cluster active 1 days; FRP 2.2 MW (0.50x cluster avg); Normal", "acq_date": "2026-03-04", "distinct_days": 1 }, "geometry": { "type": "Point", "coordinates": [ 82.76555, 22.22953 ] } },
{ "type": "Feature", "properties": { "final_label": "Natural Fire", "frp": 6.56, "frp_deviation": 1.5, "alert_flag": "Normal", "evidence": "cluster active 1 days; FRP 6.6 MW (1.50x cluster avg); Normal", "acq_date": "2026-03-04", "distinct_days": 1 }, "geometry": { "type": "Point", "coordinates": [ 82.76499, 22.23353 ] } },
{ "type": "Feature", "properties": { "final_label": "Natural Fire", "frp": 15.62, "frp_deviation": null, "alert_flag": "Normal", "evidence": "isolated detection (no persistent cluster); FRP 15.6 MW; Normal", "acq_date": "2026-03-04", "distinct_days": 0 }, "geometry": { "type": "Point", "coordinates": [ 82.51272, 22.21453 ] } },
{ "type": "Feature", "properties": { "final_label": "Natural Fire", "frp": 19.42, "frp_deviation": 1.2, "alert_flag": "Normal", "evidence": "cluster active 1 days; FRP 19.4 MW (1.20x cluster avg); Normal", "acq_date": "2026-03-04", "distinct_days": 1 }, "geometry": { "type": "Point", "coordinates": [ 82.54804, 22.23902 ] } },
{ "type": "Feature", "properties": { "final_label": "Natural Fire", "frp": 4.24, "frp_deviation": 1.05, "alert_flag": "Normal", "evidence": "cluster active 2 days; FRP 4.2 MW (1.05x cluster avg); Normal", "acq_date": "2026-03-04", "distinct_days": 2 }, "geometry": { "type": "Point", "coordinates": [ 82.83875, 22.27936 ] } },
{ "type": "Feature", "properties": { "final_label": "Natural Fire", "frp": 6.05, "frp_deviation": 1.61, "alert_flag": "Normal", "evidence": "cluster active 2 days; FRP 6.0 MW (1.61x cluster avg); Normal", "acq_date": "2026-03-04", "distinct_days": 2 }, "geometry": { "type": "Point", "coordinates": [ 82.68571, 22.16712 ] } },
{ "type": "Feature", "properties": { "final_label": "Natural Fire", "frp": 8.0, "frp_deviation": null, "alert_flag": "Normal", "evidence": "isolated detection (no persistent cluster); FRP 8.0 MW; Normal", "acq_date": "2026-03-04", "distinct_days": 0 }, "geometry": { "type": "Point", "coordinates": [ 82.52393, 22.23515 ] } },
{ "type": "Feature", "properties": { "final_label": "Natural Fire", "frp": 12.94, "frp_deviation": 0.8, "alert_flag": "Normal", "evidence": "cluster active 1 days; FRP 12.9 MW (0.80x cluster avg); Normal", "acq_date": "2026-03-04", "distinct_days": 1 }, "geometry": { "type": "Point", "coordinates": [ 82.54577, 22.23774 ] } },
{ "type": "Feature", "properties": { "final_label": "Natural Fire", "frp": 1.49, "frp_deviation": 0.32, "alert_flag": "Normal", "evidence": "cluster active 1 days; FRP 1.5 MW (0.32x cluster avg); Normal", "acq_date": "2026-03-04", "distinct_days": 1 }, "geometry": { "type": "Point", "coordinates": [ 82.92728, 22.30313 ] } },
{ "type": "Feature", "properties": { "final_label": "Natural Fire", "frp": 5.08, "frp_deviation": 1.33, "alert_flag": "Normal", "evidence": "cluster active 1 days; FRP 5.1 MW (1.33x cluster avg); Normal", "acq_date": "2026-03-04", "distinct_days": 1 }, "geometry": { "type": "Point", "coordinates": [ 82.93275, 22.29554 ] } },
{ "type": "Feature", "properties": { "final_label": "Natural Fire", "frp": 8.01, "frp_deviation": null, "alert_flag": "Normal", "evidence": "isolated detection (no persistent cluster); FRP 8.0 MW; Normal", "acq_date": "2026-03-04", "distinct_days": 0 }, "geometry": { "type": "Point", "coordinates": [ 82.52828, 22.24369 ] } },
{ "type": "Feature", "properties": { "final_label": "Natural Fire", "frp": 3.37, "frp_deviation": null, "alert_flag": "Normal", "evidence": "isolated detection (no persistent cluster); FRP 3.4 MW; Normal", "acq_date": "2026-03-04", "distinct_days": 0 }, "geometry": { "type": "Point", "coordinates": [ 82.87972, 22.31394 ] } },
{ "type": "Feature", "properties": { "final_label": "Natural Fire", "frp": 3.83, "frp_deviation": 0.95, "alert_flag": "Normal", "evidence": "cluster active 2 days; FRP 3.8 MW (0.95x cluster avg); Normal", "acq_date": "2026-03-04", "distinct_days": 2 }, "geometry": { "type": "Point", "coordinates": [ 82.83832, 22.28038 ] } },
{ "type": "Feature", "properties": { "final_label": "Natural Fire", "frp": 2.54, "frp_deviation": 0.67, "alert_flag": "Normal", "evidence": "cluster active 1 days; FRP 2.5 MW (0.67x cluster avg); Normal", "acq_date": "2026-03-04", "distinct_days": 1 }, "geometry": { "type": "Point", "coordinates": [ 82.93339, 22.2915 ] } },
{ "type": "Feature", "properties": { "final_label": "Natural Fire", "frp": 5.58, "frp_deviation": null, "alert_flag": "Normal", "evidence": "isolated detection (no persistent cluster); FRP 5.6 MW; Normal", "acq_date": "2026-03-04", "distinct_days": 0 }, "geometry": { "type": "Point", "coordinates": [ 82.45908, 22.22743 ] } },
{ "type": "Feature", "properties": { "final_label": "Natural Fire", "frp": 4.47, "frp_deviation": null, "alert_flag": "Normal", "evidence": "isolated detection (no persistent cluster); FRP 4.5 MW; Normal", "acq_date": "2026-03-05", "distinct_days": 0 }, "geometry": { "type": "Point", "coordinates": [ 82.65472, 22.31304 ] } },
{ "type": "Feature", "properties": { "final_label": "Natural Fire", "frp": 2.77, "frp_deviation": 0.62, "alert_flag": "Normal", "evidence": "cluster active 1 days; FRP 2.8 MW (0.62x cluster avg); Normal", "acq_date": "2026-03-05", "distinct_days": 1 }, "geometry": { "type": "Point", "coordinates": [ 82.59019, 22.26928 ] } },
{ "type": "Feature", "properties": { "final_label": "Industrial", "frp": 4.79, "frp_deviation": 1.91, "alert_flag": "Normal", "evidence": "Inside OSM industrial zone; cluster active 98 days; FRP 4.8 MW (1.91x cluster avg); Normal", "acq_date": "2026-03-05", "distinct_days": 98 }, "geometry": { "type": "Point", "coordinates": [ 82.53255, 22.315 ] } },
{ "type": "Feature", "properties": { "final_label": "Industrial", "frp": 15.02, "frp_deviation": 5.43, "alert_flag": "Abnormal spike", "evidence": "Inside OSM industrial zone; cluster active 73 days; FRP 15.0 MW (5.43x cluster avg); Abnormal spike", "acq_date": "2026-03-05", "distinct_days": 73 }, "geometry": { "type": "Point", "coordinates": [ 82.60616, 22.32946 ] } },
{ "type": "Feature", "properties": { "final_label": "Natural Fire", "frp": 5.72, "frp_deviation": null, "alert_flag": "Normal", "evidence": "isolated detection (no persistent cluster); FRP 5.7 MW; Normal", "acq_date": "2026-03-05", "distinct_days": 0 }, "geometry": { "type": "Point", "coordinates": [ 82.46157, 22.30768 ] } },
{ "type": "Feature", "properties": { "final_label": "Natural Fire", "frp": 6.93, "frp_deviation": null, "alert_flag": "Normal", "evidence": "isolated detection (no persistent cluster); FRP 6.9 MW; Normal", "acq_date": "2026-03-05", "distinct_days": 0 }, "geometry": { "type": "Point", "coordinates": [ 82.4493, 22.31259 ] } },
{ "type": "Feature", "properties": { "final_label": "Industrial", "frp": 3.69, "frp_deviation": 1.64, "alert_flag": "Normal", "evidence": "Inside OSM industrial zone; cluster active 61 days; FRP 3.7 MW (1.64x cluster avg); Normal", "acq_date": "2026-03-05", "distinct_days": 61 }, "geometry": { "type": "Point", "coordinates": [ 82.55563, 22.3354 ] } },
{ "type": "Feature", "properties": { "final_label": "Natural Fire", "frp": 4.34, "frp_deviation": null, "alert_flag": "Normal", "evidence": "isolated detection (no persistent cluster); FRP 4.3 MW; Normal", "acq_date": "2026-03-05", "distinct_days": 0 }, "geometry": { "type": "Point", "coordinates": [ 82.37943, 22.3426 ] } },
{ "type": "Feature", "properties": { "final_label": "Natural Fire", "frp": 5.72, "frp_deviation": null, "alert_flag": "Normal", "evidence": "isolated detection (no persistent cluster); FRP 5.7 MW; Normal", "acq_date": "2026-03-05", "distinct_days": 0 }, "geometry": { "type": "Point", "coordinates": [ 82.61643, 22.50763 ] } },
{ "type": "Feature", "properties": { "final_label": "Natural Fire", "frp": 1.18, "frp_deviation": null, "alert_flag": "Normal", "evidence": "isolated detection (no persistent cluster); FRP 1.2 MW; Normal", "acq_date": "2026-03-05", "distinct_days": 0 }, "geometry": { "type": "Point", "coordinates": [ 82.7822, 22.36854 ] } },
{ "type": "Feature", "properties": { "final_label": "Industrial", "frp": 0.72, "frp_deviation": 0.45, "alert_flag": "Normal", "evidence": "Inside OSM industrial zone; cluster active 16 days; FRP 0.7 MW (0.45x cluster avg); Normal", "acq_date": "2026-03-05", "distinct_days": 16 }, "geometry": { "type": "Point", "coordinates": [ 82.67505, 22.32476 ] } },
{ "type": "Feature", "properties": { "final_label": "Industrial", "frp": 2.23, "frp_deviation": 0.81, "alert_flag": "Normal", "evidence": "Within 1 km of OSM industrial zone; cluster active 73 days; FRP 2.2 MW (0.81x cluster avg); Normal", "acq_date": "2026-03-05", "distinct_days": 73 }, "geometry": { "type": "Point", "coordinates": [ 82.60423, 22.3327 ] } },
{ "type": "Feature", "properties": { "final_label": "Natural Fire", "frp": 1.99, "frp_deviation": null, "alert_flag": "Normal", "evidence": "isolated detection (no persistent cluster); FRP 2.0 MW; Normal", "acq_date": "2026-03-05", "distinct_days": 0 }, "geometry": { "type": "Point", "coordinates": [ 82.93865, 22.37222 ] } },
{ "type": "Feature", "properties": { "final_label": "Industrial", "frp": 1.44, "frp_deviation": 0.41, "alert_flag": "Normal", "evidence": "Inside OSM industrial zone; cluster active 96 days; FRP 1.4 MW (0.41x cluster avg); Normal", "acq_date": "2026-03-05", "distinct_days": 96 }, "geometry": { "type": "Point", "coordinates": [ 82.30458, 22.35657 ] } },
{ "type": "Feature", "properties": { "final_label": "Industrial", "frp": 2.75, "frp_deviation": 0.99, "alert_flag": "Normal", "evidence": "Inside OSM industrial zone; cluster active 71 days; FRP 2.8 MW (0.99x cluster avg); Normal", "acq_date": "2026-03-05", "distinct_days": 71 }, "geometry": { "type": "Point", "coordinates": [ 82.57407, 22.33413 ] } },
{ "type": "Feature", "properties": { "final_label": "Industrial", "frp": 2.23, "frp_deviation": 0.81, "alert_flag": "Normal", "evidence": "Within 1 km of OSM industrial zone; cluster active 73 days; FRP 2.2 MW (0.81x cluster avg); Normal", "acq_date": "2026-03-05", "distinct_days": 73 }, "geometry": { "type": "Point", "coordinates": [ 82.60361, 22.32941 ] } },
{ "type": "Feature", "properties": { "final_label": "Industrial", "frp": 1.36, "frp_deviation": 0.79, "alert_flag": "Normal", "evidence": "Inside OSM industrial zone; cluster active 23 days; FRP 1.4 MW (0.79x cluster avg); Normal", "acq_date": "2026-03-05", "distinct_days": 23 }, "geometry": { "type": "Point", "coordinates": [ 82.58333, 22.3225 ] } },
{ "type": "Feature", "properties": { "final_label": "Industrial", "frp": 1.31, "frp_deviation": 0.76, "alert_flag": "Normal", "evidence": "Within 1 km of OSM industrial zone; cluster active 23 days; FRP 1.3 MW (0.76x cluster avg); Normal", "acq_date": "2026-03-05", "distinct_days": 23 }, "geometry": { "type": "Point", "coordinates": [ 82.59441, 22.32073 ] } },
{ "type": "Feature", "properties": { "final_label": "Industrial", "frp": 3.73, "frp_deviation": 1.49, "alert_flag": "Normal", "evidence": "Inside OSM industrial zone; cluster active 98 days; FRP 3.7 MW (1.49x cluster avg); Normal", "acq_date": "2026-03-05", "distinct_days": 98 }, "geometry": { "type": "Point", "coordinates": [ 82.56734, 22.31829 ] } },
{ "type": "Feature", "properties": { "final_label": "Industrial", "frp": 1.38, "frp_deviation": 0.39, "alert_flag": "Normal", "evidence": "Inside OSM industrial zone; cluster active 96 days; FRP 1.4 MW (0.39x cluster avg); Normal", "acq_date": "2026-03-05", "distinct_days": 96 }, "geometry": { "type": "Point", "coordinates": [ 82.30149, 22.36044 ] } },
{ "type": "Feature", "properties": { "final_label": "Industrial", "frp": 1.44, "frp_deviation": 0.41, "alert_flag": "Normal", "evidence": "Inside OSM industrial zone; cluster active 96 days; FRP 1.4 MW (0.41x cluster avg); Normal", "acq_date": "2026-03-05", "distinct_days": 96 }, "geometry": { "type": "Point", "coordinates": [ 82.30516, 22.35984 ] } },
{ "type": "Feature", "properties": { "final_label": "Industrial", "frp": 1.38, "frp_deviation": 0.39, "alert_flag": "Normal", "evidence": "Inside OSM industrial zone; cluster active 96 days; FRP 1.4 MW (0.39x cluster avg); Normal", "acq_date": "2026-03-05", "distinct_days": 96 }, "geometry": { "type": "Point", "coordinates": [ 82.30089, 22.35715 ] } },
{ "type": "Feature", "properties": { "final_label": "Natural Fire", "frp": 2.77, "frp_deviation": 0.62, "alert_flag": "Normal", "evidence": "cluster active 1 days; FRP 2.8 MW (0.62x cluster avg); Normal", "acq_date": "2026-03-05", "distinct_days": 1 }, "geometry": { "type": "Point", "coordinates": [ 82.59077, 22.26598 ] } },
{ "type": "Feature", "properties": { "final_label": "Industrial", "frp": 2.18, "frp_deviation": 0.87, "alert_flag": "Normal", "evidence": "Inside OSM industrial zone; cluster active 98 days; FRP 2.2 MW (0.87x cluster avg); Normal", "acq_date": "2026-03-05", "distinct_days": 98 }, "geometry": { "type": "Point", "coordinates": [ 82.52921, 22.3176 ] } },
{ "type": "Feature", "properties": { "final_label": "Industrial", "frp": 1.28, "frp_deviation": 0.51, "alert_flag": "Normal", "evidence": "Inside OSM industrial zone; cluster active 98 days; FRP 1.3 MW (0.51x cluster avg); Normal", "acq_date": "2026-03-05", "distinct_days": 98 }, "geometry": { "type": "Point", "coordinates": [ 82.53289, 22.31701 ] } },
{ "type": "Feature", "properties": { "final_label": "Industrial", "frp": 1.32, "frp_deviation": 0.53, "alert_flag": "Normal", "evidence": "Inside OSM industrial zone; cluster active 98 days; FRP 1.3 MW (0.53x cluster avg); Normal", "acq_date": "2026-03-05", "distinct_days": 98 }, "geometry": { "type": "Point", "coordinates": [ 82.51383, 22.31666 ] } },
{ "type": "Feature", "properties": { "final_label": "Industrial", "frp": 1.28, "frp_deviation": 0.51, "alert_flag": "Normal", "evidence": "Within 1 km of OSM industrial zone; cluster active 98 days; FRP 1.3 MW (0.51x cluster avg); Normal", "acq_date": "2026-03-05", "distinct_days": 98 }, "geometry": { "type": "Point", "coordinates": [ 82.5323, 22.31372 ] } },
{ "type": "Feature", "properties": { "final_label": "Natural Fire", "frp": 1.57, "frp_deviation": null, "alert_flag": "Normal", "evidence": "isolated detection (no persistent cluster); FRP 1.6 MW; Normal", "acq_date": "2026-03-05", "distinct_days": 0 }, "geometry": { "type": "Point", "coordinates": [ 82.90585, 22.2537 ] } },
{ "type": "Feature", "properties": { "final_label": "Industrial", "frp": 1.99, "frp_deviation": 0.88, "alert_flag": "Normal", "evidence": "Inside OSM industrial zone; cluster active 61 days; FRP 2.0 MW (0.88x cluster avg); Normal", "acq_date": "2026-03-05", "distinct_days": 61 }, "geometry": { "type": "Point", "coordinates": [ 82.55559, 22.33708 ] } },
{ "type": "Feature", "properties": { "final_label": "Natural Fire", "frp": 5.34, "frp_deviation": 1.19, "alert_flag": "Normal", "evidence": "cluster active 1 days; FRP 5.3 MW (1.19x cluster avg); Normal", "acq_date": "2026-03-05", "distinct_days": 1 }, "geometry": { "type": "Point", "coordinates": [ 82.58764, 22.26213 ] } },
{ "type": "Feature", "properties": { "final_label": "Industrial", "frp": 2.23, "frp_deviation": 0.81, "alert_flag": "Normal", "evidence": "Within 1 km of OSM industrial zone; cluster active 73 days; FRP 2.2 MW (0.81x cluster avg); Normal", "acq_date": "2026-03-05", "distinct_days": 73 }, "geometry": { "type": "Point", "coordinates": [ 82.60792, 22.33211 ] } },
{ "type": "Feature", "properties": { "final_label": "Natural Fire", "frp": 5.34, "frp_deviation": 1.19, "alert_flag": "Normal", "evidence": "cluster active 1 days; FRP 5.3 MW (1.19x cluster avg); Normal", "acq_date": "2026-03-05", "distinct_days": 1 }, "geometry": { "type": "Point", "coordinates": [ 82.58821, 22.25883 ] } },
{ "type": "Feature", "properties": { "final_label": "Natural Fire", "frp": 5.34, "frp_deviation": 1.19, "alert_flag": "Normal", "evidence": "cluster active 1 days; FRP 5.3 MW (1.19x cluster avg); Normal", "acq_date": "2026-03-05", "distinct_days": 1 }, "geometry": { "type": "Point", "coordinates": [ 82.59134, 22.26268 ] } },
{ "type": "Feature", "properties": { "final_label": "Natural Fire", "frp": 5.12, "frp_deviation": 0.77, "alert_flag": "Normal", "evidence": "cluster active 1 days; FRP 5.1 MW (0.77x cluster avg); Normal", "acq_date": "2026-03-05", "distinct_days": 1 }, "geometry": { "type": "Point", "coordinates": [ 83.0209, 22.11648 ] } },
{ "type": "Feature", "properties": { "final_label": "Natural Fire", "frp": 8.13, "frp_deviation": 1.23, "alert_flag": "Normal", "evidence": "cluster active 1 days; FRP 8.1 MW (1.23x cluster avg); Normal", "acq_date": "2026-03-05", "distinct_days": 1 }, "geometry": { "type": "Point", "coordinates": [ 83.02035, 22.11979 ] } },
{ "type": "Feature", "properties": { "final_label": "Natural Fire", "frp": 2.07, "frp_deviation": null, "alert_flag": "Normal", "evidence": "isolated detection (no persistent cluster); FRP 2.1 MW; Normal", "acq_date": "2026-03-05", "distinct_days": 0 }, "geometry": { "type": "Point", "coordinates": [ 82.99496, 22.13288 ] } },
{ "type": "Feature", "properties": { "final_label": "Natural Fire", "frp": 11.24, "frp_deviation": null, "alert_flag": "Normal", "evidence": "isolated detection (no persistent cluster); FRP 11.2 MW; Normal", "acq_date": "2026-03-05", "distinct_days": 0 }, "geometry": { "type": "Point", "coordinates": [ 82.9166, 22.1213 ] } },
{ "type": "Feature", "properties": { "final_label": "Industrial", "frp": 7.65, "frp_deviation": 1.5, "alert_flag": "Normal", "evidence": "Within 1 km of OSM industrial zone; cluster active 1 days; FRP 7.7 MW (1.50x cluster avg); Normal", "acq_date": "2026-03-05", "distinct_days": 1 }, "geometry": { "type": "Point", "coordinates": [ 82.69037, 22.10792 ] } },
{ "type": "Feature", "properties": { "final_label": "Industrial", "frp": 2.58, "frp_deviation": 0.5, "alert_flag": "Normal", "evidence": "Within 1 km of OSM industrial zone; cluster active 1 days; FRP 2.6 MW (0.50x cluster avg); Normal", "acq_date": "2026-03-05", "distinct_days": 1 }, "geometry": { "type": "Point", "coordinates": [ 82.6898, 22.11122 ] } },
{ "type": "Feature", "properties": { "final_label": "Natural Fire", "frp": 2.45, "frp_deviation": null, "alert_flag": "Normal", "evidence": "isolated detection (no persistent cluster); FRP 2.5 MW; Normal", "acq_date": "2026-03-05", "distinct_days": 0 }, "geometry": { "type": "Point", "coordinates": [ 82.89789, 22.1626 ] } },
{ "type": "Feature", "properties": { "final_label": "Natural Fire", "frp": 4.83, "frp_deviation": null, "alert_flag": "Normal", "evidence": "isolated detection (no persistent cluster); FRP 4.8 MW; Normal", "acq_date": "2026-03-05", "distinct_days": 0 }, "geometry": { "type": "Point", "coordinates": [ 82.68895, 22.13817 ] } },
{ "type": "Feature", "properties": { "final_label": "Natural Fire", "frp": 14.28, "frp_deviation": 1.0, "alert_flag": "Normal", "evidence": "cluster active 1 days; FRP 14.3 MW (1.00x cluster avg); Normal", "acq_date": "2026-03-05", "distinct_days": 1 }, "geometry": { "type": "Point", "coordinates": [ 82.70148, 22.1536 ] } },
{ "type": "Feature", "properties": { "final_label": "Natural Fire", "frp": 14.28, "frp_deviation": 1.0, "alert_flag": "Normal", "evidence": "cluster active 1 days; FRP 14.3 MW (1.00x cluster avg); Normal", "acq_date": "2026-03-05", "distinct_days": 1 }, "geometry": { "type": "Point", "coordinates": [ 82.70091, 22.1569 ] } },
{ "type": "Feature", "properties": { "final_label": "Natural Fire", "frp": 14.28, "frp_deviation": 1.0, "alert_flag": "Normal", "evidence": "cluster active 1 days; FRP 14.3 MW (1.00x cluster avg); Normal", "acq_date": "2026-03-05", "distinct_days": 1 }, "geometry": { "type": "Point", "coordinates": [ 82.69719, 22.15634 ] } },
{ "type": "Feature", "properties": { "final_label": "Natural Fire", "frp": 6.15, "frp_deviation": 1.18, "alert_flag": "Normal", "evidence": "cluster active 2 days; FRP 6.2 MW (1.18x cluster avg); Normal", "acq_date": "2026-03-05", "distinct_days": 2 }, "geometry": { "type": "Point", "coordinates": [ 82.68121, 22.16071 ] } },
{ "type": "Feature", "properties": { "final_label": "Natural Fire", "frp": 3.8, "frp_deviation": null, "alert_flag": "Normal", "evidence": "isolated detection (no persistent cluster); FRP 3.8 MW; Normal", "acq_date": "2026-03-05", "distinct_days": 0 }, "geometry": { "type": "Point", "coordinates": [ 82.30576, 22.11405 ] } },
{ "type": "Feature", "properties": { "final_label": "Natural Fire", "frp": 2.45, "frp_deviation": null, "alert_flag": "Normal", "evidence": "isolated detection (no persistent cluster); FRP 2.5 MW; Normal", "acq_date": "2026-03-05", "distinct_days": 0 }, "geometry": { "type": "Point", "coordinates": [ 82.88191, 22.16701 ] } },
{ "type": "Feature", "properties": { "final_label": "Natural Fire", "frp": 2.18, "frp_deviation": 0.5, "alert_flag": "Normal", "evidence": "cluster active 2 days; FRP 2.2 MW (0.50x cluster avg); Normal", "acq_date": "2026-03-05", "distinct_days": 2 }, "geometry": { "type": "Point", "coordinates": [ 82.80518, 22.19284 ] } },
{ "type": "Feature", "properties": { "final_label": "Natural Fire", "frp": 8.61, "frp_deviation": null, "alert_flag": "Normal", "evidence": "isolated detection (no persistent cluster); FRP 8.6 MW; Normal", "acq_date": "2026-03-05", "distinct_days": 0 }, "geometry": { "type": "Point", "coordinates": [ 82.90192, 22.20729 ] } },
{ "type": "Feature", "properties": { "final_label": "Natural Fire", "frp": 1.07, "frp_deviation": null, "alert_flag": "Normal", "evidence": "isolated detection (no persistent cluster); FRP 1.1 MW; Normal", "acq_date": "2026-03-05", "distinct_days": 0 }, "geometry": { "type": "Point", "coordinates": [ 82.93459, 22.30725 ] } },
{ "type": "Feature", "properties": { "final_label": "Natural Fire", "frp": 4.83, "frp_deviation": 0.97, "alert_flag": "Normal", "evidence": "cluster active 2 days; FRP 4.8 MW (0.97x cluster avg); Normal", "acq_date": "2026-03-05", "distinct_days": 2 }, "geometry": { "type": "Point", "coordinates": [ 82.66841, 22.25735 ] } },
{ "type": "Feature", "properties": { "final_label": "Natural Fire", "frp": 1.45, "frp_deviation": null, "alert_flag": "Normal", "evidence": "isolated detection (no persistent cluster); FRP 1.4 MW; Normal", "acq_date": "2026-03-05", "distinct_days": 0 }, "geometry": { "type": "Point", "coordinates": [ 82.94121, 22.29127 ] } },
{ "type": "Feature", "properties": { "final_label": "Natural Fire", "frp": 2.48, "frp_deviation": 0.97, "alert_flag": "Normal", "evidence": "cluster active 2 days; FRP 2.5 MW (0.97x cluster avg); Normal", "acq_date": "2026-03-05", "distinct_days": 2 }, "geometry": { "type": "Point", "coordinates": [ 82.90446, 22.28242 ] } },
{ "type": "Feature", "properties": { "final_label": "Natural Fire", "frp": 3.15, "frp_deviation": null, "alert_flag": "Normal", "evidence": "isolated detection (no persistent cluster); FRP 3.1 MW; Normal", "acq_date": "2026-03-05", "distinct_days": 0 }, "geometry": { "type": "Point", "coordinates": [ 83.03963, 22.29905 ] } },
{ "type": "Feature", "properties": { "final_label": "Natural Fire", "frp": 1.76, "frp_deviation": 0.69, "alert_flag": "Normal", "evidence": "cluster active 2 days; FRP 1.8 MW (0.69x cluster avg); Normal", "acq_date": "2026-03-05", "distinct_days": 2 }, "geometry": { "type": "Point", "coordinates": [ 82.90074, 22.28187 ] } },
{ "type": "Feature", "properties": { "final_label": "Natural Fire", "frp": 5.34, "frp_deviation": 1.19, "alert_flag": "Normal", "evidence": "cluster active 1 days; FRP 5.3 MW (1.19x cluster avg); Normal", "acq_date": "2026-03-05", "distinct_days": 1 }, "geometry": { "type": "Point", "coordinates": [ 82.59192, 22.25939 ] } },
{ "type": "Feature", "properties": { "final_label": "Natural Fire", "frp": 1.63, "frp_deviation": null, "alert_flag": "Normal", "evidence": "isolated detection (no persistent cluster); FRP 1.6 MW; Normal", "acq_date": "2026-03-05", "distinct_days": 0 }, "geometry": { "type": "Point", "coordinates": [ 82.83018, 22.24765 ] } },
{ "type": "Feature", "properties": { "final_label": "Natural Fire", "frp": 3.34, "frp_deviation": null, "alert_flag": "Normal", "evidence": "isolated detection (no persistent cluster); FRP 3.3 MW; Normal", "acq_date": "2026-03-05", "distinct_days": 0 }, "geometry": { "type": "Point", "coordinates": [ 82.58202, 22.1627 ] } },
{ "type": "Feature", "properties": { "final_label": "Natural Fire", "frp": 4.18, "frp_deviation": null, "alert_flag": "Normal", "evidence": "isolated detection (no persistent cluster); FRP 4.2 MW; Normal", "acq_date": "2026-03-05", "distinct_days": 0 }, "geometry": { "type": "Point", "coordinates": [ 82.79404, 22.19118 ] } },
{ "type": "Feature", "properties": { "final_label": "Natural Fire", "frp": 4.72, "frp_deviation": 1.08, "alert_flag": "Normal", "evidence": "cluster active 2 days; FRP 4.7 MW (1.08x cluster avg); Normal", "acq_date": "2026-03-05", "distinct_days": 2 }, "geometry": { "type": "Point", "coordinates": [ 82.80146, 22.19229 ] } },
{ "type": "Feature", "properties": { "final_label": "Natural Fire", "frp": 3.2, "frp_deviation": null, "alert_flag": "Normal", "evidence": "isolated detection (no persistent cluster); FRP 3.2 MW; Normal", "acq_date": "2026-03-05", "distinct_days": 0 }, "geometry": { "type": "Point", "coordinates": [ 82.6353, 22.22868 ] } },
{ "type": "Feature", "properties": { "final_label": "Industrial", "frp": 1.65, "frp_deviation": 0.47, "alert_flag": "Normal", "evidence": "Inside OSM industrial zone; cluster active 96 days; FRP 1.6 MW (0.47x cluster avg); Normal", "acq_date": "2026-03-06", "distinct_days": 96 }, "geometry": { "type": "Point", "coordinates": [ 82.30019, 22.36146 ] } },
{ "type": "Feature", "properties": { "final_label": "Industrial", "frp": 7.88, "frp_deviation": 2.85, "alert_flag": "Abnormal spike", "evidence": "Inside OSM industrial zone; cluster active 73 days; FRP 7.9 MW (2.85x cluster avg); Abnormal spike", "acq_date": "2026-03-06", "distinct_days": 73 }, "geometry": { "type": "Point", "coordinates": [ 82.6067, 22.33041 ] } },
{ "type": "Feature", "properties": { "final_label": "Industrial", "frp": 2.62, "frp_deviation": 1.16, "alert_flag": "Normal", "evidence": "Inside OSM industrial zone; cluster active 61 days; FRP 2.6 MW (1.16x cluster avg); Normal", "acq_date": "2026-03-06", "distinct_days": 61 }, "geometry": { "type": "Point", "coordinates": [ 82.5559, 22.33692 ] } },
{ "type": "Feature", "properties": { "final_label": "Industrial", "frp": 2.81, "frp_deviation": 1.01, "alert_flag": "Normal", "evidence": "Inside OSM industrial zone; cluster active 71 days; FRP 2.8 MW (1.01x cluster avg); Normal", "acq_date": "2026-03-06", "distinct_days": 71 }, "geometry": { "type": "Point", "coordinates": [ 82.5761, 22.33433 ] } },
{ "type": "Feature", "properties": { "final_label": "Industrial", "frp": 1.37, "frp_deviation": 1.14, "alert_flag": "Normal", "evidence": "Inside OSM industrial zone; cluster active 16 days; FRP 1.4 MW (1.14x cluster avg); Normal", "acq_date": "2026-03-06", "distinct_days": 16 }, "geometry": { "type": "Point", "coordinates": [ 82.53424, 22.33187 ] } },
{ "type": "Feature", "properties": { "final_label": "Industrial", "frp": 1.47, "frp_deviation": 0.59, "alert_flag": "Normal", "evidence": "Inside OSM industrial zone; cluster active 98 days; FRP 1.5 MW (0.59x cluster avg); Normal", "acq_date": "2026-03-06", "distinct_days": 98 }, "geometry": { "type": "Point", "coordinates": [ 82.51463, 22.31654 ] } },
{ "type": "Feature", "properties": { "final_label": "Industrial", "frp": 1.47, "frp_deviation": 0.86, "alert_flag": "Normal", "evidence": "Inside OSM industrial zone; cluster active 23 days; FRP 1.5 MW (0.86x cluster avg); Normal", "acq_date": "2026-03-06", "distinct_days": 23 }, "geometry": { "type": "Point", "coordinates": [ 82.59487, 22.32024 ] } },
{ "type": "Feature", "properties": { "final_label": "Industrial", "frp": 3.04, "frp_deviation": 1.21, "alert_flag": "Normal", "evidence": "Inside OSM industrial zone; cluster active 98 days; FRP 3.0 MW (1.21x cluster avg); Normal", "acq_date": "2026-03-06", "distinct_days": 98 }, "geometry": { "type": "Point", "coordinates": [ 82.56887, 22.31966 ] } },
{ "type": "Feature", "properties": { "final_label": "Industrial", "frp": 2.38, "frp_deviation": 0.95, "alert_flag": "Normal", "evidence": "Inside OSM industrial zone; cluster active 98 days; FRP 2.4 MW (0.95x cluster avg); Normal", "acq_date": "2026-03-06", "distinct_days": 98 }, "geometry": { "type": "Point", "coordinates": [ 82.51653, 22.31848 ] } },
{ "type": "Feature", "properties": { "final_label": "Industrial", "frp": 3.26, "frp_deviation": 1.3, "alert_flag": "Normal", "evidence": "Inside OSM industrial zone; cluster active 98 days; FRP 3.3 MW (1.30x cluster avg); Normal", "acq_date": "2026-03-06", "distinct_days": 98 }, "geometry": { "type": "Point", "coordinates": [ 82.5319, 22.31653 ] } },
{ "type": "Feature", "properties": { "final_label": "Natural Fire", "frp": 5.24, "frp_deviation": null, "alert_flag": "Normal", "evidence": "isolated detection (no persistent cluster); FRP 5.2 MW; Normal", "acq_date": "2026-03-06", "distinct_days": 0 }, "geometry": { "type": "Point", "coordinates": [ 82.59486, 22.46024 ] } },
{ "type": "Feature", "properties": { "final_label": "Industrial", "frp": 3.75, "frp_deviation": 1.06, "alert_flag": "Normal", "evidence": "Inside OSM industrial zone; cluster active 96 days; FRP 3.8 MW (1.06x cluster avg); Normal", "acq_date": "2026-03-06", "distinct_days": 96 }, "geometry": { "type": "Point", "coordinates": [ 82.30488, 22.35691 ] } },
{ "type": "Feature", "properties": { "final_label": "Natural Fire", "frp": 9.84, "frp_deviation": null, "alert_flag": "Normal", "evidence": "isolated detection (no persistent cluster); FRP 9.8 MW; Normal", "acq_date": "2026-03-06", "distinct_days": 0 }, "geometry": { "type": "Point", "coordinates": [ 82.66787, 22.36822 ] } },
{ "type": "Feature", "properties": { "final_label": "Natural Fire", "frp": 3.59, "frp_deviation": null, "alert_flag": "Normal", "evidence": "isolated detection (no persistent cluster); FRP 3.6 MW; Normal", "acq_date": "2026-03-06", "distinct_days": 0 }, "geometry": { "type": "Point", "coordinates": [ 82.87166, 22.35872 ] } },
{ "type": "Feature", "properties": { "final_label": "Industrial", "frp": 5.0, "frp_deviation": 1.99, "alert_flag": "Normal", "evidence": "Inside OSM industrial zone; cluster active 98 days; FRP 5.0 MW (1.99x cluster avg); Normal", "acq_date": "2026-03-06", "distinct_days": 98 }, "geometry": { "type": "Point", "coordinates": [ 82.5705, 22.31932 ] } },
{ "type": "Feature", "properties": { "final_label": "Industrial", "frp": 10.82, "frp_deviation": 3.91, "alert_flag": "Abnormal spike", "evidence": "Within 1 km of OSM industrial zone; cluster active 73 days; FRP 10.8 MW (3.91x cluster avg); Abnormal spike", "acq_date": "2026-03-06", "distinct_days": 73 }, "geometry": { "type": "Point", "coordinates": [ 82.60931, 22.33032 ] } },
{ "type": "Feature", "properties": { "final_label": "Natural Fire", "frp": 6.85, "frp_deviation": 1.18, "alert_flag": "Normal", "evidence": "cluster active 1 days; FRP 6.8 MW (1.18x cluster avg); Normal", "acq_date": "2026-03-06", "distinct_days": 1 }, "geometry": { "type": "Point", "coordinates": [ 82.47382, 22.11066 ] } },
{ "type": "Feature", "properties": { "final_label": "Natural Fire", "frp": 4.76, "frp_deviation": 0.82, "alert_flag": "Normal", "evidence": "cluster active 1 days; FRP 4.8 MW (0.82x cluster avg); Normal", "acq_date": "2026-03-06", "distinct_days": 1 }, "geometry": { "type": "Point", "coordinates": [ 82.47301, 22.11446 ] } },
{ "type": "Feature", "properties": { "final_label": "Natural Fire", "frp": 3.98, "frp_deviation": 1.0, "alert_flag": "Normal", "evidence": "cluster active 1 days; FRP 4.0 MW (1.00x cluster avg); Normal", "acq_date": "2026-03-06", "distinct_days": 1 }, "geometry": { "type": "Point", "coordinates": [ 82.88641, 22.2199 ] } },
{ "type": "Feature", "properties": { "final_label": "Natural Fire", "frp": 3.98, "frp_deviation": 1.0, "alert_flag": "Normal", "evidence": "cluster active 1 days; FRP 4.0 MW (1.00x cluster avg); Normal", "acq_date": "2026-03-06", "distinct_days": 1 }, "geometry": { "type": "Point", "coordinates": [ 82.88564, 22.22362 ] } },
{ "type": "Feature", "properties": { "final_label": "Natural Fire", "frp": 3.6, "frp_deviation": null, "alert_flag": "Normal", "evidence": "isolated detection (no persistent cluster); FRP 3.6 MW; Normal", "acq_date": "2026-03-06", "distinct_days": 0 }, "geometry": { "type": "Point", "coordinates": [ 82.71809, 22.15496 ] } },
{ "type": "Feature", "properties": { "final_label": "Natural Fire", "frp": 3.92, "frp_deviation": null, "alert_flag": "Normal", "evidence": "isolated detection (no persistent cluster); FRP 3.9 MW; Normal", "acq_date": "2026-03-06", "distinct_days": 0 }, "geometry": { "type": "Point", "coordinates": [ 82.96967, 22.28245 ] } },
{ "type": "Feature", "properties": { "final_label": "Natural Fire", "frp": 3.12, "frp_deviation": null, "alert_flag": "Normal", "evidence": "isolated detection (no persistent cluster); FRP 3.1 MW; Normal", "acq_date": "2026-03-06", "distinct_days": 0 }, "geometry": { "type": "Point", "coordinates": [ 82.3786, 22.17466 ] } },
{ "type": "Feature", "properties": { "final_label": "Industrial", "frp": 4.29, "frp_deviation": 1.19, "alert_flag": "Normal", "evidence": "Within 1 km of OSM industrial zone; cluster active 1 days; FRP 4.3 MW (1.19x cluster avg); Normal", "acq_date": "2026-03-06", "distinct_days": 1 }, "geometry": { "type": "Point", "coordinates": [ 82.78618, 22.32659 ] } },
{ "type": "Feature", "properties": { "final_label": "Natural Fire", "frp": 2.9, "frp_deviation": 0.81, "alert_flag": "Normal", "evidence": "cluster active 1 days; FRP 2.9 MW (0.81x cluster avg); Normal", "acq_date": "2026-03-06", "distinct_days": 1 }, "geometry": { "type": "Point", "coordinates": [ 82.7877, 22.32798 ] } },
{ "type": "Feature", "properties": { "final_label": "Natural Fire", "frp": 12.02, "frp_deviation": null, "alert_flag": "Normal", "evidence": "isolated detection (no persistent cluster); FRP 12.0 MW; Normal", "acq_date": "2026-03-06", "distinct_days": 0 }, "geometry": { "type": "Point", "coordinates": [ 82.63621, 22.17922 ] } },
{ "type": "Feature", "properties": { "final_label": "Industrial", "frp": 0.8, "frp_deviation": 0.35, "alert_flag": "Normal", "evidence": "Inside OSM industrial zone; cluster active 61 days; FRP 0.8 MW (0.35x cluster avg); Normal", "acq_date": "2026-03-07", "distinct_days": 61 }, "geometry": { "type": "Point", "coordinates": [ 82.55147, 22.33707 ] } },
{ "type": "Feature", "properties": { "final_label": "Industrial", "frp": 1.07, "frp_deviation": 0.43, "alert_flag": "Normal", "evidence": "Inside OSM industrial zone; cluster active 98 days; FRP 1.1 MW (0.43x cluster avg); Normal", "acq_date": "2026-03-07", "distinct_days": 98 }, "geometry": { "type": "Point", "coordinates": [ 82.55901, 22.31531 ] } },
{ "type": "Feature", "properties": { "final_label": "Industrial", "frp": 1.49, "frp_deviation": 0.59, "alert_flag": "Normal", "evidence": "Inside OSM industrial zone; cluster active 98 days; FRP 1.5 MW (0.59x cluster avg); Normal", "acq_date": "2026-03-07", "distinct_days": 98 }, "geometry": { "type": "Point", "coordinates": [ 82.56977, 22.31949 ] } },
{ "type": "Feature", "properties": { "final_label": "Industrial", "frp": 0.7, "frp_deviation": 0.41, "alert_flag": "Normal", "evidence": "Inside OSM industrial zone; cluster active 23 days; FRP 0.7 MW (0.41x cluster avg); Normal", "acq_date": "2026-03-07", "distinct_days": 23 }, "geometry": { "type": "Point", "coordinates": [ 82.59709, 22.32201 ] } },
{ "type": "Feature", "properties": { "final_label": "Industrial", "frp": 1.08, "frp_deviation": 0.3, "alert_flag": "Normal", "evidence": "Inside OSM industrial zone; cluster active 96 days; FRP 1.1 MW (0.30x cluster avg); Normal", "acq_date": "2026-03-07", "distinct_days": 96 }, "geometry": { "type": "Point", "coordinates": [ 82.30367, 22.35634 ] } },
{ "type": "Feature", "properties": { "final_label": "Industrial", "frp": 0.66, "frp_deviation": 0.41, "alert_flag": "Normal", "evidence": "Inside OSM industrial zone; cluster active 16 days; FRP 0.7 MW (0.41x cluster avg); Normal", "acq_date": "2026-03-07", "distinct_days": 16 }, "geometry": { "type": "Point", "coordinates": [ 82.67456, 22.32469 ] } },
{ "type": "Feature", "properties": { "final_label": "Industrial", "frp": 3.78, "frp_deviation": 1.37, "alert_flag": "Normal", "evidence": "Within 1 km of OSM industrial zone; cluster active 73 days; FRP 3.8 MW (1.37x cluster avg); Normal", "acq_date": "2026-03-07", "distinct_days": 73 }, "geometry": { "type": "Point", "coordinates": [ 82.60487, 22.33171 ] } },
{ "type": "Feature", "properties": { "final_label": "Industrial", "frp": 1.62, "frp_deviation": 0.58, "alert_flag": "Normal", "evidence": "Inside OSM industrial zone; cluster active 71 days; FRP 1.6 MW (0.58x cluster avg); Normal", "acq_date": "2026-03-07", "distinct_days": 71 }, "geometry": { "type": "Point", "coordinates": [ 82.57455, 22.33475 ] } },
{ "type": "Feature", "properties": { "final_label": "Industrial", "frp": 0.8, "frp_deviation": 0.35, "alert_flag": "Normal", "evidence": "Inside OSM industrial zone; cluster active 61 days; FRP 0.8 MW (0.35x cluster avg); Normal", "acq_date": "2026-03-07", "distinct_days": 61 }, "geometry": { "type": "Point", "coordinates": [ 82.55487, 22.33673 ] } },
{ "type": "Feature", "properties": { "final_label": "Industrial", "frp": 1.08, "frp_deviation": 0.3, "alert_flag": "Normal", "evidence": "Inside OSM industrial zone; cluster active 96 days; FRP 1.1 MW (0.30x cluster avg); Normal", "acq_date": "2026-03-07", "distinct_days": 96 }, "geometry": { "type": "Point", "coordinates": [ 82.30438, 22.36161 ] } },
{ "type": "Feature", "properties": { "final_label": "Natural Fire", "frp": 3.5, "frp_deviation": 1.34, "alert_flag": "Normal", "evidence": "cluster active 1 days; FRP 3.5 MW (1.34x cluster avg); Normal", "acq_date": "2026-03-07", "distinct_days": 1 }, "geometry": { "type": "Point", "coordinates": [ 82.75665, 22.30703 ] } },
{ "type": "Feature", "properties": { "final_label": "Industrial", "frp": 4.88, "frp_deviation": 1.1, "alert_flag": "Normal", "evidence": "Within 1 km of OSM industrial zone; cluster active 2 days; FRP 4.9 MW (1.10x cluster avg); Normal", "acq_date": "2026-03-07", "distinct_days": 2 }, "geometry": { "type": "Point", "coordinates": [ 82.60193, 22.503 ] } },
{ "type": "Feature", "properties": { "final_label": "Industrial", "frp": 4.34, "frp_deviation": 1.57, "alert_flag": "Normal", "evidence": "Inside OSM industrial zone; cluster active 73 days; FRP 4.3 MW (1.57x cluster avg); Normal", "acq_date": "2026-03-07", "distinct_days": 73 }, "geometry": { "type": "Point", "coordinates": [ 82.60881, 22.33294 ] } },
{ "type": "Feature", "properties": { "final_label": "Natural Fire", "frp": 1.73, "frp_deviation": 0.66, "alert_flag": "Normal", "evidence": "cluster active 1 days; FRP 1.7 MW (0.66x cluster avg); Normal", "acq_date": "2026-03-07", "distinct_days": 1 }, "geometry": { "type": "Point", "coordinates": [ 82.75726, 22.30722 ] } },
{ "type": "Feature", "properties": { "final_label": "Natural Fire", "frp": 3.29, "frp_deviation": 1.09, "alert_flag": "Normal", "evidence": "cluster active 1 days; FRP 3.3 MW (1.09x cluster avg); Normal", "acq_date": "2026-03-07", "distinct_days": 1 }, "geometry": { "type": "Point", "coordinates": [ 82.54638, 22.22067 ] } },
{ "type": "Feature", "properties": { "final_label": "Natural Fire", "frp": 2.76, "frp_deviation": 0.91, "alert_flag": "Normal", "evidence": "cluster active 1 days; FRP 2.8 MW (0.91x cluster avg); Normal", "acq_date": "2026-03-07", "distinct_days": 1 }, "geometry": { "type": "Point", "coordinates": [ 82.54956, 22.22135 ] } },
{ "type": "Feature", "properties": { "final_label": "Natural Fire", "frp": 1.92, "frp_deviation": null, "alert_flag": "Normal", "evidence": "isolated detection (no persistent cluster); FRP 1.9 MW; Normal", "acq_date": "2026-03-07", "distinct_days": 0 }, "geometry": { "type": "Point", "coordinates": [ 82.60222, 22.15509 ] } },
{ "type": "Feature", "properties": { "final_label": "Natural Fire", "frp": 3.76, "frp_deviation": null, "alert_flag": "Normal", "evidence": "isolated detection (no persistent cluster); FRP 3.8 MW; Normal", "acq_date": "2026-03-07", "distinct_days": 0 }, "geometry": { "type": "Point", "coordinates": [ 82.60344, 22.15006 ] } },
{ "type": "Feature", "properties": { "final_label": "Natural Fire", "frp": 2.2, "frp_deviation": null, "alert_flag": "Normal", "evidence": "isolated detection (no persistent cluster); FRP 2.2 MW; Normal", "acq_date": "2026-03-07", "distinct_days": 0 }, "geometry": { "type": "Point", "coordinates": [ 82.79047, 22.18417 ] } },
{ "type": "Feature", "properties": { "final_label": "Industrial", "frp": 3.78, "frp_deviation": 1.37, "alert_flag": "Normal", "evidence": "Within 1 km of OSM industrial zone; cluster active 73 days; FRP 3.8 MW (1.37x cluster avg); Normal", "acq_date": "2026-03-07", "distinct_days": 73 }, "geometry": { "type": "Point", "coordinates": [ 82.60825, 22.33137 ] } },
{ "type": "Feature", "properties": { "final_label": "Industrial", "frp": 2.07, "frp_deviation": 0.83, "alert_flag": "Normal", "evidence": "Inside OSM industrial zone; cluster active 98 days; FRP 2.1 MW (0.83x cluster avg); Normal", "acq_date": "2026-03-08", "distinct_days": 98 }, "geometry": { "type": "Point", "coordinates": [ 82.53202, 22.31721 ] } },
{ "type": "Feature", "properties": { "final_label": "Industrial", "frp": 1.61, "frp_deviation": 0.45, "alert_flag": "Normal", "evidence": "Inside OSM industrial zone; cluster active 96 days; FRP 1.6 MW (0.45x cluster avg); Normal", "acq_date": "2026-03-08", "distinct_days": 96 }, "geometry": { "type": "Point", "coordinates": [ 82.30177, 22.35661 ] } },
{ "type": "Feature", "properties": { "final_label": "Industrial", "frp": 1.73, "frp_deviation": 0.69, "alert_flag": "Normal", "evidence": "Inside OSM industrial zone; cluster active 98 days; FRP 1.7 MW (0.69x cluster avg); Normal", "acq_date": "2026-03-08", "distinct_days": 98 }, "geometry": { "type": "Point", "coordinates": [ 82.53352, 22.316 ] } },
{ "type": "Feature", "properties": { "final_label": "Industrial", "frp": 2.76, "frp_deviation": 0.78, "alert_flag": "Normal", "evidence": "Inside OSM industrial zone; cluster active 96 days; FRP 2.8 MW (0.78x cluster avg); Normal", "acq_date": "2026-03-08", "distinct_days": 96 }, "geometry": { "type": "Point", "coordinates": [ 82.30099, 22.35928 ] } },
{ "type": "Feature", "properties": { "final_label": "Industrial", "frp": 1.97, "frp_deviation": 0.79, "alert_flag": "Normal", "evidence": "Inside OSM industrial zone; cluster active 98 days; FRP 2.0 MW (0.79x cluster avg); Normal", "acq_date": "2026-03-08", "distinct_days": 98 }, "geometry": { "type": "Point", "coordinates": [ 82.56516, 22.32152 ] } },
{ "type": "Feature", "properties": { "final_label": "Industrial", "frp": 1.74, "frp_deviation": 0.49, "alert_flag": "Normal", "evidence": "Inside OSM industrial zone; cluster active 96 days; FRP 1.7 MW (0.49x cluster avg); Normal", "acq_date": "2026-03-08", "distinct_days": 96 }, "geometry": { "type": "Point", "coordinates": [ 82.30315, 22.36222 ] } },
{ "type": "Feature", "properties": { "final_label": "Industrial", "frp": 2.4, "frp_deviation": 0.87, "alert_flag": "Normal", "evidence": "Inside OSM industrial zone; cluster active 73 days; FRP 2.4 MW (0.87x cluster avg); Normal", "acq_date": "2026-03-08", "distinct_days": 73 }, "geometry": { "type": "Point", "coordinates": [ 82.6058, 22.33213 ] } },
{ "type": "Feature", "properties": { "final_label": "Industrial", "frp": 1.24, "frp_deviation": 0.55, "alert_flag": "Normal", "evidence": "Inside OSM industrial zone; cluster active 61 days; FRP 1.2 MW (0.55x cluster avg); Normal", "acq_date": "2026-03-08", "distinct_days": 61 }, "geometry": { "type": "Point", "coordinates": [ 82.55138, 22.33619 ] } },
{ "type": "Feature", "properties": { "final_label": "Industrial", "frp": 2.57, "frp_deviation": 0.93, "alert_flag": "Normal", "evidence": "Within 1 km of OSM industrial zone; cluster active 73 days; FRP 2.6 MW (0.93x cluster avg); Normal", "acq_date": "2026-03-08", "distinct_days": 73 }, "geometry": { "type": "Point", "coordinates": [ 82.60484, 22.33234 ] } },
{ "type": "Feature", "properties": { "final_label": "Industrial", "frp": 1.42, "frp_deviation": 0.63, "alert_flag": "Normal", "evidence": "Within 1 km of OSM industrial zone; cluster active 61 days; FRP 1.4 MW (0.63x cluster avg); Normal", "acq_date": "2026-03-08", "distinct_days": 61 }, "geometry": { "type": "Point", "coordinates": [ 82.55027, 22.33607 ] } },
{ "type": "Feature", "properties": { "final_label": "Industrial", "frp": 1.61, "frp_deviation": 0.71, "alert_flag": "Normal", "evidence": "Inside OSM industrial zone; cluster active 61 days; FRP 1.6 MW (0.71x cluster avg); Normal", "acq_date": "2026-03-08", "distinct_days": 61 }, "geometry": { "type": "Point", "coordinates": [ 82.5552, 22.3359 ] } },
{ "type": "Feature", "properties": { "final_label": "Natural Fire", "frp": 3.13, "frp_deviation": null, "alert_flag": "Normal", "evidence": "isolated detection (no persistent cluster); FRP 3.1 MW; Normal", "acq_date": "2026-03-08", "distinct_days": 0 }, "geometry": { "type": "Point", "coordinates": [ 82.5574, 22.45125 ] } },
{ "type": "Feature", "properties": { "final_label": "Industrial", "frp": 1.16, "frp_deviation": 0.51, "alert_flag": "Normal", "evidence": "Inside OSM industrial zone; cluster active 61 days; FRP 1.2 MW (0.51x cluster avg); Normal", "acq_date": "2026-03-09", "distinct_days": 61 }, "geometry": { "type": "Point", "coordinates": [ 82.55667, 22.33838 ] } },
{ "type": "Feature", "properties": { "final_label": "Industrial", "frp": 1.81, "frp_deviation": 0.65, "alert_flag": "Normal", "evidence": "Inside OSM industrial zone; cluster active 71 days; FRP 1.8 MW (0.65x cluster avg); Normal", "acq_date": "2026-03-09", "distinct_days": 71 }, "geometry": { "type": "Point", "coordinates": [ 82.57448, 22.33482 ] } },
{ "type": "Feature", "properties": { "final_label": "Industrial", "frp": 1.81, "frp_deviation": 0.72, "alert_flag": "Normal", "evidence": "Inside OSM industrial zone; cluster active 98 days; FRP 1.8 MW (0.72x cluster avg); Normal", "acq_date": "2026-03-09", "distinct_days": 98 }, "geometry": { "type": "Point", "coordinates": [ 82.56589, 22.31871 ] } },
{ "type": "Feature", "properties": { "final_label": "Industrial", "frp": 1.96, "frp_deviation": 0.55, "alert_flag": "Normal", "evidence": "Inside OSM industrial zone; cluster active 96 days; FRP 2.0 MW (0.55x cluster avg); Normal", "acq_date": "2026-03-09", "distinct_days": 96 }, "geometry": { "type": "Point", "coordinates": [ 82.30251, 22.3628 ] } },
{ "type": "Feature", "properties": { "final_label": "Industrial", "frp": 1.96, "frp_deviation": 0.55, "alert_flag": "Normal", "evidence": "Inside OSM industrial zone; cluster active 96 days; FRP 2.0 MW (0.55x cluster avg); Normal", "acq_date": "2026-03-09", "distinct_days": 96 }, "geometry": { "type": "Point", "coordinates": [ 82.30161, 22.35861 ] } },
{ "type": "Feature", "properties": { "final_label": "Industrial", "frp": 1.95, "frp_deviation": 0.78, "alert_flag": "Normal", "evidence": "Inside OSM industrial zone; cluster active 98 days; FRP 1.9 MW (0.78x cluster avg); Normal", "acq_date": "2026-03-09", "distinct_days": 98 }, "geometry": { "type": "Point", "coordinates": [ 82.53347, 22.31635 ] } },
{ "type": "Feature", "properties": { "final_label": "Industrial", "frp": 2.3, "frp_deviation": 0.83, "alert_flag": "Normal", "evidence": "Inside OSM industrial zone; cluster active 73 days; FRP 2.3 MW (0.83x cluster avg); Normal", "acq_date": "2026-03-09", "distinct_days": 73 }, "geometry": { "type": "Point", "coordinates": [ 82.60601, 22.33296 ] } },
{ "type": "Feature", "properties": { "final_label": "Industrial", "frp": 1.56, "frp_deviation": 0.62, "alert_flag": "Normal", "evidence": "Inside OSM industrial zone; cluster active 98 days; FRP 1.6 MW (0.62x cluster avg); Normal", "acq_date": "2026-03-09", "distinct_days": 98 }, "geometry": { "type": "Point", "coordinates": [ 82.52818, 22.31297 ] } },
{ "type": "Feature", "properties": { "final_label": "Industrial", "frp": 0.99, "frp_deviation": 0.28, "alert_flag": "Normal", "evidence": "Inside OSM industrial zone; cluster active 96 days; FRP 1.0 MW (0.28x cluster avg); Normal", "acq_date": "2026-03-09", "distinct_days": 96 }, "geometry": { "type": "Point", "coordinates": [ 82.30486, 22.35357 ] } },
{ "type": "Feature", "properties": { "final_label": "Industrial", "frp": 1.56, "frp_deviation": 0.62, "alert_flag": "Normal", "evidence": "Inside OSM industrial zone; cluster active 98 days; FRP 1.6 MW (0.62x cluster avg); Normal", "acq_date": "2026-03-09", "distinct_days": 98 }, "geometry": { "type": "Point", "coordinates": [ 82.52911, 22.31723 ] } },
{ "type": "Feature", "properties": { "final_label": "Natural Fire", "frp": 4.7, "frp_deviation": null, "alert_flag": "Normal", "evidence": "isolated detection (no persistent cluster); FRP 4.7 MW; Normal", "acq_date": "2026-03-09", "distinct_days": 0 }, "geometry": { "type": "Point", "coordinates": [ 82.36232, 22.36037 ] } },
{ "type": "Feature", "properties": { "final_label": "Industrial", "frp": 1.16, "frp_deviation": 0.51, "alert_flag": "Normal", "evidence": "Inside OSM industrial zone; cluster active 61 days; FRP 1.2 MW (0.51x cluster avg); Normal", "acq_date": "2026-03-09", "distinct_days": 61 }, "geometry": { "type": "Point", "coordinates": [ 82.55574, 22.33412 ] } },
{ "type": "Feature", "properties": { "final_label": "Natural Fire", "frp": 5.74, "frp_deviation": null, "alert_flag": "Normal", "evidence": "isolated detection (no persistent cluster); FRP 5.7 MW; Normal", "acq_date": "2026-03-09", "distinct_days": 0 }, "geometry": { "type": "Point", "coordinates": [ 82.82672, 22.34192 ] } },
{ "type": "Feature", "properties": { "final_label": "Industrial", "frp": 3.99, "frp_deviation": 1.77, "alert_flag": "Normal", "evidence": "Inside OSM industrial zone; cluster active 61 days; FRP 4.0 MW (1.77x cluster avg); Normal", "acq_date": "2026-03-09", "distinct_days": 61 }, "geometry": { "type": "Point", "coordinates": [ 82.55676, 22.33367 ] } },
{ "type": "Feature", "properties": { "final_label": "Natural Fire", "frp": 3.65, "frp_deviation": null, "alert_flag": "Normal", "evidence": "isolated detection (no persistent cluster); FRP 3.6 MW; Normal", "acq_date": "2026-03-09", "distinct_days": 0 }, "geometry": { "type": "Point", "coordinates": [ 83.00925, 22.13933 ] } },
{ "type": "Feature", "properties": { "final_label": "Natural Fire", "frp": 2.85, "frp_deviation": 1.0, "alert_flag": "Normal", "evidence": "cluster active 1 days; FRP 2.9 MW (1.00x cluster avg); Normal", "acq_date": "2026-03-09", "distinct_days": 1 }, "geometry": { "type": "Point", "coordinates": [ 82.54265, 22.13555 ] } },
{ "type": "Feature", "properties": { "final_label": "Natural Fire", "frp": 2.01, "frp_deviation": 0.37, "alert_flag": "Normal", "evidence": "cluster active 2 days; FRP 2.0 MW (0.37x cluster avg); Normal", "acq_date": "2026-03-09", "distinct_days": 2 }, "geometry": { "type": "Point", "coordinates": [ 82.35563, 22.15384 ] } },
{ "type": "Feature", "properties": { "final_label": "Natural Fire", "frp": 3.29, "frp_deviation": 0.61, "alert_flag": "Normal", "evidence": "cluster active 2 days; FRP 3.3 MW (0.61x cluster avg); Normal", "acq_date": "2026-03-09", "distinct_days": 2 }, "geometry": { "type": "Point", "coordinates": [ 82.35506, 22.15815 ] } },
{ "type": "Feature", "properties": { "final_label": "Natural Fire", "frp": 2.85, "frp_deviation": 1.0, "alert_flag": "Normal", "evidence": "cluster active 1 days; FRP 2.9 MW (1.00x cluster avg); Normal", "acq_date": "2026-03-09", "distinct_days": 1 }, "geometry": { "type": "Point", "coordinates": [ 82.53814, 22.13504 ] } },
{ "type": "Feature", "properties": { "final_label": "Natural Fire", "frp": 3.96, "frp_deviation": null, "alert_flag": "Normal", "evidence": "isolated detection (no persistent cluster); FRP 4.0 MW; Normal", "acq_date": "2026-03-09", "distinct_days": 0 }, "geometry": { "type": "Point", "coordinates": [ 82.43832, 22.25312 ] } },
{ "type": "Feature", "properties": { "final_label": "Natural Fire", "frp": 5.46, "frp_deviation": null, "alert_flag": "Normal", "evidence": "isolated detection (no persistent cluster); FRP 5.5 MW; Normal", "acq_date": "2026-03-09", "distinct_days": 0 }, "geometry": { "type": "Point", "coordinates": [ 82.83306, 22.32909 ] } },
{ "type": "Feature", "properties": { "final_label": "Natural Fire", "frp": 4.61, "frp_deviation": null, "alert_flag": "Normal", "evidence": "isolated detection (no persistent cluster); FRP 4.6 MW; Normal", "acq_date": "2026-03-09", "distinct_days": 0 }, "geometry": { "type": "Point", "coordinates": [ 82.82786, 22.33302 ] } },
{ "type": "Feature", "properties": { "final_label": "Natural Fire", "frp": 4.03, "frp_deviation": null, "alert_flag": "Normal", "evidence": "isolated detection (no persistent cluster); FRP 4.0 MW; Normal", "acq_date": "2026-03-09", "distinct_days": 0 }, "geometry": { "type": "Point", "coordinates": [ 82.69535, 22.25976 ] } },
{ "type": "Feature", "properties": { "final_label": "Natural Fire", "frp": 4.61, "frp_deviation": 1.05, "alert_flag": "Normal", "evidence": "cluster active 2 days; FRP 4.6 MW (1.05x cluster avg); Normal", "acq_date": "2026-03-10", "distinct_days": 2 }, "geometry": { "type": "Point", "coordinates": [ 83.06696, 22.4848 ] } },
{ "type": "Feature", "properties": { "final_label": "Natural Fire", "frp": 3.87, "frp_deviation": null, "alert_flag": "Normal", "evidence": "isolated detection (no persistent cluster); FRP 3.9 MW; Normal", "acq_date": "2026-03-10", "distinct_days": 0 }, "geometry": { "type": "Point", "coordinates": [ 83.0524, 22.49697 ] } },
{ "type": "Feature", "properties": { "final_label": "Natural Fire", "frp": 1.78, "frp_deviation": null, "alert_flag": "Normal", "evidence": "isolated detection (no persistent cluster); FRP 1.8 MW; Normal", "acq_date": "2026-03-10", "distinct_days": 0 }, "geometry": { "type": "Point", "coordinates": [ 82.81681, 22.46117 ] } },
{ "type": "Feature", "properties": { "final_label": "Natural Fire", "frp": 3.62, "frp_deviation": 1.0, "alert_flag": "Normal", "evidence": "cluster active 1 days; FRP 3.6 MW (1.00x cluster avg); Normal", "acq_date": "2026-03-10", "distinct_days": 1 }, "geometry": { "type": "Point", "coordinates": [ 83.05351, 22.49005 ] } },
{ "type": "Feature", "properties": { "final_label": "Natural Fire", "frp": 3.62, "frp_deviation": 1.0, "alert_flag": "Normal", "evidence": "cluster active 1 days; FRP 3.6 MW (1.00x cluster avg); Normal", "acq_date": "2026-03-10", "distinct_days": 1 }, "geometry": { "type": "Point", "coordinates": [ 83.05762, 22.49061 ] } },
{ "type": "Feature", "properties": { "final_label": "Natural Fire", "frp": 5.61, "frp_deviation": null, "alert_flag": "Normal", "evidence": "isolated detection (no persistent cluster); FRP 5.6 MW; Normal", "acq_date": "2026-03-10", "distinct_days": 0 }, "geometry": { "type": "Point", "coordinates": [ 82.71276, 22.41895 ] } },
{ "type": "Feature", "properties": { "final_label": "Natural Fire", "frp": 4.74, "frp_deviation": 1.27, "alert_flag": "Normal", "evidence": "cluster active 2 days; FRP 4.7 MW (1.27x cluster avg); Normal", "acq_date": "2026-03-10", "distinct_days": 2 }, "geometry": { "type": "Point", "coordinates": [ 82.80216, 22.37199 ] } },
{ "type": "Feature", "properties": { "final_label": "Natural Fire", "frp": 1.92, "frp_deviation": null, "alert_flag": "Normal", "evidence": "isolated detection (no persistent cluster); FRP 1.9 MW; Normal", "acq_date": "2026-03-10", "distinct_days": 0 }, "geometry": { "type": "Point", "coordinates": [ 82.33313, 22.34764 ] } },
{ "type": "Feature", "properties": { "final_label": "Natural Fire", "frp": 1.73, "frp_deviation": 0.59, "alert_flag": "Normal", "evidence": "cluster active 2 days; FRP 1.7 MW (0.59x cluster avg); Normal", "acq_date": "2026-03-10", "distinct_days": 2 }, "geometry": { "type": "Point", "coordinates": [ 82.79374, 22.39884 ] } },
{ "type": "Feature", "properties": { "final_label": "Natural Fire", "frp": 1.86, "frp_deviation": null, "alert_flag": "Normal", "evidence": "isolated detection (no persistent cluster); FRP 1.9 MW; Normal", "acq_date": "2026-03-10", "distinct_days": 0 }, "geometry": { "type": "Point", "coordinates": [ 82.39542, 22.33231 ] } },
{ "type": "Feature", "properties": { "final_label": "Industrial", "frp": 4.63, "frp_deviation": 2.05, "alert_flag": "Normal", "evidence": "Inside OSM industrial zone; cluster active 61 days; FRP 4.6 MW (2.05x cluster avg); Normal", "acq_date": "2026-03-10", "distinct_days": 61 }, "geometry": { "type": "Point", "coordinates": [ 82.55588, 22.33414 ] } },
{ "type": "Feature", "properties": { "final_label": "Natural Fire", "frp": 4.6, "frp_deviation": 1.53, "alert_flag": "Normal", "evidence": "cluster active 2 days; FRP 4.6 MW (1.53x cluster avg); Normal", "acq_date": "2026-03-10", "distinct_days": 2 }, "geometry": { "type": "Point", "coordinates": [ 82.75208, 22.45574 ] } },
{ "type": "Feature", "properties": { "final_label": "Natural Fire", "frp": 2.71, "frp_deviation": null, "alert_flag": "Normal", "evidence": "isolated detection (no persistent cluster); FRP 2.7 MW; Normal", "acq_date": "2026-03-10", "distinct_days": 0 }, "geometry": { "type": "Point", "coordinates": [ 83.09178, 22.45792 ] } },
{ "type": "Feature", "properties": { "final_label": "Natural Fire", "frp": 2.76, "frp_deviation": null, "alert_flag": "Normal", "evidence": "isolated detection (no persistent cluster); FRP 2.8 MW; Normal", "acq_date": "2026-03-10", "distinct_days": 0 }, "geometry": { "type": "Point", "coordinates": [ 83.07904, 22.51475 ] } },
{ "type": "Feature", "properties": { "final_label": "Industrial", "frp": 1.36, "frp_deviation": 0.54, "alert_flag": "Normal", "evidence": "Inside OSM industrial zone; cluster active 98 days; FRP 1.4 MW (0.54x cluster avg); Normal", "acq_date": "2026-03-10", "distinct_days": 98 }, "geometry": { "type": "Point", "coordinates": [ 82.52896, 22.31281 ] } },
{ "type": "Feature", "properties": { "final_label": "Natural Fire", "frp": 2.46, "frp_deviation": null, "alert_flag": "Normal", "evidence": "isolated detection (no persistent cluster); FRP 2.5 MW; Normal", "acq_date": "2026-03-10", "distinct_days": 0 }, "geometry": { "type": "Point", "coordinates": [ 83.07069, 22.56671 ] } },
{ "type": "Feature", "properties": { "final_label": "Industrial", "frp": 2.55, "frp_deviation": 0.92, "alert_flag": "Normal", "evidence": "Within 1 km of OSM industrial zone; cluster active 73 days; FRP 2.5 MW (0.92x cluster avg); Normal", "acq_date": "2026-03-10", "distinct_days": 73 }, "geometry": { "type": "Point", "coordinates": [ 82.60506, 22.33127 ] } },
{ "type": "Feature", "properties": { "final_label": "Industrial", "frp": 1.64, "frp_deviation": 0.59, "alert_flag": "Normal", "evidence": "Inside OSM industrial zone; cluster active 71 days; FRP 1.6 MW (0.59x cluster avg); Normal", "acq_date": "2026-03-10", "distinct_days": 71 }, "geometry": { "type": "Point", "coordinates": [ 82.57777, 22.33587 ] } },
{ "type": "Feature", "properties": { "final_label": "Industrial", "frp": 1.88, "frp_deviation": 0.83, "alert_flag": "Normal", "evidence": "Inside OSM industrial zone; cluster active 61 days; FRP 1.9 MW (0.83x cluster avg); Normal", "acq_date": "2026-03-10", "distinct_days": 61 }, "geometry": { "type": "Point", "coordinates": [ 82.55364, 22.33645 ] } },
{ "type": "Feature", "properties": { "final_label": "Industrial", "frp": 1.88, "frp_deviation": 0.83, "alert_flag": "Normal", "evidence": "Inside OSM industrial zone; cluster active 61 days; FRP 1.9 MW (0.83x cluster avg); Normal", "acq_date": "2026-03-10", "distinct_days": 61 }, "geometry": { "type": "Point", "coordinates": [ 82.55754, 22.33579 ] } },
{ "type": "Feature", "properties": { "final_label": "Natural Fire", "frp": 1.17, "frp_deviation": 0.82, "alert_flag": "Normal", "evidence": "cluster active 2 days; FRP 1.2 MW (0.82x cluster avg); Normal", "acq_date": "2026-03-10", "distinct_days": 2 }, "geometry": { "type": "Point", "coordinates": [ 82.79234, 22.2926 ] } },
{ "type": "Feature", "properties": { "final_label": "Industrial", "frp": 1.59, "frp_deviation": 0.45, "alert_flag": "Normal", "evidence": "Inside OSM industrial zone; cluster active 96 days; FRP 1.6 MW (0.45x cluster avg); Normal", "acq_date": "2026-03-10", "distinct_days": 96 }, "geometry": { "type": "Point", "coordinates": [ 82.30296, 22.36119 ] } },
{ "type": "Feature", "properties": { "final_label": "Industrial", "frp": 1.71, "frp_deviation": 0.68, "alert_flag": "Normal", "evidence": "Inside OSM industrial zone; cluster active 98 days; FRP 1.7 MW (0.68x cluster avg); Normal", "acq_date": "2026-03-10", "distinct_days": 98 }, "geometry": { "type": "Point", "coordinates": [ 82.56594, 22.31699 ] } },
{ "type": "Feature", "properties": { "final_label": "Industrial", "frp": 1.59, "frp_deviation": 0.45, "alert_flag": "Normal", "evidence": "Inside OSM industrial zone; cluster active 96 days; FRP 1.6 MW (0.45x cluster avg); Normal", "acq_date": "2026-03-10", "distinct_days": 96 }, "geometry": { "type": "Point", "coordinates": [ 82.30231, 22.35785 ] } },
{ "type": "Feature", "properties": { "final_label": "Industrial", "frp": 1.59, "frp_deviation": 0.45, "alert_flag": "Normal", "evidence": "Inside OSM industrial zone; cluster active 96 days; FRP 1.6 MW (0.45x cluster avg); Normal", "acq_date": "2026-03-10", "distinct_days": 96 }, "geometry": { "type": "Point", "coordinates": [ 82.30616, 22.3572 ] } },
{ "type": "Feature", "properties": { "final_label": "Industrial", "frp": 1.44, "frp_deviation": 0.41, "alert_flag": "Normal", "evidence": "Inside OSM industrial zone; cluster active 96 days; FRP 1.4 MW (0.41x cluster avg); Normal", "acq_date": "2026-03-10", "distinct_days": 96 }, "geometry": { "type": "Point", "coordinates": [ 82.30551, 22.35386 ] } },
{ "type": "Feature", "properties": { "final_label": "Industrial", "frp": 1.36, "frp_deviation": 0.54, "alert_flag": "Normal", "evidence": "Inside OSM industrial zone; cluster active 98 days; FRP 1.4 MW (0.54x cluster avg); Normal", "acq_date": "2026-03-10", "distinct_days": 98 }, "geometry": { "type": "Point", "coordinates": [ 82.52961, 22.31618 ] } },
{ "type": "Feature", "properties": { "final_label": "Industrial", "frp": 2.06, "frp_deviation": 0.82, "alert_flag": "Normal", "evidence": "Inside OSM industrial zone; cluster active 98 days; FRP 2.1 MW (0.82x cluster avg); Normal", "acq_date": "2026-03-10", "distinct_days": 98 }, "geometry": { "type": "Point", "coordinates": [ 82.53349, 22.31552 ] } },
{ "type": "Feature", "properties": { "final_label": "Natural Fire", "frp": 4.74, "frp_deviation": 1.27, "alert_flag": "Normal", "evidence": "cluster active 2 days; FRP 4.7 MW (1.27x cluster avg); Normal", "acq_date": "2026-03-10", "distinct_days": 2 }, "geometry": { "type": "Point", "coordinates": [ 82.79868, 22.368 ] } },
{ "type": "Feature", "properties": { "final_label": "Natural Fire", "frp": 3.11, "frp_deviation": 1.1, "alert_flag": "Normal", "evidence": "cluster active 2 days; FRP 3.1 MW (1.10x cluster avg); Normal", "acq_date": "2026-03-10", "distinct_days": 2 }, "geometry": { "type": "Point", "coordinates": [ 83.07236, 22.55632 ] } },
{ "type": "Feature", "properties": { "final_label": "Natural Fire", "frp": 4.74, "frp_deviation": 1.27, "alert_flag": "Normal", "evidence": "cluster active 2 days; FRP 4.7 MW (1.27x cluster avg); Normal", "acq_date": "2026-03-10", "distinct_days": 2 }, "geometry": { "type": "Point", "coordinates": [ 82.80269, 22.36856 ] } },
{ "type": "Feature", "properties": { "final_label": "Natural Fire", "frp": 2.91, "frp_deviation": 0.56, "alert_flag": "Normal", "evidence": "cluster active 2 days; FRP 2.9 MW (0.56x cluster avg); Normal", "acq_date": "2026-03-10", "distinct_days": 2 }, "geometry": { "type": "Point", "coordinates": [ 82.61444, 22.26872 ] } },
{ "type": "Feature", "properties": { "final_label": "Natural Fire", "frp": 4.89, "frp_deviation": null, "alert_flag": "Normal", "evidence": "isolated detection (no persistent cluster); FRP 4.9 MW; Normal", "acq_date": "2026-03-10", "distinct_days": 0 }, "geometry": { "type": "Point", "coordinates": [ 82.67171, 22.29074 ] } },
{ "type": "Feature", "properties": { "final_label": "Natural Fire", "frp": 2.31, "frp_deviation": 0.9, "alert_flag": "Normal", "evidence": "cluster active 1 days; FRP 2.3 MW (0.90x cluster avg); Normal", "acq_date": "2026-03-10", "distinct_days": 1 }, "geometry": { "type": "Point", "coordinates": [ 83.08427, 22.10019 ] } },
{ "type": "Feature", "properties": { "final_label": "Natural Fire", "frp": 2.8, "frp_deviation": 1.1, "alert_flag": "Normal", "evidence": "cluster active 1 days; FRP 2.8 MW (1.10x cluster avg); Normal", "acq_date": "2026-03-10", "distinct_days": 1 }, "geometry": { "type": "Point", "coordinates": [ 83.08371, 22.10364 ] } },
{ "type": "Feature", "properties": { "final_label": "Natural Fire", "frp": 4.17, "frp_deviation": null, "alert_flag": "Normal", "evidence": "isolated detection (no persistent cluster); FRP 4.2 MW; Normal", "acq_date": "2026-03-10", "distinct_days": 0 }, "geometry": { "type": "Point", "coordinates": [ 82.92397, 22.11657 ] } },
{ "type": "Feature", "properties": { "final_label": "Industrial", "frp": 2.6, "frp_deviation": 0.94, "alert_flag": "Normal", "evidence": "Within 1 km of OSM industrial zone; cluster active 73 days; FRP 2.6 MW (0.94x cluster avg); Normal", "acq_date": "2026-03-10", "distinct_days": 73 }, "geometry": { "type": "Point", "coordinates": [ 82.60501, 22.33058 ] } },
{ "type": "Feature", "properties": { "final_label": "Natural Fire", "frp": 3.4, "frp_deviation": null, "alert_flag": "Normal", "evidence": "isolated detection (no persistent cluster); FRP 3.4 MW; Normal", "acq_date": "2026-03-10", "distinct_days": 0 }, "geometry": { "type": "Point", "coordinates": [ 82.74583, 22.16151 ] } },
{ "type": "Feature", "properties": { "final_label": "Natural Fire", "frp": 5.1, "frp_deviation": null, "alert_flag": "Normal", "evidence": "isolated detection (no persistent cluster); FRP 5.1 MW; Normal", "acq_date": "2026-03-10", "distinct_days": 0 }, "geometry": { "type": "Point", "coordinates": [ 82.44584, 22.12268 ] } },
{ "type": "Feature", "properties": { "final_label": "Natural Fire", "frp": 2.85, "frp_deviation": null, "alert_flag": "Normal", "evidence": "isolated detection (no persistent cluster); FRP 2.9 MW; Normal", "acq_date": "2026-03-10", "distinct_days": 0 }, "geometry": { "type": "Point", "coordinates": [ 82.88345, 22.19474 ] } },
{ "type": "Feature", "properties": { "final_label": "Natural Fire", "frp": 1.59, "frp_deviation": null, "alert_flag": "Normal", "evidence": "isolated detection (no persistent cluster); FRP 1.6 MW; Normal", "acq_date": "2026-03-10", "distinct_days": 0 }, "geometry": { "type": "Point", "coordinates": [ 82.81139, 22.18466 ] } },
{ "type": "Feature", "properties": { "final_label": "Natural Fire", "frp": 1.96, "frp_deviation": null, "alert_flag": "Normal", "evidence": "isolated detection (no persistent cluster); FRP 2.0 MW; Normal", "acq_date": "2026-03-10", "distinct_days": 0 }, "geometry": { "type": "Point", "coordinates": [ 83.08137, 22.22933 ] } },
{ "type": "Feature", "properties": { "final_label": "Natural Fire", "frp": 2.84, "frp_deviation": null, "alert_flag": "Normal", "evidence": "isolated detection (no persistent cluster); FRP 2.8 MW; Normal", "acq_date": "2026-03-10", "distinct_days": 0 }, "geometry": { "type": "Point", "coordinates": [ 82.98302, 22.21918 ] } },
{ "type": "Feature", "properties": { "final_label": "Natural Fire", "frp": 5.84, "frp_deviation": null, "alert_flag": "Normal", "evidence": "isolated detection (no persistent cluster); FRP 5.8 MW; Normal", "acq_date": "2026-03-10", "distinct_days": 0 }, "geometry": { "type": "Point", "coordinates": [ 82.56401, 22.18456 ] } },
{ "type": "Feature", "properties": { "final_label": "Natural Fire", "frp": 2.77, "frp_deviation": null, "alert_flag": "Normal", "evidence": "isolated detection (no persistent cluster); FRP 2.8 MW; Normal", "acq_date": "2026-03-10", "distinct_days": 0 }, "geometry": { "type": "Point", "coordinates": [ 82.68198, 22.20483 ] } },
{ "type": "Feature", "properties": { "final_label": "Natural Fire", "frp": 8.74, "frp_deviation": null, "alert_flag": "Normal", "evidence": "isolated detection (no persistent cluster); FRP 8.7 MW; Normal", "acq_date": "2026-03-10", "distinct_days": 0 }, "geometry": { "type": "Point", "coordinates": [ 82.51796, 22.19263 ] } },
{ "type": "Feature", "properties": { "final_label": "Natural Fire", "frp": 4.08, "frp_deviation": null, "alert_flag": "Normal", "evidence": "isolated detection (no persistent cluster); FRP 4.1 MW; Normal", "acq_date": "2026-03-10", "distinct_days": 0 }, "geometry": { "type": "Point", "coordinates": [ 82.87443, 22.24908 ] } },
{ "type": "Feature", "properties": { "final_label": "Natural Fire", "frp": 1.73, "frp_deviation": null, "alert_flag": "Normal", "evidence": "isolated detection (no persistent cluster); FRP 1.7 MW; Normal", "acq_date": "2026-03-10", "distinct_days": 0 }, "geometry": { "type": "Point", "coordinates": [ 82.49545, 22.1124 ] } },
{ "type": "Feature", "properties": { "final_label": "Natural Fire", "frp": 3.87, "frp_deviation": null, "alert_flag": "Normal", "evidence": "isolated detection (no persistent cluster); FRP 3.9 MW; Normal", "acq_date": "2026-03-10", "distinct_days": 0 }, "geometry": { "type": "Point", "coordinates": [ 82.5152, 22.20958 ] } },
{ "type": "Feature", "properties": { "final_label": "Natural Fire", "frp": 4.12, "frp_deviation": 0.73, "alert_flag": "Normal", "evidence": "cluster active 2 days; FRP 4.1 MW (0.73x cluster avg); Normal", "acq_date": "2026-03-10", "distinct_days": 2 }, "geometry": { "type": "Point", "coordinates": [ 82.83665, 22.25438 ] } },
{ "type": "Feature", "properties": { "final_label": "Natural Fire", "frp": 6.24, "frp_deviation": null, "alert_flag": "Normal", "evidence": "isolated detection (no persistent cluster); FRP 6.2 MW; Normal", "acq_date": "2026-03-10", "distinct_days": 0 }, "geometry": { "type": "Point", "coordinates": [ 82.45544, 22.25659 ] } },
{ "type": "Feature", "properties": { "final_label": "Natural Fire", "frp": 2.4, "frp_deviation": 0.56, "alert_flag": "Normal", "evidence": "cluster active 2 days; FRP 2.4 MW (0.56x cluster avg); Normal", "acq_date": "2026-03-10", "distinct_days": 2 }, "geometry": { "type": "Point", "coordinates": [ 82.81007, 22.29271 ] } },
{ "type": "Feature", "properties": { "final_label": "Natural Fire", "frp": 4.72, "frp_deviation": 1.33, "alert_flag": "Normal", "evidence": "cluster active 2 days; FRP 4.7 MW (1.33x cluster avg); Normal", "acq_date": "2026-03-10", "distinct_days": 2 }, "geometry": { "type": "Point", "coordinates": [ 82.75862, 22.28201 ] } },
{ "type": "Feature", "properties": { "final_label": "Natural Fire", "frp": 1.17, "frp_deviation": null, "alert_flag": "Normal", "evidence": "isolated detection (no persistent cluster); FRP 1.2 MW; Normal", "acq_date": "2026-03-10", "distinct_days": 0 }, "geometry": { "type": "Point", "coordinates": [ 82.8834, 22.29593 ] } },
{ "type": "Feature", "properties": { "final_label": "Natural Fire", "frp": 3.88, "frp_deviation": 0.99, "alert_flag": "Normal", "evidence": "cluster active 1 days; FRP 3.9 MW (0.99x cluster avg); Normal", "acq_date": "2026-03-10", "distinct_days": 1 }, "geometry": { "type": "Point", "coordinates": [ 82.57433, 22.2422 ] } },
{ "type": "Feature", "properties": { "final_label": "Natural Fire", "frp": 4.72, "frp_deviation": 1.33, "alert_flag": "Normal", "evidence": "cluster active 2 days; FRP 4.7 MW (1.33x cluster avg); Normal", "acq_date": "2026-03-10", "distinct_days": 2 }, "geometry": { "type": "Point", "coordinates": [ 82.75808, 22.28543 ] } },
{ "type": "Feature", "properties": { "final_label": "Natural Fire", "frp": 3.93, "frp_deviation": 1.01, "alert_flag": "Normal", "evidence": "cluster active 1 days; FRP 3.9 MW (1.01x cluster avg); Normal", "acq_date": "2026-03-10", "distinct_days": 1 }, "geometry": { "type": "Point", "coordinates": [ 82.57487, 22.2388 ] } },
{ "type": "Feature", "properties": { "final_label": "Natural Fire", "frp": 3.93, "frp_deviation": 1.01, "alert_flag": "Normal", "evidence": "cluster active 1 days; FRP 3.9 MW (1.01x cluster avg); Normal", "acq_date": "2026-03-10", "distinct_days": 1 }, "geometry": { "type": "Point", "coordinates": [ 82.57543, 22.2354 ] } },
{ "type": "Feature", "properties": { "final_label": "Natural Fire", "frp": 3.93, "frp_deviation": 1.01, "alert_flag": "Normal", "evidence": "cluster active 1 days; FRP 3.9 MW (1.01x cluster avg); Normal", "acq_date": "2026-03-10", "distinct_days": 1 }, "geometry": { "type": "Point", "coordinates": [ 82.57938, 22.23596 ] } },
{ "type": "Feature", "properties": { "final_label": "Natural Fire", "frp": 3.72, "frp_deviation": null, "alert_flag": "Normal", "evidence": "isolated detection (no persistent cluster); FRP 3.7 MW; Normal", "acq_date": "2026-03-10", "distinct_days": 0 }, "geometry": { "type": "Point", "coordinates": [ 83.07801, 22.30169 ] } },
{ "type": "Feature", "properties": { "final_label": "Natural Fire", "frp": 3.44, "frp_deviation": null, "alert_flag": "Normal", "evidence": "isolated detection (no persistent cluster); FRP 3.4 MW; Normal", "acq_date": "2026-03-10", "distinct_days": 0 }, "geometry": { "type": "Point", "coordinates": [ 83.00094, 22.28758 ] } },
{ "type": "Feature", "properties": { "final_label": "Natural Fire", "frp": 3.88, "frp_deviation": 0.99, "alert_flag": "Normal", "evidence": "cluster active 1 days; FRP 3.9 MW (0.99x cluster avg); Normal", "acq_date": "2026-03-10", "distinct_days": 1 }, "geometry": { "type": "Point", "coordinates": [ 82.57828, 22.24275 ] } },
{ "type": "Feature", "properties": { "final_label": "Industrial", "frp": 2.13, "frp_deviation": 0.76, "alert_flag": "Normal", "evidence": "Inside OSM industrial zone; cluster active 71 days; FRP 2.1 MW (0.76x cluster avg); Normal", "acq_date": "2026-03-11", "distinct_days": 71 }, "geometry": { "type": "Point", "coordinates": [ 82.57492, 22.33345 ] } },
{ "type": "Feature", "properties": { "final_label": "Natural Fire", "frp": 11.53, "frp_deviation": null, "alert_flag": "Normal", "evidence": "isolated detection (no persistent cluster); FRP 11.5 MW; Normal", "acq_date": "2026-03-11", "distinct_days": 0 }, "geometry": { "type": "Point", "coordinates": [ 82.71461, 22.41126 ] } },
{ "type": "Feature", "properties": { "final_label": "Natural Fire", "frp": 3.77, "frp_deviation": null, "alert_flag": "Normal", "evidence": "isolated detection (no persistent cluster); FRP 3.8 MW; Normal", "acq_date": "2026-03-11", "distinct_days": 0 }, "geometry": { "type": "Point", "coordinates": [ 83.06599, 22.47804 ] } },
{ "type": "Feature", "properties": { "final_label": "Natural Fire", "frp": 1.09, "frp_deviation": null, "alert_flag": "Normal", "evidence": "isolated detection (no persistent cluster); FRP 1.1 MW; Normal", "acq_date": "2026-03-11", "distinct_days": 0 }, "geometry": { "type": "Point", "coordinates": [ 82.94479, 22.58523 ] } },
{ "type": "Feature", "properties": { "final_label": "Natural Fire", "frp": 2.2, "frp_deviation": null, "alert_flag": "Normal", "evidence": "isolated detection (no persistent cluster); FRP 2.2 MW; Normal", "acq_date": "2026-03-11", "distinct_days": 0 }, "geometry": { "type": "Point", "coordinates": [ 82.8568, 22.59395 ] } },
{ "type": "Feature", "properties": { "final_label": "Natural Fire", "frp": 1.21, "frp_deviation": null, "alert_flag": "Normal", "evidence": "isolated detection (no persistent cluster); FRP 1.2 MW; Normal", "acq_date": "2026-03-11", "distinct_days": 0 }, "geometry": { "type": "Point", "coordinates": [ 82.94322, 22.50921 ] } },
{ "type": "Feature", "properties": { "final_label": "Industrial", "frp": 2.97, "frp_deviation": 1.07, "alert_flag": "Normal", "evidence": "Inside OSM industrial zone; cluster active 73 days; FRP 3.0 MW (1.07x cluster avg); Normal", "acq_date": "2026-03-11", "distinct_days": 73 }, "geometry": { "type": "Point", "coordinates": [ 82.60548, 22.3328 ] } },
{ "type": "Feature", "properties": { "final_label": "Industrial", "frp": 1.04, "frp_deviation": 0.65, "alert_flag": "Normal", "evidence": "Inside OSM industrial zone; cluster active 16 days; FRP 1.0 MW (0.65x cluster avg); Normal", "acq_date": "2026-03-11", "distinct_days": 16 }, "geometry": { "type": "Point", "coordinates": [ 82.67352, 22.32331 ] } },
{ "type": "Feature", "properties": { "final_label": "Industrial", "frp": 3.5, "frp_deviation": 1.55, "alert_flag": "Normal", "evidence": "Inside OSM industrial zone; cluster active 61 days; FRP 3.5 MW (1.55x cluster avg); Normal", "acq_date": "2026-03-11", "distinct_days": 61 }, "geometry": { "type": "Point", "coordinates": [ 82.55363, 22.33641 ] } },
{ "type": "Feature", "properties": { "final_label": "Industrial", "frp": 1.67, "frp_deviation": 0.47, "alert_flag": "Normal", "evidence": "Inside OSM industrial zone; cluster active 96 days; FRP 1.7 MW (0.47x cluster avg); Normal", "acq_date": "2026-03-11", "distinct_days": 96 }, "geometry": { "type": "Point", "coordinates": [ 82.30434, 22.35987 ] } },
{ "type": "Feature", "properties": { "final_label": "Industrial", "frp": 2.43, "frp_deviation": 0.97, "alert_flag": "Normal", "evidence": "Inside OSM industrial zone; cluster active 98 days; FRP 2.4 MW (0.97x cluster avg); Normal", "acq_date": "2026-03-11", "distinct_days": 98 }, "geometry": { "type": "Point", "coordinates": [ 82.51522, 22.31644 ] } },
{ "type": "Feature", "properties": { "final_label": "Industrial", "frp": 1.67, "frp_deviation": 0.47, "alert_flag": "Normal", "evidence": "Inside OSM industrial zone; cluster active 96 days; FRP 1.7 MW (0.47x cluster avg); Normal", "acq_date": "2026-03-11", "distinct_days": 96 }, "geometry": { "type": "Point", "coordinates": [ 82.30374, 22.3563 ] } },
{ "type": "Feature", "properties": { "final_label": "Industrial", "frp": 2.17, "frp_deviation": 0.87, "alert_flag": "Normal", "evidence": "Inside OSM industrial zone; cluster active 98 days; FRP 2.2 MW (0.87x cluster avg); Normal", "acq_date": "2026-03-11", "distinct_days": 98 }, "geometry": { "type": "Point", "coordinates": [ 82.56848, 22.31992 ] } },
{ "type": "Feature", "properties": { "final_label": "Natural Fire", "frp": 2.29, "frp_deviation": null, "alert_flag": "Normal", "evidence": "isolated detection (no persistent cluster); FRP 2.3 MW; Normal", "acq_date": "2026-03-11", "distinct_days": 0 }, "geometry": { "type": "Point", "coordinates": [ 82.76159, 22.12998 ] } },
{ "type": "Feature", "properties": { "final_label": "Natural Fire", "frp": 0.4, "frp_deviation": null, "alert_flag": "Normal", "evidence": "isolated detection (no persistent cluster); FRP 0.4 MW; Normal", "acq_date": "2026-03-11", "distinct_days": 0 }, "geometry": { "type": "Point", "coordinates": [ 82.93823, 22.26475 ] } },
{ "type": "Feature", "properties": { "final_label": "Industrial", "frp": 2.5, "frp_deviation": 1.0, "alert_flag": "Normal", "evidence": "Inside OSM industrial zone; cluster active 98 days; FRP 2.5 MW (1.00x cluster avg); Normal", "acq_date": "2026-03-11", "distinct_days": 98 }, "geometry": { "type": "Point", "coordinates": [ 82.533, 22.3176 ] } },
{ "type": "Feature", "properties": { "final_label": "Natural Fire", "frp": 2.04, "frp_deviation": null, "alert_flag": "Normal", "evidence": "isolated detection (no persistent cluster); FRP 2.0 MW; Normal", "acq_date": "2026-03-11", "distinct_days": 0 }, "geometry": { "type": "Point", "coordinates": [ 82.99065, 22.16661 ] } },
{ "type": "Feature", "properties": { "final_label": "Natural Fire", "frp": 1.72, "frp_deviation": null, "alert_flag": "Normal", "evidence": "isolated detection (no persistent cluster); FRP 1.7 MW; Normal", "acq_date": "2026-03-11", "distinct_days": 0 }, "geometry": { "type": "Point", "coordinates": [ 83.02645, 22.15445 ] } },
{ "type": "Feature", "properties": { "final_label": "Natural Fire", "frp": 2.56, "frp_deviation": null, "alert_flag": "Normal", "evidence": "isolated detection (no persistent cluster); FRP 2.6 MW; Normal", "acq_date": "2026-03-11", "distinct_days": 0 }, "geometry": { "type": "Point", "coordinates": [ 82.87411, 22.17245 ] } },
{ "type": "Feature", "properties": { "final_label": "Natural Fire", "frp": 6.93, "frp_deviation": null, "alert_flag": "Normal", "evidence": "isolated detection (no persistent cluster); FRP 6.9 MW; Normal", "acq_date": "2026-03-11", "distinct_days": 0 }, "geometry": { "type": "Point", "coordinates": [ 82.83995, 22.14877 ] } },
{ "type": "Feature", "properties": { "final_label": "Natural Fire", "frp": 1.66, "frp_deviation": null, "alert_flag": "Normal", "evidence": "isolated detection (no persistent cluster); FRP 1.7 MW; Normal", "acq_date": "2026-03-11", "distinct_days": 0 }, "geometry": { "type": "Point", "coordinates": [ 83.04974, 22.45405 ] } },
{ "type": "Feature", "properties": { "final_label": "Industrial", "frp": 2.34, "frp_deviation": 1.37, "alert_flag": "Normal", "evidence": "Within 1 km of OSM industrial zone; cluster active 23 days; FRP 2.3 MW (1.37x cluster avg); Normal", "acq_date": "2026-03-11", "distinct_days": 23 }, "geometry": { "type": "Point", "coordinates": [ 82.58188, 22.32167 ] } },
{ "type": "Feature", "properties": { "final_label": "Natural Fire", "frp": 4.65, "frp_deviation": 1.13, "alert_flag": "Normal", "evidence": "cluster active 1 days; FRP 4.7 MW (1.13x cluster avg); Normal", "acq_date": "2026-03-11", "distinct_days": 1 }, "geometry": { "type": "Point", "coordinates": [ 83.03896, 22.44514 ] } },
{ "type": "Feature", "properties": { "final_label": "Industrial", "frp": 1.7, "frp_deviation": 0.68, "alert_flag": "Normal", "evidence": "Within 1 km of OSM industrial zone; cluster active 98 days; FRP 1.7 MW (0.68x cluster avg); Normal", "acq_date": "2026-03-11", "distinct_days": 98 }, "geometry": { "type": "Point", "coordinates": [ 82.56791, 22.31639 ] } },
{ "type": "Feature", "properties": { "final_label": "Industrial", "frp": 3.49, "frp_deviation": 1.55, "alert_flag": "Normal", "evidence": "Inside OSM industrial zone; cluster active 61 days; FRP 3.5 MW (1.55x cluster avg); Normal", "acq_date": "2026-03-11", "distinct_days": 61 }, "geometry": { "type": "Point", "coordinates": [ 82.55534, 22.33637 ] } },
{ "type": "Feature", "properties": { "final_label": "Natural Fire", "frp": 3.6, "frp_deviation": 0.87, "alert_flag": "Normal", "evidence": "cluster active 1 days; FRP 3.6 MW (0.87x cluster avg); Normal", "acq_date": "2026-03-11", "distinct_days": 1 }, "geometry": { "type": "Point", "coordinates": [ 83.0383, 22.44592 ] } },
{ "type": "Feature", "properties": { "final_label": "Natural Fire", "frp": 4.57, "frp_deviation": null, "alert_flag": "Normal", "evidence": "isolated detection (no persistent cluster); FRP 4.6 MW; Normal", "acq_date": "2026-03-11", "distinct_days": 0 }, "geometry": { "type": "Point", "coordinates": [ 82.72356, 22.15755 ] } },
{ "type": "Feature", "properties": { "final_label": "Natural Fire", "frp": 3.22, "frp_deviation": null, "alert_flag": "Normal", "evidence": "isolated detection (no persistent cluster); FRP 3.2 MW; Normal", "acq_date": "2026-03-11", "distinct_days": 0 }, "geometry": { "type": "Point", "coordinates": [ 82.73607, 22.18233 ] } },
{ "type": "Feature", "properties": { "final_label": "Natural Fire", "frp": 3.22, "frp_deviation": null, "alert_flag": "Normal", "evidence": "isolated detection (no persistent cluster); FRP 3.2 MW; Normal", "acq_date": "2026-03-11", "distinct_days": 0 }, "geometry": { "type": "Point", "coordinates": [ 82.73122, 22.18509 ] } },
{ "type": "Feature", "properties": { "final_label": "Natural Fire", "frp": 2.38, "frp_deviation": null, "alert_flag": "Normal", "evidence": "isolated detection (no persistent cluster); FRP 2.4 MW; Normal", "acq_date": "2026-03-11", "distinct_days": 0 }, "geometry": { "type": "Point", "coordinates": [ 82.89725, 22.25635 ] } },
{ "type": "Feature", "properties": { "final_label": "Natural Fire", "frp": 4.76, "frp_deviation": null, "alert_flag": "Normal", "evidence": "isolated detection (no persistent cluster); FRP 4.8 MW; Normal", "acq_date": "2026-03-11", "distinct_days": 0 }, "geometry": { "type": "Point", "coordinates": [ 82.92445, 22.26807 ] } },
{ "type": "Feature", "properties": { "final_label": "Natural Fire", "frp": 6.35, "frp_deviation": 1.13, "alert_flag": "Normal", "evidence": "cluster active 2 days; FRP 6.3 MW (1.13x cluster avg); Normal", "acq_date": "2026-03-11", "distinct_days": 2 }, "geometry": { "type": "Point", "coordinates": [ 82.84158, 22.25767 ] } },
{ "type": "Feature", "properties": { "final_label": "Natural Fire", "frp": 6.35, "frp_deviation": 1.13, "alert_flag": "Normal", "evidence": "cluster active 2 days; FRP 6.3 MW (1.13x cluster avg); Normal", "acq_date": "2026-03-11", "distinct_days": 2 }, "geometry": { "type": "Point", "coordinates": [ 82.83743, 22.25697 ] } },
{ "type": "Feature", "properties": { "final_label": "Natural Fire", "frp": 5.19, "frp_deviation": null, "alert_flag": "Normal", "evidence": "isolated detection (no persistent cluster); FRP 5.2 MW; Normal", "acq_date": "2026-03-11", "distinct_days": 0 }, "geometry": { "type": "Point", "coordinates": [ 82.94642, 22.28601 ] } },
{ "type": "Feature", "properties": { "final_label": "Natural Fire", "frp": 5.19, "frp_deviation": null, "alert_flag": "Normal", "evidence": "isolated detection (no persistent cluster); FRP 5.2 MW; Normal", "acq_date": "2026-03-11", "distinct_days": 0 }, "geometry": { "type": "Point", "coordinates": [ 82.90948, 22.27981 ] } },
{ "type": "Feature", "properties": { "final_label": "Natural Fire", "frp": 4.36, "frp_deviation": null, "alert_flag": "Normal", "evidence": "isolated detection (no persistent cluster); FRP 4.4 MW; Normal", "acq_date": "2026-03-11", "distinct_days": 0 }, "geometry": { "type": "Point", "coordinates": [ 82.89442, 22.24873 ] } },
{ "type": "Feature", "properties": { "final_label": "Natural Fire", "frp": 10.34, "frp_deviation": null, "alert_flag": "Normal", "evidence": "isolated detection (no persistent cluster); FRP 10.3 MW; Normal", "acq_date": "2026-03-11", "distinct_days": 0 }, "geometry": { "type": "Point", "coordinates": [ 82.9075, 22.29018 ] } },
{ "type": "Feature", "properties": { "final_label": "Natural Fire", "frp": 6.01, "frp_deviation": null, "alert_flag": "Normal", "evidence": "isolated detection (no persistent cluster); FRP 6.0 MW; Normal", "acq_date": "2026-03-11", "distinct_days": 0 }, "geometry": { "type": "Point", "coordinates": [ 82.92747, 22.29708 ] } },
{ "type": "Feature", "properties": { "final_label": "Natural Fire", "frp": 6.57, "frp_deviation": 1.0, "alert_flag": "Normal", "evidence": "cluster active 1 days; FRP 6.6 MW (1.00x cluster avg); Normal", "acq_date": "2026-03-11", "distinct_days": 1 }, "geometry": { "type": "Point", "coordinates": [ 82.88978, 22.29434 ] } },
{ "type": "Feature", "properties": { "final_label": "Natural Fire", "frp": 6.57, "frp_deviation": 1.0, "alert_flag": "Normal", "evidence": "cluster active 1 days; FRP 6.6 MW (1.00x cluster avg); Normal", "acq_date": "2026-03-11", "distinct_days": 1 }, "geometry": { "type": "Point", "coordinates": [ 82.8891, 22.29779 ] } },
{ "type": "Feature", "properties": { "final_label": "Natural Fire", "frp": 6.3, "frp_deviation": null, "alert_flag": "Normal", "evidence": "isolated detection (no persistent cluster); FRP 6.3 MW; Normal", "acq_date": "2026-03-11", "distinct_days": 0 }, "geometry": { "type": "Point", "coordinates": [ 82.30601, 22.20299 ] } },
{ "type": "Feature", "properties": { "final_label": "Natural Fire", "frp": 1.7, "frp_deviation": 1.18, "alert_flag": "Normal", "evidence": "cluster active 2 days; FRP 1.7 MW (1.18x cluster avg); Normal", "acq_date": "2026-03-11", "distinct_days": 2 }, "geometry": { "type": "Point", "coordinates": [ 82.79195, 22.29228 ] } },
{ "type": "Feature", "properties": { "final_label": "Natural Fire", "frp": 7.5, "frp_deviation": 1.46, "alert_flag": "Normal", "evidence": "cluster active 1 days; FRP 7.5 MW (1.46x cluster avg); Normal", "acq_date": "2026-03-11", "distinct_days": 1 }, "geometry": { "type": "Point", "coordinates": [ 82.81142, 22.30806 ] } },
{ "type": "Feature", "properties": { "final_label": "Natural Fire", "frp": 2.8, "frp_deviation": 0.54, "alert_flag": "Normal", "evidence": "cluster active 1 days; FRP 2.8 MW (0.54x cluster avg); Normal", "acq_date": "2026-03-11", "distinct_days": 1 }, "geometry": { "type": "Point", "coordinates": [ 82.80728, 22.30735 ] } },
{ "type": "Feature", "properties": { "final_label": "Natural Fire", "frp": 7.97, "frp_deviation": null, "alert_flag": "Normal", "evidence": "isolated detection (no persistent cluster); FRP 8.0 MW; Normal", "acq_date": "2026-03-11", "distinct_days": 0 }, "geometry": { "type": "Point", "coordinates": [ 82.92604, 22.33118 ] } },
{ "type": "Feature", "properties": { "final_label": "Natural Fire", "frp": 2.35, "frp_deviation": 0.21, "alert_flag": "Normal", "evidence": "cluster active 3 days; FRP 2.4 MW (0.21x cluster avg); Normal", "acq_date": "2026-03-11", "distinct_days": 3 }, "geometry": { "type": "Point", "coordinates": [ 82.79767, 22.33435 ] } },
{ "type": "Feature", "properties": { "final_label": "Natural Fire", "frp": 3.45, "frp_deviation": 1.35, "alert_flag": "Normal", "evidence": "cluster active 2 days; FRP 3.5 MW (1.35x cluster avg); Normal", "acq_date": "2026-03-11", "distinct_days": 2 }, "geometry": { "type": "Point", "coordinates": [ 82.90474, 22.28258 ] } },
{ "type": "Feature", "properties": { "final_label": "Natural Fire", "frp": 2.83, "frp_deviation": null, "alert_flag": "Normal", "evidence": "isolated detection (no persistent cluster); FRP 2.8 MW; Normal", "acq_date": "2026-03-12", "distinct_days": 0 }, "geometry": { "type": "Point", "coordinates": [ 83.07917, 22.56993 ] } },
{ "type": "Feature", "properties": { "final_label": "Natural Fire", "frp": 2.56, "frp_deviation": 0.9, "alert_flag": "Normal", "evidence": "cluster active 2 days; FRP 2.6 MW (0.90x cluster avg); Normal", "acq_date": "2026-03-12", "distinct_days": 2 }, "geometry": { "type": "Point", "coordinates": [ 83.0719, 22.55931 ] } },
{ "type": "Feature", "properties": { "final_label": "Natural Fire", "frp": 4.35, "frp_deviation": null, "alert_flag": "Normal", "evidence": "isolated detection (no persistent cluster); FRP 4.3 MW; Normal", "acq_date": "2026-03-12", "distinct_days": 0 }, "geometry": { "type": "Point", "coordinates": [ 82.55014, 22.43551 ] } },
{ "type": "Feature", "properties": { "final_label": "Natural Fire", "frp": 9.93, "frp_deviation": null, "alert_flag": "Normal", "evidence": "isolated detection (no persistent cluster); FRP 9.9 MW; Normal", "acq_date": "2026-03-12", "distinct_days": 0 }, "geometry": { "type": "Point", "coordinates": [ 82.71534, 22.44554 ] } },
{ "type": "Feature", "properties": { "final_label": "Natural Fire", "frp": 5.84, "frp_deviation": 1.36, "alert_flag": "Normal", "evidence": "cluster active 1 days; FRP 5.8 MW (1.36x cluster avg); Normal", "acq_date": "2026-03-12", "distinct_days": 1 }, "geometry": { "type": "Point", "coordinates": [ 83.08263, 22.51091 ] } },
{ "type": "Feature", "properties": { "final_label": "Natural Fire", "frp": 5.07, "frp_deviation": null, "alert_flag": "Normal", "evidence": "isolated detection (no persistent cluster); FRP 5.1 MW; Normal", "acq_date": "2026-03-12", "distinct_days": 0 }, "geometry": { "type": "Point", "coordinates": [ 83.07832, 22.47894 ] } },
{ "type": "Feature", "properties": { "final_label": "Natural Fire", "frp": 2.12, "frp_deviation": null, "alert_flag": "Normal", "evidence": "isolated detection (no persistent cluster); FRP 2.1 MW; Normal", "acq_date": "2026-03-12", "distinct_days": 0 }, "geometry": { "type": "Point", "coordinates": [ 83.00034, 22.48499 ] } },
{ "type": "Feature", "properties": { "final_label": "Natural Fire", "frp": 4.42, "frp_deviation": null, "alert_flag": "Normal", "evidence": "isolated detection (no persistent cluster); FRP 4.4 MW; Normal", "acq_date": "2026-03-12", "distinct_days": 0 }, "geometry": { "type": "Point", "coordinates": [ 82.3671, 22.34496 ] } },
{ "type": "Feature", "properties": { "final_label": "Natural Fire", "frp": 4.17, "frp_deviation": 0.95, "alert_flag": "Normal", "evidence": "cluster active 2 days; FRP 4.2 MW (0.95x cluster avg); Normal", "acq_date": "2026-03-12", "distinct_days": 2 }, "geometry": { "type": "Point", "coordinates": [ 83.06692, 22.48589 ] } },
{ "type": "Feature", "properties": { "final_label": "Natural Fire", "frp": 2.83, "frp_deviation": null, "alert_flag": "Normal", "evidence": "isolated detection (no persistent cluster); FRP 2.8 MW; Normal", "acq_date": "2026-03-12", "distinct_days": 0 }, "geometry": { "type": "Point", "coordinates": [ 83.09442, 22.47292 ] } },
{ "type": "Feature", "properties": { "final_label": "Natural Fire", "frp": 7.17, "frp_deviation": null, "alert_flag": "Normal", "evidence": "isolated detection (no persistent cluster); FRP 7.2 MW; Normal", "acq_date": "2026-03-12", "distinct_days": 0 }, "geometry": { "type": "Point", "coordinates": [ 82.85667, 22.40241 ] } },
{ "type": "Feature", "properties": { "final_label": "Natural Fire", "frp": 5.67, "frp_deviation": null, "alert_flag": "Normal", "evidence": "isolated detection (no persistent cluster); FRP 5.7 MW; Normal", "acq_date": "2026-03-12", "distinct_days": 0 }, "geometry": { "type": "Point", "coordinates": [ 83.05293, 22.57852 ] } },
{ "type": "Feature", "properties": { "final_label": "Natural Fire", "frp": 2.75, "frp_deviation": 0.64, "alert_flag": "Normal", "evidence": "cluster active 1 days; FRP 2.8 MW (0.64x cluster avg); Normal", "acq_date": "2026-03-12", "distinct_days": 1 }, "geometry": { "type": "Point", "coordinates": [ 83.08726, 22.51185 ] } },
{ "type": "Feature", "properties": { "final_label": "Natural Fire", "frp": 2.32, "frp_deviation": null, "alert_flag": "Normal", "evidence": "isolated detection (no persistent cluster); FRP 2.3 MW; Normal", "acq_date": "2026-03-12", "distinct_days": 0 }, "geometry": { "type": "Point", "coordinates": [ 82.86497, 22.59186 ] } },
{ "type": "Feature", "properties": { "final_label": "Natural Fire", "frp": 2.64, "frp_deviation": null, "alert_flag": "Normal", "evidence": "isolated detection (no persistent cluster); FRP 2.6 MW; Normal", "acq_date": "2026-03-12", "distinct_days": 0 }, "geometry": { "type": "Point", "coordinates": [ 82.85336, 22.16528 ] } },
{ "type": "Feature", "properties": { "final_label": "Natural Fire", "frp": 3.67, "frp_deviation": null, "alert_flag": "Normal", "evidence": "isolated detection (no persistent cluster); FRP 3.7 MW; Normal", "acq_date": "2026-03-12", "distinct_days": 0 }, "geometry": { "type": "Point", "coordinates": [ 82.6713, 22.52442 ] } },
{ "type": "Feature", "properties": { "final_label": "Natural Fire", "frp": 3.34, "frp_deviation": null, "alert_flag": "Normal", "evidence": "isolated detection (no persistent cluster); FRP 3.3 MW; Normal", "acq_date": "2026-03-12", "distinct_days": 0 }, "geometry": { "type": "Point", "coordinates": [ 82.90118, 22.3601 ] } },
{ "type": "Feature", "properties": { "final_label": "Industrial", "frp": 2.67, "frp_deviation": 1.18, "alert_flag": "Normal", "evidence": "Inside OSM industrial zone; cluster active 61 days; FRP 2.7 MW (1.18x cluster avg); Normal", "acq_date": "2026-03-12", "distinct_days": 61 }, "geometry": { "type": "Point", "coordinates": [ 82.55314, 22.33758 ] } },
{ "type": "Feature", "properties": { "final_label": "Industrial", "frp": 2.08, "frp_deviation": 0.75, "alert_flag": "Normal", "evidence": "Inside OSM industrial zone; cluster active 71 days; FRP 2.1 MW (0.75x cluster avg); Normal", "acq_date": "2026-03-12", "distinct_days": 71 }, "geometry": { "type": "Point", "coordinates": [ 82.57396, 22.33532 ] } },
{ "type": "Feature", "properties": { "final_label": "Industrial", "frp": 2.31, "frp_deviation": 0.65, "alert_flag": "Normal", "evidence": "Inside OSM industrial zone; cluster active 96 days; FRP 2.3 MW (0.65x cluster avg); Normal", "acq_date": "2026-03-12", "distinct_days": 96 }, "geometry": { "type": "Point", "coordinates": [ 82.30329, 22.35965 ] } },
{ "type": "Feature", "properties": { "final_label": "Industrial", "frp": 1.82, "frp_deviation": 0.51, "alert_flag": "Normal", "evidence": "Inside OSM industrial zone; cluster active 96 days; FRP 1.8 MW (0.51x cluster avg); Normal", "acq_date": "2026-03-12", "distinct_days": 96 }, "geometry": { "type": "Point", "coordinates": [ 82.30263, 22.35489 ] } },
{ "type": "Feature", "properties": { "final_label": "Industrial", "frp": 2.21, "frp_deviation": 1.29, "alert_flag": "Normal", "evidence": "Inside OSM industrial zone; cluster active 23 days; FRP 2.2 MW (1.29x cluster avg); Normal", "acq_date": "2026-03-12", "distinct_days": 23 }, "geometry": { "type": "Point", "coordinates": [ 82.58301, 22.32012 ] } },
{ "type": "Feature", "properties": { "final_label": "Natural Fire", "frp": 2.48, "frp_deviation": null, "alert_flag": "Normal", "evidence": "isolated detection (no persistent cluster); FRP 2.5 MW; Normal", "acq_date": "2026-03-12", "distinct_days": 0 }, "geometry": { "type": "Point", "coordinates": [ 82.84572, 22.18471 ] } },
{ "type": "Feature", "properties": { "final_label": "Natural Fire", "frp": 2.67, "frp_deviation": null, "alert_flag": "Normal", "evidence": "isolated detection (no persistent cluster); FRP 2.7 MW; Normal", "acq_date": "2026-03-12", "distinct_days": 0 }, "geometry": { "type": "Point", "coordinates": [ 83.04308, 22.43972 ] } },
{ "type": "Feature", "properties": { "final_label": "Natural Fire", "frp": 3.13, "frp_deviation": 0.88, "alert_flag": "Normal", "evidence": "cluster active 1 days; FRP 3.1 MW (0.88x cluster avg); Normal", "acq_date": "2026-03-12", "distinct_days": 1 }, "geometry": { "type": "Point", "coordinates": [ 82.68596, 22.17866 ] } },
{ "type": "Feature", "properties": { "final_label": "Natural Fire", "frp": 3.13, "frp_deviation": 0.88, "alert_flag": "Normal", "evidence": "cluster active 1 days; FRP 3.1 MW (0.88x cluster avg); Normal", "acq_date": "2026-03-12", "distinct_days": 1 }, "geometry": { "type": "Point", "coordinates": [ 82.69106, 22.17811 ] } },
{ "type": "Feature", "properties": { "final_label": "Natural Fire", "frp": 4.69, "frp_deviation": 1.33, "alert_flag": "Normal", "evidence": "cluster active 1 days; FRP 4.7 MW (1.33x cluster avg); Normal", "acq_date": "2026-03-12", "distinct_days": 1 }, "geometry": { "type": "Point", "coordinates": [ 82.68923, 22.17928 ] } },
{ "type": "Feature", "properties": { "final_label": "Natural Fire", "frp": 3.2, "frp_deviation": 0.9, "alert_flag": "Normal", "evidence": "cluster active 1 days; FRP 3.2 MW (0.90x cluster avg); Normal", "acq_date": "2026-03-12", "distinct_days": 1 }, "geometry": { "type": "Point", "coordinates": [ 82.68378, 22.1799 ] } },
{ "type": "Feature", "properties": { "final_label": "Natural Fire", "frp": 1.68, "frp_deviation": null, "alert_flag": "Normal", "evidence": "isolated detection (no persistent cluster); FRP 1.7 MW; Normal", "acq_date": "2026-03-12", "distinct_days": 0 }, "geometry": { "type": "Point", "coordinates": [ 82.7831, 22.5405 ] } },
{ "type": "Feature", "properties": { "final_label": "Natural Fire", "frp": 2.98, "frp_deviation": 0.48, "alert_flag": "Normal", "evidence": "cluster active 1 days; FRP 3.0 MW (0.48x cluster avg); Normal", "acq_date": "2026-03-12", "distinct_days": 1 }, "geometry": { "type": "Point", "coordinates": [ 83.06177, 22.44344 ] } },
{ "type": "Feature", "properties": { "final_label": "Industrial", "frp": 3.52, "frp_deviation": 1.27, "alert_flag": "Normal", "evidence": "Inside OSM industrial zone; cluster active 73 days; FRP 3.5 MW (1.27x cluster avg); Normal", "acq_date": "2026-03-12", "distinct_days": 73 }, "geometry": { "type": "Point", "coordinates": [ 82.60581, 22.33186 ] } },
{ "type": "Feature", "properties": { "final_label": "Natural Fire", "frp": 3.93, "frp_deviation": null, "alert_flag": "Normal", "evidence": "isolated detection (no persistent cluster); FRP 3.9 MW; Normal", "acq_date": "2026-03-12", "distinct_days": 0 }, "geometry": { "type": "Point", "coordinates": [ 82.85281, 22.39696 ] } },
{ "type": "Feature", "properties": { "final_label": "Natural Fire", "frp": 4.67, "frp_deviation": null, "alert_flag": "Normal", "evidence": "isolated detection (no persistent cluster); FRP 4.7 MW; Normal", "acq_date": "2026-03-12", "distinct_days": 0 }, "geometry": { "type": "Point", "coordinates": [ 82.77425, 22.38115 ] } },
{ "type": "Feature", "properties": { "final_label": "Natural Fire", "frp": 11.79, "frp_deviation": null, "alert_flag": "Normal", "evidence": "isolated detection (no persistent cluster); FRP 11.8 MW; Normal", "acq_date": "2026-03-12", "distinct_days": 0 }, "geometry": { "type": "Point", "coordinates": [ 82.87827, 22.11606 ] } },
{ "type": "Feature", "properties": { "final_label": "Natural Fire", "frp": 4.7, "frp_deviation": null, "alert_flag": "Normal", "evidence": "isolated detection (no persistent cluster); FRP 4.7 MW; Normal", "acq_date": "2026-03-12", "distinct_days": 0 }, "geometry": { "type": "Point", "coordinates": [ 82.88498, 22.12373 ] } },
{ "type": "Feature", "properties": { "final_label": "Natural Fire", "frp": 5.98, "frp_deviation": null, "alert_flag": "Normal", "evidence": "isolated detection (no persistent cluster); FRP 6.0 MW; Normal", "acq_date": "2026-03-12", "distinct_days": 0 }, "geometry": { "type": "Point", "coordinates": [ 82.79551, 22.15725 ] } },
{ "type": "Feature", "properties": { "final_label": "Natural Fire", "frp": 3.31, "frp_deviation": null, "alert_flag": "Normal", "evidence": "isolated detection (no persistent cluster); FRP 3.3 MW; Normal", "acq_date": "2026-03-12", "distinct_days": 0 }, "geometry": { "type": "Point", "coordinates": [ 82.73817, 22.15511 ] } },
{ "type": "Feature", "properties": { "final_label": "Natural Fire", "frp": 3.86, "frp_deviation": null, "alert_flag": "Normal", "evidence": "isolated detection (no persistent cluster); FRP 3.9 MW; Normal", "acq_date": "2026-03-12", "distinct_days": 0 }, "geometry": { "type": "Point", "coordinates": [ 82.93452, 22.21795 ] } },
{ "type": "Feature", "properties": { "final_label": "Natural Fire", "frp": 6.43, "frp_deviation": null, "alert_flag": "Normal", "evidence": "isolated detection (no persistent cluster); FRP 6.4 MW; Normal", "acq_date": "2026-03-12", "distinct_days": 0 }, "geometry": { "type": "Point", "coordinates": [ 82.88508, 22.21278 ] } },
{ "type": "Feature", "properties": { "final_label": "Natural Fire", "frp": 4.64, "frp_deviation": null, "alert_flag": "Normal", "evidence": "isolated detection (no persistent cluster); FRP 4.6 MW; Normal", "acq_date": "2026-03-12", "distinct_days": 0 }, "geometry": { "type": "Point", "coordinates": [ 82.68983, 22.18803 ] } },
{ "type": "Feature", "properties": { "final_label": "Natural Fire", "frp": 3.97, "frp_deviation": 0.96, "alert_flag": "Normal", "evidence": "cluster active 1 days; FRP 4.0 MW (0.96x cluster avg); Normal", "acq_date": "2026-03-12", "distinct_days": 1 }, "geometry": { "type": "Point", "coordinates": [ 82.93408, 22.24118 ] } },
{ "type": "Feature", "properties": { "final_label": "Natural Fire", "frp": 3.69, "frp_deviation": null, "alert_flag": "Normal", "evidence": "isolated detection (no persistent cluster); FRP 3.7 MW; Normal", "acq_date": "2026-03-12", "distinct_days": 0 }, "geometry": { "type": "Point", "coordinates": [ 82.70068, 22.2044 ] } },
{ "type": "Feature", "properties": { "final_label": "Natural Fire", "frp": 4.29, "frp_deviation": 1.04, "alert_flag": "Normal", "evidence": "cluster active 1 days; FRP 4.3 MW (1.04x cluster avg); Normal", "acq_date": "2026-03-12", "distinct_days": 1 }, "geometry": { "type": "Point", "coordinates": [ 82.93575, 22.24351 ] } },
{ "type": "Feature", "properties": { "final_label": "Natural Fire", "frp": 5.6, "frp_deviation": null, "alert_flag": "Normal", "evidence": "isolated detection (no persistent cluster); FRP 5.6 MW; Normal", "acq_date": "2026-03-12", "distinct_days": 0 }, "geometry": { "type": "Point", "coordinates": [ 82.94899, 22.27418 ] } },
{ "type": "Feature", "properties": { "final_label": "Natural Fire", "frp": 5.31, "frp_deviation": null, "alert_flag": "Normal", "evidence": "isolated detection (no persistent cluster); FRP 5.3 MW; Normal", "acq_date": "2026-03-12", "distinct_days": 0 }, "geometry": { "type": "Point", "coordinates": [ 82.88551, 22.26597 ] } },
{ "type": "Feature", "properties": { "final_label": "Natural Fire", "frp": 6.6, "frp_deviation": null, "alert_flag": "Normal", "evidence": "isolated detection (no persistent cluster); FRP 6.6 MW; Normal", "acq_date": "2026-03-12", "distinct_days": 0 }, "geometry": { "type": "Point", "coordinates": [ 82.35239, 22.16654 ] } },
{ "type": "Feature", "properties": { "final_label": "Natural Fire", "frp": 2.68, "frp_deviation": null, "alert_flag": "Normal", "evidence": "isolated detection (no persistent cluster); FRP 2.7 MW; Normal", "acq_date": "2026-03-12", "distinct_days": 0 }, "geometry": { "type": "Point", "coordinates": [ 82.98009, 22.15948 ] } },
{ "type": "Feature", "properties": { "final_label": "Natural Fire", "frp": 4.1, "frp_deviation": null, "alert_flag": "Normal", "evidence": "isolated detection (no persistent cluster); FRP 4.1 MW; Normal", "acq_date": "2026-03-12", "distinct_days": 0 }, "geometry": { "type": "Point", "coordinates": [ 83.03986, 22.31108 ] } },
{ "type": "Feature", "properties": { "final_label": "Natural Fire", "frp": 3.43, "frp_deviation": null, "alert_flag": "Normal", "evidence": "isolated detection (no persistent cluster); FRP 3.4 MW; Normal", "acq_date": "2026-03-12", "distinct_days": 0 }, "geometry": { "type": "Point", "coordinates": [ 83.03933, 22.43435 ] } },
{ "type": "Feature", "properties": { "final_label": "Natural Fire", "frp": 9.54, "frp_deviation": null, "alert_flag": "Normal", "evidence": "isolated detection (no persistent cluster); FRP 9.5 MW; Normal", "acq_date": "2026-03-12", "distinct_days": 0 }, "geometry": { "type": "Point", "coordinates": [ 82.34715, 22.16546 ] } },
{ "type": "Feature", "properties": { "final_label": "Natural Fire", "frp": 3.64, "frp_deviation": null, "alert_flag": "Normal", "evidence": "isolated detection (no persistent cluster); FRP 3.6 MW; Normal", "acq_date": "2026-03-12", "distinct_days": 0 }, "geometry": { "type": "Point", "coordinates": [ 82.89062, 22.36724 ] } },
{ "type": "Feature", "properties": { "final_label": "Natural Fire", "frp": 3.64, "frp_deviation": null, "alert_flag": "Normal", "evidence": "isolated detection (no persistent cluster); FRP 3.6 MW; Normal", "acq_date": "2026-03-12", "distinct_days": 0 }, "geometry": { "type": "Point", "coordinates": [ 82.89558, 22.36825 ] } },
{ "type": "Feature", "properties": { "final_label": "Natural Fire", "frp": 5.39, "frp_deviation": null, "alert_flag": "Normal", "evidence": "isolated detection (no persistent cluster); FRP 5.4 MW; Normal", "acq_date": "2026-03-12", "distinct_days": 0 }, "geometry": { "type": "Point", "coordinates": [ 82.95259, 22.37984 ] } },
{ "type": "Feature", "properties": { "final_label": "Natural Fire", "frp": 3.64, "frp_deviation": null, "alert_flag": "Normal", "evidence": "isolated detection (no persistent cluster); FRP 3.6 MW; Normal", "acq_date": "2026-03-12", "distinct_days": 0 }, "geometry": { "type": "Point", "coordinates": [ 82.89711, 22.3639 ] } },
{ "type": "Feature", "properties": { "final_label": "Natural Fire", "frp": 9.46, "frp_deviation": 1.52, "alert_flag": "Normal", "evidence": "cluster active 1 days; FRP 9.5 MW (1.52x cluster avg); Normal", "acq_date": "2026-03-12", "distinct_days": 1 }, "geometry": { "type": "Point", "coordinates": [ 83.0628, 22.43904 ] } },
{ "type": "Feature", "properties": { "final_label": "Industrial", "frp": 5.33, "frp_deviation": null, "alert_flag": "Normal", "evidence": "Within 1 km of OSM industrial zone; isolated detection (no persistent cluster); FRP 5.3 MW; Normal", "acq_date": "2026-03-12", "distinct_days": 0 }, "geometry": { "type": "Point", "coordinates": [ 82.75607, 22.32568 ] } },
{ "type": "Feature", "properties": { "final_label": "Natural Fire", "frp": 4.66, "frp_deviation": null, "alert_flag": "Normal", "evidence": "isolated detection (no persistent cluster); FRP 4.7 MW; Normal", "acq_date": "2026-03-12", "distinct_days": 0 }, "geometry": { "type": "Point", "coordinates": [ 82.80888, 22.33025 ] } },
{ "type": "Feature", "properties": { "final_label": "Natural Fire", "frp": 5.92, "frp_deviation": null, "alert_flag": "Normal", "evidence": "isolated detection (no persistent cluster); FRP 5.9 MW; Normal", "acq_date": "2026-03-12", "distinct_days": 0 }, "geometry": { "type": "Point", "coordinates": [ 82.88108, 22.30716 ] } },
{ "type": "Feature", "properties": { "final_label": "Natural Fire", "frp": 11.98, "frp_deviation": null, "alert_flag": "Normal", "evidence": "isolated detection (no persistent cluster); FRP 12.0 MW; Normal", "acq_date": "2026-03-12", "distinct_days": 0 }, "geometry": { "type": "Point", "coordinates": [ 82.40066, 22.19581 ] } },
{ "type": "Feature", "properties": { "final_label": "Natural Fire", "frp": 3.1, "frp_deviation": null, "alert_flag": "Normal", "evidence": "isolated detection (no persistent cluster); FRP 3.1 MW; Normal", "acq_date": "2026-03-12", "distinct_days": 0 }, "geometry": { "type": "Point", "coordinates": [ 82.47211, 22.21519 ] } },
{ "type": "Feature", "properties": { "final_label": "Natural Fire", "frp": 3.03, "frp_deviation": null, "alert_flag": "Normal", "evidence": "isolated detection (no persistent cluster); FRP 3.0 MW; Normal", "acq_date": "2026-03-12", "distinct_days": 0 }, "geometry": { "type": "Point", "coordinates": [ 82.85826, 22.3513 ] } },
{ "type": "Feature", "properties": { "final_label": "Natural Fire", "frp": 2.36, "frp_deviation": 0.99, "alert_flag": "Normal", "evidence": "cluster active 1 days; FRP 2.4 MW (0.99x cluster avg); Normal", "acq_date": "2026-03-13", "distinct_days": 1 }, "geometry": { "type": "Point", "coordinates": [ 82.74394, 22.59255 ] } },
{ "type": "Feature", "properties": { "final_label": "Natural Fire", "frp": 2.54, "frp_deviation": null, "alert_flag": "Normal", "evidence": "isolated detection (no persistent cluster); FRP 2.5 MW; Normal", "acq_date": "2026-03-13", "distinct_days": 0 }, "geometry": { "type": "Point", "coordinates": [ 82.63941, 22.45797 ] } },
{ "type": "Feature", "properties": { "final_label": "Natural Fire", "frp": 3.37, "frp_deviation": 1.16, "alert_flag": "Normal", "evidence": "cluster active 1 days; FRP 3.4 MW (1.16x cluster avg); Normal", "acq_date": "2026-03-13", "distinct_days": 1 }, "geometry": { "type": "Point", "coordinates": [ 82.99399, 22.4039 ] } },
{ "type": "Feature", "properties": { "final_label": "Natural Fire", "frp": 2.58, "frp_deviation": 1.07, "alert_flag": "Normal", "evidence": "cluster active 1 days; FRP 2.6 MW (1.07x cluster avg); Normal", "acq_date": "2026-03-13", "distinct_days": 1 }, "geometry": { "type": "Point", "coordinates": [ 82.84294, 22.28885 ] } },
{ "type": "Feature", "properties": { "final_label": "Natural Fire", "frp": 4.31, "frp_deviation": 0.93, "alert_flag": "Normal", "evidence": "cluster active 1 days; FRP 4.3 MW (0.93x cluster avg); Normal", "acq_date": "2026-03-13", "distinct_days": 1 }, "geometry": { "type": "Point", "coordinates": [ 82.52206, 22.25918 ] } },
{ "type": "Feature", "properties": { "final_label": "Natural Fire", "frp": 3.53, "frp_deviation": 1.05, "alert_flag": "Normal", "evidence": "cluster active 1 days; FRP 3.5 MW (1.05x cluster avg); Normal", "acq_date": "2026-03-13", "distinct_days": 1 }, "geometry": { "type": "Point", "coordinates": [ 83.00662, 22.28694 ] } },
{ "type": "Feature", "properties": { "final_label": "Natural Fire", "frp": 2.23, "frp_deviation": 0.93, "alert_flag": "Normal", "evidence": "cluster active 1 days; FRP 2.2 MW (0.93x cluster avg); Normal", "acq_date": "2026-03-13", "distinct_days": 1 }, "geometry": { "type": "Point", "coordinates": [ 82.84319, 22.29075 ] } },
{ "type": "Feature", "properties": { "final_label": "Natural Fire", "frp": 2.43, "frp_deviation": 1.01, "alert_flag": "Normal", "evidence": "cluster active 1 days; FRP 2.4 MW (1.01x cluster avg); Normal", "acq_date": "2026-03-13", "distinct_days": 1 }, "geometry": { "type": "Point", "coordinates": [ 82.74055, 22.59493 ] } },
{ "type": "Feature", "properties": { "final_label": "Natural Fire", "frp": 4.98, "frp_deviation": 1.07, "alert_flag": "Normal", "evidence": "cluster active 1 days; FRP 5.0 MW (1.07x cluster avg); Normal", "acq_date": "2026-03-13", "distinct_days": 1 }, "geometry": { "type": "Point", "coordinates": [ 82.52299, 22.25906 ] } },
{ "type": "Feature", "properties": { "final_label": "Natural Fire", "frp": 2.46, "frp_deviation": 0.84, "alert_flag": "Normal", "evidence": "cluster active 1 days; FRP 2.5 MW (0.84x cluster avg); Normal", "acq_date": "2026-03-13", "distinct_days": 1 }, "geometry": { "type": "Point", "coordinates": [ 82.99632, 22.40729 ] } },
{ "type": "Feature", "properties": { "final_label": "Industrial", "frp": 2.03, "frp_deviation": 0.57, "alert_flag": "Normal", "evidence": "Inside OSM industrial zone; cluster active 96 days; FRP 2.0 MW (0.57x cluster avg); Normal", "acq_date": "2026-03-13", "distinct_days": 96 }, "geometry": { "type": "Point", "coordinates": [ 82.30286, 22.35663 ] } },
{ "type": "Feature", "properties": { "final_label": "Natural Fire", "frp": 3.63, "frp_deviation": null, "alert_flag": "Normal", "evidence": "isolated detection (no persistent cluster); FRP 3.6 MW; Normal", "acq_date": "2026-03-13", "distinct_days": 0 }, "geometry": { "type": "Point", "coordinates": [ 82.47002, 22.53868 ] } },
{ "type": "Feature", "properties": { "final_label": "Industrial", "frp": 2.12, "frp_deviation": 0.77, "alert_flag": "Normal", "evidence": "Inside OSM industrial zone; cluster active 73 days; FRP 2.1 MW (0.77x cluster avg); Normal", "acq_date": "2026-03-13", "distinct_days": 73 }, "geometry": { "type": "Point", "coordinates": [ 82.6064, 22.33237 ] } },
{ "type": "Feature", "properties": { "final_label": "Industrial", "frp": 1.28, "frp_deviation": 0.64, "alert_flag": "Normal", "evidence": "Within 1 km of OSM industrial zone; cluster active 7 days; FRP 1.3 MW (0.64x cluster avg); Normal", "acq_date": "2026-03-13", "distinct_days": 7 }, "geometry": { "type": "Point", "coordinates": [ 82.51305, 22.32713 ] } },
{ "type": "Feature", "properties": { "final_label": "Industrial", "frp": 1.99, "frp_deviation": 1.16, "alert_flag": "Normal", "evidence": "Inside OSM industrial zone; cluster active 23 days; FRP 2.0 MW (1.16x cluster avg); Normal", "acq_date": "2026-03-13", "distinct_days": 23 }, "geometry": { "type": "Point", "coordinates": [ 82.58369, 22.32149 ] } },
{ "type": "Feature", "properties": { "final_label": "Natural Fire", "frp": 2.76, "frp_deviation": null, "alert_flag": "Normal", "evidence": "isolated detection (no persistent cluster); FRP 2.8 MW; Normal", "acq_date": "2026-03-13", "distinct_days": 0 }, "geometry": { "type": "Point", "coordinates": [ 82.46902, 22.5436 ] } },
{ "type": "Feature", "properties": { "final_label": "Industrial", "frp": 1.63, "frp_deviation": 0.72, "alert_flag": "Normal", "evidence": "Inside OSM industrial zone; cluster active 61 days; FRP 1.6 MW (0.72x cluster avg); Normal", "acq_date": "2026-03-13", "distinct_days": 61 }, "geometry": { "type": "Point", "coordinates": [ 82.55677, 22.33589 ] } },
{ "type": "Feature", "properties": { "final_label": "Industrial", "frp": 3.09, "frp_deviation": 1.23, "alert_flag": "Normal", "evidence": "Inside OSM industrial zone; cluster active 98 days; FRP 3.1 MW (1.23x cluster avg); Normal", "acq_date": "2026-03-13", "distinct_days": 98 }, "geometry": { "type": "Point", "coordinates": [ 82.52843, 22.3164 ] } },
{ "type": "Feature", "properties": { "final_label": "Industrial", "frp": 1.49, "frp_deviation": 0.59, "alert_flag": "Normal", "evidence": "Inside OSM industrial zone; cluster active 98 days; FRP 1.5 MW (0.59x cluster avg); Normal", "acq_date": "2026-03-13", "distinct_days": 98 }, "geometry": { "type": "Point", "coordinates": [ 82.53383, 22.31507 ] } },
{ "type": "Feature", "properties": { "final_label": "Industrial", "frp": 1.33, "frp_deviation": 0.59, "alert_flag": "Normal", "evidence": "Inside OSM industrial zone; cluster active 61 days; FRP 1.3 MW (0.59x cluster avg); Normal", "acq_date": "2026-03-13", "distinct_days": 61 }, "geometry": { "type": "Point", "coordinates": [ 82.55738, 22.33874 ] } },
{ "type": "Feature", "properties": { "final_label": "Industrial", "frp": 2.8, "frp_deviation": 1.12, "alert_flag": "Normal", "evidence": "Inside OSM industrial zone; cluster active 98 days; FRP 2.8 MW (1.12x cluster avg); Normal", "acq_date": "2026-03-13", "distinct_days": 98 }, "geometry": { "type": "Point", "coordinates": [ 82.53434, 22.31781 ] } },
{ "type": "Feature", "properties": { "final_label": "Industrial", "frp": 2.18, "frp_deviation": 0.61, "alert_flag": "Normal", "evidence": "Inside OSM industrial zone; cluster active 96 days; FRP 2.2 MW (0.61x cluster avg); Normal", "acq_date": "2026-03-13", "distinct_days": 96 }, "geometry": { "type": "Point", "coordinates": [ 82.30289, 22.36022 ] } },
{ "type": "Feature", "properties": { "final_label": "Natural Fire", "frp": 3.17, "frp_deviation": 0.95, "alert_flag": "Normal", "evidence": "cluster active 1 days; FRP 3.2 MW (0.95x cluster avg); Normal", "acq_date": "2026-03-13", "distinct_days": 1 }, "geometry": { "type": "Point", "coordinates": [ 83.00665, 22.28989 ] } },
{ "type": "Feature", "properties": { "final_label": "Industrial", "frp": 1.51, "frp_deviation": 0.67, "alert_flag": "Normal", "evidence": "Inside OSM industrial zone; cluster active 61 days; FRP 1.5 MW (0.67x cluster avg); Normal", "acq_date": "2026-03-13", "distinct_days": 61 }, "geometry": { "type": "Point", "coordinates": [ 82.55257, 22.33672 ] } },
{ "type": "Feature", "properties": { "final_label": "Natural Fire", "frp": 4.21, "frp_deviation": null, "alert_flag": "Normal", "evidence": "isolated detection (no persistent cluster); FRP 4.2 MW; Normal", "acq_date": "2026-03-13", "distinct_days": 0 }, "geometry": { "type": "Point", "coordinates": [ 82.43201, 22.2323 ] } },
{ "type": "Feature", "properties": { "final_label": "Natural Fire", "frp": 4.34, "frp_deviation": null, "alert_flag": "Normal", "evidence": "isolated detection (no persistent cluster); FRP 4.3 MW; Normal", "acq_date": "2026-03-13", "distinct_days": 0 }, "geometry": { "type": "Point", "coordinates": [ 82.80571, 22.31469 ] } },
{ "type": "Feature", "properties": { "final_label": "Natural Fire", "frp": 4.32, "frp_deviation": null, "alert_flag": "Normal", "evidence": "isolated detection (no persistent cluster); FRP 4.3 MW; Normal", "acq_date": "2026-03-13", "distinct_days": 0 }, "geometry": { "type": "Point", "coordinates": [ 82.8904, 22.24095 ] } },
{ "type": "Feature", "properties": { "final_label": "Natural Fire", "frp": 2.97, "frp_deviation": null, "alert_flag": "Normal", "evidence": "isolated detection (no persistent cluster); FRP 3.0 MW; Normal", "acq_date": "2026-03-13", "distinct_days": 0 }, "geometry": { "type": "Point", "coordinates": [ 82.94302, 22.2294 ] } },
{ "type": "Feature", "properties": { "final_label": "Natural Fire", "frp": 2.76, "frp_deviation": null, "alert_flag": "Normal", "evidence": "isolated detection (no persistent cluster); FRP 2.8 MW; Normal", "acq_date": "2026-03-13", "distinct_days": 0 }, "geometry": { "type": "Point", "coordinates": [ 82.73377, 22.19992 ] } },
{ "type": "Feature", "properties": { "final_label": "Natural Fire", "frp": 6.85, "frp_deviation": 1.18, "alert_flag": "Normal", "evidence": "cluster active 1 days; FRP 6.8 MW (1.18x cluster avg); Normal", "acq_date": "2026-03-13", "distinct_days": 1 }, "geometry": { "type": "Point", "coordinates": [ 82.88303, 22.24705 ] } },
{ "type": "Feature", "properties": { "final_label": "Natural Fire", "frp": 4.7, "frp_deviation": 0.81, "alert_flag": "Normal", "evidence": "cluster active 1 days; FRP 4.7 MW (0.81x cluster avg); Normal", "acq_date": "2026-03-13", "distinct_days": 1 }, "geometry": { "type": "Point", "coordinates": [ 82.88577, 22.24983 ] } },
{ "type": "Feature", "properties": { "final_label": "Natural Fire", "frp": 5.9, "frp_deviation": 1.01, "alert_flag": "Normal", "evidence": "cluster active 1 days; FRP 5.9 MW (1.01x cluster avg); Normal", "acq_date": "2026-03-13", "distinct_days": 1 }, "geometry": { "type": "Point", "coordinates": [ 82.88102, 22.2487 ] } },
{ "type": "Feature", "properties": { "final_label": "Natural Fire", "frp": 2.81, "frp_deviation": null, "alert_flag": "Normal", "evidence": "isolated detection (no persistent cluster); FRP 2.8 MW; Normal", "acq_date": "2026-03-13", "distinct_days": 0 }, "geometry": { "type": "Point", "coordinates": [ 82.96003, 22.27368 ] } },
{ "type": "Feature", "properties": { "final_label": "Natural Fire", "frp": 4.28, "frp_deviation": null, "alert_flag": "Normal", "evidence": "isolated detection (no persistent cluster); FRP 4.3 MW; Normal", "acq_date": "2026-03-13", "distinct_days": 0 }, "geometry": { "type": "Point", "coordinates": [ 82.88413, 22.24048 ] } },
{ "type": "Feature", "properties": { "final_label": "Natural Fire", "frp": 4.04, "frp_deviation": 0.9, "alert_flag": "Normal", "evidence": "cluster active 1 days; FRP 4.0 MW (0.90x cluster avg); Normal", "acq_date": "2026-03-13", "distinct_days": 1 }, "geometry": { "type": "Point", "coordinates": [ 82.73891, 22.29136 ] } },
{ "type": "Feature", "properties": { "final_label": "Natural Fire", "frp": 5.53, "frp_deviation": null, "alert_flag": "Normal", "evidence": "isolated detection (no persistent cluster); FRP 5.5 MW; Normal", "acq_date": "2026-03-13", "distinct_days": 0 }, "geometry": { "type": "Point", "coordinates": [ 82.8047, 22.31934 ] } },
{ "type": "Feature", "properties": { "final_label": "Natural Fire", "frp": 5.64, "frp_deviation": null, "alert_flag": "Normal", "evidence": "isolated detection (no persistent cluster); FRP 5.6 MW; Normal", "acq_date": "2026-03-13", "distinct_days": 0 }, "geometry": { "type": "Point", "coordinates": [ 82.5211, 22.25332 ] } },
{ "type": "Feature", "properties": { "final_label": "Natural Fire", "frp": 5.64, "frp_deviation": 0.64, "alert_flag": "Normal", "evidence": "cluster active 1 days; FRP 5.6 MW (0.64x cluster avg); Normal", "acq_date": "2026-03-13", "distinct_days": 1 }, "geometry": { "type": "Point", "coordinates": [ 82.51601, 22.25213 ] } },
{ "type": "Feature", "properties": { "final_label": "Natural Fire", "frp": 2.67, "frp_deviation": null, "alert_flag": "Normal", "evidence": "isolated detection (no persistent cluster); FRP 2.7 MW; Normal", "acq_date": "2026-03-13", "distinct_days": 0 }, "geometry": { "type": "Point", "coordinates": [ 82.53568, 22.17937 ] } },
{ "type": "Feature", "properties": { "final_label": "Natural Fire", "frp": 18.35, "frp_deviation": 1.64, "alert_flag": "Normal", "evidence": "cluster active 3 days; FRP 18.4 MW (1.64x cluster avg); Normal", "acq_date": "2026-03-13", "distinct_days": 3 }, "geometry": { "type": "Point", "coordinates": [ 82.79976, 22.33718 ] } },
{ "type": "Feature", "properties": { "final_label": "Natural Fire", "frp": 18.35, "frp_deviation": 0.98, "alert_flag": "Normal", "evidence": "cluster active 1 days; FRP 18.4 MW (0.98x cluster avg); Normal", "acq_date": "2026-03-13", "distinct_days": 1 }, "geometry": { "type": "Point", "coordinates": [ 82.8047, 22.33832 ] } },
{ "type": "Feature", "properties": { "final_label": "Natural Fire", "frp": 3.62, "frp_deviation": null, "alert_flag": "Normal", "evidence": "isolated detection (no persistent cluster); FRP 3.6 MW; Normal", "acq_date": "2026-03-13", "distinct_days": 0 }, "geometry": { "type": "Point", "coordinates": [ 82.9106, 22.5712 ] } },
{ "type": "Feature", "properties": { "final_label": "Natural Fire", "frp": 3.62, "frp_deviation": 0.85, "alert_flag": "Normal", "evidence": "cluster active 1 days; FRP 3.6 MW (0.85x cluster avg); Normal", "acq_date": "2026-03-13", "distinct_days": 1 }, "geometry": { "type": "Point", "coordinates": [ 82.91665, 22.56637 ] } },
{ "type": "Feature", "properties": { "final_label": "Natural Fire", "frp": 4.94, "frp_deviation": 1.15, "alert_flag": "Normal", "evidence": "cluster active 1 days; FRP 4.9 MW (1.15x cluster avg); Normal", "acq_date": "2026-03-13", "distinct_days": 1 }, "geometry": { "type": "Point", "coordinates": [ 82.9159, 22.56348 ] } },
{ "type": "Feature", "properties": { "final_label": "Natural Fire", "frp": 18.13, "frp_deviation": 1.62, "alert_flag": "Normal", "evidence": "cluster active 3 days; FRP 18.1 MW (1.62x cluster avg); Normal", "acq_date": "2026-03-13", "distinct_days": 3 }, "geometry": { "type": "Point", "coordinates": [ 82.79426, 22.33731 ] } },
{ "type": "Feature", "properties": { "final_label": "Natural Fire", "frp": 4.38, "frp_deviation": null, "alert_flag": "Normal", "evidence": "isolated detection (no persistent cluster); FRP 4.4 MW; Normal", "acq_date": "2026-03-13", "distinct_days": 0 }, "geometry": { "type": "Point", "coordinates": [ 82.54147, 22.17538 ] } },
{ "type": "Feature", "properties": { "final_label": "Natural Fire", "frp": 18.93, "frp_deviation": 1.02, "alert_flag": "Normal", "evidence": "cluster active 1 days; FRP 18.9 MW (1.02x cluster avg); Normal", "acq_date": "2026-03-13", "distinct_days": 1 }, "geometry": { "type": "Point", "coordinates": [ 82.80411, 22.33965 ] } },
{ "type": "Feature", "properties": { "final_label": "Natural Fire", "frp": 12.07, "frp_deviation": 1.36, "alert_flag": "Normal", "evidence": "cluster active 1 days; FRP 12.1 MW (1.36x cluster avg); Normal", "acq_date": "2026-03-13", "distinct_days": 1 }, "geometry": { "type": "Point", "coordinates": [ 82.5162, 22.2516 ] } },
{ "type": "Feature", "properties": { "final_label": "Natural Fire", "frp": 4.96, "frp_deviation": 1.1, "alert_flag": "Normal", "evidence": "cluster active 1 days; FRP 5.0 MW (1.10x cluster avg); Normal", "acq_date": "2026-03-13", "distinct_days": 1 }, "geometry": { "type": "Point", "coordinates": [ 82.7384, 22.29221 ] } },
{ "type": "Feature", "properties": { "final_label": "Natural Fire", "frp": 16.3, "frp_deviation": 1.45, "alert_flag": "Normal", "evidence": "cluster active 3 days; FRP 16.3 MW (1.45x cluster avg); Normal", "acq_date": "2026-03-13", "distinct_days": 3 }, "geometry": { "type": "Point", "coordinates": [ 82.79483, 22.33604 ] } },
{ "type": "Feature", "properties": { "final_label": "Natural Fire", "frp": 18.93, "frp_deviation": 1.69, "alert_flag": "Normal", "evidence": "cluster active 3 days; FRP 18.9 MW (1.69x cluster avg); Normal", "acq_date": "2026-03-13", "distinct_days": 3 }, "geometry": { "type": "Point", "coordinates": [ 82.79918, 22.33848 ] } },
{ "type": "Feature", "properties": { "final_label": "Natural Fire", "frp": 5.75, "frp_deviation": null, "alert_flag": "Normal", "evidence": "isolated detection (no persistent cluster); FRP 5.8 MW; Normal", "acq_date": "2026-03-14", "distinct_days": 0 }, "geometry": { "type": "Point", "coordinates": [ 82.40454, 22.32067 ] } },
{ "type": "Feature", "properties": { "final_label": "Industrial", "frp": 2.57, "frp_deviation": 0.72, "alert_flag": "Normal", "evidence": "Inside OSM industrial zone; cluster active 96 days; FRP 2.6 MW (0.72x cluster avg); Normal", "acq_date": "2026-03-14", "distinct_days": 96 }, "geometry": { "type": "Point", "coordinates": [ 82.30269, 22.35657 ] } },
{ "type": "Feature", "properties": { "final_label": "Industrial", "frp": 2.6, "frp_deviation": 1.04, "alert_flag": "Normal", "evidence": "Inside OSM industrial zone; cluster active 98 days; FRP 2.6 MW (1.04x cluster avg); Normal", "acq_date": "2026-03-14", "distinct_days": 98 }, "geometry": { "type": "Point", "coordinates": [ 82.52827, 22.31415 ] } },
{ "type": "Feature", "properties": { "final_label": "Industrial", "frp": 1.98, "frp_deviation": 0.56, "alert_flag": "Normal", "evidence": "Inside OSM industrial zone; cluster active 96 days; FRP 2.0 MW (0.56x cluster avg); Normal", "acq_date": "2026-03-14", "distinct_days": 96 }, "geometry": { "type": "Point", "coordinates": [ 82.30375, 22.3612 ] } },
{ "type": "Feature", "properties": { "final_label": "Industrial", "frp": 2.6, "frp_deviation": 1.04, "alert_flag": "Normal", "evidence": "Inside OSM industrial zone; cluster active 98 days; FRP 2.6 MW (1.04x cluster avg); Normal", "acq_date": "2026-03-14", "distinct_days": 98 }, "geometry": { "type": "Point", "coordinates": [ 82.53482, 22.3177 ] } },
{ "type": "Feature", "properties": { "final_label": "Industrial", "frp": 3.34, "frp_deviation": 1.33, "alert_flag": "Normal", "evidence": "Inside OSM industrial zone; cluster active 98 days; FRP 3.3 MW (1.33x cluster avg); Normal", "acq_date": "2026-03-14", "distinct_days": 98 }, "geometry": { "type": "Point", "coordinates": [ 82.5643, 22.32137 ] } },
{ "type": "Feature", "properties": { "final_label": "Industrial", "frp": 2.07, "frp_deviation": 0.92, "alert_flag": "Normal", "evidence": "Inside OSM industrial zone; cluster active 61 days; FRP 2.1 MW (0.92x cluster avg); Normal", "acq_date": "2026-03-14", "distinct_days": 61 }, "geometry": { "type": "Point", "coordinates": [ 82.55674, 22.33775 ] } },
{ "type": "Feature", "properties": { "final_label": "Natural Fire", "frp": 7.78, "frp_deviation": 1.25, "alert_flag": "Normal", "evidence": "cluster active 1 days; FRP 7.8 MW (1.25x cluster avg); Normal", "acq_date": "2026-03-14", "distinct_days": 1 }, "geometry": { "type": "Point", "coordinates": [ 82.54142, 22.41174 ] } },
{ "type": "Feature", "properties": { "final_label": "Natural Fire", "frp": 4.65, "frp_deviation": 0.75, "alert_flag": "Normal", "evidence": "cluster active 1 days; FRP 4.7 MW (0.75x cluster avg); Normal", "acq_date": "2026-03-14", "distinct_days": 1 }, "geometry": { "type": "Point", "coordinates": [ 82.53795, 22.41281 ] } },
{ "type": "Feature", "properties": { "final_label": "Natural Fire", "frp": 7.08, "frp_deviation": 1.09, "alert_flag": "Normal", "evidence": "cluster active 1 days; FRP 7.1 MW (1.09x cluster avg); Normal", "acq_date": "2026-03-14", "distinct_days": 1 }, "geometry": { "type": "Point", "coordinates": [ 82.82244, 22.35308 ] } },
{ "type": "Feature", "properties": { "final_label": "Natural Fire", "frp": 7.54, "frp_deviation": 1.44, "alert_flag": "Normal", "evidence": "cluster active 2 days; FRP 7.5 MW (1.44x cluster avg); Normal", "acq_date": "2026-03-14", "distinct_days": 2 }, "geometry": { "type": "Point", "coordinates": [ 82.61565, 22.26997 ] } },
{ "type": "Feature", "properties": { "final_label": "Industrial", "frp": 8.73, "frp_deviation": 1.1, "alert_flag": "Normal", "evidence": "Within 1 km of OSM industrial zone; cluster active 1 days; FRP 8.7 MW (1.10x cluster avg); Normal", "acq_date": "2026-03-14", "distinct_days": 1 }, "geometry": { "type": "Point", "coordinates": [ 82.5673, 22.30785 ] } },
{ "type": "Feature", "properties": { "final_label": "Natural Fire", "frp": 23.33, "frp_deviation": null, "alert_flag": "Normal", "evidence": "isolated detection (no persistent cluster); FRP 23.3 MW; Normal", "acq_date": "2026-03-14", "distinct_days": 0 }, "geometry": { "type": "Point", "coordinates": [ 82.91163, 22.10741 ] } },
{ "type": "Feature", "properties": { "final_label": "Natural Fire", "frp": 2.52, "frp_deviation": null, "alert_flag": "Normal", "evidence": "isolated detection (no persistent cluster); FRP 2.5 MW; Normal", "acq_date": "2026-03-14", "distinct_days": 0 }, "geometry": { "type": "Point", "coordinates": [ 82.86904, 22.28613 ] } },
{ "type": "Feature", "properties": { "final_label": "Natural Fire", "frp": 7.08, "frp_deviation": 1.09, "alert_flag": "Normal", "evidence": "cluster active 1 days; FRP 7.1 MW (1.09x cluster avg); Normal", "acq_date": "2026-03-14", "distinct_days": 1 }, "geometry": { "type": "Point", "coordinates": [ 82.82845, 22.35368 ] } },
{ "type": "Feature", "properties": { "final_label": "Natural Fire", "frp": 4.71, "frp_deviation": 1.17, "alert_flag": "Normal", "evidence": "cluster active 1 days; FRP 4.7 MW (1.17x cluster avg); Normal", "acq_date": "2026-03-14", "distinct_days": 1 }, "geometry": { "type": "Point", "coordinates": [ 82.94209, 22.34386 ] } },
{ "type": "Feature", "properties": { "final_label": "Natural Fire", "frp": 4.23, "frp_deviation": null, "alert_flag": "Normal", "evidence": "isolated detection (no persistent cluster); FRP 4.2 MW; Normal", "acq_date": "2026-03-14", "distinct_days": 0 }, "geometry": { "type": "Point", "coordinates": [ 83.0211, 22.25101 ] } },
{ "type": "Feature", "properties": { "final_label": "Natural Fire", "frp": 5.22, "frp_deviation": null, "alert_flag": "Normal", "evidence": "isolated detection (no persistent cluster); FRP 5.2 MW; Normal", "acq_date": "2026-03-14", "distinct_days": 0 }, "geometry": { "type": "Point", "coordinates": [ 82.92818, 22.35749 ] } },
{ "type": "Feature", "properties": { "final_label": "Natural Fire", "frp": 5.38, "frp_deviation": 0.83, "alert_flag": "Normal", "evidence": "cluster active 1 days; FRP 5.4 MW (0.83x cluster avg); Normal", "acq_date": "2026-03-14", "distinct_days": 1 }, "geometry": { "type": "Point", "coordinates": [ 82.82558, 22.3516 ] } },
{ "type": "Feature", "properties": { "final_label": "Natural Fire", "frp": 3.37, "frp_deviation": 0.83, "alert_flag": "Normal", "evidence": "cluster active 1 days; FRP 3.4 MW (0.83x cluster avg); Normal", "acq_date": "2026-03-14", "distinct_days": 1 }, "geometry": { "type": "Point", "coordinates": [ 82.94528, 22.34513 ] } },
{ "type": "Feature", "properties": { "final_label": "Industrial", "frp": 7.16, "frp_deviation": 0.9, "alert_flag": "Normal", "evidence": "Within 1 km of OSM industrial zone; cluster active 1 days; FRP 7.2 MW (0.90x cluster avg); Normal", "acq_date": "2026-03-14", "distinct_days": 1 }, "geometry": { "type": "Point", "coordinates": [ 82.56448, 22.30882 ] } },
{ "type": "Feature", "properties": { "final_label": "Industrial", "frp": 2.91, "frp_deviation": 1.05, "alert_flag": "Normal", "evidence": "Inside OSM industrial zone; cluster active 73 days; FRP 2.9 MW (1.05x cluster avg); Normal", "acq_date": "2026-03-15", "distinct_days": 73 }, "geometry": { "type": "Point", "coordinates": [ 82.60571, 22.33085 ] } },
{ "type": "Feature", "properties": { "final_label": "Industrial", "frp": 3.56, "frp_deviation": 1.42, "alert_flag": "Normal", "evidence": "Within 1 km of OSM industrial zone; cluster active 98 days; FRP 3.6 MW (1.42x cluster avg); Normal", "acq_date": "2026-03-15", "distinct_days": 98 }, "geometry": { "type": "Point", "coordinates": [ 82.52819, 22.31141 ] } },
{ "type": "Feature", "properties": { "final_label": "Industrial", "frp": 3.09, "frp_deviation": 1.23, "alert_flag": "Normal", "evidence": "Inside OSM industrial zone; cluster active 98 days; FRP 3.1 MW (1.23x cluster avg); Normal", "acq_date": "2026-03-15", "distinct_days": 98 }, "geometry": { "type": "Point", "coordinates": [ 82.53405, 22.31775 ] } },
{ "type": "Feature", "properties": { "final_label": "Industrial", "frp": 2.81, "frp_deviation": 1.12, "alert_flag": "Normal", "evidence": "Inside OSM industrial zone; cluster active 98 days; FRP 2.8 MW (1.12x cluster avg); Normal", "acq_date": "2026-03-15", "distinct_days": 98 }, "geometry": { "type": "Point", "coordinates": [ 82.56644, 22.31934 ] } },
{ "type": "Feature", "properties": { "final_label": "Industrial", "frp": 2.28, "frp_deviation": 1.33, "alert_flag": "Normal", "evidence": "Within 1 km of OSM industrial zone; cluster active 23 days; FRP 2.3 MW (1.33x cluster avg); Normal", "acq_date": "2026-03-15", "distinct_days": 23 }, "geometry": { "type": "Point", "coordinates": [ 82.59456, 22.32172 ] } },
{ "type": "Feature", "properties": { "final_label": "Industrial", "frp": 1.83, "frp_deviation": 0.81, "alert_flag": "Normal", "evidence": "Inside OSM industrial zone; cluster active 61 days; FRP 1.8 MW (0.81x cluster avg); Normal", "acq_date": "2026-03-15", "distinct_days": 61 }, "geometry": { "type": "Point", "coordinates": [ 82.55611, 22.33599 ] } },
{ "type": "Feature", "properties": { "final_label": "Natural Fire", "frp": 1.4, "frp_deviation": 0.47, "alert_flag": "Normal", "evidence": "cluster active 2 days; FRP 1.4 MW (0.47x cluster avg); Normal", "acq_date": "2026-03-15", "distinct_days": 2 }, "geometry": { "type": "Point", "coordinates": [ 82.7566, 22.45622 ] } },
{ "type": "Feature", "properties": { "final_label": "Industrial", "frp": 2.95, "frp_deviation": 1.18, "alert_flag": "Normal", "evidence": "Within 1 km of OSM industrial zone; cluster active 98 days; FRP 3.0 MW (1.18x cluster avg); Normal", "acq_date": "2026-03-15", "distinct_days": 98 }, "geometry": { "type": "Point", "coordinates": [ 82.53022, 22.31076 ] } },
{ "type": "Feature", "properties": { "final_label": "Industrial", "frp": 3.57, "frp_deviation": 1.58, "alert_flag": "Normal", "evidence": "Inside OSM industrial zone; cluster active 61 days; FRP 3.6 MW (1.58x cluster avg); Normal", "acq_date": "2026-03-15", "distinct_days": 61 }, "geometry": { "type": "Point", "coordinates": [ 82.55398, 22.3361 ] } },
{ "type": "Feature", "properties": { "final_label": "Natural Fire", "frp": 1.67, "frp_deviation": null, "alert_flag": "Normal", "evidence": "isolated detection (no persistent cluster); FRP 1.7 MW; Normal", "acq_date": "2026-03-15", "distinct_days": 0 }, "geometry": { "type": "Point", "coordinates": [ 82.75191, 22.3514 ] } },
{ "type": "Feature", "properties": { "final_label": "Industrial", "frp": 0.55, "frp_deviation": 0.22, "alert_flag": "Normal", "evidence": "Inside OSM industrial zone; cluster active 98 days; FRP 0.6 MW (0.22x cluster avg); Normal", "acq_date": "2026-03-15", "distinct_days": 98 }, "geometry": { "type": "Point", "coordinates": [ 82.56627, 22.31557 ] } },
{ "type": "Feature", "properties": { "final_label": "Natural Fire", "frp": 2.13, "frp_deviation": null, "alert_flag": "Normal", "evidence": "isolated detection (no persistent cluster); FRP 2.1 MW; Normal", "acq_date": "2026-03-15", "distinct_days": 0 }, "geometry": { "type": "Point", "coordinates": [ 82.54172, 22.23481 ] } },
{ "type": "Feature", "properties": { "final_label": "Natural Fire", "frp": 2.87, "frp_deviation": null, "alert_flag": "Normal", "evidence": "isolated detection (no persistent cluster); FRP 2.9 MW; Normal", "acq_date": "2026-03-15", "distinct_days": 0 }, "geometry": { "type": "Point", "coordinates": [ 82.81954, 22.19993 ] } },
{ "type": "Feature", "properties": { "final_label": "Natural Fire", "frp": 2.11, "frp_deviation": null, "alert_flag": "Normal", "evidence": "isolated detection (no persistent cluster); FRP 2.1 MW; Normal", "acq_date": "2026-03-15", "distinct_days": 0 }, "geometry": { "type": "Point", "coordinates": [ 82.99765, 22.14529 ] } },
{ "type": "Feature", "properties": { "final_label": "Natural Fire", "frp": 6.37, "frp_deviation": null, "alert_flag": "Normal", "evidence": "isolated detection (no persistent cluster); FRP 6.4 MW; Normal", "acq_date": "2026-03-15", "distinct_days": 0 }, "geometry": { "type": "Point", "coordinates": [ 82.77794, 22.3768 ] } },
{ "type": "Feature", "properties": { "final_label": "Industrial", "frp": 2.31, "frp_deviation": 0.84, "alert_flag": "Normal", "evidence": "Inside OSM industrial zone; cluster active 73 days; FRP 2.3 MW (0.84x cluster avg); Normal", "acq_date": "2026-03-16", "distinct_days": 73 }, "geometry": { "type": "Point", "coordinates": [ 82.60712, 22.33213 ] } },
{ "type": "Feature", "properties": { "final_label": "Natural Fire", "frp": 3.04, "frp_deviation": null, "alert_flag": "Normal", "evidence": "isolated detection (no persistent cluster); FRP 3.0 MW; Normal", "acq_date": "2026-03-16", "distinct_days": 0 }, "geometry": { "type": "Point", "coordinates": [ 82.38577, 22.34002 ] } },
{ "type": "Feature", "properties": { "final_label": "Industrial", "frp": 4.49, "frp_deviation": 1.99, "alert_flag": "Normal", "evidence": "Inside OSM industrial zone; cluster active 61 days; FRP 4.5 MW (1.99x cluster avg); Normal", "acq_date": "2026-03-16", "distinct_days": 61 }, "geometry": { "type": "Point", "coordinates": [ 82.55589, 22.33425 ] } },
{ "type": "Feature", "properties": { "final_label": "Industrial", "frp": 2.01, "frp_deviation": 0.8, "alert_flag": "Normal", "evidence": "Inside OSM industrial zone; cluster active 98 days; FRP 2.0 MW (0.80x cluster avg); Normal", "acq_date": "2026-03-16", "distinct_days": 98 }, "geometry": { "type": "Point", "coordinates": [ 82.52852, 22.31271 ] } },
{ "type": "Feature", "properties": { "final_label": "Natural Fire", "frp": 8.71, "frp_deviation": 1.0, "alert_flag": "Normal", "evidence": "cluster active 1 days; FRP 8.7 MW (1.00x cluster avg); Normal", "acq_date": "2026-03-16", "distinct_days": 1 }, "geometry": { "type": "Point", "coordinates": [ 82.97399, 22.19275 ] } },
{ "type": "Feature", "properties": { "final_label": "Natural Fire", "frp": 5.16, "frp_deviation": 1.03, "alert_flag": "Normal", "evidence": "cluster active 2 days; FRP 5.2 MW (1.03x cluster avg); Normal", "acq_date": "2026-03-16", "distinct_days": 2 }, "geometry": { "type": "Point", "coordinates": [ 82.66799, 22.25619 ] } },
{ "type": "Feature", "properties": { "final_label": "Natural Fire", "frp": 8.71, "frp_deviation": 1.0, "alert_flag": "Normal", "evidence": "cluster active 1 days; FRP 8.7 MW (1.00x cluster avg); Normal", "acq_date": "2026-03-16", "distinct_days": 1 }, "geometry": { "type": "Point", "coordinates": [ 82.97459, 22.18944 ] } },
{ "type": "Feature", "properties": { "final_label": "Natural Fire", "frp": 2.03, "frp_deviation": null, "alert_flag": "Normal", "evidence": "isolated detection (no persistent cluster); FRP 2.0 MW; Normal", "acq_date": "2026-03-16", "distinct_days": 0 }, "geometry": { "type": "Point", "coordinates": [ 82.59812, 22.2964 ] } },
{ "type": "Feature", "properties": { "final_label": "Natural Fire", "frp": 1.61, "frp_deviation": 0.64, "alert_flag": "Normal", "evidence": "cluster active 2 days; FRP 1.6 MW (0.64x cluster avg); Normal", "acq_date": "2026-03-17", "distinct_days": 2 }, "geometry": { "type": "Point", "coordinates": [ 83.01868, 22.21498 ] } },
{ "type": "Feature", "properties": { "final_label": "Natural Fire", "frp": 1.61, "frp_deviation": 0.64, "alert_flag": "Normal", "evidence": "cluster active 2 days; FRP 1.6 MW (0.64x cluster avg); Normal", "acq_date": "2026-03-17", "distinct_days": 2 }, "geometry": { "type": "Point", "coordinates": [ 83.01778, 22.21901 ] } },
{ "type": "Feature", "properties": { "final_label": "Natural Fire", "frp": 1.45, "frp_deviation": null, "alert_flag": "Normal", "evidence": "isolated detection (no persistent cluster); FRP 1.4 MW; Normal", "acq_date": "2026-03-17", "distinct_days": 0 }, "geometry": { "type": "Point", "coordinates": [ 82.57184, 22.28146 ] } },
{ "type": "Feature", "properties": { "final_label": "Natural Fire", "frp": 2.46, "frp_deviation": null, "alert_flag": "Normal", "evidence": "isolated detection (no persistent cluster); FRP 2.5 MW; Normal", "acq_date": "2026-03-17", "distinct_days": 0 }, "geometry": { "type": "Point", "coordinates": [ 82.44238, 22.26539 ] } },
{ "type": "Feature", "properties": { "final_label": "Industrial", "frp": 3.01, "frp_deviation": 1.2, "alert_flag": "Normal", "evidence": "Within 1 km of OSM industrial zone; cluster active 98 days; FRP 3.0 MW (1.20x cluster avg); Normal", "acq_date": "2026-03-17", "distinct_days": 98 }, "geometry": { "type": "Point", "coordinates": [ 82.56931, 22.31719 ] } },
{ "type": "Feature", "properties": { "final_label": "Industrial", "frp": 4.49, "frp_deviation": 1.62, "alert_flag": "Normal", "evidence": "Within 1 km of OSM industrial zone; cluster active 73 days; FRP 4.5 MW (1.62x cluster avg); Normal", "acq_date": "2026-03-17", "distinct_days": 73 }, "geometry": { "type": "Point", "coordinates": [ 82.60882, 22.32922 ] } },
{ "type": "Feature", "properties": { "final_label": "Industrial", "frp": 2.18, "frp_deviation": 0.61, "alert_flag": "Normal", "evidence": "Inside OSM industrial zone; cluster active 96 days; FRP 2.2 MW (0.61x cluster avg); Normal", "acq_date": "2026-03-18", "distinct_days": 96 }, "geometry": { "type": "Point", "coordinates": [ 82.30046, 22.35948 ] } },
{ "type": "Feature", "properties": { "final_label": "Industrial", "frp": 2.21, "frp_deviation": 0.62, "alert_flag": "Normal", "evidence": "Inside OSM industrial zone; cluster active 96 days; FRP 2.2 MW (0.62x cluster avg); Normal", "acq_date": "2026-03-18", "distinct_days": 96 }, "geometry": { "type": "Point", "coordinates": [ 82.30477, 22.36057 ] } },
{ "type": "Feature", "properties": { "final_label": "Industrial", "frp": 1.82, "frp_deviation": 0.73, "alert_flag": "Normal", "evidence": "Inside OSM industrial zone; cluster active 98 days; FRP 1.8 MW (0.73x cluster avg); Normal", "acq_date": "2026-03-18", "distinct_days": 98 }, "geometry": { "type": "Point", "coordinates": [ 82.57229, 22.32044 ] } },
{ "type": "Feature", "properties": { "final_label": "Industrial", "frp": 1.08, "frp_deviation": 0.67, "alert_flag": "Normal", "evidence": "Inside OSM industrial zone; cluster active 16 days; FRP 1.1 MW (0.67x cluster avg); Normal", "acq_date": "2026-03-18", "distinct_days": 16 }, "geometry": { "type": "Point", "coordinates": [ 82.67508, 22.32288 ] } },
{ "type": "Feature", "properties": { "final_label": "Industrial", "frp": 0.85, "frp_deviation": 0.3, "alert_flag": "Normal", "evidence": "Inside OSM industrial zone; cluster active 71 days; FRP 0.8 MW (0.30x cluster avg); Normal", "acq_date": "2026-03-18", "distinct_days": 71 }, "geometry": { "type": "Point", "coordinates": [ 82.57372, 22.3377 ] } },
{ "type": "Feature", "properties": { "final_label": "Industrial", "frp": 1.23, "frp_deviation": 0.55, "alert_flag": "Normal", "evidence": "Inside OSM industrial zone; cluster active 61 days; FRP 1.2 MW (0.55x cluster avg); Normal", "acq_date": "2026-03-18", "distinct_days": 61 }, "geometry": { "type": "Point", "coordinates": [ 82.55289, 22.33955 ] } },
{ "type": "Feature", "properties": { "final_label": "Industrial", "frp": 1.97, "frp_deviation": 0.56, "alert_flag": "Normal", "evidence": "Inside OSM industrial zone; cluster active 96 days; FRP 2.0 MW (0.56x cluster avg); Normal", "acq_date": "2026-03-18", "distinct_days": 96 }, "geometry": { "type": "Point", "coordinates": [ 82.30333, 22.36155 ] } },
{ "type": "Feature", "properties": { "final_label": "Industrial", "frp": 1.81, "frp_deviation": 0.65, "alert_flag": "Normal", "evidence": "Inside OSM industrial zone; cluster active 73 days; FRP 1.8 MW (0.65x cluster avg); Normal", "acq_date": "2026-03-18", "distinct_days": 73 }, "geometry": { "type": "Point", "coordinates": [ 82.60807, 22.33464 ] } },
{ "type": "Feature", "properties": { "final_label": "Industrial", "frp": 1.06, "frp_deviation": 0.3, "alert_flag": "Normal", "evidence": "Inside OSM industrial zone; cluster active 96 days; FRP 1.1 MW (0.30x cluster avg); Normal", "acq_date": "2026-03-19", "distinct_days": 96 }, "geometry": { "type": "Point", "coordinates": [ 82.30205, 22.35747 ] } },
{ "type": "Feature", "properties": { "final_label": "Industrial", "frp": 0.87, "frp_deviation": 0.25, "alert_flag": "Normal", "evidence": "Inside OSM industrial zone; cluster active 96 days; FRP 0.9 MW (0.25x cluster avg); Normal", "acq_date": "2026-03-19", "distinct_days": 96 }, "geometry": { "type": "Point", "coordinates": [ 82.3013, 22.35558 ] } },
{ "type": "Feature", "properties": { "final_label": "Industrial", "frp": 0.87, "frp_deviation": 0.25, "alert_flag": "Normal", "evidence": "Inside OSM industrial zone; cluster active 96 days; FRP 0.9 MW (0.25x cluster avg); Normal", "acq_date": "2026-03-19", "distinct_days": 96 }, "geometry": { "type": "Point", "coordinates": [ 82.30581, 22.35997 ] } },
{ "type": "Feature", "properties": { "final_label": "Industrial", "frp": 0.87, "frp_deviation": 0.25, "alert_flag": "Normal", "evidence": "Inside OSM industrial zone; cluster active 96 days; FRP 0.9 MW (0.25x cluster avg); Normal", "acq_date": "2026-03-19", "distinct_days": 96 }, "geometry": { "type": "Point", "coordinates": [ 82.30252, 22.36068 ] } },
{ "type": "Feature", "properties": { "final_label": "Industrial", "frp": 1.06, "frp_deviation": 0.3, "alert_flag": "Normal", "evidence": "Inside OSM industrial zone; cluster active 96 days; FRP 1.1 MW (0.30x cluster avg); Normal", "acq_date": "2026-03-19", "distinct_days": 96 }, "geometry": { "type": "Point", "coordinates": [ 82.30532, 22.35674 ] } },
{ "type": "Feature", "properties": { "final_label": "Industrial", "frp": 1.06, "frp_deviation": 0.3, "alert_flag": "Normal", "evidence": "Inside OSM industrial zone; cluster active 96 days; FRP 1.1 MW (0.30x cluster avg); Normal", "acq_date": "2026-03-19", "distinct_days": 96 }, "geometry": { "type": "Point", "coordinates": [ 82.30325, 22.36257 ] } },
{ "type": "Feature", "properties": { "final_label": "Industrial", "frp": 0.87, "frp_deviation": 0.25, "alert_flag": "Normal", "evidence": "Inside OSM industrial zone; cluster active 96 days; FRP 0.9 MW (0.25x cluster avg); Normal", "acq_date": "2026-03-19", "distinct_days": 96 }, "geometry": { "type": "Point", "coordinates": [ 82.3046, 22.35487 ] } },
{ "type": "Feature", "properties": { "final_label": "Industrial", "frp": 1.41, "frp_deviation": 0.56, "alert_flag": "Normal", "evidence": "Inside OSM industrial zone; cluster active 98 days; FRP 1.4 MW (0.56x cluster avg); Normal", "acq_date": "2026-03-19", "distinct_days": 98 }, "geometry": { "type": "Point", "coordinates": [ 82.52908, 22.31768 ] } },
{ "type": "Feature", "properties": { "final_label": "Industrial", "frp": 1.63, "frp_deviation": 0.65, "alert_flag": "Normal", "evidence": "Inside OSM industrial zone; cluster active 98 days; FRP 1.6 MW (0.65x cluster avg); Normal", "acq_date": "2026-03-19", "distinct_days": 98 }, "geometry": { "type": "Point", "coordinates": [ 82.56584, 22.32039 ] } },
{ "type": "Feature", "properties": { "final_label": "Industrial", "frp": 0.6, "frp_deviation": 0.35, "alert_flag": "Normal", "evidence": "Inside OSM industrial zone; cluster active 23 days; FRP 0.6 MW (0.35x cluster avg); Normal", "acq_date": "2026-03-19", "distinct_days": 23 }, "geometry": { "type": "Point", "coordinates": [ 82.59128, 22.3202 ] } },
{ "type": "Feature", "properties": { "final_label": "Industrial", "frp": 0.82, "frp_deviation": 0.36, "alert_flag": "Normal", "evidence": "Inside OSM industrial zone; cluster active 61 days; FRP 0.8 MW (0.36x cluster avg); Normal", "acq_date": "2026-03-19", "distinct_days": 61 }, "geometry": { "type": "Point", "coordinates": [ 82.55478, 22.33377 ] } },
{ "type": "Feature", "properties": { "final_label": "Industrial", "frp": 1.05, "frp_deviation": 0.38, "alert_flag": "Normal", "evidence": "Inside OSM industrial zone; cluster active 71 days; FRP 1.1 MW (0.38x cluster avg); Normal", "acq_date": "2026-03-19", "distinct_days": 71 }, "geometry": { "type": "Point", "coordinates": [ 82.57712, 22.33427 ] } },
{ "type": "Feature", "properties": { "final_label": "Industrial", "frp": 0.82, "frp_deviation": 0.36, "alert_flag": "Normal", "evidence": "Inside OSM industrial zone; cluster active 61 days; FRP 0.8 MW (0.36x cluster avg); Normal", "acq_date": "2026-03-19", "distinct_days": 61 }, "geometry": { "type": "Point", "coordinates": [ 82.55601, 22.33896 ] } },
{ "type": "Feature", "properties": { "final_label": "Industrial", "frp": 1.56, "frp_deviation": 0.62, "alert_flag": "Normal", "evidence": "Inside OSM industrial zone; cluster active 98 days; FRP 1.6 MW (0.62x cluster avg); Normal", "acq_date": "2026-03-19", "distinct_days": 98 }, "geometry": { "type": "Point", "coordinates": [ 82.5325, 22.31692 ] } },
{ "type": "Feature", "properties": { "final_label": "Industrial", "frp": 0.99, "frp_deviation": 0.39, "alert_flag": "Normal", "evidence": "Inside OSM industrial zone; cluster active 98 days; FRP 1.0 MW (0.39x cluster avg); Normal", "acq_date": "2026-03-20", "distinct_days": 98 }, "geometry": { "type": "Point", "coordinates": [ 82.52812, 22.31357 ] } },
{ "type": "Feature", "properties": { "final_label": "Industrial", "frp": 1.51, "frp_deviation": 0.6, "alert_flag": "Normal", "evidence": "Inside OSM industrial zone; cluster active 98 days; FRP 1.5 MW (0.60x cluster avg); Normal", "acq_date": "2026-03-20", "distinct_days": 98 }, "geometry": { "type": "Point", "coordinates": [ 82.51756, 22.31556 ] } },
{ "type": "Feature", "properties": { "final_label": "Industrial", "frp": 1.69, "frp_deviation": 0.67, "alert_flag": "Normal", "evidence": "Inside OSM industrial zone; cluster active 98 days; FRP 1.7 MW (0.67x cluster avg); Normal", "acq_date": "2026-03-20", "distinct_days": 98 }, "geometry": { "type": "Point", "coordinates": [ 82.53423, 22.31645 ] } },
{ "type": "Feature", "properties": { "final_label": "Industrial", "frp": 0.99, "frp_deviation": 0.39, "alert_flag": "Normal", "evidence": "Inside OSM industrial zone; cluster active 98 days; FRP 1.0 MW (0.39x cluster avg); Normal", "acq_date": "2026-03-20", "distinct_days": 98 }, "geometry": { "type": "Point", "coordinates": [ 82.52895, 22.31744 ] } },
{ "type": "Feature", "properties": { "final_label": "Industrial", "frp": 1.09, "frp_deviation": 0.43, "alert_flag": "Normal", "evidence": "Inside OSM industrial zone; cluster active 98 days; FRP 1.1 MW (0.43x cluster avg); Normal", "acq_date": "2026-03-20", "distinct_days": 98 }, "geometry": { "type": "Point", "coordinates": [ 82.5676, 22.31824 ] } },
{ "type": "Feature", "properties": { "final_label": "Industrial", "frp": 0.99, "frp_deviation": 0.39, "alert_flag": "Normal", "evidence": "Within 1 km of OSM industrial zone; cluster active 98 days; FRP 1.0 MW (0.39x cluster avg); Normal", "acq_date": "2026-03-20", "distinct_days": 98 }, "geometry": { "type": "Point", "coordinates": [ 82.52284, 22.31456 ] } },
{ "type": "Feature", "properties": { "final_label": "Industrial", "frp": 2.09, "frp_deviation": 0.76, "alert_flag": "Normal", "evidence": "Within 1 km of OSM industrial zone; cluster active 73 days; FRP 2.1 MW (0.76x cluster avg); Normal", "acq_date": "2026-03-20", "distinct_days": 73 }, "geometry": { "type": "Point", "coordinates": [ 82.60387, 22.33164 ] } },
{ "type": "Feature", "properties": { "final_label": "Industrial", "frp": 0.9, "frp_deviation": 0.32, "alert_flag": "Normal", "evidence": "Inside OSM industrial zone; cluster active 71 days; FRP 0.9 MW (0.32x cluster avg); Normal", "acq_date": "2026-03-20", "distinct_days": 71 }, "geometry": { "type": "Point", "coordinates": [ 82.57738, 22.333 ] } },
{ "type": "Feature", "properties": { "final_label": "Industrial", "frp": 0.82, "frp_deviation": 0.29, "alert_flag": "Normal", "evidence": "Inside OSM industrial zone; cluster active 71 days; FRP 0.8 MW (0.29x cluster avg); Normal", "acq_date": "2026-03-20", "distinct_days": 71 }, "geometry": { "type": "Point", "coordinates": [ 82.57207, 22.33402 ] } },
{ "type": "Feature", "properties": { "final_label": "Industrial", "frp": 2.1, "frp_deviation": 0.93, "alert_flag": "Normal", "evidence": "Inside OSM industrial zone; cluster active 61 days; FRP 2.1 MW (0.93x cluster avg); Normal", "acq_date": "2026-03-20", "distinct_days": 61 }, "geometry": { "type": "Point", "coordinates": [ 82.556, 22.33713 ] } },
{ "type": "Feature", "properties": { "final_label": "Industrial", "frp": 2.04, "frp_deviation": 0.74, "alert_flag": "Normal", "evidence": "Within 1 km of OSM industrial zone; cluster active 73 days; FRP 2.0 MW (0.74x cluster avg); Normal", "acq_date": "2026-03-20", "distinct_days": 73 }, "geometry": { "type": "Point", "coordinates": [ 82.60464, 22.33177 ] } },
{ "type": "Feature", "properties": { "final_label": "Industrial", "frp": 3.15, "frp_deviation": 1.4, "alert_flag": "Normal", "evidence": "Inside OSM industrial zone; cluster active 61 days; FRP 3.1 MW (1.40x cluster avg); Normal", "acq_date": "2026-03-20", "distinct_days": 61 }, "geometry": { "type": "Point", "coordinates": [ 82.5551, 22.33669 ] } },
{ "type": "Feature", "properties": { "final_label": "Industrial", "frp": 1.3, "frp_deviation": 0.37, "alert_flag": "Normal", "evidence": "Inside OSM industrial zone; cluster active 96 days; FRP 1.3 MW (0.37x cluster avg); Normal", "acq_date": "2026-03-21", "distinct_days": 96 }, "geometry": { "type": "Point", "coordinates": [ 82.30264, 22.3584 ] } },
{ "type": "Feature", "properties": { "final_label": "Industrial", "frp": 1.32, "frp_deviation": 0.37, "alert_flag": "Normal", "evidence": "Inside OSM industrial zone; cluster active 96 days; FRP 1.3 MW (0.37x cluster avg); Normal", "acq_date": "2026-03-21", "distinct_days": 96 }, "geometry": { "type": "Point", "coordinates": [ 82.30634, 22.35782 ] } },
{ "type": "Feature", "properties": { "final_label": "Industrial", "frp": 0.9, "frp_deviation": 0.45, "alert_flag": "Normal", "evidence": "Inside OSM industrial zone; cluster active 7 days; FRP 0.9 MW (0.45x cluster avg); Normal", "acq_date": "2026-03-21", "distinct_days": 7 }, "geometry": { "type": "Point", "coordinates": [ 82.5167, 22.32454 ] } },
{ "type": "Feature", "properties": { "final_label": "Industrial", "frp": 0.53, "frp_deviation": 0.21, "alert_flag": "Normal", "evidence": "Within 1 km of OSM industrial zone; cluster active 98 days; FRP 0.5 MW (0.21x cluster avg); Normal", "acq_date": "2026-03-21", "distinct_days": 98 }, "geometry": { "type": "Point", "coordinates": [ 82.56838, 22.31632 ] } },
{ "type": "Feature", "properties": { "final_label": "Industrial", "frp": 1.3, "frp_deviation": 0.37, "alert_flag": "Normal", "evidence": "Inside OSM industrial zone; cluster active 96 days; FRP 1.3 MW (0.37x cluster avg); Normal", "acq_date": "2026-03-21", "distinct_days": 96 }, "geometry": { "type": "Point", "coordinates": [ 82.30204, 22.35511 ] } },
{ "type": "Feature", "properties": { "final_label": "Industrial", "frp": 1.32, "frp_deviation": 0.37, "alert_flag": "Normal", "evidence": "Inside OSM industrial zone; cluster active 96 days; FRP 1.3 MW (0.37x cluster avg); Normal", "acq_date": "2026-03-21", "distinct_days": 96 }, "geometry": { "type": "Point", "coordinates": [ 82.30573, 22.35453 ] } },
{ "type": "Feature", "properties": { "final_label": "Industrial", "frp": 0.95, "frp_deviation": 0.38, "alert_flag": "Normal", "evidence": "Inside OSM industrial zone; cluster active 98 days; FRP 0.9 MW (0.38x cluster avg); Normal", "acq_date": "2026-03-21", "distinct_days": 98 }, "geometry": { "type": "Point", "coordinates": [ 82.53456, 22.31832 ] } },
{ "type": "Feature", "properties": { "final_label": "Industrial", "frp": 1.33, "frp_deviation": 0.53, "alert_flag": "Normal", "evidence": "Within 1 km of OSM industrial zone; cluster active 98 days; FRP 1.3 MW (0.53x cluster avg); Normal", "acq_date": "2026-03-21", "distinct_days": 98 }, "geometry": { "type": "Point", "coordinates": [ 82.53396, 22.31503 ] } },
{ "type": "Feature", "properties": { "final_label": "Industrial", "frp": 0.91, "frp_deviation": 0.36, "alert_flag": "Normal", "evidence": "Inside OSM industrial zone; cluster active 98 days; FRP 0.9 MW (0.36x cluster avg); Normal", "acq_date": "2026-03-21", "distinct_days": 98 }, "geometry": { "type": "Point", "coordinates": [ 82.53026, 22.31562 ] } },
{ "type": "Feature", "properties": { "final_label": "Industrial", "frp": 1.24, "frp_deviation": 0.49, "alert_flag": "Normal", "evidence": "Within 1 km of OSM industrial zone; cluster active 98 days; FRP 1.2 MW (0.49x cluster avg); Normal", "acq_date": "2026-03-21", "distinct_days": 98 }, "geometry": { "type": "Point", "coordinates": [ 82.51488, 22.31468 ] } },
{ "type": "Feature", "properties": { "final_label": "Industrial", "frp": 0.91, "frp_deviation": 0.36, "alert_flag": "Normal", "evidence": "Inside OSM industrial zone; cluster active 98 days; FRP 0.9 MW (0.36x cluster avg); Normal", "acq_date": "2026-03-21", "distinct_days": 98 }, "geometry": { "type": "Point", "coordinates": [ 82.52597, 22.31292 ] } },
{ "type": "Feature", "properties": { "final_label": "Industrial", "frp": 0.91, "frp_deviation": 0.36, "alert_flag": "Normal", "evidence": "Within 1 km of OSM industrial zone; cluster active 98 days; FRP 0.9 MW (0.36x cluster avg); Normal", "acq_date": "2026-03-21", "distinct_days": 98 }, "geometry": { "type": "Point", "coordinates": [ 82.52966, 22.31233 ] } },
{ "type": "Feature", "properties": { "final_label": "Natural Fire", "frp": 0.91, "frp_deviation": null, "alert_flag": "Normal", "evidence": "isolated detection (no persistent cluster); FRP 0.9 MW; Normal", "acq_date": "2026-03-21", "distinct_days": 0 }, "geometry": { "type": "Point", "coordinates": [ 82.55434, 22.2165 ] } },
{ "type": "Feature", "properties": { "final_label": "Natural Fire", "frp": 0.91, "frp_deviation": null, "alert_flag": "Normal", "evidence": "isolated detection (no persistent cluster); FRP 0.9 MW; Normal", "acq_date": "2026-03-21", "distinct_days": 0 }, "geometry": { "type": "Point", "coordinates": [ 82.55742, 22.21263 ] } },
{ "type": "Feature", "properties": { "final_label": "Industrial", "frp": 0.93, "frp_deviation": 0.37, "alert_flag": "Normal", "evidence": "Inside OSM industrial zone; cluster active 98 days; FRP 0.9 MW (0.37x cluster avg); Normal", "acq_date": "2026-03-21", "distinct_days": 98 }, "geometry": { "type": "Point", "coordinates": [ 82.55671, 22.31479 ] } },
{ "type": "Feature", "properties": { "final_label": "Industrial", "frp": 1.84, "frp_deviation": 0.73, "alert_flag": "Normal", "evidence": "Inside OSM industrial zone; cluster active 98 days; FRP 1.8 MW (0.73x cluster avg); Normal", "acq_date": "2026-03-21", "distinct_days": 98 }, "geometry": { "type": "Point", "coordinates": [ 82.56899, 22.3196 ] } },
{ "type": "Feature", "properties": { "final_label": "Industrial", "frp": 1.22, "frp_deviation": 0.71, "alert_flag": "Normal", "evidence": "Inside OSM industrial zone; cluster active 23 days; FRP 1.2 MW (0.71x cluster avg); Normal", "acq_date": "2026-03-21", "distinct_days": 23 }, "geometry": { "type": "Point", "coordinates": [ 82.58437, 22.32054 ] } },
{ "type": "Feature", "properties": { "final_label": "Industrial", "frp": 1.03, "frp_deviation": 0.6, "alert_flag": "Normal", "evidence": "Inside OSM industrial zone; cluster active 23 days; FRP 1.0 MW (0.60x cluster avg); Normal", "acq_date": "2026-03-21", "distinct_days": 23 }, "geometry": { "type": "Point", "coordinates": [ 82.57698, 22.32171 ] } },
{ "type": "Feature", "properties": { "final_label": "Industrial", "frp": 1.46, "frp_deviation": 0.41, "alert_flag": "Normal", "evidence": "Inside OSM industrial zone; cluster active 96 days; FRP 1.5 MW (0.41x cluster avg); Normal", "acq_date": "2026-03-21", "distinct_days": 96 }, "geometry": { "type": "Point", "coordinates": [ 82.30324, 22.36169 ] } },
{ "type": "Feature", "properties": { "final_label": "Natural Fire", "frp": 2.97, "frp_deviation": null, "alert_flag": "Normal", "evidence": "isolated detection (no persistent cluster); FRP 3.0 MW; Normal", "acq_date": "2026-03-21", "distinct_days": 0 }, "geometry": { "type": "Point", "coordinates": [ 82.32343, 22.12004 ] } },
{ "type": "Feature", "properties": { "final_label": "Natural Fire", "frp": 3.49, "frp_deviation": null, "alert_flag": "Normal", "evidence": "isolated detection (no persistent cluster); FRP 3.5 MW; Normal", "acq_date": "2026-03-21", "distinct_days": 0 }, "geometry": { "type": "Point", "coordinates": [ 82.33908, 22.28572 ] } },
{ "type": "Feature", "properties": { "final_label": "Industrial", "frp": 3.42, "frp_deviation": 1.52, "alert_flag": "Normal", "evidence": "Inside OSM industrial zone; cluster active 61 days; FRP 3.4 MW (1.52x cluster avg); Normal", "acq_date": "2026-03-21", "distinct_days": 61 }, "geometry": { "type": "Point", "coordinates": [ 82.55466, 22.33524 ] } },
{ "type": "Feature", "properties": { "final_label": "Industrial", "frp": 0.73, "frp_deviation": 0.26, "alert_flag": "Normal", "evidence": "Inside OSM industrial zone; cluster active 73 days; FRP 0.7 MW (0.26x cluster avg); Normal", "acq_date": "2026-03-21", "distinct_days": 73 }, "geometry": { "type": "Point", "coordinates": [ 82.60587, 22.33402 ] } },
{ "type": "Feature", "properties": { "final_label": "Industrial", "frp": 0.82, "frp_deviation": 0.51, "alert_flag": "Normal", "evidence": "Inside OSM industrial zone; cluster active 16 days; FRP 0.8 MW (0.51x cluster avg); Normal", "acq_date": "2026-03-21", "distinct_days": 16 }, "geometry": { "type": "Point", "coordinates": [ 82.67236, 22.32342 ] } },
{ "type": "Feature", "properties": { "final_label": "Natural Fire", "frp": 0.27, "frp_deviation": null, "alert_flag": "Normal", "evidence": "isolated detection (no persistent cluster); FRP 0.3 MW; Normal", "acq_date": "2026-03-21", "distinct_days": 0 }, "geometry": { "type": "Point", "coordinates": [ 82.79053, 22.36614 ] } },
{ "type": "Feature", "properties": { "final_label": "Industrial", "frp": 1.39, "frp_deviation": 0.5, "alert_flag": "Normal", "evidence": "Inside OSM industrial zone; cluster active 71 days; FRP 1.4 MW (0.50x cluster avg); Normal", "acq_date": "2026-03-21", "distinct_days": 71 }, "geometry": { "type": "Point", "coordinates": [ 82.57571, 22.33544 ] } },
{ "type": "Feature", "properties": { "final_label": "Industrial", "frp": 2.14, "frp_deviation": 0.95, "alert_flag": "Normal", "evidence": "Inside OSM industrial zone; cluster active 61 days; FRP 2.1 MW (0.95x cluster avg); Normal", "acq_date": "2026-03-21", "distinct_days": 61 }, "geometry": { "type": "Point", "coordinates": [ 82.55295, 22.33568 ] } },
{ "type": "Feature", "properties": { "final_label": "Industrial", "frp": 2.14, "frp_deviation": 0.95, "alert_flag": "Normal", "evidence": "Inside OSM industrial zone; cluster active 61 days; FRP 2.1 MW (0.95x cluster avg); Normal", "acq_date": "2026-03-21", "distinct_days": 61 }, "geometry": { "type": "Point", "coordinates": [ 82.55664, 22.33509 ] } },
{ "type": "Feature", "properties": { "final_label": "Industrial", "frp": 0.56, "frp_deviation": 0.2, "alert_flag": "Normal", "evidence": "Inside OSM industrial zone; cluster active 71 days; FRP 0.6 MW (0.20x cluster avg); Normal", "acq_date": "2026-03-21", "distinct_days": 71 }, "geometry": { "type": "Point", "coordinates": [ 82.57141, 22.33274 ] } },
{ "type": "Feature", "properties": { "final_label": "Industrial", "frp": 0.72, "frp_deviation": 0.6, "alert_flag": "Normal", "evidence": "Inside OSM industrial zone; cluster active 16 days; FRP 0.7 MW (0.60x cluster avg); Normal", "acq_date": "2026-03-21", "distinct_days": 16 }, "geometry": { "type": "Point", "coordinates": [ 82.53328, 22.33204 ] } },
{ "type": "Feature", "properties": { "final_label": "Industrial", "frp": 0.84, "frp_deviation": 0.49, "alert_flag": "Normal", "evidence": "Inside OSM industrial zone; cluster active 23 days; FRP 0.8 MW (0.49x cluster avg); Normal", "acq_date": "2026-03-21", "distinct_days": 23 }, "geometry": { "type": "Point", "coordinates": [ 82.59605, 22.32206 ] } },
{ "type": "Feature", "properties": { "final_label": "Industrial", "frp": 2.17, "frp_deviation": 0.78, "alert_flag": "Normal", "evidence": "Within 1 km of OSM industrial zone; cluster active 73 days; FRP 2.2 MW (0.78x cluster avg); Normal", "acq_date": "2026-03-21", "distinct_days": 73 }, "geometry": { "type": "Point", "coordinates": [ 82.60526, 22.33074 ] } },
{ "type": "Feature", "properties": { "final_label": "Industrial", "frp": 1.03, "frp_deviation": 0.29, "alert_flag": "Normal", "evidence": "Inside OSM industrial zone; cluster active 96 days; FRP 1.0 MW (0.29x cluster avg); Normal", "acq_date": "2026-03-22", "distinct_days": 96 }, "geometry": { "type": "Point", "coordinates": [ 82.30101, 22.35942 ] } },
{ "type": "Feature", "properties": { "final_label": "Natural Fire", "frp": 4.16, "frp_deviation": 1.43, "alert_flag": "Normal", "evidence": "cluster active 2 days; FRP 4.2 MW (1.43x cluster avg); Normal", "acq_date": "2026-03-22", "distinct_days": 2 }, "geometry": { "type": "Point", "coordinates": [ 82.79815, 22.39333 ] } },
{ "type": "Feature", "properties": { "final_label": "Natural Fire", "frp": 3.17, "frp_deviation": null, "alert_flag": "Normal", "evidence": "isolated detection (no persistent cluster); FRP 3.2 MW; Normal", "acq_date": "2026-03-22", "distinct_days": 0 }, "geometry": { "type": "Point", "coordinates": [ 82.67503, 22.44856 ] } },
{ "type": "Feature", "properties": { "final_label": "Industrial", "frp": 1.8, "frp_deviation": 0.65, "alert_flag": "Normal", "evidence": "Inside OSM industrial zone; cluster active 73 days; FRP 1.8 MW (0.65x cluster avg); Normal", "acq_date": "2026-03-22", "distinct_days": 73 }, "geometry": { "type": "Point", "coordinates": [ 82.60422, 22.33332 ] } },
{ "type": "Feature", "properties": { "final_label": "Industrial", "frp": 2.72, "frp_deviation": 1.21, "alert_flag": "Normal", "evidence": "Inside OSM industrial zone; cluster active 61 days; FRP 2.7 MW (1.21x cluster avg); Normal", "acq_date": "2026-03-22", "distinct_days": 61 }, "geometry": { "type": "Point", "coordinates": [ 82.55262, 22.33593 ] } },
{ "type": "Feature", "properties": { "final_label": "Industrial", "frp": 1.03, "frp_deviation": 0.29, "alert_flag": "Normal", "evidence": "Inside OSM industrial zone; cluster active 96 days; FRP 1.0 MW (0.29x cluster avg); Normal", "acq_date": "2026-03-22", "distinct_days": 96 }, "geometry": { "type": "Point", "coordinates": [ 82.30162, 22.36331 ] } },
{ "type": "Feature", "properties": { "final_label": "Industrial", "frp": 1.03, "frp_deviation": 0.29, "alert_flag": "Normal", "evidence": "Inside OSM industrial zone; cluster active 96 days; FRP 1.0 MW (0.29x cluster avg); Normal", "acq_date": "2026-03-22", "distinct_days": 96 }, "geometry": { "type": "Point", "coordinates": [ 82.30633, 22.35876 ] } },
{ "type": "Feature", "properties": { "final_label": "Industrial", "frp": 1.5, "frp_deviation": 0.6, "alert_flag": "Normal", "evidence": "Inside OSM industrial zone; cluster active 98 days; FRP 1.5 MW (0.60x cluster avg); Normal", "acq_date": "2026-03-22", "distinct_days": 98 }, "geometry": { "type": "Point", "coordinates": [ 82.56884, 22.31965 ] } },
{ "type": "Feature", "properties": { "final_label": "Industrial", "frp": 2.34, "frp_deviation": 1.04, "alert_flag": "Normal", "evidence": "Inside OSM industrial zone; cluster active 61 days; FRP 2.3 MW (1.04x cluster avg); Normal", "acq_date": "2026-03-22", "distinct_days": 61 }, "geometry": { "type": "Point", "coordinates": [ 82.55582, 22.337 ] } },
{ "type": "Feature", "properties": { "final_label": "Industrial", "frp": 0.79, "frp_deviation": 0.29, "alert_flag": "Normal", "evidence": "Inside OSM industrial zone; cluster active 73 days; FRP 0.8 MW (0.29x cluster avg); Normal", "acq_date": "2026-03-22", "distinct_days": 73 }, "geometry": { "type": "Point", "coordinates": [ 82.60674, 22.33026 ] } },
{ "type": "Feature", "properties": { "final_label": "Industrial", "frp": 2.11, "frp_deviation": 0.6, "alert_flag": "Normal", "evidence": "Inside OSM industrial zone; cluster active 96 days; FRP 2.1 MW (0.60x cluster avg); Normal", "acq_date": "2026-03-22", "distinct_days": 96 }, "geometry": { "type": "Point", "coordinates": [ 82.30423, 22.35822 ] } },
{ "type": "Feature", "properties": { "final_label": "Industrial", "frp": 1.34, "frp_deviation": 0.78, "alert_flag": "Normal", "evidence": "Inside OSM industrial zone; cluster active 23 days; FRP 1.3 MW (0.78x cluster avg); Normal", "acq_date": "2026-03-22", "distinct_days": 23 }, "geometry": { "type": "Point", "coordinates": [ 82.57958, 22.32214 ] } },
{ "type": "Feature", "properties": { "final_label": "Industrial", "frp": 1.06, "frp_deviation": 0.62, "alert_flag": "Normal", "evidence": "Inside OSM industrial zone; cluster active 23 days; FRP 1.1 MW (0.62x cluster avg); Normal", "acq_date": "2026-03-22", "distinct_days": 23 }, "geometry": { "type": "Point", "coordinates": [ 82.58469, 22.32147 ] } },
{ "type": "Feature", "properties": { "final_label": "Industrial", "frp": 2.11, "frp_deviation": 0.6, "alert_flag": "Normal", "evidence": "Inside OSM industrial zone; cluster active 96 days; FRP 2.1 MW (0.60x cluster avg); Normal", "acq_date": "2026-03-22", "distinct_days": 96 }, "geometry": { "type": "Point", "coordinates": [ 82.30362, 22.35433 ] } },
{ "type": "Feature", "properties": { "final_label": "Natural Fire", "frp": 4.39, "frp_deviation": 0.63, "alert_flag": "Normal", "evidence": "cluster active 2 days; FRP 4.4 MW (0.63x cluster avg); Normal", "acq_date": "2026-03-22", "distinct_days": 2 }, "geometry": { "type": "Point", "coordinates": [ 82.79404, 22.38871 ] } },
{ "type": "Feature", "properties": { "final_label": "Industrial", "frp": 0.79, "frp_deviation": 0.29, "alert_flag": "Normal", "evidence": "Inside OSM industrial zone; cluster active 73 days; FRP 0.8 MW (0.29x cluster avg); Normal", "acq_date": "2026-03-22", "distinct_days": 73 }, "geometry": { "type": "Point", "coordinates": [ 82.60732, 22.33408 ] } },
{ "type": "Feature", "properties": { "final_label": "Industrial", "frp": 1.44, "frp_deviation": 0.64, "alert_flag": "Normal", "evidence": "Inside OSM industrial zone; cluster active 61 days; FRP 1.4 MW (0.64x cluster avg); Normal", "acq_date": "2026-03-22", "distinct_days": 61 }, "geometry": { "type": "Point", "coordinates": [ 82.55456, 22.33685 ] } },
{ "type": "Feature", "properties": { "final_label": "Natural Fire", "frp": 2.84, "frp_deviation": 0.98, "alert_flag": "Normal", "evidence": "cluster active 2 days; FRP 2.8 MW (0.98x cluster avg); Normal", "acq_date": "2026-03-22", "distinct_days": 2 }, "geometry": { "type": "Point", "coordinates": [ 82.79739, 22.39705 ] } },
{ "type": "Feature", "properties": { "final_label": "Natural Fire", "frp": 2.54, "frp_deviation": null, "alert_flag": "Normal", "evidence": "isolated detection (no persistent cluster); FRP 2.5 MW; Normal", "acq_date": "2026-03-22", "distinct_days": 0 }, "geometry": { "type": "Point", "coordinates": [ 83.01224, 22.40311 ] } },
{ "type": "Feature", "properties": { "final_label": "Natural Fire", "frp": 3.09, "frp_deviation": null, "alert_flag": "Normal", "evidence": "isolated detection (no persistent cluster); FRP 3.1 MW; Normal", "acq_date": "2026-03-22", "distinct_days": 0 }, "geometry": { "type": "Point", "coordinates": [ 83.08047, 22.11457 ] } },
{ "type": "Feature", "properties": { "final_label": "Natural Fire", "frp": 4.04, "frp_deviation": 0.99, "alert_flag": "Normal", "evidence": "cluster active 2 days; FRP 4.0 MW (0.99x cluster avg); Normal", "acq_date": "2026-03-22", "distinct_days": 2 }, "geometry": { "type": "Point", "coordinates": [ 82.81367, 22.1147 ] } },
{ "type": "Feature", "properties": { "final_label": "Natural Fire", "frp": 2.91, "frp_deviation": null, "alert_flag": "Normal", "evidence": "isolated detection (no persistent cluster); FRP 2.9 MW; Normal", "acq_date": "2026-03-22", "distinct_days": 0 }, "geometry": { "type": "Point", "coordinates": [ 82.82304, 22.1435 ] } },
{ "type": "Feature", "properties": { "final_label": "Natural Fire", "frp": 7.42, "frp_deviation": 1.39, "alert_flag": "Normal", "evidence": "cluster active 1 days; FRP 7.4 MW (1.39x cluster avg); Normal", "acq_date": "2026-03-22", "distinct_days": 1 }, "geometry": { "type": "Point", "coordinates": [ 83.009, 22.22078 ] } },
{ "type": "Feature", "properties": { "final_label": "Natural Fire", "frp": 3.25, "frp_deviation": 0.61, "alert_flag": "Normal", "evidence": "cluster active 1 days; FRP 3.2 MW (0.61x cluster avg); Normal", "acq_date": "2026-03-22", "distinct_days": 1 }, "geometry": { "type": "Point", "coordinates": [ 83.00826, 22.22447 ] } },
{ "type": "Feature", "properties": { "final_label": "Natural Fire", "frp": 3.34, "frp_deviation": null, "alert_flag": "Normal", "evidence": "isolated detection (no persistent cluster); FRP 3.3 MW; Normal", "acq_date": "2026-03-22", "distinct_days": 0 }, "geometry": { "type": "Point", "coordinates": [ 83.02117, 22.25742 ] } },
{ "type": "Feature", "properties": { "final_label": "Natural Fire", "frp": 4.23, "frp_deviation": null, "alert_flag": "Normal", "evidence": "isolated detection (no persistent cluster); FRP 4.2 MW; Normal", "acq_date": "2026-03-22", "distinct_days": 0 }, "geometry": { "type": "Point", "coordinates": [ 82.99364, 22.27164 ] } },
{ "type": "Feature", "properties": { "final_label": "Natural Fire", "frp": 7.03, "frp_deviation": null, "alert_flag": "Normal", "evidence": "isolated detection (no persistent cluster); FRP 7.0 MW; Normal", "acq_date": "2026-03-22", "distinct_days": 0 }, "geometry": { "type": "Point", "coordinates": [ 82.49265, 22.18559 ] } },
{ "type": "Feature", "properties": { "final_label": "Natural Fire", "frp": 5.55, "frp_deviation": null, "alert_flag": "Normal", "evidence": "isolated detection (no persistent cluster); FRP 5.5 MW; Normal", "acq_date": "2026-03-22", "distinct_days": 0 }, "geometry": { "type": "Point", "coordinates": [ 82.55989, 22.13882 ] } },
{ "type": "Feature", "properties": { "final_label": "Natural Fire", "frp": 5.85, "frp_deviation": 0.8, "alert_flag": "Normal", "evidence": "cluster active 1 days; FRP 5.8 MW (0.80x cluster avg); Normal", "acq_date": "2026-03-22", "distinct_days": 1 }, "geometry": { "type": "Point", "coordinates": [ 82.46517, 22.21614 ] } },
{ "type": "Feature", "properties": { "final_label": "Natural Fire", "frp": 4.14, "frp_deviation": 1.03, "alert_flag": "Normal", "evidence": "cluster active 2 days; FRP 4.1 MW (1.03x cluster avg); Normal", "acq_date": "2026-03-22", "distinct_days": 2 }, "geometry": { "type": "Point", "coordinates": [ 82.83658, 22.28608 ] } },
{ "type": "Feature", "properties": { "final_label": "Natural Fire", "frp": 3.94, "frp_deviation": 0.98, "alert_flag": "Normal", "evidence": "cluster active 2 days; FRP 3.9 MW (0.98x cluster avg); Normal", "acq_date": "2026-03-22", "distinct_days": 2 }, "geometry": { "type": "Point", "coordinates": [ 82.83849, 22.28356 ] } },
{ "type": "Feature", "properties": { "final_label": "Natural Fire", "frp": 8.75, "frp_deviation": 1.2, "alert_flag": "Normal", "evidence": "cluster active 1 days; FRP 8.8 MW (1.20x cluster avg); Normal", "acq_date": "2026-03-22", "distinct_days": 1 }, "geometry": { "type": "Point", "coordinates": [ 82.46721, 22.21513 ] } },
{ "type": "Feature", "properties": { "final_label": "Natural Fire", "frp": 6.38, "frp_deviation": 0.91, "alert_flag": "Normal", "evidence": "cluster active 2 days; FRP 6.4 MW (0.91x cluster avg); Normal", "acq_date": "2026-03-22", "distinct_days": 2 }, "geometry": { "type": "Point", "coordinates": [ 82.79656, 22.38803 ] } },
{ "type": "Feature", "properties": { "final_label": "Natural Fire", "frp": 4.71, "frp_deviation": null, "alert_flag": "Normal", "evidence": "isolated detection (no persistent cluster); FRP 4.7 MW; Normal", "acq_date": "2026-03-22", "distinct_days": 0 }, "geometry": { "type": "Point", "coordinates": [ 82.45967, 22.27689 ] } },
{ "type": "Feature", "properties": { "final_label": "Natural Fire", "frp": 3.57, "frp_deviation": 1.13, "alert_flag": "Normal", "evidence": "cluster active 2 days; FRP 3.6 MW (1.13x cluster avg); Normal", "acq_date": "2026-03-22", "distinct_days": 2 }, "geometry": { "type": "Point", "coordinates": [ 83.09297, 22.41355 ] } },
{ "type": "Feature", "properties": { "final_label": "Natural Fire", "frp": 6.65, "frp_deviation": null, "alert_flag": "Normal", "evidence": "isolated detection (no persistent cluster); FRP 6.7 MW; Normal", "acq_date": "2026-03-22", "distinct_days": 0 }, "geometry": { "type": "Point", "coordinates": [ 82.54659, 22.20321 ] } },
{ "type": "Feature", "properties": { "final_label": "Industrial", "frp": 1.69, "frp_deviation": 0.48, "alert_flag": "Normal", "evidence": "Inside OSM industrial zone; cluster active 96 days; FRP 1.7 MW (0.48x cluster avg); Normal", "acq_date": "2026-03-23", "distinct_days": 96 }, "geometry": { "type": "Point", "coordinates": [ 82.30231, 22.35925 ] } },
{ "type": "Feature", "properties": { "final_label": "Industrial", "frp": 0.71, "frp_deviation": 0.31, "alert_flag": "Normal", "evidence": "Inside OSM industrial zone; cluster active 61 days; FRP 0.7 MW (0.31x cluster avg); Normal", "acq_date": "2026-03-23", "distinct_days": 61 }, "geometry": { "type": "Point", "coordinates": [ 82.55077, 22.33488 ] } },
{ "type": "Feature", "properties": { "final_label": "Industrial", "frp": 0.71, "frp_deviation": 0.31, "alert_flag": "Normal", "evidence": "Inside OSM industrial zone; cluster active 61 days; FRP 0.7 MW (0.31x cluster avg); Normal", "acq_date": "2026-03-23", "distinct_days": 61 }, "geometry": { "type": "Point", "coordinates": [ 82.55418, 22.33455 ] } },
{ "type": "Feature", "properties": { "final_label": "Industrial", "frp": 0.76, "frp_deviation": 0.27, "alert_flag": "Normal", "evidence": "Within 1 km of OSM industrial zone; cluster active 73 days; FRP 0.8 MW (0.27x cluster avg); Normal", "acq_date": "2026-03-23", "distinct_days": 73 }, "geometry": { "type": "Point", "coordinates": [ 82.60446, 22.32956 ] } },
{ "type": "Feature", "properties": { "final_label": "Industrial", "frp": 1.89, "frp_deviation": 0.75, "alert_flag": "Normal", "evidence": "Inside OSM industrial zone; cluster active 98 days; FRP 1.9 MW (0.75x cluster avg); Normal", "acq_date": "2026-03-23", "distinct_days": 98 }, "geometry": { "type": "Point", "coordinates": [ 82.51427, 22.31738 ] } },
{ "type": "Feature", "properties": { "final_label": "Industrial", "frp": 0.89, "frp_deviation": 0.74, "alert_flag": "Normal", "evidence": "Inside OSM industrial zone; cluster active 16 days; FRP 0.9 MW (0.74x cluster avg); Normal", "acq_date": "2026-03-23", "distinct_days": 16 }, "geometry": { "type": "Point", "coordinates": [ 82.53313, 22.33135 ] } },
{ "type": "Feature", "properties": { "final_label": "Industrial", "frp": 1.77, "frp_deviation": 1.03, "alert_flag": "Normal", "evidence": "Inside OSM industrial zone; cluster active 23 days; FRP 1.8 MW (1.03x cluster avg); Normal", "acq_date": "2026-03-23", "distinct_days": 23 }, "geometry": { "type": "Point", "coordinates": [ 82.58321, 22.32116 ] } },
{ "type": "Feature", "properties": { "final_label": "Industrial", "frp": 0.76, "frp_deviation": 0.27, "alert_flag": "Normal", "evidence": "Inside OSM industrial zone; cluster active 73 days; FRP 0.8 MW (0.27x cluster avg); Normal", "acq_date": "2026-03-23", "distinct_days": 73 }, "geometry": { "type": "Point", "coordinates": [ 82.60846, 22.33441 ] } },
{ "type": "Feature", "properties": { "final_label": "Industrial", "frp": 1.09, "frp_deviation": 0.68, "alert_flag": "Normal", "evidence": "Inside OSM industrial zone; cluster active 16 days; FRP 1.1 MW (0.68x cluster avg); Normal", "acq_date": "2026-03-23", "distinct_days": 16 }, "geometry": { "type": "Point", "coordinates": [ 82.67453, 22.32259 ] } },
{ "type": "Feature", "properties": { "final_label": "Industrial", "frp": 0.76, "frp_deviation": 0.27, "alert_flag": "Normal", "evidence": "Inside OSM industrial zone; cluster active 73 days; FRP 0.8 MW (0.27x cluster avg); Normal", "acq_date": "2026-03-23", "distinct_days": 73 }, "geometry": { "type": "Point", "coordinates": [ 82.6051, 22.33474 ] } },
{ "type": "Feature", "properties": { "final_label": "Industrial", "frp": 1.18, "frp_deviation": 0.47, "alert_flag": "Normal", "evidence": "Inside OSM industrial zone; cluster active 98 days; FRP 1.2 MW (0.47x cluster avg); Normal", "acq_date": "2026-03-23", "distinct_days": 98 }, "geometry": { "type": "Point", "coordinates": [ 82.55901, 22.31828 ] } },
{ "type": "Feature", "properties": { "final_label": "Industrial", "frp": 0.71, "frp_deviation": 0.31, "alert_flag": "Normal", "evidence": "Inside OSM industrial zone; cluster active 61 days; FRP 0.7 MW (0.31x cluster avg); Normal", "acq_date": "2026-03-23", "distinct_days": 61 }, "geometry": { "type": "Point", "coordinates": [ 82.55149, 22.34007 ] } },
{ "type": "Feature", "properties": { "final_label": "Industrial", "frp": 0.81, "frp_deviation": 0.29, "alert_flag": "Normal", "evidence": "Inside OSM industrial zone; cluster active 71 days; FRP 0.8 MW (0.29x cluster avg); Normal", "acq_date": "2026-03-23", "distinct_days": 71 }, "geometry": { "type": "Point", "coordinates": [ 82.57465, 22.33777 ] } },
{ "type": "Feature", "properties": { "final_label": "Natural Fire", "frp": 5.17, "frp_deviation": 1.0, "alert_flag": "Normal", "evidence": "cluster active 1 days; FRP 5.2 MW (1.00x cluster avg); Normal", "acq_date": "2026-03-23", "distinct_days": 1 }, "geometry": { "type": "Point", "coordinates": [ 82.62144, 22.18862 ] } },
{ "type": "Feature", "properties": { "final_label": "Natural Fire", "frp": 5.17, "frp_deviation": 1.0, "alert_flag": "Normal", "evidence": "cluster active 1 days; FRP 5.2 MW (1.00x cluster avg); Normal", "acq_date": "2026-03-23", "distinct_days": 1 }, "geometry": { "type": "Point", "coordinates": [ 82.61826, 22.18794 ] } },
{ "type": "Feature", "properties": { "final_label": "Natural Fire", "frp": 2.27, "frp_deviation": null, "alert_flag": "Normal", "evidence": "isolated detection (no persistent cluster); FRP 2.3 MW; Normal", "acq_date": "2026-03-23", "distinct_days": 0 }, "geometry": { "type": "Point", "coordinates": [ 82.62022, 22.19365 ] } },
{ "type": "Feature", "properties": { "final_label": "Natural Fire", "frp": 4.33, "frp_deviation": null, "alert_flag": "Normal", "evidence": "isolated detection (no persistent cluster); FRP 4.3 MW; Normal", "acq_date": "2026-03-23", "distinct_days": 0 }, "geometry": { "type": "Point", "coordinates": [ 82.64319, 22.12076 ] } },
{ "type": "Feature", "properties": { "final_label": "Natural Fire", "frp": 5.53, "frp_deviation": 1.38, "alert_flag": "Normal", "evidence": "cluster active 1 days; FRP 5.5 MW (1.38x cluster avg); Normal", "acq_date": "2026-03-23", "distinct_days": 1 }, "geometry": { "type": "Point", "coordinates": [ 82.77131, 22.24141 ] } },
{ "type": "Feature", "properties": { "final_label": "Natural Fire", "frp": 3.24, "frp_deviation": 0.81, "alert_flag": "Normal", "evidence": "cluster active 1 days; FRP 3.2 MW (0.81x cluster avg); Normal", "acq_date": "2026-03-23", "distinct_days": 1 }, "geometry": { "type": "Point", "coordinates": [ 82.76818, 22.24075 ] } },
{ "type": "Feature", "properties": { "final_label": "Natural Fire", "frp": 3.24, "frp_deviation": 0.81, "alert_flag": "Normal", "evidence": "cluster active 1 days; FRP 3.2 MW (0.81x cluster avg); Normal", "acq_date": "2026-03-23", "distinct_days": 1 }, "geometry": { "type": "Point", "coordinates": [ 82.76507, 22.2401 ] } },
{ "type": "Feature", "properties": { "final_label": "Natural Fire", "frp": 1.47, "frp_deviation": null, "alert_flag": "Normal", "evidence": "isolated detection (no persistent cluster); FRP 1.5 MW; Normal", "acq_date": "2026-03-23", "distinct_days": 0 }, "geometry": { "type": "Point", "coordinates": [ 82.65399, 22.2061 ] } },
{ "type": "Feature", "properties": { "final_label": "Industrial", "frp": 3.8, "frp_deviation": 1.07, "alert_flag": "Normal", "evidence": "Inside OSM industrial zone; cluster active 96 days; FRP 3.8 MW (1.07x cluster avg); Normal", "acq_date": "2026-03-24", "distinct_days": 96 }, "geometry": { "type": "Point", "coordinates": [ 82.30392, 22.3574 ] } },
{ "type": "Feature", "properties": { "final_label": "Industrial", "frp": 1.37, "frp_deviation": 0.55, "alert_flag": "Normal", "evidence": "Within 1 km of OSM industrial zone; cluster active 98 days; FRP 1.4 MW (0.55x cluster avg); Normal", "acq_date": "2026-03-24", "distinct_days": 98 }, "geometry": { "type": "Point", "coordinates": [ 82.52426, 22.31489 ] } },
{ "type": "Feature", "properties": { "final_label": "Industrial", "frp": 3.04, "frp_deviation": 1.21, "alert_flag": "Normal", "evidence": "Inside OSM industrial zone; cluster active 98 days; FRP 3.0 MW (1.21x cluster avg); Normal", "acq_date": "2026-03-24", "distinct_days": 98 }, "geometry": { "type": "Point", "coordinates": [ 82.52463, 22.31332 ] } },
{ "type": "Feature", "properties": { "final_label": "Industrial", "frp": 1.92, "frp_deviation": 0.54, "alert_flag": "Normal", "evidence": "Within 1 km of OSM industrial zone; cluster active 96 days; FRP 1.9 MW (0.54x cluster avg); Normal", "acq_date": "2026-03-24", "distinct_days": 96 }, "geometry": { "type": "Point", "coordinates": [ 82.30119, 22.36394 ] } },
{ "type": "Feature", "properties": { "final_label": "Industrial", "frp": 1.43, "frp_deviation": 0.57, "alert_flag": "Normal", "evidence": "Inside OSM industrial zone; cluster active 98 days; FRP 1.4 MW (0.57x cluster avg); Normal", "acq_date": "2026-03-24", "distinct_days": 98 }, "geometry": { "type": "Point", "coordinates": [ 82.53468, 22.31704 ] } },
{ "type": "Feature", "properties": { "final_label": "Industrial", "frp": 2.29, "frp_deviation": 0.65, "alert_flag": "Normal", "evidence": "Inside OSM industrial zone; cluster active 96 days; FRP 2.3 MW (0.65x cluster avg); Normal", "acq_date": "2026-03-24", "distinct_days": 96 }, "geometry": { "type": "Point", "coordinates": [ 82.30281, 22.35479 ] } },
{ "type": "Feature", "properties": { "final_label": "Industrial", "frp": 3.38, "frp_deviation": 0.95, "alert_flag": "Normal", "evidence": "Inside OSM industrial zone; cluster active 96 days; FRP 3.4 MW (0.95x cluster avg); Normal", "acq_date": "2026-03-24", "distinct_days": 96 }, "geometry": { "type": "Point", "coordinates": [ 82.30007, 22.36135 ] } },
{ "type": "Feature", "properties": { "final_label": "Industrial", "frp": 2.29, "frp_deviation": 0.65, "alert_flag": "Normal", "evidence": "Inside OSM industrial zone; cluster active 96 days; FRP 2.3 MW (0.65x cluster avg); Normal", "acq_date": "2026-03-24", "distinct_days": 96 }, "geometry": { "type": "Point", "coordinates": [ 82.30419, 22.36039 ] } },
{ "type": "Feature", "properties": { "final_label": "Industrial", "frp": 1.31, "frp_deviation": 0.52, "alert_flag": "Normal", "evidence": "Inside OSM industrial zone; cluster active 98 days; FRP 1.3 MW (0.52x cluster avg); Normal", "acq_date": "2026-03-24", "distinct_days": 98 }, "geometry": { "type": "Point", "coordinates": [ 82.53429, 22.31856 ] } },
{ "type": "Feature", "properties": { "final_label": "Industrial", "frp": 1.37, "frp_deviation": 0.55, "alert_flag": "Normal", "evidence": "Inside OSM industrial zone; cluster active 98 days; FRP 1.4 MW (0.55x cluster avg); Normal", "acq_date": "2026-03-24", "distinct_days": 98 }, "geometry": { "type": "Point", "coordinates": [ 82.52856, 22.31389 ] } },
{ "type": "Feature", "properties": { "final_label": "Industrial", "frp": 1.03, "frp_deviation": 0.46, "alert_flag": "Normal", "evidence": "Inside OSM industrial zone; cluster active 61 days; FRP 1.0 MW (0.46x cluster avg); Normal", "acq_date": "2026-03-24", "distinct_days": 61 }, "geometry": { "type": "Point", "coordinates": [ 82.55308, 22.33823 ] } },
{ "type": "Feature", "properties": { "final_label": "Industrial", "frp": 1.21, "frp_deviation": 0.54, "alert_flag": "Normal", "evidence": "Inside OSM industrial zone; cluster active 61 days; FRP 1.2 MW (0.54x cluster avg); Normal", "acq_date": "2026-03-24", "distinct_days": 61 }, "geometry": { "type": "Point", "coordinates": [ 82.55737, 22.33723 ] } },
{ "type": "Feature", "properties": { "final_label": "Natural Fire", "frp": 1.7, "frp_deviation": null, "alert_flag": "Normal", "evidence": "isolated detection (no persistent cluster); FRP 1.7 MW; Normal", "acq_date": "2026-03-24", "distinct_days": 0 }, "geometry": { "type": "Point", "coordinates": [ 82.34282, 22.15169 ] } },
{ "type": "Feature", "properties": { "final_label": "Natural Fire", "frp": 2.0, "frp_deviation": null, "alert_flag": "Normal", "evidence": "isolated detection (no persistent cluster); FRP 2.0 MW; Normal", "acq_date": "2026-03-24", "distinct_days": 0 }, "geometry": { "type": "Point", "coordinates": [ 82.42036, 22.26994 ] } },
{ "type": "Feature", "properties": { "final_label": "Industrial", "frp": 2.93, "frp_deviation": 1.06, "alert_flag": "Normal", "evidence": "Within 1 km of OSM industrial zone; cluster active 73 days; FRP 2.9 MW (1.06x cluster avg); Normal", "acq_date": "2026-03-24", "distinct_days": 73 }, "geometry": { "type": "Point", "coordinates": [ 82.605, 22.3318 ] } },
{ "type": "Feature", "properties": { "final_label": "Natural Fire", "frp": 2.14, "frp_deviation": 0.39, "alert_flag": "Normal", "evidence": "cluster active 2 days; FRP 2.1 MW (0.39x cluster avg); Normal", "acq_date": "2026-03-24", "distinct_days": 2 }, "geometry": { "type": "Point", "coordinates": [ 82.80469, 22.35431 ] } },
{ "type": "Feature", "properties": { "final_label": "Natural Fire", "frp": 0.89, "frp_deviation": null, "alert_flag": "Normal", "evidence": "isolated detection (no persistent cluster); FRP 0.9 MW; Normal", "acq_date": "2026-03-24", "distinct_days": 0 }, "geometry": { "type": "Point", "coordinates": [ 82.50809, 22.48197 ] } },
{ "type": "Feature", "properties": { "final_label": "Natural Fire", "frp": 0.89, "frp_deviation": null, "alert_flag": "Normal", "evidence": "isolated detection (no persistent cluster); FRP 0.9 MW; Normal", "acq_date": "2026-03-24", "distinct_days": 0 }, "geometry": { "type": "Point", "coordinates": [ 82.50665, 22.47632 ] } },
{ "type": "Feature", "properties": { "final_label": "Industrial", "frp": 1.48, "frp_deviation": 0.54, "alert_flag": "Normal", "evidence": "Inside OSM industrial zone; cluster active 73 days; FRP 1.5 MW (0.54x cluster avg); Normal", "acq_date": "2026-03-24", "distinct_days": 73 }, "geometry": { "type": "Point", "coordinates": [ 82.60236, 22.33279 ] } },
{ "type": "Feature", "properties": { "final_label": "Industrial", "frp": 8.72, "frp_deviation": 2.46, "alert_flag": "Normal", "evidence": "Inside OSM industrial zone; cluster active 96 days; FRP 8.7 MW (2.46x cluster avg); Normal", "acq_date": "2026-03-24", "distinct_days": 96 }, "geometry": { "type": "Point", "coordinates": [ 82.30457, 22.35954 ] } },
{ "type": "Feature", "properties": { "final_label": "Industrial", "frp": 3.0, "frp_deviation": 0.85, "alert_flag": "Normal", "evidence": "Inside OSM industrial zone; cluster active 96 days; FRP 3.0 MW (0.85x cluster avg); Normal", "acq_date": "2026-03-25", "distinct_days": 96 }, "geometry": { "type": "Point", "coordinates": [ 82.30195, 22.36181 ] } },
{ "type": "Feature", "properties": { "final_label": "Natural Fire", "frp": 7.16, "frp_deviation": 0.9, "alert_flag": "Normal", "evidence": "cluster active 1 days; FRP 7.2 MW (0.90x cluster avg); Normal", "acq_date": "2026-03-25", "distinct_days": 1 }, "geometry": { "type": "Point", "coordinates": [ 82.96268, 22.57911 ] } },
{ "type": "Feature", "properties": { "final_label": "Natural Fire", "frp": 1.54, "frp_deviation": 0.93, "alert_flag": "Normal", "evidence": "cluster active 2 days; FRP 1.5 MW (0.93x cluster avg); Normal", "acq_date": "2026-03-25", "distinct_days": 2 }, "geometry": { "type": "Point", "coordinates": [ 82.89188, 22.48939 ] } },
{ "type": "Feature", "properties": { "final_label": "Industrial", "frp": 2.44, "frp_deviation": 0.88, "alert_flag": "Normal", "evidence": "Within 1 km of OSM industrial zone; cluster active 73 days; FRP 2.4 MW (0.88x cluster avg); Normal", "acq_date": "2026-03-25", "distinct_days": 73 }, "geometry": { "type": "Point", "coordinates": [ 82.60408, 22.3325 ] } },
{ "type": "Feature", "properties": { "final_label": "Industrial", "frp": 2.17, "frp_deviation": 0.96, "alert_flag": "Normal", "evidence": "Inside OSM industrial zone; cluster active 61 days; FRP 2.2 MW (0.96x cluster avg); Normal", "acq_date": "2026-03-25", "distinct_days": 61 }, "geometry": { "type": "Point", "coordinates": [ 82.55496, 22.33783 ] } },
{ "type": "Feature", "properties": { "final_label": "Industrial", "frp": 0.71, "frp_deviation": 0.25, "alert_flag": "Normal", "evidence": "Inside OSM industrial zone; cluster active 71 days; FRP 0.7 MW (0.25x cluster avg); Normal", "acq_date": "2026-03-25", "distinct_days": 71 }, "geometry": { "type": "Point", "coordinates": [ 82.57703, 22.33344 ] } },
{ "type": "Feature", "properties": { "final_label": "Industrial", "frp": 2.48, "frp_deviation": 0.7, "alert_flag": "Normal", "evidence": "Within 1 km of OSM industrial zone; cluster active 96 days; FRP 2.5 MW (0.70x cluster avg); Normal", "acq_date": "2026-03-25", "distinct_days": 96 }, "geometry": { "type": "Point", "coordinates": [ 82.30611, 22.36098 ] } },
{ "type": "Feature", "properties": { "final_label": "Industrial", "frp": 1.49, "frp_deviation": 0.59, "alert_flag": "Normal", "evidence": "Inside OSM industrial zone; cluster active 98 days; FRP 1.5 MW (0.59x cluster avg); Normal", "acq_date": "2026-03-25", "distinct_days": 98 }, "geometry": { "type": "Point", "coordinates": [ 82.52657, 22.31245 ] } },
{ "type": "Feature", "properties": { "final_label": "Industrial", "frp": 3.07, "frp_deviation": 1.22, "alert_flag": "Normal", "evidence": "Inside OSM industrial zone; cluster active 98 days; FRP 3.1 MW (1.22x cluster avg); Normal", "acq_date": "2026-03-25", "distinct_days": 98 }, "geometry": { "type": "Point", "coordinates": [ 82.53185, 22.31582 ] } },
{ "type": "Feature", "properties": { "final_label": "Industrial", "frp": 2.21, "frp_deviation": 0.62, "alert_flag": "Normal", "evidence": "Inside OSM industrial zone; cluster active 96 days; FRP 2.2 MW (0.62x cluster avg); Normal", "acq_date": "2026-03-25", "distinct_days": 96 }, "geometry": { "type": "Point", "coordinates": [ 82.30103, 22.35763 ] } },
{ "type": "Feature", "properties": { "final_label": "Industrial", "frp": 3.1, "frp_deviation": 0.87, "alert_flag": "Normal", "evidence": "Inside OSM industrial zone; cluster active 96 days; FRP 3.1 MW (0.87x cluster avg); Normal", "acq_date": "2026-03-25", "distinct_days": 96 }, "geometry": { "type": "Point", "coordinates": [ 82.30521, 22.35679 ] } },
{ "type": "Feature", "properties": { "final_label": "Natural Fire", "frp": 0.57, "frp_deviation": null, "alert_flag": "Normal", "evidence": "isolated detection (no persistent cluster); FRP 0.6 MW; Normal", "acq_date": "2026-03-25", "distinct_days": 0 }, "geometry": { "type": "Point", "coordinates": [ 82.52605, 22.20309 ] } },
{ "type": "Feature", "properties": { "final_label": "Natural Fire", "frp": 1.43, "frp_deviation": 1.12, "alert_flag": "Normal", "evidence": "cluster active 1 days; FRP 1.4 MW (1.12x cluster avg); Normal", "acq_date": "2026-03-25", "distinct_days": 1 }, "geometry": { "type": "Point", "coordinates": [ 82.55172, 22.17565 ] } },
{ "type": "Feature", "properties": { "final_label": "Natural Fire", "frp": 8.71, "frp_deviation": 1.1, "alert_flag": "Normal", "evidence": "cluster active 1 days; FRP 8.7 MW (1.10x cluster avg); Normal", "acq_date": "2026-03-25", "distinct_days": 1 }, "geometry": { "type": "Point", "coordinates": [ 82.96196, 22.57668 ] } },
{ "type": "Feature", "properties": { "final_label": "Natural Fire", "frp": 1.12, "frp_deviation": 0.88, "alert_flag": "Normal", "evidence": "cluster active 1 days; FRP 1.1 MW (0.88x cluster avg); Normal", "acq_date": "2026-03-25", "distinct_days": 1 }, "geometry": { "type": "Point", "coordinates": [ 82.54896, 22.1779 ] } },
{ "type": "Feature", "properties": { "final_label": "Natural Fire", "frp": 3.06, "frp_deviation": null, "alert_flag": "Normal", "evidence": "isolated detection (no persistent cluster); FRP 3.1 MW; Normal", "acq_date": "2026-03-25", "distinct_days": 0 }, "geometry": { "type": "Point", "coordinates": [ 82.58543, 22.52008 ] } },
{ "type": "Feature", "properties": { "final_label": "Natural Fire", "frp": 2.7, "frp_deviation": null, "alert_flag": "Normal", "evidence": "isolated detection (no persistent cluster); FRP 2.7 MW; Normal", "acq_date": "2026-03-25", "distinct_days": 0 }, "geometry": { "type": "Point", "coordinates": [ 82.50594, 22.22583 ] } },
{ "type": "Feature", "properties": { "final_label": "Natural Fire", "frp": 5.05, "frp_deviation": 1.27, "alert_flag": "Normal", "evidence": "cluster active 1 days; FRP 5.0 MW (1.27x cluster avg); Normal", "acq_date": "2026-03-25", "distinct_days": 1 }, "geometry": { "type": "Point", "coordinates": [ 82.75114, 22.43579 ] } },
{ "type": "Feature", "properties": { "final_label": "Natural Fire", "frp": 3.0, "frp_deviation": 0.93, "alert_flag": "Normal", "evidence": "cluster active 1 days; FRP 3.0 MW (0.93x cluster avg); Normal", "acq_date": "2026-03-25", "distinct_days": 1 }, "geometry": { "type": "Point", "coordinates": [ 83.051, 22.47689 ] } },
{ "type": "Feature", "properties": { "final_label": "Natural Fire", "frp": 3.18, "frp_deviation": null, "alert_flag": "Normal", "evidence": "isolated detection (no persistent cluster); FRP 3.2 MW; Normal", "acq_date": "2026-03-25", "distinct_days": 0 }, "geometry": { "type": "Point", "coordinates": [ 82.7365, 22.12653 ] } },
{ "type": "Feature", "properties": { "final_label": "Natural Fire", "frp": 3.66, "frp_deviation": null, "alert_flag": "Normal", "evidence": "isolated detection (no persistent cluster); FRP 3.7 MW; Normal", "acq_date": "2026-03-25", "distinct_days": 0 }, "geometry": { "type": "Point", "coordinates": [ 83.00582, 22.20127 ] } },
{ "type": "Feature", "properties": { "final_label": "Natural Fire", "frp": 2.02, "frp_deviation": 1.16, "alert_flag": "Normal", "evidence": "cluster active 1 days; FRP 2.0 MW (1.16x cluster avg); Normal", "acq_date": "2026-03-25", "distinct_days": 1 }, "geometry": { "type": "Point", "coordinates": [ 82.84194, 22.23707 ] } },
{ "type": "Feature", "properties": { "final_label": "Natural Fire", "frp": 1.45, "frp_deviation": 0.84, "alert_flag": "Normal", "evidence": "cluster active 1 days; FRP 1.4 MW (0.84x cluster avg); Normal", "acq_date": "2026-03-25", "distinct_days": 1 }, "geometry": { "type": "Point", "coordinates": [ 82.84344, 22.23616 ] } },
{ "type": "Feature", "properties": { "final_label": "Natural Fire", "frp": 3.02, "frp_deviation": null, "alert_flag": "Normal", "evidence": "isolated detection (no persistent cluster); FRP 3.0 MW; Normal", "acq_date": "2026-03-25", "distinct_days": 0 }, "geometry": { "type": "Point", "coordinates": [ 82.51096, 22.22199 ] } },
{ "type": "Feature", "properties": { "final_label": "Natural Fire", "frp": 4.63, "frp_deviation": null, "alert_flag": "Normal", "evidence": "isolated detection (no persistent cluster); FRP 4.6 MW; Normal", "acq_date": "2026-03-25", "distinct_days": 0 }, "geometry": { "type": "Point", "coordinates": [ 82.77698, 22.19371 ] } },
{ "type": "Feature", "properties": { "final_label": "Industrial", "frp": 2.91, "frp_deviation": 1.29, "alert_flag": "Normal", "evidence": "Inside OSM industrial zone; cluster active 61 days; FRP 2.9 MW (1.29x cluster avg); Normal", "acq_date": "2026-03-25", "distinct_days": 61 }, "geometry": { "type": "Point", "coordinates": [ 82.55755, 22.33441 ] } },
{ "type": "Feature", "properties": { "final_label": "Natural Fire", "frp": 3.19, "frp_deviation": null, "alert_flag": "Normal", "evidence": "isolated detection (no persistent cluster); FRP 3.2 MW; Normal", "acq_date": "2026-03-25", "distinct_days": 0 }, "geometry": { "type": "Point", "coordinates": [ 82.97285, 22.41627 ] } },
{ "type": "Feature", "properties": { "final_label": "Industrial", "frp": 2.26, "frp_deviation": 0.64, "alert_flag": "Normal", "evidence": "Inside OSM industrial zone; cluster active 96 days; FRP 2.3 MW (0.64x cluster avg); Normal", "acq_date": "2026-03-25", "distinct_days": 96 }, "geometry": { "type": "Point", "coordinates": [ 82.30705, 22.35439 ] } },
{ "type": "Feature", "properties": { "final_label": "Industrial", "frp": 4.5, "frp_deviation": 1.27, "alert_flag": "Normal", "evidence": "Inside OSM industrial zone; cluster active 96 days; FRP 4.5 MW (1.27x cluster avg); Normal", "acq_date": "2026-03-25", "distinct_days": 96 }, "geometry": { "type": "Point", "coordinates": [ 82.30647, 22.35868 ] } },
{ "type": "Feature", "properties": { "final_label": "Natural Fire", "frp": 2.88, "frp_deviation": 0.73, "alert_flag": "Normal", "evidence": "cluster active 1 days; FRP 2.9 MW (0.73x cluster avg); Normal", "acq_date": "2026-03-25", "distinct_days": 1 }, "geometry": { "type": "Point", "coordinates": [ 82.74973, 22.43633 ] } },
{ "type": "Feature", "properties": { "final_label": "Natural Fire", "frp": 3.43, "frp_deviation": 1.07, "alert_flag": "Normal", "evidence": "cluster active 1 days; FRP 3.4 MW (1.07x cluster avg); Normal", "acq_date": "2026-03-25", "distinct_days": 1 }, "geometry": { "type": "Point", "coordinates": [ 83.04948, 22.47506 ] } },
{ "type": "Feature", "properties": { "final_label": "Natural Fire", "frp": 3.21, "frp_deviation": null, "alert_flag": "Normal", "evidence": "isolated detection (no persistent cluster); FRP 3.2 MW; Normal", "acq_date": "2026-03-25", "distinct_days": 0 }, "geometry": { "type": "Point", "coordinates": [ 82.78349, 22.35479 ] } },
{ "type": "Feature", "properties": { "final_label": "Natural Fire", "frp": 1.62, "frp_deviation": null, "alert_flag": "Normal", "evidence": "isolated detection (no persistent cluster); FRP 1.6 MW; Normal", "acq_date": "2026-03-26", "distinct_days": 0 }, "geometry": { "type": "Point", "coordinates": [ 82.63316, 22.57208 ] } },
{ "type": "Feature", "properties": { "final_label": "Natural Fire", "frp": 1.4, "frp_deviation": 1.3, "alert_flag": "Normal", "evidence": "cluster active 3 days; FRP 1.4 MW (1.30x cluster avg); Normal", "acq_date": "2026-03-26", "distinct_days": 3 }, "geometry": { "type": "Point", "coordinates": [ 82.72434, 22.54613 ] } },
{ "type": "Feature", "properties": { "final_label": "Natural Fire", "frp": 1.47, "frp_deviation": null, "alert_flag": "Normal", "evidence": "isolated detection (no persistent cluster); FRP 1.5 MW; Normal", "acq_date": "2026-03-26", "distinct_days": 0 }, "geometry": { "type": "Point", "coordinates": [ 82.75233, 22.54484 ] } },
{ "type": "Feature", "properties": { "final_label": "Natural Fire", "frp": 0.83, "frp_deviation": 0.48, "alert_flag": "Normal", "evidence": "cluster active 2 days; FRP 0.8 MW (0.48x cluster avg); Normal", "acq_date": "2026-03-26", "distinct_days": 2 }, "geometry": { "type": "Point", "coordinates": [ 82.75723, 22.55098 ] } },
{ "type": "Feature", "properties": { "final_label": "Natural Fire", "frp": 0.83, "frp_deviation": 0.48, "alert_flag": "Normal", "evidence": "cluster active 2 days; FRP 0.8 MW (0.48x cluster avg); Normal", "acq_date": "2026-03-26", "distinct_days": 2 }, "geometry": { "type": "Point", "coordinates": [ 82.7534, 22.55163 ] } },
{ "type": "Feature", "properties": { "final_label": "Natural Fire", "frp": 1.15, "frp_deviation": 0.66, "alert_flag": "Normal", "evidence": "cluster active 2 days; FRP 1.1 MW (0.66x cluster avg); Normal", "acq_date": "2026-03-26", "distinct_days": 2 }, "geometry": { "type": "Point", "coordinates": [ 82.7496, 22.55228 ] } },
{ "type": "Feature", "properties": { "final_label": "Natural Fire", "frp": 0.82, "frp_deviation": 0.27, "alert_flag": "Normal", "evidence": "cluster active 5 days; FRP 0.8 MW (0.27x cluster avg); Normal", "acq_date": "2026-03-26", "distinct_days": 5 }, "geometry": { "type": "Point", "coordinates": [ 82.68771, 22.56281 ] } },
{ "type": "Feature", "properties": { "final_label": "Natural Fire", "frp": 0.83, "frp_deviation": 0.48, "alert_flag": "Normal", "evidence": "cluster active 2 days; FRP 0.8 MW (0.48x cluster avg); Normal", "acq_date": "2026-03-26", "distinct_days": 2 }, "geometry": { "type": "Point", "coordinates": [ 82.75775, 22.55438 ] } },
{ "type": "Feature", "properties": { "final_label": "Natural Fire", "frp": 2.19, "frp_deviation": null, "alert_flag": "Normal", "evidence": "isolated detection (no persistent cluster); FRP 2.2 MW; Normal", "acq_date": "2026-03-26", "distinct_days": 0 }, "geometry": { "type": "Point", "coordinates": [ 82.62382, 22.5761 ] } },
{ "type": "Feature", "properties": { "final_label": "Natural Fire", "frp": 1.15, "frp_deviation": 0.66, "alert_flag": "Normal", "evidence": "cluster active 2 days; FRP 1.1 MW (0.66x cluster avg); Normal", "acq_date": "2026-03-26", "distinct_days": 2 }, "geometry": { "type": "Point", "coordinates": [ 82.75011, 22.55568 ] } },
{ "type": "Feature", "properties": { "final_label": "Natural Fire", "frp": 0.48, "frp_deviation": 0.28, "alert_flag": "Normal", "evidence": "cluster active 2 days; FRP 0.5 MW (0.28x cluster avg); Normal", "acq_date": "2026-03-26", "distinct_days": 2 }, "geometry": { "type": "Point", "coordinates": [ 82.75449, 22.55842 ] } },
{ "type": "Feature", "properties": { "final_label": "Natural Fire", "frp": 1.85, "frp_deviation": null, "alert_flag": "Normal", "evidence": "isolated detection (no persistent cluster); FRP 1.9 MW; Normal", "acq_date": "2026-03-26", "distinct_days": 0 }, "geometry": { "type": "Point", "coordinates": [ 82.78495, 22.5881 ] } },
{ "type": "Feature", "properties": { "final_label": "Natural Fire", "frp": 3.06, "frp_deviation": null, "alert_flag": "Normal", "evidence": "isolated detection (no persistent cluster); FRP 3.1 MW; Normal", "acq_date": "2026-03-26", "distinct_days": 0 }, "geometry": { "type": "Point", "coordinates": [ 82.5783, 22.58364 ] } },
{ "type": "Feature", "properties": { "final_label": "Natural Fire", "frp": 1.02, "frp_deviation": null, "alert_flag": "Normal", "evidence": "isolated detection (no persistent cluster); FRP 1.0 MW; Normal", "acq_date": "2026-03-26", "distinct_days": 0 }, "geometry": { "type": "Point", "coordinates": [ 82.38796, 22.22191 ] } },
{ "type": "Feature", "properties": { "final_label": "Natural Fire", "frp": 1.47, "frp_deviation": null, "alert_flag": "Normal", "evidence": "isolated detection (no persistent cluster); FRP 1.5 MW; Normal", "acq_date": "2026-03-26", "distinct_days": 0 }, "geometry": { "type": "Point", "coordinates": [ 82.75475, 22.53745 ] } },
{ "type": "Feature", "properties": { "final_label": "Natural Fire", "frp": 2.13, "frp_deviation": null, "alert_flag": "Normal", "evidence": "isolated detection (no persistent cluster); FRP 2.1 MW; Normal", "acq_date": "2026-03-26", "distinct_days": 0 }, "geometry": { "type": "Point", "coordinates": [ 82.6235, 22.55516 ] } },
{ "type": "Feature", "properties": { "final_label": "Natural Fire", "frp": 4.55, "frp_deviation": 0.7, "alert_flag": "Normal", "evidence": "cluster active 1 days; FRP 4.5 MW (0.70x cluster avg); Normal", "acq_date": "2026-03-26", "distinct_days": 1 }, "geometry": { "type": "Point", "coordinates": [ 82.59641, 22.51967 ] } },
{ "type": "Feature", "properties": { "final_label": "Natural Fire", "frp": 0.83, "frp_deviation": 0.48, "alert_flag": "Normal", "evidence": "cluster active 2 days; FRP 0.8 MW (0.48x cluster avg); Normal", "acq_date": "2026-03-26", "distinct_days": 2 }, "geometry": { "type": "Point", "coordinates": [ 82.75392, 22.55503 ] } },
{ "type": "Feature", "properties": { "final_label": "Natural Fire", "frp": 1.76, "frp_deviation": 1.07, "alert_flag": "Normal", "evidence": "cluster active 2 days; FRP 1.8 MW (1.07x cluster avg); Normal", "acq_date": "2026-03-26", "distinct_days": 2 }, "geometry": { "type": "Point", "coordinates": [ 82.89244, 22.48861 ] } },
{ "type": "Feature", "properties": { "final_label": "Industrial", "frp": 2.09, "frp_deviation": 0.93, "alert_flag": "Normal", "evidence": "Inside OSM industrial zone; cluster active 61 days; FRP 2.1 MW (0.93x cluster avg); Normal", "acq_date": "2026-03-26", "distinct_days": 61 }, "geometry": { "type": "Point", "coordinates": [ 82.5527, 22.33614 ] } },
{ "type": "Feature", "properties": { "final_label": "Natural Fire", "frp": 1.31, "frp_deviation": null, "alert_flag": "Normal", "evidence": "isolated detection (no persistent cluster); FRP 1.3 MW; Normal", "acq_date": "2026-03-26", "distinct_days": 0 }, "geometry": { "type": "Point", "coordinates": [ 82.33678, 22.459 ] } },
{ "type": "Feature", "properties": { "final_label": "Natural Fire", "frp": 8.5, "frp_deviation": 1.3, "alert_flag": "Normal", "evidence": "cluster active 1 days; FRP 8.5 MW (1.30x cluster avg); Normal", "acq_date": "2026-03-26", "distinct_days": 1 }, "geometry": { "type": "Point", "coordinates": [ 82.60039, 22.52023 ] } },
{ "type": "Feature", "properties": { "final_label": "Natural Fire", "frp": 1.66, "frp_deviation": null, "alert_flag": "Normal", "evidence": "isolated detection (no persistent cluster); FRP 1.7 MW; Normal", "acq_date": "2026-03-26", "distinct_days": 0 }, "geometry": { "type": "Point", "coordinates": [ 82.41318, 22.27481 ] } },
{ "type": "Feature", "properties": { "final_label": "Industrial", "frp": 1.4, "frp_deviation": 0.56, "alert_flag": "Normal", "evidence": "Within 1 km of OSM industrial zone; cluster active 98 days; FRP 1.4 MW (0.56x cluster avg); Normal", "acq_date": "2026-03-26", "distinct_days": 98 }, "geometry": { "type": "Point", "coordinates": [ 82.52824, 22.31086 ] } },
{ "type": "Feature", "properties": { "final_label": "Industrial", "frp": 1.4, "frp_deviation": 0.56, "alert_flag": "Normal", "evidence": "Inside OSM industrial zone; cluster active 98 days; FRP 1.4 MW (0.56x cluster avg); Normal", "acq_date": "2026-03-26", "distinct_days": 98 }, "geometry": { "type": "Point", "coordinates": [ 82.52436, 22.31151 ] } },
{ "type": "Feature", "properties": { "final_label": "Industrial", "frp": 1.04, "frp_deviation": 0.41, "alert_flag": "Normal", "evidence": "Within 1 km of OSM industrial zone; cluster active 98 days; FRP 1.0 MW (0.41x cluster avg); Normal", "acq_date": "2026-03-26", "distinct_days": 98 }, "geometry": { "type": "Point", "coordinates": [ 82.53277, 22.31357 ] } },
{ "type": "Feature", "properties": { "final_label": "Industrial", "frp": 1.89, "frp_deviation": 0.75, "alert_flag": "Normal", "evidence": "Inside OSM industrial zone; cluster active 98 days; FRP 1.9 MW (0.75x cluster avg); Normal", "acq_date": "2026-03-26", "distinct_days": 98 }, "geometry": { "type": "Point", "coordinates": [ 82.51724, 22.31618 ] } },
{ "type": "Feature", "properties": { "final_label": "Industrial", "frp": 1.91, "frp_deviation": 0.54, "alert_flag": "Normal", "evidence": "Inside OSM industrial zone; cluster active 96 days; FRP 1.9 MW (0.54x cluster avg); Normal", "acq_date": "2026-03-26", "distinct_days": 96 }, "geometry": { "type": "Point", "coordinates": [ 82.30585, 22.35497 ] } },
{ "type": "Feature", "properties": { "final_label": "Industrial", "frp": 1.91, "frp_deviation": 0.54, "alert_flag": "Normal", "evidence": "Inside OSM industrial zone; cluster active 96 days; FRP 1.9 MW (0.54x cluster avg); Normal", "acq_date": "2026-03-26", "distinct_days": 96 }, "geometry": { "type": "Point", "coordinates": [ 82.30202, 22.35561 ] } },
{ "type": "Feature", "properties": { "final_label": "Industrial", "frp": 3.03, "frp_deviation": 1.21, "alert_flag": "Normal", "evidence": "Inside OSM industrial zone; cluster active 98 days; FRP 3.0 MW (1.21x cluster avg); Normal", "acq_date": "2026-03-26", "distinct_days": 98 }, "geometry": { "type": "Point", "coordinates": [ 82.53342, 22.31693 ] } },
{ "type": "Feature", "properties": { "final_label": "Industrial", "frp": 1.91, "frp_deviation": 0.54, "alert_flag": "Normal", "evidence": "Inside OSM industrial zone; cluster active 96 days; FRP 1.9 MW (0.54x cluster avg); Normal", "acq_date": "2026-03-26", "distinct_days": 96 }, "geometry": { "type": "Point", "coordinates": [ 82.30649, 22.35831 ] } },
{ "type": "Feature", "properties": { "final_label": "Industrial", "frp": 1.91, "frp_deviation": 0.54, "alert_flag": "Normal", "evidence": "Inside OSM industrial zone; cluster active 96 days; FRP 1.9 MW (0.54x cluster avg); Normal", "acq_date": "2026-03-26", "distinct_days": 96 }, "geometry": { "type": "Point", "coordinates": [ 82.30266, 22.35895 ] } },
{ "type": "Feature", "properties": { "final_label": "Industrial", "frp": 1.48, "frp_deviation": 0.42, "alert_flag": "Normal", "evidence": "Inside OSM industrial zone; cluster active 96 days; FRP 1.5 MW (0.42x cluster avg); Normal", "acq_date": "2026-03-26", "distinct_days": 96 }, "geometry": { "type": "Point", "coordinates": [ 82.30329, 22.36229 ] } },
{ "type": "Feature", "properties": { "final_label": "Industrial", "frp": 2.09, "frp_deviation": 0.93, "alert_flag": "Normal", "evidence": "Inside OSM industrial zone; cluster active 61 days; FRP 2.1 MW (0.93x cluster avg); Normal", "acq_date": "2026-03-26", "distinct_days": 61 }, "geometry": { "type": "Point", "coordinates": [ 82.55659, 22.33548 ] } },
{ "type": "Feature", "properties": { "final_label": "Industrial", "frp": 1.47, "frp_deviation": 0.53, "alert_flag": "Normal", "evidence": "Within 1 km of OSM industrial zone; cluster active 73 days; FRP 1.5 MW (0.53x cluster avg); Normal", "acq_date": "2026-03-26", "distinct_days": 73 }, "geometry": { "type": "Point", "coordinates": [ 82.60395, 22.33087 ] } },
{ "type": "Feature", "properties": { "final_label": "Industrial", "frp": 0.98, "frp_deviation": 0.35, "alert_flag": "Normal", "evidence": "Inside OSM industrial zone; cluster active 71 days; FRP 1.0 MW (0.35x cluster avg); Normal", "acq_date": "2026-03-26", "distinct_days": 71 }, "geometry": { "type": "Point", "coordinates": [ 82.57675, 22.33551 ] } },
{ "type": "Feature", "properties": { "final_label": "Industrial", "frp": 1.47, "frp_deviation": 0.53, "alert_flag": "Normal", "evidence": "Inside OSM industrial zone; cluster active 73 days; FRP 1.5 MW (0.53x cluster avg); Normal", "acq_date": "2026-03-26", "distinct_days": 73 }, "geometry": { "type": "Point", "coordinates": [ 82.6046, 22.33424 ] } },
{ "type": "Feature", "properties": { "final_label": "Natural Fire", "frp": 1.46, "frp_deviation": null, "alert_flag": "Normal", "evidence": "isolated detection (no persistent cluster); FRP 1.5 MW; Normal", "acq_date": "2026-03-26", "distinct_days": 0 }, "geometry": { "type": "Point", "coordinates": [ 82.89327, 22.35839 ] } },
{ "type": "Feature", "properties": { "final_label": "Natural Fire", "frp": 1.66, "frp_deviation": null, "alert_flag": "Normal", "evidence": "isolated detection (no persistent cluster); FRP 1.7 MW; Normal", "acq_date": "2026-03-26", "distinct_days": 0 }, "geometry": { "type": "Point", "coordinates": [ 82.73405, 22.50839 ] } },
{ "type": "Feature", "properties": { "final_label": "Natural Fire", "frp": 5.62, "frp_deviation": 1.18, "alert_flag": "Normal", "evidence": "cluster active 1 days; FRP 5.6 MW (1.18x cluster avg); Normal", "acq_date": "2026-03-26", "distinct_days": 1 }, "geometry": { "type": "Point", "coordinates": [ 82.81215, 22.54666 ] } },
{ "type": "Feature", "properties": { "final_label": "Natural Fire", "frp": 8.38, "frp_deviation": 1.36, "alert_flag": "Normal", "evidence": "cluster active 1 days; FRP 8.4 MW (1.36x cluster avg); Normal", "acq_date": "2026-03-26", "distinct_days": 1 }, "geometry": { "type": "Point", "coordinates": [ 82.96464, 22.46669 ] } },
{ "type": "Feature", "properties": { "final_label": "Natural Fire", "frp": 2.12, "frp_deviation": null, "alert_flag": "Normal", "evidence": "isolated detection (no persistent cluster); FRP 2.1 MW; Normal", "acq_date": "2026-03-26", "distinct_days": 0 }, "geometry": { "type": "Point", "coordinates": [ 82.93668, 22.56412 ] } },
{ "type": "Feature", "properties": { "final_label": "Natural Fire", "frp": 2.91, "frp_deviation": 1.0, "alert_flag": "Normal", "evidence": "cluster active 1 days; FRP 2.9 MW (1.00x cluster avg); Normal", "acq_date": "2026-03-26", "distinct_days": 1 }, "geometry": { "type": "Point", "coordinates": [ 82.70781, 22.20327 ] } },
{ "type": "Feature", "properties": { "final_label": "Natural Fire", "frp": 2.91, "frp_deviation": 1.0, "alert_flag": "Normal", "evidence": "cluster active 1 days; FRP 2.9 MW (1.00x cluster avg); Normal", "acq_date": "2026-03-26", "distinct_days": 1 }, "geometry": { "type": "Point", "coordinates": [ 82.70835, 22.19987 ] } },
{ "type": "Feature", "properties": { "final_label": "Natural Fire", "frp": 2.91, "frp_deviation": 1.0, "alert_flag": "Normal", "evidence": "cluster active 1 days; FRP 2.9 MW (1.00x cluster avg); Normal", "acq_date": "2026-03-26", "distinct_days": 1 }, "geometry": { "type": "Point", "coordinates": [ 82.71232, 22.20043 ] } },
{ "type": "Feature", "properties": { "final_label": "Natural Fire", "frp": 3.49, "frp_deviation": null, "alert_flag": "Normal", "evidence": "isolated detection (no persistent cluster); FRP 3.5 MW; Normal", "acq_date": "2026-03-26", "distinct_days": 0 }, "geometry": { "type": "Point", "coordinates": [ 82.90385, 22.22744 ] } },
{ "type": "Feature", "properties": { "final_label": "Natural Fire", "frp": 4.27, "frp_deviation": 1.71, "alert_flag": "Normal", "evidence": "cluster active 2 days; FRP 4.3 MW (1.71x cluster avg); Normal", "acq_date": "2026-03-26", "distinct_days": 2 }, "geometry": { "type": "Point", "coordinates": [ 83.02141, 22.21577 ] } },
{ "type": "Feature", "properties": { "final_label": "Natural Fire", "frp": 4.59, "frp_deviation": null, "alert_flag": "Normal", "evidence": "isolated detection (no persistent cluster); FRP 4.6 MW; Normal", "acq_date": "2026-03-26", "distinct_days": 0 }, "geometry": { "type": "Point", "coordinates": [ 82.82496, 22.18138 ] } },
{ "type": "Feature", "properties": { "final_label": "Natural Fire", "frp": 4.45, "frp_deviation": null, "alert_flag": "Normal", "evidence": "isolated detection (no persistent cluster); FRP 4.5 MW; Normal", "acq_date": "2026-03-26", "distinct_days": 0 }, "geometry": { "type": "Point", "coordinates": [ 82.48689, 22.12683 ] } },
{ "type": "Feature", "properties": { "final_label": "Natural Fire", "frp": 4.13, "frp_deviation": null, "alert_flag": "Normal", "evidence": "isolated detection (no persistent cluster); FRP 4.1 MW; Normal", "acq_date": "2026-03-26", "distinct_days": 0 }, "geometry": { "type": "Point", "coordinates": [ 82.90675, 22.23487 ] } },
{ "type": "Feature", "properties": { "final_label": "Natural Fire", "frp": 4.08, "frp_deviation": null, "alert_flag": "Normal", "evidence": "isolated detection (no persistent cluster); FRP 4.1 MW; Normal", "acq_date": "2026-03-26", "distinct_days": 0 }, "geometry": { "type": "Point", "coordinates": [ 83.02062, 22.19454 ] } },
{ "type": "Feature", "properties": { "final_label": "Natural Fire", "frp": 6.43, "frp_deviation": null, "alert_flag": "Normal", "evidence": "isolated detection (no persistent cluster); FRP 6.4 MW; Normal", "acq_date": "2026-03-26", "distinct_days": 0 }, "geometry": { "type": "Point", "coordinates": [ 82.68266, 22.13358 ] } },
{ "type": "Feature", "properties": { "final_label": "Natural Fire", "frp": 2.93, "frp_deviation": null, "alert_flag": "Normal", "evidence": "isolated detection (no persistent cluster); FRP 2.9 MW; Normal", "acq_date": "2026-03-26", "distinct_days": 0 }, "geometry": { "type": "Point", "coordinates": [ 83.06433, 22.15227 ] } },
{ "type": "Feature", "properties": { "final_label": "Natural Fire", "frp": 3.85, "frp_deviation": 0.57, "alert_flag": "Normal", "evidence": "cluster active 1 days; FRP 3.9 MW (0.57x cluster avg); Normal", "acq_date": "2026-03-26", "distinct_days": 1 }, "geometry": { "type": "Point", "coordinates": [ 83.06169, 22.11668 ] } },
{ "type": "Feature", "properties": { "final_label": "Natural Fire", "frp": 7.66, "frp_deviation": 1.14, "alert_flag": "Normal", "evidence": "cluster active 1 days; FRP 7.7 MW (1.14x cluster avg); Normal", "acq_date": "2026-03-26", "distinct_days": 1 }, "geometry": { "type": "Point", "coordinates": [ 83.06575, 22.11724 ] } },
{ "type": "Feature", "properties": { "final_label": "Natural Fire", "frp": 7.66, "frp_deviation": 1.14, "alert_flag": "Normal", "evidence": "cluster active 1 days; FRP 7.7 MW (1.14x cluster avg); Normal", "acq_date": "2026-03-26", "distinct_days": 1 }, "geometry": { "type": "Point", "coordinates": [ 83.0698, 22.1178 ] } },
{ "type": "Feature", "properties": { "final_label": "Natural Fire", "frp": 7.66, "frp_deviation": 1.14, "alert_flag": "Normal", "evidence": "cluster active 1 days; FRP 7.7 MW (1.14x cluster avg); Normal", "acq_date": "2026-03-26", "distinct_days": 1 }, "geometry": { "type": "Point", "coordinates": [ 83.06629, 22.11379 ] } },
{ "type": "Feature", "properties": { "final_label": "Natural Fire", "frp": 3.9, "frp_deviation": 0.82, "alert_flag": "Normal", "evidence": "cluster active 1 days; FRP 3.9 MW (0.82x cluster avg); Normal", "acq_date": "2026-03-26", "distinct_days": 1 }, "geometry": { "type": "Point", "coordinates": [ 82.81612, 22.54722 ] } },
{ "type": "Feature", "properties": { "final_label": "Natural Fire", "frp": 4.52, "frp_deviation": null, "alert_flag": "Normal", "evidence": "isolated detection (no persistent cluster); FRP 4.5 MW; Normal", "acq_date": "2026-03-26", "distinct_days": 0 }, "geometry": { "type": "Point", "coordinates": [ 82.98113, 22.18206 ] } },
{ "type": "Feature", "properties": { "final_label": "Natural Fire", "frp": 4.07, "frp_deviation": 1.12, "alert_flag": "Normal", "evidence": "cluster active 1 days; FRP 4.1 MW (1.12x cluster avg); Normal", "acq_date": "2026-03-26", "distinct_days": 1 }, "geometry": { "type": "Point", "coordinates": [ 82.73587, 22.28082 ] } },
{ "type": "Feature", "properties": { "final_label": "Natural Fire", "frp": 6.11, "frp_deviation": null, "alert_flag": "Normal", "evidence": "isolated detection (no persistent cluster); FRP 6.1 MW; Normal", "acq_date": "2026-03-26", "distinct_days": 0 }, "geometry": { "type": "Point", "coordinates": [ 82.32604, 22.13841 ] } },
{ "type": "Feature", "properties": { "final_label": "Natural Fire", "frp": 4.54, "frp_deviation": 1.12, "alert_flag": "Normal", "evidence": "cluster active 2 days; FRP 4.5 MW (1.12x cluster avg); Normal", "acq_date": "2026-03-26", "distinct_days": 2 }, "geometry": { "type": "Point", "coordinates": [ 82.851, 22.30043 ] } },
{ "type": "Feature", "properties": { "final_label": "Industrial", "frp": 4.02, "frp_deviation": 0.9, "alert_flag": "Normal", "evidence": "Within 1 km of OSM industrial zone; cluster active 2 days; FRP 4.0 MW (0.90x cluster avg); Normal", "acq_date": "2026-03-26", "distinct_days": 2 }, "geometry": { "type": "Point", "coordinates": [ 82.59985, 22.49928 ] } },
{ "type": "Feature", "properties": { "final_label": "Natural Fire", "frp": 5.31, "frp_deviation": null, "alert_flag": "Normal", "evidence": "isolated detection (no persistent cluster); FRP 5.3 MW; Normal", "acq_date": "2026-03-26", "distinct_days": 0 }, "geometry": { "type": "Point", "coordinates": [ 82.7298, 22.50013 ] } },
{ "type": "Feature", "properties": { "final_label": "Natural Fire", "frp": 3.22, "frp_deviation": 0.88, "alert_flag": "Normal", "evidence": "cluster active 1 days; FRP 3.2 MW (0.88x cluster avg); Normal", "acq_date": "2026-03-26", "distinct_days": 1 }, "geometry": { "type": "Point", "coordinates": [ 82.7319, 22.28026 ] } },
{ "type": "Feature", "properties": { "final_label": "Natural Fire", "frp": 4.81, "frp_deviation": null, "alert_flag": "Normal", "evidence": "isolated detection (no persistent cluster); FRP 4.8 MW; Normal", "acq_date": "2026-03-26", "distinct_days": 0 }, "geometry": { "type": "Point", "coordinates": [ 82.85354, 22.44056 ] } },
{ "type": "Feature", "properties": { "final_label": "Industrial", "frp": 7.8, "frp_deviation": 2.2, "alert_flag": "Normal", "evidence": "Inside OSM industrial zone; cluster active 96 days; FRP 7.8 MW (2.20x cluster avg); Normal", "acq_date": "2026-03-26", "distinct_days": 96 }, "geometry": { "type": "Point", "coordinates": [ 82.30534, 22.35923 ] } },
{ "type": "Feature", "properties": { "final_label": "Industrial", "frp": 16.54, "frp_deviation": 4.66, "alert_flag": "Abnormal spike", "evidence": "Within 1 km of OSM industrial zone; cluster active 96 days; FRP 16.5 MW (4.66x cluster avg); Abnormal spike", "acq_date": "2026-03-26", "distinct_days": 96 }, "geometry": { "type": "Point", "coordinates": [ 82.31033, 22.35304 ] } },
{ "type": "Feature", "properties": { "final_label": "Industrial", "frp": 26.78, "frp_deviation": 7.55, "alert_flag": "Abnormal spike", "evidence": "Within 1 km of OSM industrial zone; cluster active 96 days; FRP 26.8 MW (7.55x cluster avg); Abnormal spike", "acq_date": "2026-03-26", "distinct_days": 96 }, "geometry": { "type": "Point", "coordinates": [ 82.31088, 22.34967 ] } },
{ "type": "Feature", "properties": { "final_label": "Industrial", "frp": 18.81, "frp_deviation": 5.3, "alert_flag": "Abnormal spike", "evidence": "Within 1 km of OSM industrial zone; cluster active 96 days; FRP 18.8 MW (5.30x cluster avg); Abnormal spike", "acq_date": "2026-03-26", "distinct_days": 96 }, "geometry": { "type": "Point", "coordinates": [ 82.31476, 22.35023 ] } },
{ "type": "Feature", "properties": { "final_label": "Natural Fire", "frp": 3.6, "frp_deviation": null, "alert_flag": "Normal", "evidence": "isolated detection (no persistent cluster); FRP 3.6 MW; Normal", "acq_date": "2026-03-26", "distinct_days": 0 }, "geometry": { "type": "Point", "coordinates": [ 82.82365, 22.42235 ] } },
{ "type": "Feature", "properties": { "final_label": "Natural Fire", "frp": 3.92, "frp_deviation": 0.64, "alert_flag": "Normal", "evidence": "cluster active 1 days; FRP 3.9 MW (0.64x cluster avg); Normal", "acq_date": "2026-03-26", "distinct_days": 1 }, "geometry": { "type": "Point", "coordinates": [ 82.96082, 22.46897 ] } },
{ "type": "Feature", "properties": { "final_label": "Natural Fire", "frp": 10.17, "frp_deviation": 1.46, "alert_flag": "Normal", "evidence": "cluster active 2 days; FRP 10.2 MW (1.46x cluster avg); Normal", "acq_date": "2026-03-26", "distinct_days": 2 }, "geometry": { "type": "Point", "coordinates": [ 82.79255, 22.38651 ] } },
{ "type": "Feature", "properties": { "final_label": "Natural Fire", "frp": 1.59, "frp_deviation": null, "alert_flag": "Normal", "evidence": "isolated detection (no persistent cluster); FRP 1.6 MW; Normal", "acq_date": "2026-03-26", "distinct_days": 0 }, "geometry": { "type": "Point", "coordinates": [ 82.87682, 22.39823 ] } },
{ "type": "Feature", "properties": { "final_label": "Natural Fire", "frp": 4.93, "frp_deviation": 0.85, "alert_flag": "Normal", "evidence": "cluster active 2 days; FRP 4.9 MW (0.85x cluster avg); Normal", "acq_date": "2026-03-26", "distinct_days": 2 }, "geometry": { "type": "Point", "coordinates": [ 83.00764, 22.4093 ] } },
{ "type": "Feature", "properties": { "final_label": "Industrial", "frp": 4.04, "frp_deviation": 1.79, "alert_flag": "Normal", "evidence": "Inside OSM industrial zone; cluster active 61 days; FRP 4.0 MW (1.79x cluster avg); Normal", "acq_date": "2026-03-26", "distinct_days": 61 }, "geometry": { "type": "Point", "coordinates": [ 82.55704, 22.33615 ] } },
{ "type": "Feature", "properties": { "final_label": "Natural Fire", "frp": 1.98, "frp_deviation": null, "alert_flag": "Normal", "evidence": "isolated detection (no persistent cluster); FRP 2.0 MW; Normal", "acq_date": "2026-03-26", "distinct_days": 0 }, "geometry": { "type": "Point", "coordinates": [ 82.90696, 22.36381 ] } },
{ "type": "Feature", "properties": { "final_label": "Natural Fire", "frp": 1.56, "frp_deviation": null, "alert_flag": "Normal", "evidence": "isolated detection (no persistent cluster); FRP 1.6 MW; Normal", "acq_date": "2026-03-26", "distinct_days": 0 }, "geometry": { "type": "Point", "coordinates": [ 83.0663, 22.38207 ] } },
{ "type": "Feature", "properties": { "final_label": "Natural Fire", "frp": 5.53, "frp_deviation": null, "alert_flag": "Normal", "evidence": "isolated detection (no persistent cluster); FRP 5.5 MW; Normal", "acq_date": "2026-03-26", "distinct_days": 0 }, "geometry": { "type": "Point", "coordinates": [ 82.79669, 22.41157 ] } },
{ "type": "Feature", "properties": { "final_label": "Natural Fire", "frp": 6.45, "frp_deviation": null, "alert_flag": "Normal", "evidence": "isolated detection (no persistent cluster); FRP 6.5 MW; Normal", "acq_date": "2026-03-26", "distinct_days": 0 }, "geometry": { "type": "Point", "coordinates": [ 82.97101, 22.32418 ] } },
{ "type": "Feature", "properties": { "final_label": "Industrial", "frp": 0.76, "frp_deviation": 0.27, "alert_flag": "Normal", "evidence": "Inside OSM industrial zone; cluster active 71 days; FRP 0.8 MW (0.27x cluster avg); Normal", "acq_date": "2026-03-27", "distinct_days": 71 }, "geometry": { "type": "Point", "coordinates": [ 82.57729, 22.33525 ] } },
{ "type": "Feature", "properties": { "final_label": "Industrial", "frp": 4.08, "frp_deviation": 1.81, "alert_flag": "Normal", "evidence": "Inside OSM industrial zone; cluster active 61 days; FRP 4.1 MW (1.81x cluster avg); Normal", "acq_date": "2026-03-27", "distinct_days": 61 }, "geometry": { "type": "Point", "coordinates": [ 82.55537, 22.33472 ] } },
{ "type": "Feature", "properties": { "final_label": "Industrial", "frp": 0.77, "frp_deviation": 0.22, "alert_flag": "Normal", "evidence": "Inside OSM industrial zone; cluster active 96 days; FRP 0.8 MW (0.22x cluster avg); Normal", "acq_date": "2026-03-27", "distinct_days": 96 }, "geometry": { "type": "Point", "coordinates": [ 82.30163, 22.36291 ] } },
{ "type": "Feature", "properties": { "final_label": "Industrial", "frp": 1.22, "frp_deviation": 1.02, "alert_flag": "Normal", "evidence": "Inside OSM industrial zone; cluster active 16 days; FRP 1.2 MW (1.02x cluster avg); Normal", "acq_date": "2026-03-27", "distinct_days": 16 }, "geometry": { "type": "Point", "coordinates": [ 82.53267, 22.33068 ] } },
{ "type": "Feature", "properties": { "final_label": "Industrial", "frp": 1.88, "frp_deviation": 0.53, "alert_flag": "Normal", "evidence": "Inside OSM industrial zone; cluster active 96 days; FRP 1.9 MW (0.53x cluster avg); Normal", "acq_date": "2026-03-27", "distinct_days": 96 }, "geometry": { "type": "Point", "coordinates": [ 82.30486, 22.35515 ] } },
{ "type": "Feature", "properties": { "final_label": "Industrial", "frp": 1.56, "frp_deviation": 0.62, "alert_flag": "Normal", "evidence": "Inside OSM industrial zone; cluster active 98 days; FRP 1.6 MW (0.62x cluster avg); Normal", "acq_date": "2026-03-27", "distinct_days": 98 }, "geometry": { "type": "Point", "coordinates": [ 82.5304, 22.31652 ] } },
{ "type": "Feature", "properties": { "final_label": "Industrial", "frp": 1.16, "frp_deviation": 0.34, "alert_flag": "Normal", "evidence": "Inside OSM industrial zone; cluster active 4 days; FRP 1.2 MW (0.34x cluster avg); Normal", "acq_date": "2026-03-27", "distinct_days": 4 }, "geometry": { "type": "Point", "coordinates": [ 82.52724, 22.3242 ] } },
{ "type": "Feature", "properties": { "final_label": "Industrial", "frp": 1.5, "frp_deviation": 0.6, "alert_flag": "Normal", "evidence": "Inside OSM industrial zone; cluster active 98 days; FRP 1.5 MW (0.60x cluster avg); Normal", "acq_date": "2026-03-27", "distinct_days": 98 }, "geometry": { "type": "Point", "coordinates": [ 82.5568, 22.31645 ] } },
{ "type": "Feature", "properties": { "final_label": "Industrial", "frp": 1.56, "frp_deviation": 0.62, "alert_flag": "Normal", "evidence": "Inside OSM industrial zone; cluster active 98 days; FRP 1.6 MW (0.62x cluster avg); Normal", "acq_date": "2026-03-27", "distinct_days": 98 }, "geometry": { "type": "Point", "coordinates": [ 82.53471, 22.31592 ] } },
{ "type": "Feature", "properties": { "final_label": "Industrial", "frp": 1.4, "frp_deviation": 0.56, "alert_flag": "Normal", "evidence": "Inside OSM industrial zone; cluster active 98 days; FRP 1.4 MW (0.56x cluster avg); Normal", "acq_date": "2026-03-27", "distinct_days": 98 }, "geometry": { "type": "Point", "coordinates": [ 82.51689, 22.31479 ] } },
{ "type": "Feature", "properties": { "final_label": "Industrial", "frp": 1.42, "frp_deviation": 0.57, "alert_flag": "Normal", "evidence": "Inside OSM industrial zone; cluster active 98 days; FRP 1.4 MW (0.57x cluster avg); Normal", "acq_date": "2026-03-27", "distinct_days": 98 }, "geometry": { "type": "Point", "coordinates": [ 82.52982, 22.31299 ] } },
{ "type": "Feature", "properties": { "final_label": "Industrial", "frp": 3.72, "frp_deviation": 1.34, "alert_flag": "Normal", "evidence": "Inside OSM industrial zone; cluster active 73 days; FRP 3.7 MW (1.34x cluster avg); Normal", "acq_date": "2026-03-27", "distinct_days": 73 }, "geometry": { "type": "Point", "coordinates": [ 82.60735, 22.33101 ] } },
{ "type": "Feature", "properties": { "final_label": "Industrial", "frp": 0.96, "frp_deviation": 0.48, "alert_flag": "Normal", "evidence": "Inside OSM industrial zone; cluster active 7 days; FRP 1.0 MW (0.48x cluster avg); Normal", "acq_date": "2026-03-27", "distinct_days": 7 }, "geometry": { "type": "Point", "coordinates": [ 82.51431, 22.32601 ] } },
{ "type": "Feature", "properties": { "final_label": "Natural Fire", "frp": 0.51, "frp_deviation": null, "alert_flag": "Normal", "evidence": "isolated detection (no persistent cluster); FRP 0.5 MW; Normal", "acq_date": "2026-03-27", "distinct_days": 0 }, "geometry": { "type": "Point", "coordinates": [ 82.75665, 22.53015 ] } },
{ "type": "Feature", "properties": { "final_label": "Industrial", "frp": 1.88, "frp_deviation": 0.53, "alert_flag": "Normal", "evidence": "Inside OSM industrial zone; cluster active 96 days; FRP 1.9 MW (0.53x cluster avg); Normal", "acq_date": "2026-03-27", "distinct_days": 96 }, "geometry": { "type": "Point", "coordinates": [ 82.30545, 22.35872 ] } },
{ "type": "Feature", "properties": { "final_label": "Natural Fire", "frp": 0.61, "frp_deviation": 0.57, "alert_flag": "Normal", "evidence": "cluster active 3 days; FRP 0.6 MW (0.57x cluster avg); Normal", "acq_date": "2026-03-27", "distinct_days": 3 }, "geometry": { "type": "Point", "coordinates": [ 82.72606, 22.54585 ] } },
{ "type": "Feature", "properties": { "final_label": "Natural Fire", "frp": 0.77, "frp_deviation": 0.71, "alert_flag": "Normal", "evidence": "cluster active 3 days; FRP 0.8 MW (0.71x cluster avg); Normal", "acq_date": "2026-03-27", "distinct_days": 3 }, "geometry": { "type": "Point", "coordinates": [ 82.72802, 22.545 ] } },
{ "type": "Feature", "properties": { "final_label": "Natural Fire", "frp": 4.68, "frp_deviation": null, "alert_flag": "Normal", "evidence": "isolated detection (no persistent cluster); FRP 4.7 MW; Normal", "acq_date": "2026-03-27", "distinct_days": 0 }, "geometry": { "type": "Point", "coordinates": [ 82.71828, 22.10363 ] } },
{ "type": "Feature", "properties": { "final_label": "Natural Fire", "frp": 3.66, "frp_deviation": null, "alert_flag": "Normal", "evidence": "isolated detection (no persistent cluster); FRP 3.7 MW; Normal", "acq_date": "2026-03-27", "distinct_days": 0 }, "geometry": { "type": "Point", "coordinates": [ 82.7259, 22.19977 ] } },
{ "type": "Feature", "properties": { "final_label": "Natural Fire", "frp": 3.13, "frp_deviation": null, "alert_flag": "Normal", "evidence": "isolated detection (no persistent cluster); FRP 3.1 MW; Normal", "acq_date": "2026-03-27", "distinct_days": 0 }, "geometry": { "type": "Point", "coordinates": [ 82.69458, 22.20518 ] } },
{ "type": "Feature", "properties": { "final_label": "Natural Fire", "frp": 4.31, "frp_deviation": null, "alert_flag": "Normal", "evidence": "isolated detection (no persistent cluster); FRP 4.3 MW; Normal", "acq_date": "2026-03-27", "distinct_days": 0 }, "geometry": { "type": "Point", "coordinates": [ 82.74288, 22.26741 ] } },
{ "type": "Feature", "properties": { "final_label": "Natural Fire", "frp": 2.76, "frp_deviation": 1.0, "alert_flag": "Normal", "evidence": "cluster active 1 days; FRP 2.8 MW (1.00x cluster avg); Normal", "acq_date": "2026-03-27", "distinct_days": 1 }, "geometry": { "type": "Point", "coordinates": [ 82.86628, 22.29539 ] } },
{ "type": "Feature", "properties": { "final_label": "Natural Fire", "frp": 3.09, "frp_deviation": null, "alert_flag": "Normal", "evidence": "isolated detection (no persistent cluster); FRP 3.1 MW; Normal", "acq_date": "2026-03-27", "distinct_days": 0 }, "geometry": { "type": "Point", "coordinates": [ 82.42364, 22.15468 ] } },
{ "type": "Feature", "properties": { "final_label": "Natural Fire", "frp": 2.58, "frp_deviation": null, "alert_flag": "Normal", "evidence": "isolated detection (no persistent cluster); FRP 2.6 MW; Normal", "acq_date": "2026-03-27", "distinct_days": 0 }, "geometry": { "type": "Point", "coordinates": [ 82.84216, 22.30922 ] } },
{ "type": "Feature", "properties": { "final_label": "Natural Fire", "frp": 3.5, "frp_deviation": null, "alert_flag": "Normal", "evidence": "isolated detection (no persistent cluster); FRP 3.5 MW; Normal", "acq_date": "2026-03-27", "distinct_days": 0 }, "geometry": { "type": "Point", "coordinates": [ 82.9969, 22.34219 ] } },
{ "type": "Feature", "properties": { "final_label": "Industrial", "frp": 3.8, "frp_deviation": 1.37, "alert_flag": "Normal", "evidence": "Within 1 km of OSM industrial zone; cluster active 73 days; FRP 3.8 MW (1.37x cluster avg); Normal", "acq_date": "2026-03-27", "distinct_days": 73 }, "geometry": { "type": "Point", "coordinates": [ 82.60539, 22.33138 ] } },
{ "type": "Feature", "properties": { "final_label": "Industrial", "frp": 6.16, "frp_deviation": 1.74, "alert_flag": "Normal", "evidence": "Inside OSM industrial zone; cluster active 96 days; FRP 6.2 MW (1.74x cluster avg); Normal", "acq_date": "2026-03-27", "distinct_days": 96 }, "geometry": { "type": "Point", "coordinates": [ 82.30527, 22.35971 ] } },
{ "type": "Feature", "properties": { "final_label": "Natural Fire", "frp": 6.16, "frp_deviation": 3.55, "alert_flag": "Abnormal spike", "evidence": "cluster active 2 days; FRP 6.2 MW (3.55x cluster avg); Abnormal spike", "acq_date": "2026-03-27", "distinct_days": 2 }, "geometry": { "type": "Point", "coordinates": [ 82.76028, 22.55449 ] } },
{ "type": "Feature", "properties": { "final_label": "Natural Fire", "frp": 3.35, "frp_deviation": 1.93, "alert_flag": "Normal", "evidence": "cluster active 2 days; FRP 3.4 MW (1.93x cluster avg); Normal", "acq_date": "2026-03-27", "distinct_days": 2 }, "geometry": { "type": "Point", "coordinates": [ 82.75476, 22.5607 ] } },
{ "type": "Feature", "properties": { "final_label": "Natural Fire", "frp": 2.76, "frp_deviation": 1.0, "alert_flag": "Normal", "evidence": "cluster active 1 days; FRP 2.8 MW (1.00x cluster avg); Normal", "acq_date": "2026-03-27", "distinct_days": 1 }, "geometry": { "type": "Point", "coordinates": [ 82.86215, 22.2947 ] } },
{ "type": "Feature", "properties": { "final_label": "Industrial", "frp": 3.21, "frp_deviation": 0.91, "alert_flag": "Normal", "evidence": "Inside OSM industrial zone; cluster active 96 days; FRP 3.2 MW (0.91x cluster avg); Normal", "acq_date": "2026-03-28", "distinct_days": 96 }, "geometry": { "type": "Point", "coordinates": [ 82.30499, 22.35879 ] } },
{ "type": "Feature", "properties": { "final_label": "Natural Fire", "frp": 3.1, "frp_deviation": 1.1, "alert_flag": "Normal", "evidence": "cluster active 4 days; FRP 3.1 MW (1.10x cluster avg); Normal", "acq_date": "2026-03-28", "distinct_days": 4 }, "geometry": { "type": "Point", "coordinates": [ 82.37275, 22.22957 ] } },
{ "type": "Feature", "properties": { "final_label": "Industrial", "frp": 2.11, "frp_deviation": 0.84, "alert_flag": "Normal", "evidence": "Inside OSM industrial zone; cluster active 98 days; FRP 2.1 MW (0.84x cluster avg); Normal", "acq_date": "2026-03-28", "distinct_days": 98 }, "geometry": { "type": "Point", "coordinates": [ 82.51431, 22.31618 ] } },
{ "type": "Feature", "properties": { "final_label": "Industrial", "frp": 2.0, "frp_deviation": 0.8, "alert_flag": "Normal", "evidence": "Inside OSM industrial zone; cluster active 98 days; FRP 2.0 MW (0.80x cluster avg); Normal", "acq_date": "2026-03-28", "distinct_days": 98 }, "geometry": { "type": "Point", "coordinates": [ 82.55772, 22.31614 ] } },
{ "type": "Feature", "properties": { "final_label": "Industrial", "frp": 2.89, "frp_deviation": 0.82, "alert_flag": "Normal", "evidence": "Inside OSM industrial zone; cluster active 96 days; FRP 2.9 MW (0.82x cluster avg); Normal", "acq_date": "2026-03-28", "distinct_days": 96 }, "geometry": { "type": "Point", "coordinates": [ 82.30406, 22.3586 ] } },
{ "type": "Feature", "properties": { "final_label": "Industrial", "frp": 1.21, "frp_deviation": 0.44, "alert_flag": "Normal", "evidence": "Within 1 km of OSM industrial zone; cluster active 73 days; FRP 1.2 MW (0.44x cluster avg); Normal", "acq_date": "2026-03-28", "distinct_days": 73 }, "geometry": { "type": "Point", "coordinates": [ 82.60785, 22.32954 ] } },
{ "type": "Feature", "properties": { "final_label": "Industrial", "frp": 3.0, "frp_deviation": 1.33, "alert_flag": "Normal", "evidence": "Inside OSM industrial zone; cluster active 61 days; FRP 3.0 MW (1.33x cluster avg); Normal", "acq_date": "2026-03-28", "distinct_days": 61 }, "geometry": { "type": "Point", "coordinates": [ 82.55488, 22.33549 ] } },
{ "type": "Feature", "properties": { "final_label": "Industrial", "frp": 1.83, "frp_deviation": 0.66, "alert_flag": "Normal", "evidence": "Inside OSM industrial zone; cluster active 73 days; FRP 1.8 MW (0.66x cluster avg); Normal", "acq_date": "2026-03-28", "distinct_days": 73 }, "geometry": { "type": "Point", "coordinates": [ 82.60843, 22.33422 ] } },
{ "type": "Feature", "properties": { "final_label": "Industrial", "frp": 1.38, "frp_deviation": 0.86, "alert_flag": "Normal", "evidence": "Inside OSM industrial zone; cluster active 16 days; FRP 1.4 MW (0.86x cluster avg); Normal", "acq_date": "2026-03-28", "distinct_days": 16 }, "geometry": { "type": "Point", "coordinates": [ 82.67257, 22.32519 ] } },
{ "type": "Feature", "properties": { "final_label": "Natural Fire", "frp": 8.88, "frp_deviation": null, "alert_flag": "Normal", "evidence": "isolated detection (no persistent cluster); FRP 8.9 MW; Normal", "acq_date": "2026-03-28", "distinct_days": 0 }, "geometry": { "type": "Point", "coordinates": [ 82.7605, 22.56279 ] } },
{ "type": "Feature", "properties": { "final_label": "Industrial", "frp": 2.01, "frp_deviation": 0.89, "alert_flag": "Normal", "evidence": "Inside OSM industrial zone; cluster active 61 days; FRP 2.0 MW (0.89x cluster avg); Normal", "acq_date": "2026-03-28", "distinct_days": 61 }, "geometry": { "type": "Point", "coordinates": [ 82.55635, 22.33744 ] } },
{ "type": "Feature", "properties": { "final_label": "Industrial", "frp": 2.01, "frp_deviation": 0.89, "alert_flag": "Normal", "evidence": "Inside OSM industrial zone; cluster active 61 days; FRP 2.0 MW (0.89x cluster avg); Normal", "acq_date": "2026-03-28", "distinct_days": 61 }, "geometry": { "type": "Point", "coordinates": [ 82.55097, 22.33801 ] } },
{ "type": "Feature", "properties": { "final_label": "Natural Fire", "frp": 2.97, "frp_deviation": null, "alert_flag": "Normal", "evidence": "isolated detection (no persistent cluster); FRP 3.0 MW; Normal", "acq_date": "2026-03-28", "distinct_days": 0 }, "geometry": { "type": "Point", "coordinates": [ 82.33054, 22.3526 ] } },
{ "type": "Feature", "properties": { "final_label": "Natural Fire", "frp": 2.87, "frp_deviation": null, "alert_flag": "Normal", "evidence": "isolated detection (no persistent cluster); FRP 2.9 MW; Normal", "acq_date": "2026-03-28", "distinct_days": 0 }, "geometry": { "type": "Point", "coordinates": [ 82.71732, 22.41644 ] } },
{ "type": "Feature", "properties": { "final_label": "Natural Fire", "frp": 3.23, "frp_deviation": null, "alert_flag": "Normal", "evidence": "isolated detection (no persistent cluster); FRP 3.2 MW; Normal", "acq_date": "2026-03-28", "distinct_days": 0 }, "geometry": { "type": "Point", "coordinates": [ 82.32545, 22.32731 ] } },
{ "type": "Feature", "properties": { "final_label": "Natural Fire", "frp": 1.75, "frp_deviation": null, "alert_flag": "Normal", "evidence": "isolated detection (no persistent cluster); FRP 1.8 MW; Normal", "acq_date": "2026-03-28", "distinct_days": 0 }, "geometry": { "type": "Point", "coordinates": [ 82.54626, 22.27745 ] } },
{ "type": "Feature", "properties": { "final_label": "Natural Fire", "frp": 4.51, "frp_deviation": 0.9, "alert_flag": "Normal", "evidence": "cluster active 2 days; FRP 4.5 MW (0.90x cluster avg); Normal", "acq_date": "2026-03-28", "distinct_days": 2 }, "geometry": { "type": "Point", "coordinates": [ 83.07354, 22.19488 ] } },
{ "type": "Feature", "properties": { "final_label": "Industrial", "frp": 3.72, "frp_deviation": 1.34, "alert_flag": "Normal", "evidence": "Within 1 km of OSM industrial zone; cluster active 73 days; FRP 3.7 MW (1.34x cluster avg); Normal", "acq_date": "2026-03-28", "distinct_days": 73 }, "geometry": { "type": "Point", "coordinates": [ 82.60401, 22.33243 ] } },
{ "type": "Feature", "properties": { "final_label": "Industrial", "frp": 2.63, "frp_deviation": 0.76, "alert_flag": "Normal", "evidence": "Inside OSM industrial zone; cluster active 4 days; FRP 2.6 MW (0.76x cluster avg); Normal", "acq_date": "2026-03-29", "distinct_days": 4 }, "geometry": { "type": "Point", "coordinates": [ 82.52733, 22.32631 ] } },
{ "type": "Feature", "properties": { "final_label": "Industrial", "frp": 2.97, "frp_deviation": 0.84, "alert_flag": "Normal", "evidence": "Inside OSM industrial zone; cluster active 96 days; FRP 3.0 MW (0.84x cluster avg); Normal", "acq_date": "2026-03-29", "distinct_days": 96 }, "geometry": { "type": "Point", "coordinates": [ 82.30657, 22.35796 ] } },
{ "type": "Feature", "properties": { "final_label": "Industrial", "frp": 3.66, "frp_deviation": 1.03, "alert_flag": "Normal", "evidence": "Inside OSM industrial zone; cluster active 96 days; FRP 3.7 MW (1.03x cluster avg); Normal", "acq_date": "2026-03-29", "distinct_days": 96 }, "geometry": { "type": "Point", "coordinates": [ 82.30145, 22.3592 ] } },
{ "type": "Feature", "properties": { "final_label": "Industrial", "frp": 2.33, "frp_deviation": 0.93, "alert_flag": "Normal", "evidence": "Inside OSM industrial zone; cluster active 98 days; FRP 2.3 MW (0.93x cluster avg); Normal", "acq_date": "2026-03-29", "distinct_days": 98 }, "geometry": { "type": "Point", "coordinates": [ 82.5313, 22.31664 ] } },
{ "type": "Feature", "properties": { "final_label": "Industrial", "frp": 1.13, "frp_deviation": 0.5, "alert_flag": "Normal", "evidence": "Inside OSM industrial zone; cluster active 61 days; FRP 1.1 MW (0.50x cluster avg); Normal", "acq_date": "2026-03-29", "distinct_days": 61 }, "geometry": { "type": "Point", "coordinates": [ 82.55419, 22.3375 ] } },
{ "type": "Feature", "properties": { "final_label": "Industrial", "frp": 2.07, "frp_deviation": 0.83, "alert_flag": "Normal", "evidence": "Inside OSM industrial zone; cluster active 98 days; FRP 2.1 MW (0.83x cluster avg); Normal", "acq_date": "2026-03-29", "distinct_days": 98 }, "geometry": { "type": "Point", "coordinates": [ 82.51491, 22.31832 ] } },
{ "type": "Feature", "properties": { "final_label": "Industrial", "frp": 1.38, "frp_deviation": 0.86, "alert_flag": "Normal", "evidence": "Inside OSM industrial zone; cluster active 16 days; FRP 1.4 MW (0.86x cluster avg); Normal", "acq_date": "2026-03-29", "distinct_days": 16 }, "geometry": { "type": "Point", "coordinates": [ 82.67386, 22.32401 ] } },
{ "type": "Feature", "properties": { "final_label": "Industrial", "frp": 1.94, "frp_deviation": 0.7, "alert_flag": "Normal", "evidence": "Inside OSM industrial zone; cluster active 73 days; FRP 1.9 MW (0.70x cluster avg); Normal", "acq_date": "2026-03-29", "distinct_days": 73 }, "geometry": { "type": "Point", "coordinates": [ 82.60496, 22.33301 ] } },
{ "type": "Feature", "properties": { "final_label": "Natural Fire", "frp": 2.53, "frp_deviation": 1.17, "alert_flag": "Normal", "evidence": "cluster active 1 days; FRP 2.5 MW (1.17x cluster avg); Normal", "acq_date": "2026-03-29", "distinct_days": 1 }, "geometry": { "type": "Point", "coordinates": [ 83.02942, 22.22388 ] } },
{ "type": "Feature", "properties": { "final_label": "Industrial", "frp": 4.05, "frp_deviation": 1.14, "alert_flag": "Normal", "evidence": "Inside OSM industrial zone; cluster active 96 days; FRP 4.0 MW (1.14x cluster avg); Normal", "acq_date": "2026-03-29", "distinct_days": 96 }, "geometry": { "type": "Point", "coordinates": [ 82.30563, 22.35859 ] } },
{ "type": "Feature", "properties": { "final_label": "Natural Fire", "frp": 4.09, "frp_deviation": null, "alert_flag": "Normal", "evidence": "isolated detection (no persistent cluster); FRP 4.1 MW; Normal", "acq_date": "2026-03-29", "distinct_days": 0 }, "geometry": { "type": "Point", "coordinates": [ 82.70973, 22.44613 ] } },
{ "type": "Feature", "properties": { "final_label": "Natural Fire", "frp": 4.89, "frp_deviation": 1.14, "alert_flag": "Normal", "evidence": "cluster active 1 days; FRP 4.9 MW (1.14x cluster avg); Normal", "acq_date": "2026-03-29", "distinct_days": 1 }, "geometry": { "type": "Point", "coordinates": [ 82.81007, 22.28399 ] } },
{ "type": "Feature", "properties": { "final_label": "Natural Fire", "frp": 1.49, "frp_deviation": 0.93, "alert_flag": "Normal", "evidence": "cluster active 2 days; FRP 1.5 MW (0.93x cluster avg); Normal", "acq_date": "2026-03-29", "distinct_days": 2 }, "geometry": { "type": "Point", "coordinates": [ 82.7784, 22.27551 ] } },
{ "type": "Feature", "properties": { "final_label": "Natural Fire", "frp": 3.67, "frp_deviation": 0.86, "alert_flag": "Normal", "evidence": "cluster active 1 days; FRP 3.7 MW (0.86x cluster avg); Normal", "acq_date": "2026-03-29", "distinct_days": 1 }, "geometry": { "type": "Point", "coordinates": [ 82.813, 22.28349 ] } },
{ "type": "Feature", "properties": { "final_label": "Natural Fire", "frp": 2.78, "frp_deviation": null, "alert_flag": "Normal", "evidence": "isolated detection (no persistent cluster); FRP 2.8 MW; Normal", "acq_date": "2026-03-29", "distinct_days": 0 }, "geometry": { "type": "Point", "coordinates": [ 82.78995, 22.25277 ] } },
{ "type": "Feature", "properties": { "final_label": "Natural Fire", "frp": 1.8, "frp_deviation": 0.83, "alert_flag": "Normal", "evidence": "cluster active 1 days; FRP 1.8 MW (0.83x cluster avg); Normal", "acq_date": "2026-03-29", "distinct_days": 1 }, "geometry": { "type": "Point", "coordinates": [ 83.02879, 22.22026 ] } },
{ "type": "Feature", "properties": { "final_label": "Industrial", "frp": 1.86, "frp_deviation": 0.82, "alert_flag": "Normal", "evidence": "Inside OSM industrial zone; cluster active 61 days; FRP 1.9 MW (0.82x cluster avg); Normal", "acq_date": "2026-03-29", "distinct_days": 61 }, "geometry": { "type": "Point", "coordinates": [ 82.55076, 22.33727 ] } },
{ "type": "Feature", "properties": { "final_label": "Natural Fire", "frp": 3.38, "frp_deviation": null, "alert_flag": "Normal", "evidence": "isolated detection (no persistent cluster); FRP 3.4 MW; Normal", "acq_date": "2026-03-30", "distinct_days": 0 }, "geometry": { "type": "Point", "coordinates": [ 82.80948, 22.43192 ] } },
{ "type": "Feature", "properties": { "final_label": "Industrial", "frp": 8.54, "frp_deviation": 2.41, "alert_flag": "Normal", "evidence": "Inside OSM industrial zone; cluster active 96 days; FRP 8.5 MW (2.41x cluster avg); Normal", "acq_date": "2026-03-30", "distinct_days": 96 }, "geometry": { "type": "Point", "coordinates": [ 82.30387, 22.35616 ] } },
{ "type": "Feature", "properties": { "final_label": "Industrial", "frp": 10.91, "frp_deviation": 3.08, "alert_flag": "Abnormal spike", "evidence": "Within 1 km of OSM industrial zone; cluster active 96 days; FRP 10.9 MW (3.08x cluster avg); Abnormal spike", "acq_date": "2026-03-30", "distinct_days": 96 }, "geometry": { "type": "Point", "coordinates": [ 82.30788, 22.35593 ] } },
{ "type": "Feature", "properties": { "final_label": "Natural Fire", "frp": 3.95, "frp_deviation": null, "alert_flag": "Normal", "evidence": "isolated detection (no persistent cluster); FRP 4.0 MW; Normal", "acq_date": "2026-03-30", "distinct_days": 0 }, "geometry": { "type": "Point", "coordinates": [ 82.86867, 22.36638 ] } },
{ "type": "Feature", "properties": { "final_label": "Industrial", "frp": 4.62, "frp_deviation": null, "alert_flag": "Normal", "evidence": "Within 1 km of OSM industrial zone; isolated detection (no persistent cluster); FRP 4.6 MW; Normal", "acq_date": "2026-03-30", "distinct_days": 0 }, "geometry": { "type": "Point", "coordinates": [ 82.75481, 22.31992 ] } },
{ "type": "Feature", "properties": { "final_label": "Natural Fire", "frp": 2.93, "frp_deviation": null, "alert_flag": "Normal", "evidence": "isolated detection (no persistent cluster); FRP 2.9 MW; Normal", "acq_date": "2026-03-30", "distinct_days": 0 }, "geometry": { "type": "Point", "coordinates": [ 82.50405, 22.23625 ] } },
{ "type": "Feature", "properties": { "final_label": "Natural Fire", "frp": 3.69, "frp_deviation": null, "alert_flag": "Normal", "evidence": "isolated detection (no persistent cluster); FRP 3.7 MW; Normal", "acq_date": "2026-03-30", "distinct_days": 0 }, "geometry": { "type": "Point", "coordinates": [ 82.36401, 22.13442 ] } },
{ "type": "Feature", "properties": { "final_label": "Natural Fire", "frp": 1.54, "frp_deviation": 1.03, "alert_flag": "Normal", "evidence": "cluster active 1 days; FRP 1.5 MW (1.03x cluster avg); Normal", "acq_date": "2026-03-30", "distinct_days": 1 }, "geometry": { "type": "Point", "coordinates": [ 82.64536, 22.16273 ] } },
{ "type": "Feature", "properties": { "final_label": "Natural Fire", "frp": 4.09, "frp_deviation": null, "alert_flag": "Normal", "evidence": "isolated detection (no persistent cluster); FRP 4.1 MW; Normal", "acq_date": "2026-03-30", "distinct_days": 0 }, "geometry": { "type": "Point", "coordinates": [ 82.41402, 22.15868 ] } },
{ "type": "Feature", "properties": { "final_label": "Natural Fire", "frp": 1.46, "frp_deviation": 0.97, "alert_flag": "Normal", "evidence": "cluster active 1 days; FRP 1.5 MW (0.97x cluster avg); Normal", "acq_date": "2026-03-30", "distinct_days": 1 }, "geometry": { "type": "Point", "coordinates": [ 82.64755, 22.1645 ] } },
{ "type": "Feature", "properties": { "final_label": "Natural Fire", "frp": 18.28, "frp_deviation": 1.36, "alert_flag": "Normal", "evidence": "cluster active 2 days; FRP 18.3 MW (1.36x cluster avg); Normal", "acq_date": "2026-03-30", "distinct_days": 2 }, "geometry": { "type": "Point", "coordinates": [ 82.85864, 22.12223 ] } },
{ "type": "Feature", "properties": { "final_label": "Natural Fire", "frp": 2.93, "frp_deviation": null, "alert_flag": "Normal", "evidence": "isolated detection (no persistent cluster); FRP 2.9 MW; Normal", "acq_date": "2026-03-30", "distinct_days": 0 }, "geometry": { "type": "Point", "coordinates": [ 82.50456, 22.23143 ] } },
{ "type": "Feature", "properties": { "final_label": "Industrial", "frp": 1.9, "frp_deviation": 0.76, "alert_flag": "Normal", "evidence": "Inside OSM industrial zone; cluster active 98 days; FRP 1.9 MW (0.76x cluster avg); Normal", "acq_date": "2026-03-31", "distinct_days": 98 }, "geometry": { "type": "Point", "coordinates": [ 82.52969, 22.3143 ] } },
{ "type": "Feature", "properties": { "final_label": "Industrial", "frp": 1.41, "frp_deviation": 0.56, "alert_flag": "Normal", "evidence": "Inside OSM industrial zone; cluster active 98 days; FRP 1.4 MW (0.56x cluster avg); Normal", "acq_date": "2026-03-31", "distinct_days": 98 }, "geometry": { "type": "Point", "coordinates": [ 82.51651, 22.31666 ] } },
{ "type": "Feature", "properties": { "final_label": "Industrial", "frp": 2.07, "frp_deviation": 0.58, "alert_flag": "Normal", "evidence": "Inside OSM industrial zone; cluster active 96 days; FRP 2.1 MW (0.58x cluster avg); Normal", "acq_date": "2026-03-31", "distinct_days": 96 }, "geometry": { "type": "Point", "coordinates": [ 82.30392, 22.35462 ] } },
{ "type": "Feature", "properties": { "final_label": "Industrial", "frp": 1.9, "frp_deviation": 0.76, "alert_flag": "Normal", "evidence": "Inside OSM industrial zone; cluster active 98 days; FRP 1.9 MW (0.76x cluster avg); Normal", "acq_date": "2026-03-31", "distinct_days": 98 }, "geometry": { "type": "Point", "coordinates": [ 82.53481, 22.31707 ] } },
{ "type": "Feature", "properties": { "final_label": "Industrial", "frp": 2.07, "frp_deviation": 0.58, "alert_flag": "Normal", "evidence": "Inside OSM industrial zone; cluster active 96 days; FRP 2.1 MW (0.58x cluster avg); Normal", "acq_date": "2026-03-31", "distinct_days": 96 }, "geometry": { "type": "Point", "coordinates": [ 82.30462, 22.35815 ] } },
{ "type": "Feature", "properties": { "final_label": "Industrial", "frp": 0.83, "frp_deviation": 0.23, "alert_flag": "Normal", "evidence": "Inside OSM industrial zone; cluster active 96 days; FRP 0.8 MW (0.23x cluster avg); Normal", "acq_date": "2026-03-31", "distinct_days": 96 }, "geometry": { "type": "Point", "coordinates": [ 82.30104, 22.36243 ] } },
{ "type": "Feature", "properties": { "final_label": "Industrial", "frp": 1.6, "frp_deviation": 0.57, "alert_flag": "Normal", "evidence": "Inside OSM industrial zone; cluster active 71 days; FRP 1.6 MW (0.57x cluster avg); Normal", "acq_date": "2026-03-31", "distinct_days": 71 }, "geometry": { "type": "Point", "coordinates": [ 82.57453, 22.33211 ] } },
{ "type": "Feature", "properties": { "final_label": "Industrial", "frp": 1.6, "frp_deviation": 0.57, "alert_flag": "Normal", "evidence": "Inside OSM industrial zone; cluster active 71 days; FRP 1.6 MW (0.57x cluster avg); Normal", "acq_date": "2026-03-31", "distinct_days": 71 }, "geometry": { "type": "Point", "coordinates": [ 82.57379, 22.32855 ] } },
{ "type": "Feature", "properties": { "final_label": "Industrial", "frp": 1.26, "frp_deviation": 0.56, "alert_flag": "Normal", "evidence": "Inside OSM industrial zone; cluster active 61 days; FRP 1.3 MW (0.56x cluster avg); Normal", "acq_date": "2026-03-31", "distinct_days": 61 }, "geometry": { "type": "Point", "coordinates": [ 82.55679, 22.33528 ] } },
{ "type": "Feature", "properties": { "final_label": "Industrial", "frp": 1.26, "frp_deviation": 0.56, "alert_flag": "Normal", "evidence": "Inside OSM industrial zone; cluster active 61 days; FRP 1.3 MW (0.56x cluster avg); Normal", "acq_date": "2026-03-31", "distinct_days": 61 }, "geometry": { "type": "Point", "coordinates": [ 82.55238, 22.33606 ] } },
{ "type": "Feature", "properties": { "final_label": "Industrial", "frp": 1.04, "frp_deviation": 0.38, "alert_flag": "Normal", "evidence": "Inside OSM industrial zone; cluster active 73 days; FRP 1.0 MW (0.38x cluster avg); Normal", "acq_date": "2026-03-31", "distinct_days": 73 }, "geometry": { "type": "Point", "coordinates": [ 82.60615, 22.33017 ] } },
{ "type": "Feature", "properties": { "final_label": "Industrial", "frp": 1.04, "frp_deviation": 0.38, "alert_flag": "Normal", "evidence": "Inside OSM industrial zone; cluster active 73 days; FRP 1.0 MW (0.38x cluster avg); Normal", "acq_date": "2026-03-31", "distinct_days": 73 }, "geometry": { "type": "Point", "coordinates": [ 82.60688, 22.33374 ] } },
{ "type": "Feature", "properties": { "final_label": "Industrial", "frp": 2.46, "frp_deviation": 0.71, "alert_flag": "Normal", "evidence": "Inside OSM industrial zone; cluster active 4 days; FRP 2.5 MW (0.71x cluster avg); Normal", "acq_date": "2026-03-31", "distinct_days": 4 }, "geometry": { "type": "Point", "coordinates": [ 82.52751, 22.32575 ] } },
{ "type": "Feature", "properties": { "final_label": "Industrial", "frp": 1.87, "frp_deviation": 0.83, "alert_flag": "Normal", "evidence": "Inside OSM industrial zone; cluster active 61 days; FRP 1.9 MW (0.83x cluster avg); Normal", "acq_date": "2026-04-01", "distinct_days": 61 }, "geometry": { "type": "Point", "coordinates": [ 82.55215, 22.33678 ] } },
{ "type": "Feature", "properties": { "final_label": "Industrial", "frp": 2.24, "frp_deviation": 0.8, "alert_flag": "Normal", "evidence": "Inside OSM industrial zone; cluster active 71 days; FRP 2.2 MW (0.80x cluster avg); Normal", "acq_date": "2026-04-01", "distinct_days": 71 }, "geometry": { "type": "Point", "coordinates": [ 82.57069, 22.3306 ] } },
{ "type": "Feature", "properties": { "final_label": "Industrial", "frp": 1.46, "frp_deviation": 1.22, "alert_flag": "Normal", "evidence": "Inside OSM industrial zone; cluster active 16 days; FRP 1.5 MW (1.22x cluster avg); Normal", "acq_date": "2026-04-01", "distinct_days": 16 }, "geometry": { "type": "Point", "coordinates": [ 82.53181, 22.33291 ] } },
{ "type": "Feature", "properties": { "final_label": "Industrial", "frp": 1.95, "frp_deviation": 1.62, "alert_flag": "Normal", "evidence": "Inside OSM industrial zone; cluster active 16 days; FRP 1.9 MW (1.62x cluster avg); Normal", "acq_date": "2026-04-01", "distinct_days": 16 }, "geometry": { "type": "Point", "coordinates": [ 82.53184, 22.33066 ] } },
{ "type": "Feature", "properties": { "final_label": "Industrial", "frp": 5.13, "frp_deviation": 1.49, "alert_flag": "Normal", "evidence": "Inside OSM industrial zone; cluster active 4 days; FRP 5.1 MW (1.49x cluster avg); Normal", "acq_date": "2026-04-01", "distinct_days": 4 }, "geometry": { "type": "Point", "coordinates": [ 82.53069, 22.32397 ] } },
{ "type": "Feature", "properties": { "final_label": "Industrial", "frp": 1.95, "frp_deviation": 0.78, "alert_flag": "Normal", "evidence": "Inside OSM industrial zone; cluster active 98 days; FRP 1.9 MW (0.78x cluster avg); Normal", "acq_date": "2026-04-01", "distinct_days": 98 }, "geometry": { "type": "Point", "coordinates": [ 82.53338, 22.3167 ] } },
{ "type": "Feature", "properties": { "final_label": "Industrial", "frp": 1.34, "frp_deviation": 0.53, "alert_flag": "Normal", "evidence": "Inside OSM industrial zone; cluster active 98 days; FRP 1.3 MW (0.53x cluster avg); Normal", "acq_date": "2026-04-01", "distinct_days": 98 }, "geometry": { "type": "Point", "coordinates": [ 82.56901, 22.31821 ] } },
{ "type": "Feature", "properties": { "final_label": "Industrial", "frp": 3.14, "frp_deviation": 1.39, "alert_flag": "Normal", "evidence": "Inside OSM industrial zone; cluster active 61 days; FRP 3.1 MW (1.39x cluster avg); Normal", "acq_date": "2026-04-01", "distinct_days": 61 }, "geometry": { "type": "Point", "coordinates": [ 82.55599, 22.33621 ] } },
{ "type": "Feature", "properties": { "final_label": "Industrial", "frp": 2.61, "frp_deviation": 1.04, "alert_flag": "Normal", "evidence": "Inside OSM industrial zone; cluster active 98 days; FRP 2.6 MW (1.04x cluster avg); Normal", "acq_date": "2026-04-01", "distinct_days": 98 }, "geometry": { "type": "Point", "coordinates": [ 82.51745, 22.31565 ] } },
{ "type": "Feature", "properties": { "final_label": "Industrial", "frp": 2.62, "frp_deviation": 1.04, "alert_flag": "Normal", "evidence": "Within 1 km of OSM industrial zone; cluster active 98 days; FRP 2.6 MW (1.04x cluster avg); Normal", "acq_date": "2026-04-01", "distinct_days": 98 }, "geometry": { "type": "Point", "coordinates": [ 82.52512, 22.3145 ] } },
{ "type": "Feature", "properties": { "final_label": "Industrial", "frp": 1.95, "frp_deviation": 0.78, "alert_flag": "Normal", "evidence": "Within 1 km of OSM industrial zone; cluster active 98 days; FRP 1.9 MW (0.78x cluster avg); Normal", "acq_date": "2026-04-01", "distinct_days": 98 }, "geometry": { "type": "Point", "coordinates": [ 82.5328, 22.31335 ] } },
{ "type": "Feature", "properties": { "final_label": "Industrial", "frp": 3.35, "frp_deviation": 0.97, "alert_flag": "Normal", "evidence": "Inside OSM industrial zone; cluster active 4 days; FRP 3.4 MW (0.97x cluster avg); Normal", "acq_date": "2026-04-01", "distinct_days": 4 }, "geometry": { "type": "Point", "coordinates": [ 82.52686, 22.32454 ] } },
{ "type": "Feature", "properties": { "final_label": "Industrial", "frp": 3.1, "frp_deviation": 1.12, "alert_flag": "Normal", "evidence": "Inside OSM industrial zone; cluster active 73 days; FRP 3.1 MW (1.12x cluster avg); Normal", "acq_date": "2026-04-01", "distinct_days": 73 }, "geometry": { "type": "Point", "coordinates": [ 82.60631, 22.33219 ] } },
{ "type": "Feature", "properties": { "final_label": "Industrial", "frp": 1.59, "frp_deviation": 0.57, "alert_flag": "Normal", "evidence": "Inside OSM industrial zone; cluster active 71 days; FRP 1.6 MW (0.57x cluster avg); Normal", "acq_date": "2026-04-01", "distinct_days": 71 }, "geometry": { "type": "Point", "coordinates": [ 82.57509, 22.33338 ] } },
{ "type": "Feature", "properties": { "final_label": "Natural Fire", "frp": 2.99, "frp_deviation": null, "alert_flag": "Normal", "evidence": "isolated detection (no persistent cluster); FRP 3.0 MW; Normal", "acq_date": "2026-04-01", "distinct_days": 0 }, "geometry": { "type": "Point", "coordinates": [ 82.60159, 22.58092 ] } },
{ "type": "Feature", "properties": { "final_label": "Natural Fire", "frp": 1.22, "frp_deviation": 0.78, "alert_flag": "Normal", "evidence": "cluster active 2 days; FRP 1.2 MW (0.78x cluster avg); Normal", "acq_date": "2026-04-01", "distinct_days": 2 }, "geometry": { "type": "Point", "coordinates": [ 82.9026, 22.42383 ] } },
{ "type": "Feature", "properties": { "final_label": "Natural Fire", "frp": 2.1, "frp_deviation": null, "alert_flag": "Normal", "evidence": "isolated detection (no persistent cluster); FRP 2.1 MW; Normal", "acq_date": "2026-04-01", "distinct_days": 0 }, "geometry": { "type": "Point", "coordinates": [ 82.74284, 22.1345 ] } },
{ "type": "Feature", "properties": { "final_label": "Natural Fire", "frp": 3.27, "frp_deviation": null, "alert_flag": "Normal", "evidence": "isolated detection (no persistent cluster); FRP 3.3 MW; Normal", "acq_date": "2026-04-01", "distinct_days": 0 }, "geometry": { "type": "Point", "coordinates": [ 83.06062, 22.21179 ] } },
{ "type": "Feature", "properties": { "final_label": "Natural Fire", "frp": 3.82, "frp_deviation": null, "alert_flag": "Normal", "evidence": "isolated detection (no persistent cluster); FRP 3.8 MW; Normal", "acq_date": "2026-04-01", "distinct_days": 0 }, "geometry": { "type": "Point", "coordinates": [ 82.42075, 22.13321 ] } },
{ "type": "Feature", "properties": { "final_label": "Natural Fire", "frp": 3.28, "frp_deviation": null, "alert_flag": "Normal", "evidence": "isolated detection (no persistent cluster); FRP 3.3 MW; Normal", "acq_date": "2026-04-01", "distinct_days": 0 }, "geometry": { "type": "Point", "coordinates": [ 82.5928, 22.18161 ] } },
{ "type": "Feature", "properties": { "final_label": "Natural Fire", "frp": 1.3, "frp_deviation": null, "alert_flag": "Normal", "evidence": "isolated detection (no persistent cluster); FRP 1.3 MW; Normal", "acq_date": "2026-04-01", "distinct_days": 0 }, "geometry": { "type": "Point", "coordinates": [ 83.0996, 22.27238 ] } },
{ "type": "Feature", "properties": { "final_label": "Natural Fire", "frp": 4.14, "frp_deviation": 1.01, "alert_flag": "Normal", "evidence": "cluster active 2 days; FRP 4.1 MW (1.01x cluster avg); Normal", "acq_date": "2026-04-01", "distinct_days": 2 }, "geometry": { "type": "Point", "coordinates": [ 82.81313, 22.11147 ] } },
{ "type": "Feature", "properties": { "final_label": "Natural Fire", "frp": 2.7, "frp_deviation": null, "alert_flag": "Normal", "evidence": "isolated detection (no persistent cluster); FRP 2.7 MW; Normal", "acq_date": "2026-04-01", "distinct_days": 0 }, "geometry": { "type": "Point", "coordinates": [ 82.95371, 22.33446 ] } },
{ "type": "Feature", "properties": { "final_label": "Industrial", "frp": 4.16, "frp_deviation": 1.2, "alert_flag": "Normal", "evidence": "Inside OSM industrial zone; cluster active 4 days; FRP 4.2 MW (1.20x cluster avg); Normal", "acq_date": "2026-04-01", "distinct_days": 4 }, "geometry": { "type": "Point", "coordinates": [ 82.53138, 22.32427 ] } },
{ "type": "Feature", "properties": { "final_label": "Industrial", "frp": 5.28, "frp_deviation": 1.53, "alert_flag": "Normal", "evidence": "Inside OSM industrial zone; cluster active 4 days; FRP 5.3 MW (1.53x cluster avg); Normal", "acq_date": "2026-04-01", "distinct_days": 4 }, "geometry": { "type": "Point", "coordinates": [ 82.52757, 22.32365 ] } },
{ "type": "Feature", "properties": { "final_label": "Natural Fire", "frp": 2.67, "frp_deviation": null, "alert_flag": "Normal", "evidence": "isolated detection (no persistent cluster); FRP 2.7 MW; Normal", "acq_date": "2026-04-01", "distinct_days": 0 }, "geometry": { "type": "Point", "coordinates": [ 83.02997, 22.48588 ] } },
{ "type": "Feature", "properties": { "final_label": "Natural Fire", "frp": 1.94, "frp_deviation": null, "alert_flag": "Normal", "evidence": "isolated detection (no persistent cluster); FRP 1.9 MW; Normal", "acq_date": "2026-04-01", "distinct_days": 0 }, "geometry": { "type": "Point", "coordinates": [ 83.05228, 22.34323 ] } },
{ "type": "Feature", "properties": { "final_label": "Industrial", "frp": 2.26, "frp_deviation": 1.0, "alert_flag": "Normal", "evidence": "Inside OSM industrial zone; cluster active 61 days; FRP 2.3 MW (1.00x cluster avg); Normal", "acq_date": "2026-04-02", "distinct_days": 61 }, "geometry": { "type": "Point", "coordinates": [ 82.55504, 22.33865 ] } },
{ "type": "Feature", "properties": { "final_label": "Industrial", "frp": 1.93, "frp_deviation": 0.7, "alert_flag": "Normal", "evidence": "Within 1 km of OSM industrial zone; cluster active 73 days; FRP 1.9 MW (0.70x cluster avg); Normal", "acq_date": "2026-04-02", "distinct_days": 73 }, "geometry": { "type": "Point", "coordinates": [ 82.60558, 22.33252 ] } },
{ "type": "Feature", "properties": { "final_label": "Industrial", "frp": 2.26, "frp_deviation": 1.0, "alert_flag": "Normal", "evidence": "Inside OSM industrial zone; cluster active 61 days; FRP 2.3 MW (1.00x cluster avg); Normal", "acq_date": "2026-04-02", "distinct_days": 61 }, "geometry": { "type": "Point", "coordinates": [ 82.5544, 22.33442 ] } },
{ "type": "Feature", "properties": { "final_label": "Industrial", "frp": 1.98, "frp_deviation": 0.71, "alert_flag": "Normal", "evidence": "Inside OSM industrial zone; cluster active 71 days; FRP 2.0 MW (0.71x cluster avg); Normal", "acq_date": "2026-04-02", "distinct_days": 71 }, "geometry": { "type": "Point", "coordinates": [ 82.57532, 22.33189 ] } },
{ "type": "Feature", "properties": { "final_label": "Industrial", "frp": 2.87, "frp_deviation": 0.81, "alert_flag": "Normal", "evidence": "Inside OSM industrial zone; cluster active 96 days; FRP 2.9 MW (0.81x cluster avg); Normal", "acq_date": "2026-04-02", "distinct_days": 96 }, "geometry": { "type": "Point", "coordinates": [ 82.30299, 22.36019 ] } },
{ "type": "Feature", "properties": { "final_label": "Industrial", "frp": 1.61, "frp_deviation": 0.64, "alert_flag": "Normal", "evidence": "Inside OSM industrial zone; cluster active 98 days; FRP 1.6 MW (0.64x cluster avg); Normal", "acq_date": "2026-04-02", "distinct_days": 98 }, "geometry": { "type": "Point", "coordinates": [ 82.53497, 22.31951 ] } },
{ "type": "Feature", "properties": { "final_label": "Industrial", "frp": 2.24, "frp_deviation": 0.63, "alert_flag": "Normal", "evidence": "Inside OSM industrial zone; cluster active 96 days; FRP 2.2 MW (0.63x cluster avg); Normal", "acq_date": "2026-04-02", "distinct_days": 96 }, "geometry": { "type": "Point", "coordinates": [ 82.30679, 22.35536 ] } },
{ "type": "Feature", "properties": { "final_label": "Industrial", "frp": 1.92, "frp_deviation": 0.77, "alert_flag": "Normal", "evidence": "Inside OSM industrial zone; cluster active 98 days; FRP 1.9 MW (0.77x cluster avg); Normal", "acq_date": "2026-04-02", "distinct_days": 98 }, "geometry": { "type": "Point", "coordinates": [ 82.56049, 22.31646 ] } },
{ "type": "Feature", "properties": { "final_label": "Industrial", "frp": 1.9, "frp_deviation": 0.76, "alert_flag": "Normal", "evidence": "Inside OSM industrial zone; cluster active 98 days; FRP 1.9 MW (0.76x cluster avg); Normal", "acq_date": "2026-04-02", "distinct_days": 98 }, "geometry": { "type": "Point", "coordinates": [ 82.51734, 22.3173 ] } },
{ "type": "Feature", "properties": { "final_label": "Natural Fire", "frp": 1.25, "frp_deviation": null, "alert_flag": "Normal", "evidence": "isolated detection (no persistent cluster); FRP 1.2 MW; Normal", "acq_date": "2026-04-02", "distinct_days": 0 }, "geometry": { "type": "Point", "coordinates": [ 82.99388, 22.10614 ] } },
{ "type": "Feature", "properties": { "final_label": "Natural Fire", "frp": 4.07, "frp_deviation": 1.32, "alert_flag": "Normal", "evidence": "cluster active 1 days; FRP 4.1 MW (1.32x cluster avg); Normal", "acq_date": "2026-04-02", "distinct_days": 1 }, "geometry": { "type": "Point", "coordinates": [ 82.64645, 22.54956 ] } },
{ "type": "Feature", "properties": { "final_label": "Industrial", "frp": 0.96, "frp_deviation": 0.8, "alert_flag": "Normal", "evidence": "Inside OSM industrial zone; cluster active 16 days; FRP 1.0 MW (0.80x cluster avg); Normal", "acq_date": "2026-04-02", "distinct_days": 16 }, "geometry": { "type": "Point", "coordinates": [ 82.53249, 22.33275 ] } },
{ "type": "Feature", "properties": { "final_label": "Natural Fire", "frp": 2.11, "frp_deviation": 0.68, "alert_flag": "Normal", "evidence": "cluster active 1 days; FRP 2.1 MW (0.68x cluster avg); Normal", "acq_date": "2026-04-02", "distinct_days": 1 }, "geometry": { "type": "Point", "coordinates": [ 82.64688, 22.54711 ] } },
{ "type": "Feature", "properties": { "final_label": "Industrial", "frp": 2.41, "frp_deviation": 0.96, "alert_flag": "Normal", "evidence": "Within 1 km of OSM industrial zone; cluster active 98 days; FRP 2.4 MW (0.96x cluster avg); Normal", "acq_date": "2026-04-02", "distinct_days": 98 }, "geometry": { "type": "Point", "coordinates": [ 82.52949, 22.31154 ] } },
{ "type": "Feature", "properties": { "final_label": "Natural Fire", "frp": 3.51, "frp_deviation": null, "alert_flag": "Normal", "evidence": "isolated detection (no persistent cluster); FRP 3.5 MW; Normal", "acq_date": "2026-04-02", "distinct_days": 0 }, "geometry": { "type": "Point", "coordinates": [ 82.80419, 22.5216 ] } },
{ "type": "Feature", "properties": { "final_label": "Natural Fire", "frp": 1.34, "frp_deviation": null, "alert_flag": "Normal", "evidence": "isolated detection (no persistent cluster); FRP 1.3 MW; Normal", "acq_date": "2026-04-02", "distinct_days": 0 }, "geometry": { "type": "Point", "coordinates": [ 82.79916, 22.50792 ] } },
{ "type": "Feature", "properties": { "final_label": "Industrial", "frp": 3.6, "frp_deviation": null, "alert_flag": "Normal", "evidence": "Within 1 km of OSM industrial zone; isolated detection (no persistent cluster); FRP 3.6 MW; Normal", "acq_date": "2026-04-02", "distinct_days": 0 }, "geometry": { "type": "Point", "coordinates": [ 82.67875, 22.41832 ] } },
{ "type": "Feature", "properties": { "final_label": "Industrial", "frp": 3.81, "frp_deviation": 1.69, "alert_flag": "Normal", "evidence": "Inside OSM industrial zone; cluster active 61 days; FRP 3.8 MW (1.69x cluster avg); Normal", "acq_date": "2026-04-02", "distinct_days": 61 }, "geometry": { "type": "Point", "coordinates": [ 82.55372, 22.33408 ] } },
{ "type": "Feature", "properties": { "final_label": "Natural Fire", "frp": 2.37, "frp_deviation": null, "alert_flag": "Normal", "evidence": "isolated detection (no persistent cluster); FRP 2.4 MW; Normal", "acq_date": "2026-04-02", "distinct_days": 0 }, "geometry": { "type": "Point", "coordinates": [ 82.76226, 22.36174 ] } },
{ "type": "Feature", "properties": { "final_label": "Natural Fire", "frp": 2.74, "frp_deviation": 0.87, "alert_flag": "Normal", "evidence": "cluster active 2 days; FRP 2.7 MW (0.87x cluster avg); Normal", "acq_date": "2026-04-02", "distinct_days": 2 }, "geometry": { "type": "Point", "coordinates": [ 83.09502, 22.4134 ] } },
{ "type": "Feature", "properties": { "final_label": "Natural Fire", "frp": 1.85, "frp_deviation": null, "alert_flag": "Normal", "evidence": "isolated detection (no persistent cluster); FRP 1.9 MW; Normal", "acq_date": "2026-04-02", "distinct_days": 0 }, "geometry": { "type": "Point", "coordinates": [ 82.50248, 22.28834 ] } },
{ "type": "Feature", "properties": { "final_label": "Industrial", "frp": 8.55, "frp_deviation": 1.0, "alert_flag": "Normal", "evidence": "Within 1 km of OSM industrial zone; cluster active 1 days; FRP 8.6 MW (1.00x cluster avg); Normal", "acq_date": "2026-04-02", "distinct_days": 1 }, "geometry": { "type": "Point", "coordinates": [ 82.72855, 22.30125 ] } },
{ "type": "Feature", "properties": { "final_label": "Industrial", "frp": 8.55, "frp_deviation": 1.0, "alert_flag": "Normal", "evidence": "Within 1 km of OSM industrial zone; cluster active 1 days; FRP 8.6 MW (1.00x cluster avg); Normal", "acq_date": "2026-04-02", "distinct_days": 1 }, "geometry": { "type": "Point", "coordinates": [ 82.73258, 22.30202 ] } },
{ "type": "Feature", "properties": { "final_label": "Natural Fire", "frp": 1.72, "frp_deviation": 1.07, "alert_flag": "Normal", "evidence": "cluster active 2 days; FRP 1.7 MW (1.07x cluster avg); Normal", "acq_date": "2026-04-02", "distinct_days": 2 }, "geometry": { "type": "Point", "coordinates": [ 82.77593, 22.27617 ] } },
{ "type": "Feature", "properties": { "final_label": "Natural Fire", "frp": 8.06, "frp_deviation": 1.61, "alert_flag": "Normal", "evidence": "cluster active 2 days; FRP 8.1 MW (1.61x cluster avg); Normal", "acq_date": "2026-04-02", "distinct_days": 2 }, "geometry": { "type": "Point", "coordinates": [ 83.07516, 22.1907 ] } },
{ "type": "Feature", "properties": { "final_label": "Natural Fire", "frp": 3.75, "frp_deviation": 0.75, "alert_flag": "Normal", "evidence": "cluster active 2 days; FRP 3.8 MW (0.75x cluster avg); Normal", "acq_date": "2026-04-02", "distinct_days": 2 }, "geometry": { "type": "Point", "coordinates": [ 83.07372, 22.19418 ] } },
{ "type": "Feature", "properties": { "final_label": "Natural Fire", "frp": 3.75, "frp_deviation": 0.75, "alert_flag": "Normal", "evidence": "cluster active 2 days; FRP 3.8 MW (0.75x cluster avg); Normal", "acq_date": "2026-04-02", "distinct_days": 2 }, "geometry": { "type": "Point", "coordinates": [ 83.07463, 22.19015 ] } },
{ "type": "Feature", "properties": { "final_label": "Natural Fire", "frp": 2.87, "frp_deviation": null, "alert_flag": "Normal", "evidence": "isolated detection (no persistent cluster); FRP 2.9 MW; Normal", "acq_date": "2026-04-02", "distinct_days": 0 }, "geometry": { "type": "Point", "coordinates": [ 82.92618, 22.59105 ] } },
{ "type": "Feature", "properties": { "final_label": "Industrial", "frp": 1.16, "frp_deviation": 0.42, "alert_flag": "Normal", "evidence": "Inside OSM industrial zone; cluster active 73 days; FRP 1.2 MW (0.42x cluster avg); Normal", "acq_date": "2026-04-03", "distinct_days": 73 }, "geometry": { "type": "Point", "coordinates": [ 82.60622, 22.33431 ] } },
{ "type": "Feature", "properties": { "final_label": "Industrial", "frp": 1.07, "frp_deviation": 0.38, "alert_flag": "Normal", "evidence": "Inside OSM industrial zone; cluster active 71 days; FRP 1.1 MW (0.38x cluster avg); Normal", "acq_date": "2026-04-03", "distinct_days": 71 }, "geometry": { "type": "Point", "coordinates": [ 82.57107, 22.33172 ] } },
{ "type": "Feature", "properties": { "final_label": "Industrial", "frp": 1.02, "frp_deviation": 0.45, "alert_flag": "Normal", "evidence": "Inside OSM industrial zone; cluster active 61 days; FRP 1.0 MW (0.45x cluster avg); Normal", "acq_date": "2026-04-03", "distinct_days": 61 }, "geometry": { "type": "Point", "coordinates": [ 82.55502, 22.339 ] } },
{ "type": "Feature", "properties": { "final_label": "Industrial", "frp": 1.79, "frp_deviation": 0.64, "alert_flag": "Normal", "evidence": "Inside OSM industrial zone; cluster active 71 days; FRP 1.8 MW (0.64x cluster avg); Normal", "acq_date": "2026-04-04", "distinct_days": 71 }, "geometry": { "type": "Point", "coordinates": [ 82.57018, 22.3292 ] } },
{ "type": "Feature", "properties": { "final_label": "Industrial", "frp": 1.5, "frp_deviation": 0.6, "alert_flag": "Normal", "evidence": "Within 1 km of OSM industrial zone; cluster active 98 days; FRP 1.5 MW (0.60x cluster avg); Normal", "acq_date": "2026-04-04", "distinct_days": 98 }, "geometry": { "type": "Point", "coordinates": [ 82.53533, 22.32051 ] } },
{ "type": "Feature", "properties": { "final_label": "Industrial", "frp": 2.1, "frp_deviation": 0.84, "alert_flag": "Normal", "evidence": "Inside OSM industrial zone; cluster active 98 days; FRP 2.1 MW (0.84x cluster avg); Normal", "acq_date": "2026-04-05", "distinct_days": 98 }, "geometry": { "type": "Point", "coordinates": [ 82.53581, 22.31861 ] } },
{ "type": "Feature", "properties": { "final_label": "Industrial", "frp": 6.11, "frp_deviation": 1.72, "alert_flag": "Normal", "evidence": "Inside OSM industrial zone; cluster active 96 days; FRP 6.1 MW (1.72x cluster avg); Normal", "acq_date": "2026-04-05", "distinct_days": 96 }, "geometry": { "type": "Point", "coordinates": [ 82.30487, 22.35976 ] } },
{ "type": "Feature", "properties": { "final_label": "Natural Fire", "frp": 7.72, "frp_deviation": null, "alert_flag": "Normal", "evidence": "isolated detection (no persistent cluster); FRP 7.7 MW; Normal", "acq_date": "2026-04-05", "distinct_days": 0 }, "geometry": { "type": "Point", "coordinates": [ 82.5259, 22.46277 ] } },
{ "type": "Feature", "properties": { "final_label": "Industrial", "frp": 7.76, "frp_deviation": null, "alert_flag": "Normal", "evidence": "Within 1 km of OSM industrial zone; isolated detection (no persistent cluster); FRP 7.8 MW; Normal", "acq_date": "2026-04-05", "distinct_days": 0 }, "geometry": { "type": "Point", "coordinates": [ 82.52048, 22.46211 ] } },
{ "type": "Feature", "properties": { "final_label": "Industrial", "frp": 1.03, "frp_deviation": 0.46, "alert_flag": "Normal", "evidence": "Inside OSM industrial zone; cluster active 61 days; FRP 1.0 MW (0.46x cluster avg); Normal", "acq_date": "2026-04-05", "distinct_days": 61 }, "geometry": { "type": "Point", "coordinates": [ 82.55573, 22.33492 ] } },
{ "type": "Feature", "properties": { "final_label": "Industrial", "frp": 0.77, "frp_deviation": 0.28, "alert_flag": "Normal", "evidence": "Inside OSM industrial zone; cluster active 71 days; FRP 0.8 MW (0.28x cluster avg); Normal", "acq_date": "2026-04-05", "distinct_days": 71 }, "geometry": { "type": "Point", "coordinates": [ 82.57172, 22.33191 ] } },
{ "type": "Feature", "properties": { "final_label": "Industrial", "frp": 1.68, "frp_deviation": 0.67, "alert_flag": "Normal", "evidence": "Inside OSM industrial zone; cluster active 98 days; FRP 1.7 MW (0.67x cluster avg); Normal", "acq_date": "2026-04-06", "distinct_days": 98 }, "geometry": { "type": "Point", "coordinates": [ 82.53059, 22.31418 ] } },
{ "type": "Feature", "properties": { "final_label": "Industrial", "frp": 1.7, "frp_deviation": 0.48, "alert_flag": "Normal", "evidence": "Inside OSM industrial zone; cluster active 96 days; FRP 1.7 MW (0.48x cluster avg); Normal", "acq_date": "2026-04-06", "distinct_days": 96 }, "geometry": { "type": "Point", "coordinates": [ 82.30352, 22.36018 ] } },
{ "type": "Feature", "properties": { "final_label": "Industrial", "frp": 1.7, "frp_deviation": 0.48, "alert_flag": "Normal", "evidence": "Inside OSM industrial zone; cluster active 96 days; FRP 1.7 MW (0.48x cluster avg); Normal", "acq_date": "2026-04-06", "distinct_days": 96 }, "geometry": { "type": "Point", "coordinates": [ 82.30292, 22.3569 ] } },
{ "type": "Feature", "properties": { "final_label": "Industrial", "frp": 0.69, "frp_deviation": 0.57, "alert_flag": "Normal", "evidence": "Inside OSM industrial zone; cluster active 16 days; FRP 0.7 MW (0.57x cluster avg); Normal", "acq_date": "2026-04-06", "distinct_days": 16 }, "geometry": { "type": "Point", "coordinates": [ 82.53359, 22.3306 ] } },
{ "type": "Feature", "properties": { "final_label": "Industrial", "frp": 1.68, "frp_deviation": 0.67, "alert_flag": "Normal", "evidence": "Inside OSM industrial zone; cluster active 98 days; FRP 1.7 MW (0.67x cluster avg); Normal", "acq_date": "2026-04-06", "distinct_days": 98 }, "geometry": { "type": "Point", "coordinates": [ 82.53487, 22.31688 ] } },
{ "type": "Feature", "properties": { "final_label": "Industrial", "frp": 1.32, "frp_deviation": 0.53, "alert_flag": "Normal", "evidence": "Inside OSM industrial zone; cluster active 98 days; FRP 1.3 MW (0.53x cluster avg); Normal", "acq_date": "2026-04-06", "distinct_days": 98 }, "geometry": { "type": "Point", "coordinates": [ 82.51582, 22.31652 ] } },
{ "type": "Feature", "properties": { "final_label": "Industrial", "frp": 0.82, "frp_deviation": 0.33, "alert_flag": "Normal", "evidence": "Within 1 km of OSM industrial zone; cluster active 98 days; FRP 0.8 MW (0.33x cluster avg); Normal", "acq_date": "2026-04-06", "distinct_days": 98 }, "geometry": { "type": "Point", "coordinates": [ 82.53916, 22.31958 ] } },
{ "type": "Feature", "properties": { "final_label": "Industrial", "frp": 1.07, "frp_deviation": 0.38, "alert_flag": "Normal", "evidence": "Inside OSM industrial zone; cluster active 71 days; FRP 1.1 MW (0.38x cluster avg); Normal", "acq_date": "2026-04-06", "distinct_days": 71 }, "geometry": { "type": "Point", "coordinates": [ 82.57111, 22.32803 ] } },
{ "type": "Feature", "properties": { "final_label": "Industrial", "frp": 0.93, "frp_deviation": 0.54, "alert_flag": "Normal", "evidence": "Inside OSM industrial zone; cluster active 23 days; FRP 0.9 MW (0.54x cluster avg); Normal", "acq_date": "2026-04-06", "distinct_days": 23 }, "geometry": { "type": "Point", "coordinates": [ 82.59636, 22.32063 ] } },
{ "type": "Feature", "properties": { "final_label": "Industrial", "frp": 0.41, "frp_deviation": 0.18, "alert_flag": "Normal", "evidence": "Within 1 km of OSM industrial zone; cluster active 61 days; FRP 0.4 MW (0.18x cluster avg); Normal", "acq_date": "2026-04-06", "distinct_days": 61 }, "geometry": { "type": "Point", "coordinates": [ 82.55326, 22.33425 ] } },
{ "type": "Feature", "properties": { "final_label": "Industrial", "frp": 0.98, "frp_deviation": 0.35, "alert_flag": "Normal", "evidence": "Inside OSM industrial zone; cluster active 73 days; FRP 1.0 MW (0.35x cluster avg); Normal", "acq_date": "2026-04-06", "distinct_days": 73 }, "geometry": { "type": "Point", "coordinates": [ 82.60555, 22.32932 ] } },
{ "type": "Feature", "properties": { "final_label": "Industrial", "frp": 1.17, "frp_deviation": 0.52, "alert_flag": "Normal", "evidence": "Inside OSM industrial zone; cluster active 61 days; FRP 1.2 MW (0.52x cluster avg); Normal", "acq_date": "2026-04-06", "distinct_days": 61 }, "geometry": { "type": "Point", "coordinates": [ 82.55386, 22.33753 ] } },
{ "type": "Feature", "properties": { "final_label": "Industrial", "frp": 0.98, "frp_deviation": 0.35, "alert_flag": "Normal", "evidence": "Inside OSM industrial zone; cluster active 73 days; FRP 1.0 MW (0.35x cluster avg); Normal", "acq_date": "2026-04-06", "distinct_days": 73 }, "geometry": { "type": "Point", "coordinates": [ 82.60616, 22.3326 ] } },
{ "type": "Feature", "properties": { "final_label": "Industrial", "frp": 6.82, "frp_deviation": 1.92, "alert_flag": "Normal", "evidence": "Inside OSM industrial zone; cluster active 96 days; FRP 6.8 MW (1.92x cluster avg); Normal", "acq_date": "2026-04-06", "distinct_days": 96 }, "geometry": { "type": "Point", "coordinates": [ 82.30356, 22.35803 ] } },
{ "type": "Feature", "properties": { "final_label": "Industrial", "frp": 2.45, "frp_deviation": 1.09, "alert_flag": "Normal", "evidence": "Inside OSM industrial zone; cluster active 61 days; FRP 2.5 MW (1.09x cluster avg); Normal", "acq_date": "2026-04-06", "distinct_days": 61 }, "geometry": { "type": "Point", "coordinates": [ 82.55447, 22.33467 ] } },
{ "type": "Feature", "properties": { "final_label": "Industrial", "frp": 3.03, "frp_deviation": 0.92, "alert_flag": "Normal", "evidence": "Inside OSM industrial zone; cluster active 2 days; FRP 3.0 MW (0.92x cluster avg); Normal", "acq_date": "2026-04-06", "distinct_days": 2 }, "geometry": { "type": "Point", "coordinates": [ 82.66224, 22.32724 ] } },
{ "type": "Feature", "properties": { "final_label": "Industrial", "frp": 1.07, "frp_deviation": 0.38, "alert_flag": "Normal", "evidence": "Inside OSM industrial zone; cluster active 71 days; FRP 1.1 MW (0.38x cluster avg); Normal", "acq_date": "2026-04-06", "distinct_days": 71 }, "geometry": { "type": "Point", "coordinates": [ 82.57172, 22.33131 ] } },
{ "type": "Feature", "properties": { "final_label": "Natural Fire", "frp": 0.43, "frp_deviation": null, "alert_flag": "Normal", "evidence": "isolated detection (no persistent cluster); FRP 0.4 MW; Normal", "acq_date": "2026-04-07", "distinct_days": 0 }, "geometry": { "type": "Point", "coordinates": [ 82.97194, 22.14769 ] } },
{ "type": "Feature", "properties": { "final_label": "Industrial", "frp": 3.08, "frp_deviation": 1.23, "alert_flag": "Normal", "evidence": "Inside OSM industrial zone; cluster active 98 days; FRP 3.1 MW (1.23x cluster avg); Normal", "acq_date": "2026-04-07", "distinct_days": 98 }, "geometry": { "type": "Point", "coordinates": [ 82.51727, 22.31562 ] } },
{ "type": "Feature", "properties": { "final_label": "Industrial", "frp": 3.51, "frp_deviation": 1.4, "alert_flag": "Normal", "evidence": "Inside OSM industrial zone; cluster active 98 days; FRP 3.5 MW (1.40x cluster avg); Normal", "acq_date": "2026-04-07", "distinct_days": 98 }, "geometry": { "type": "Point", "coordinates": [ 82.53336, 22.31745 ] } },
{ "type": "Feature", "properties": { "final_label": "Industrial", "frp": 2.67, "frp_deviation": 0.75, "alert_flag": "Normal", "evidence": "Inside OSM industrial zone; cluster active 96 days; FRP 2.7 MW (0.75x cluster avg); Normal", "acq_date": "2026-04-07", "distinct_days": 96 }, "geometry": { "type": "Point", "coordinates": [ 82.30431, 22.35919 ] } },
{ "type": "Feature", "properties": { "final_label": "Industrial", "frp": 2.46, "frp_deviation": 0.89, "alert_flag": "Normal", "evidence": "Within 1 km of OSM industrial zone; cluster active 73 days; FRP 2.5 MW (0.89x cluster avg); Normal", "acq_date": "2026-04-07", "distinct_days": 73 }, "geometry": { "type": "Point", "coordinates": [ 82.60876, 22.33102 ] } },
{ "type": "Feature", "properties": { "final_label": "Industrial", "frp": 2.77, "frp_deviation": 1.23, "alert_flag": "Normal", "evidence": "Inside OSM industrial zone; cluster active 61 days; FRP 2.8 MW (1.23x cluster avg); Normal", "acq_date": "2026-04-07", "distinct_days": 61 }, "geometry": { "type": "Point", "coordinates": [ 82.55237, 22.33849 ] } },
{ "type": "Feature", "properties": { "final_label": "Industrial", "frp": 1.16, "frp_deviation": 0.97, "alert_flag": "Normal", "evidence": "Inside OSM industrial zone; cluster active 16 days; FRP 1.2 MW (0.97x cluster avg); Normal", "acq_date": "2026-04-07", "distinct_days": 16 }, "geometry": { "type": "Point", "coordinates": [ 82.53224, 22.3313 ] } },
{ "type": "Feature", "properties": { "final_label": "Industrial", "frp": 2.72, "frp_deviation": 0.97, "alert_flag": "Normal", "evidence": "Inside OSM industrial zone; cluster active 71 days; FRP 2.7 MW (0.97x cluster avg); Normal", "acq_date": "2026-04-07", "distinct_days": 71 }, "geometry": { "type": "Point", "coordinates": [ 82.57218, 22.33195 ] } },
{ "type": "Feature", "properties": { "final_label": "Industrial", "frp": 2.58, "frp_deviation": 0.92, "alert_flag": "Normal", "evidence": "Inside OSM industrial zone; cluster active 71 days; FRP 2.6 MW (0.92x cluster avg); Normal", "acq_date": "2026-04-07", "distinct_days": 71 }, "geometry": { "type": "Point", "coordinates": [ 82.57401, 22.32998 ] } },
{ "type": "Feature", "properties": { "final_label": "Industrial", "frp": 2.02, "frp_deviation": 0.73, "alert_flag": "Normal", "evidence": "Inside OSM industrial zone; cluster active 73 days; FRP 2.0 MW (0.73x cluster avg); Normal", "acq_date": "2026-04-07", "distinct_days": 73 }, "geometry": { "type": "Point", "coordinates": [ 82.60551, 22.32993 ] } },
{ "type": "Feature", "properties": { "final_label": "Industrial", "frp": 2.44, "frp_deviation": 1.08, "alert_flag": "Normal", "evidence": "Inside OSM industrial zone; cluster active 61 days; FRP 2.4 MW (1.08x cluster avg); Normal", "acq_date": "2026-04-07", "distinct_days": 61 }, "geometry": { "type": "Point", "coordinates": [ 82.55416, 22.3364 ] } },
{ "type": "Feature", "properties": { "final_label": "Industrial", "frp": 4.0, "frp_deviation": 1.77, "alert_flag": "Normal", "evidence": "Inside OSM industrial zone; cluster active 61 days; FRP 4.0 MW (1.77x cluster avg); Normal", "acq_date": "2026-04-07", "distinct_days": 61 }, "geometry": { "type": "Point", "coordinates": [ 82.55547, 22.3353 ] } },
{ "type": "Feature", "properties": { "final_label": "Industrial", "frp": 2.95, "frp_deviation": 1.06, "alert_flag": "Normal", "evidence": "Inside OSM industrial zone; cluster active 71 days; FRP 3.0 MW (1.06x cluster avg); Normal", "acq_date": "2026-04-07", "distinct_days": 71 }, "geometry": { "type": "Point", "coordinates": [ 82.57391, 22.33136 ] } },
{ "type": "Feature", "properties": { "final_label": "Natural Fire", "frp": 7.33, "frp_deviation": null, "alert_flag": "Normal", "evidence": "isolated detection (no persistent cluster); FRP 7.3 MW; Normal", "acq_date": "2026-04-07", "distinct_days": 0 }, "geometry": { "type": "Point", "coordinates": [ 82.65082, 22.14988 ] } },
{ "type": "Feature", "properties": { "final_label": "Industrial", "frp": 2.27, "frp_deviation": 0.64, "alert_flag": "Normal", "evidence": "Inside OSM industrial zone; cluster active 96 days; FRP 2.3 MW (0.64x cluster avg); Normal", "acq_date": "2026-04-07", "distinct_days": 96 }, "geometry": { "type": "Point", "coordinates": [ 82.30094, 22.36004 ] } },
{ "type": "Feature", "properties": { "final_label": "Natural Fire", "frp": 2.29, "frp_deviation": 1.0, "alert_flag": "Normal", "evidence": "cluster active 1 days; FRP 2.3 MW (1.00x cluster avg); Normal", "acq_date": "2026-04-08", "distinct_days": 1 }, "geometry": { "type": "Point", "coordinates": [ 82.72582, 22.28873 ] } },
{ "type": "Feature", "properties": { "final_label": "Natural Fire", "frp": 2.29, "frp_deviation": 1.0, "alert_flag": "Normal", "evidence": "cluster active 1 days; FRP 2.3 MW (1.00x cluster avg); Normal", "acq_date": "2026-04-08", "distinct_days": 1 }, "geometry": { "type": "Point", "coordinates": [ 82.72267, 22.28806 ] } },
{ "type": "Feature", "properties": { "final_label": "Industrial", "frp": 1.0, "frp_deviation": 0.28, "alert_flag": "Normal", "evidence": "Inside OSM industrial zone; cluster active 96 days; FRP 1.0 MW (0.28x cluster avg); Normal", "acq_date": "2026-04-09", "distinct_days": 96 }, "geometry": { "type": "Point", "coordinates": [ 82.30179, 22.35693 ] } },
{ "type": "Feature", "properties": { "final_label": "Industrial", "frp": 0.6, "frp_deviation": 0.24, "alert_flag": "Normal", "evidence": "Within 1 km of OSM industrial zone; cluster active 98 days; FRP 0.6 MW (0.24x cluster avg); Normal", "acq_date": "2026-04-09", "distinct_days": 98 }, "geometry": { "type": "Point", "coordinates": [ 82.5202, 22.31232 ] } },
{ "type": "Feature", "properties": { "final_label": "Industrial", "frp": 1.0, "frp_deviation": 0.28, "alert_flag": "Normal", "evidence": "Inside OSM industrial zone; cluster active 96 days; FRP 1.0 MW (0.28x cluster avg); Normal", "acq_date": "2026-04-09", "distinct_days": 96 }, "geometry": { "type": "Point", "coordinates": [ 82.30317, 22.36252 ] } },
{ "type": "Feature", "properties": { "final_label": "Industrial", "frp": 1.08, "frp_deviation": 0.39, "alert_flag": "Normal", "evidence": "Within 1 km of OSM industrial zone; cluster active 73 days; FRP 1.1 MW (0.39x cluster avg); Normal", "acq_date": "2026-04-09", "distinct_days": 73 }, "geometry": { "type": "Point", "coordinates": [ 82.60203, 22.32941 ] } },
{ "type": "Feature", "properties": { "final_label": "Industrial", "frp": 0.89, "frp_deviation": 0.39, "alert_flag": "Normal", "evidence": "Inside OSM industrial zone; cluster active 61 days; FRP 0.9 MW (0.39x cluster avg); Normal", "acq_date": "2026-04-09", "distinct_days": 61 }, "geometry": { "type": "Point", "coordinates": [ 82.55313, 22.33467 ] } },
{ "type": "Feature", "properties": { "final_label": "Industrial", "frp": 1.33, "frp_deviation": 0.59, "alert_flag": "Normal", "evidence": "Within 1 km of OSM industrial zone; cluster active 61 days; FRP 1.3 MW (0.59x cluster avg); Normal", "acq_date": "2026-04-09", "distinct_days": 61 }, "geometry": { "type": "Point", "coordinates": [ 82.54789, 22.33822 ] } },
{ "type": "Feature", "properties": { "final_label": "Industrial", "frp": 2.24, "frp_deviation": 0.89, "alert_flag": "Normal", "evidence": "Inside OSM industrial zone; cluster active 98 days; FRP 2.2 MW (0.89x cluster avg); Normal", "acq_date": "2026-04-09", "distinct_days": 98 }, "geometry": { "type": "Point", "coordinates": [ 82.53015, 22.316 ] } },
{ "type": "Feature", "properties": { "final_label": "Industrial", "frp": 1.2, "frp_deviation": 0.53, "alert_flag": "Normal", "evidence": "Inside OSM industrial zone; cluster active 61 days; FRP 1.2 MW (0.53x cluster avg); Normal", "acq_date": "2026-04-10", "distinct_days": 61 }, "geometry": { "type": "Point", "coordinates": [ 82.55725, 22.33415 ] } },
{ "type": "Feature", "properties": { "final_label": "Industrial", "frp": 1.9, "frp_deviation": 0.76, "alert_flag": "Normal", "evidence": "Within 1 km of OSM industrial zone; cluster active 98 days; FRP 1.9 MW (0.76x cluster avg); Normal", "acq_date": "2026-04-10", "distinct_days": 98 }, "geometry": { "type": "Point", "coordinates": [ 82.52993, 22.31298 ] } },
{ "type": "Feature", "properties": { "final_label": "Industrial", "frp": 1.79, "frp_deviation": 0.5, "alert_flag": "Normal", "evidence": "Inside OSM industrial zone; cluster active 96 days; FRP 1.8 MW (0.50x cluster avg); Normal", "acq_date": "2026-04-10", "distinct_days": 96 }, "geometry": { "type": "Point", "coordinates": [ 82.30148, 22.35786 ] } },
{ "type": "Feature", "properties": { "final_label": "Industrial", "frp": 1.99, "frp_deviation": 0.79, "alert_flag": "Normal", "evidence": "Inside OSM industrial zone; cluster active 98 days; FRP 2.0 MW (0.79x cluster avg); Normal", "acq_date": "2026-04-10", "distinct_days": 98 }, "geometry": { "type": "Point", "coordinates": [ 82.53517, 22.31636 ] } },
{ "type": "Feature", "properties": { "final_label": "Industrial", "frp": 2.27, "frp_deviation": 0.64, "alert_flag": "Normal", "evidence": "Inside OSM industrial zone; cluster active 96 days; FRP 2.3 MW (0.64x cluster avg); Normal", "acq_date": "2026-04-10", "distinct_days": 96 }, "geometry": { "type": "Point", "coordinates": [ 82.30239, 22.36203 ] } },
{ "type": "Feature", "properties": { "final_label": "Industrial", "frp": 0.72, "frp_deviation": 0.32, "alert_flag": "Normal", "evidence": "Inside OSM industrial zone; cluster active 61 days; FRP 0.7 MW (0.32x cluster avg); Normal", "acq_date": "2026-04-10", "distinct_days": 61 }, "geometry": { "type": "Point", "coordinates": [ 82.55292, 22.33499 ] } },
{ "type": "Feature", "properties": { "final_label": "Natural Fire", "frp": 3.98, "frp_deviation": null, "alert_flag": "Normal", "evidence": "isolated detection (no persistent cluster); FRP 4.0 MW; Normal", "acq_date": "2026-04-10", "distinct_days": 0 }, "geometry": { "type": "Point", "coordinates": [ 83.04004, 22.37046 ] } },
{ "type": "Feature", "properties": { "final_label": "Industrial", "frp": 1.49, "frp_deviation": 0.66, "alert_flag": "Normal", "evidence": "Inside OSM industrial zone; cluster active 61 days; FRP 1.5 MW (0.66x cluster avg); Normal", "acq_date": "2026-04-10", "distinct_days": 61 }, "geometry": { "type": "Point", "coordinates": [ 82.55684, 22.33761 ] } },
{ "type": "Feature", "properties": { "final_label": "Industrial", "frp": 1.29, "frp_deviation": 0.47, "alert_flag": "Normal", "evidence": "Within 1 km of OSM industrial zone; cluster active 73 days; FRP 1.3 MW (0.47x cluster avg); Normal", "acq_date": "2026-04-10", "distinct_days": 73 }, "geometry": { "type": "Point", "coordinates": [ 82.6055, 22.33218 ] } },
{ "type": "Feature", "properties": { "final_label": "Industrial", "frp": 0.63, "frp_deviation": 0.26, "alert_flag": "Normal", "evidence": "Inside OSM industrial zone; cluster active 8 days; FRP 0.6 MW (0.26x cluster avg); Normal", "acq_date": "2026-04-10", "distinct_days": 8 }, "geometry": { "type": "Point", "coordinates": [ 82.66608, 22.33772 ] } },
{ "type": "Feature", "properties": { "final_label": "Industrial", "frp": 5.94, "frp_deviation": null, "alert_flag": "Normal", "evidence": "Within 1 km of OSM industrial zone; isolated detection (no persistent cluster); FRP 5.9 MW; Normal", "acq_date": "2026-04-10", "distinct_days": 0 }, "geometry": { "type": "Point", "coordinates": [ 82.67174, 22.40056 ] } },
{ "type": "Feature", "properties": { "final_label": "Industrial", "frp": 1.52, "frp_deviation": 0.55, "alert_flag": "Normal", "evidence": "Inside OSM industrial zone; cluster active 73 days; FRP 1.5 MW (0.55x cluster avg); Normal", "acq_date": "2026-04-10", "distinct_days": 73 }, "geometry": { "type": "Point", "coordinates": [ 82.60601, 22.32904 ] } },
{ "type": "Feature", "properties": { "final_label": "Natural Fire", "frp": 5.53, "frp_deviation": null, "alert_flag": "Normal", "evidence": "isolated detection (no persistent cluster); FRP 5.5 MW; Normal", "acq_date": "2026-04-10", "distinct_days": 0 }, "geometry": { "type": "Point", "coordinates": [ 82.53976, 22.167 ] } },
{ "type": "Feature", "properties": { "final_label": "Natural Fire", "frp": 0.98, "frp_deviation": 0.38, "alert_flag": "Normal", "evidence": "cluster active 3 days; FRP 1.0 MW (0.38x cluster avg); Normal", "acq_date": "2026-04-11", "distinct_days": 3 }, "geometry": { "type": "Point", "coordinates": [ 82.48044, 22.59037 ] } },
{ "type": "Feature", "properties": { "final_label": "Natural Fire", "frp": 1.03, "frp_deviation": 0.4, "alert_flag": "Normal", "evidence": "cluster active 3 days; FRP 1.0 MW (0.40x cluster avg); Normal", "acq_date": "2026-04-11", "distinct_days": 3 }, "geometry": { "type": "Point", "coordinates": [ 82.47604, 22.58765 ] } },
{ "type": "Feature", "properties": { "final_label": "Natural Fire", "frp": 1.53, "frp_deviation": 1.42, "alert_flag": "Normal", "evidence": "cluster active 3 days; FRP 1.5 MW (1.42x cluster avg); Normal", "acq_date": "2026-04-11", "distinct_days": 3 }, "geometry": { "type": "Point", "coordinates": [ 82.72322, 22.54276 ] } },
{ "type": "Feature", "properties": { "final_label": "Industrial", "frp": 1.74, "frp_deviation": 0.72, "alert_flag": "Normal", "evidence": "Inside OSM industrial zone; cluster active 8 days; FRP 1.7 MW (0.72x cluster avg); Normal", "acq_date": "2026-04-11", "distinct_days": 8 }, "geometry": { "type": "Point", "coordinates": [ 82.66604, 22.33765 ] } },
{ "type": "Feature", "properties": { "final_label": "Industrial", "frp": 1.87, "frp_deviation": 0.68, "alert_flag": "Normal", "evidence": "Within 1 km of OSM industrial zone; cluster active 73 days; FRP 1.9 MW (0.68x cluster avg); Normal", "acq_date": "2026-04-11", "distinct_days": 73 }, "geometry": { "type": "Point", "coordinates": [ 82.60433, 22.33065 ] } },
{ "type": "Feature", "properties": { "final_label": "Industrial", "frp": 1.26, "frp_deviation": 0.56, "alert_flag": "Normal", "evidence": "Inside OSM industrial zone; cluster active 61 days; FRP 1.3 MW (0.56x cluster avg); Normal", "acq_date": "2026-04-11", "distinct_days": 61 }, "geometry": { "type": "Point", "coordinates": [ 82.55708, 22.33513 ] } },
{ "type": "Feature", "properties": { "final_label": "Industrial", "frp": 1.23, "frp_deviation": 0.44, "alert_flag": "Normal", "evidence": "Inside OSM industrial zone; cluster active 71 days; FRP 1.2 MW (0.44x cluster avg); Normal", "acq_date": "2026-04-11", "distinct_days": 71 }, "geometry": { "type": "Point", "coordinates": [ 82.57265, 22.33251 ] } },
{ "type": "Feature", "properties": { "final_label": "Industrial", "frp": 1.47, "frp_deviation": 0.86, "alert_flag": "Normal", "evidence": "Inside OSM industrial zone; cluster active 23 days; FRP 1.5 MW (0.86x cluster avg); Normal", "acq_date": "2026-04-11", "distinct_days": 23 }, "geometry": { "type": "Point", "coordinates": [ 82.58683, 22.32319 ] } },
{ "type": "Feature", "properties": { "final_label": "Industrial", "frp": 1.86, "frp_deviation": 0.74, "alert_flag": "Normal", "evidence": "Inside OSM industrial zone; cluster active 98 days; FRP 1.9 MW (0.74x cluster avg); Normal", "acq_date": "2026-04-11", "distinct_days": 98 }, "geometry": { "type": "Point", "coordinates": [ 82.53382, 22.31825 ] } },
{ "type": "Feature", "properties": { "final_label": "Industrial", "frp": 1.58, "frp_deviation": 0.45, "alert_flag": "Normal", "evidence": "Inside OSM industrial zone; cluster active 96 days; FRP 1.6 MW (0.45x cluster avg); Normal", "acq_date": "2026-04-11", "distinct_days": 96 }, "geometry": { "type": "Point", "coordinates": [ 82.30374, 22.36031 ] } },
{ "type": "Feature", "properties": { "final_label": "Natural Fire", "frp": 2.2, "frp_deviation": null, "alert_flag": "Normal", "evidence": "isolated detection (no persistent cluster); FRP 2.2 MW; Normal", "acq_date": "2026-04-11", "distinct_days": 0 }, "geometry": { "type": "Point", "coordinates": [ 82.73708, 22.55086 ] } },
{ "type": "Feature", "properties": { "final_label": "Industrial", "frp": 1.12, "frp_deviation": 0.45, "alert_flag": "Normal", "evidence": "Inside OSM industrial zone; cluster active 98 days; FRP 1.1 MW (0.45x cluster avg); Normal", "acq_date": "2026-04-11", "distinct_days": 98 }, "geometry": { "type": "Point", "coordinates": [ 82.55704, 22.31433 ] } },
{ "type": "Feature", "properties": { "final_label": "Industrial", "frp": 2.69, "frp_deviation": 1.07, "alert_flag": "Normal", "evidence": "Inside OSM industrial zone; cluster active 98 days; FRP 2.7 MW (1.07x cluster avg); Normal", "acq_date": "2026-04-11", "distinct_days": 98 }, "geometry": { "type": "Point", "coordinates": [ 82.51769, 22.3175 ] } },
{ "type": "Feature", "properties": { "final_label": "Industrial", "frp": 1.79, "frp_deviation": 0.71, "alert_flag": "Normal", "evidence": "Inside OSM industrial zone; cluster active 98 days; FRP 1.8 MW (0.71x cluster avg); Normal", "acq_date": "2026-04-11", "distinct_days": 98 }, "geometry": { "type": "Point", "coordinates": [ 82.52543, 22.31619 ] } },
{ "type": "Feature", "properties": { "final_label": "Industrial", "frp": 1.86, "frp_deviation": 0.74, "alert_flag": "Normal", "evidence": "Inside OSM industrial zone; cluster active 98 days; FRP 1.9 MW (0.74x cluster avg); Normal", "acq_date": "2026-04-11", "distinct_days": 98 }, "geometry": { "type": "Point", "coordinates": [ 82.53316, 22.31489 ] } },
{ "type": "Feature", "properties": { "final_label": "Natural Fire", "frp": 2.26, "frp_deviation": null, "alert_flag": "Normal", "evidence": "isolated detection (no persistent cluster); FRP 2.3 MW; Normal", "acq_date": "2026-04-11", "distinct_days": 0 }, "geometry": { "type": "Point", "coordinates": [ 82.42289, 22.27955 ] } },
{ "type": "Feature", "properties": { "final_label": "Industrial", "frp": 1.73, "frp_deviation": 1.01, "alert_flag": "Normal", "evidence": "Inside OSM industrial zone; cluster active 23 days; FRP 1.7 MW (1.01x cluster avg); Normal", "acq_date": "2026-04-11", "distinct_days": 23 }, "geometry": { "type": "Point", "coordinates": [ 82.58227, 22.32048 ] } },
{ "type": "Feature", "properties": { "final_label": "Natural Fire", "frp": 1.55, "frp_deviation": null, "alert_flag": "Normal", "evidence": "isolated detection (no persistent cluster); FRP 1.6 MW; Normal", "acq_date": "2026-04-11", "distinct_days": 0 }, "geometry": { "type": "Point", "coordinates": [ 82.66689, 22.5849 ] } },
{ "type": "Feature", "properties": { "final_label": "Industrial", "frp": 1.41, "frp_deviation": 0.63, "alert_flag": "Normal", "evidence": "Inside OSM industrial zone; cluster active 61 days; FRP 1.4 MW (0.63x cluster avg); Normal", "acq_date": "2026-04-11", "distinct_days": 61 }, "geometry": { "type": "Point", "coordinates": [ 82.55321, 22.33578 ] } },
{ "type": "Feature", "properties": { "final_label": "Natural Fire", "frp": 2.27, "frp_deviation": 1.33, "alert_flag": "Normal", "evidence": "cluster active 1 days; FRP 2.3 MW (1.33x cluster avg); Normal", "acq_date": "2026-04-11", "distinct_days": 1 }, "geometry": { "type": "Point", "coordinates": [ 82.62193, 22.58264 ] } },
{ "type": "Feature", "properties": { "final_label": "Natural Fire", "frp": 3.62, "frp_deviation": null, "alert_flag": "Normal", "evidence": "isolated detection (no persistent cluster); FRP 3.6 MW; Normal", "acq_date": "2026-04-11", "distinct_days": 0 }, "geometry": { "type": "Point", "coordinates": [ 82.59168, 22.59579 ] } },
{ "type": "Feature", "properties": { "final_label": "Natural Fire", "frp": 10.19, "frp_deviation": null, "alert_flag": "Normal", "evidence": "isolated detection (no persistent cluster); FRP 10.2 MW; Normal", "acq_date": "2026-04-11", "distinct_days": 0 }, "geometry": { "type": "Point", "coordinates": [ 82.51265, 22.16504 ] } },
{ "type": "Feature", "properties": { "final_label": "Natural Fire", "frp": 6.74, "frp_deviation": 0.97, "alert_flag": "Normal", "evidence": "cluster active 2 days; FRP 6.7 MW (0.97x cluster avg); Normal", "acq_date": "2026-04-11", "distinct_days": 2 }, "geometry": { "type": "Point", "coordinates": [ 82.76097, 22.2452 ] } },
{ "type": "Feature", "properties": { "final_label": "Natural Fire", "frp": 1.76, "frp_deviation": null, "alert_flag": "Normal", "evidence": "isolated detection (no persistent cluster); FRP 1.8 MW; Normal", "acq_date": "2026-04-11", "distinct_days": 0 }, "geometry": { "type": "Point", "coordinates": [ 82.84276, 22.26719 ] } },
{ "type": "Feature", "properties": { "final_label": "Natural Fire", "frp": 4.33, "frp_deviation": 1.0, "alert_flag": "Normal", "evidence": "cluster active 2 days; FRP 4.3 MW (1.00x cluster avg); Normal", "acq_date": "2026-04-11", "distinct_days": 2 }, "geometry": { "type": "Point", "coordinates": [ 82.49826, 22.22865 ] } },
{ "type": "Feature", "properties": { "final_label": "Natural Fire", "frp": 8.64, "frp_deviation": 1.12, "alert_flag": "Normal", "evidence": "cluster active 1 days; FRP 8.6 MW (1.12x cluster avg); Normal", "acq_date": "2026-04-11", "distinct_days": 1 }, "geometry": { "type": "Point", "coordinates": [ 82.34745, 22.27766 ] } },
{ "type": "Feature", "properties": { "final_label": "Natural Fire", "frp": 6.76, "frp_deviation": 0.88, "alert_flag": "Normal", "evidence": "cluster active 1 days; FRP 6.8 MW (0.88x cluster avg); Normal", "acq_date": "2026-04-11", "distinct_days": 1 }, "geometry": { "type": "Point", "coordinates": [ 82.34693, 22.28103 ] } },
{ "type": "Feature", "properties": { "final_label": "Natural Fire", "frp": 1.9, "frp_deviation": 1.22, "alert_flag": "Normal", "evidence": "cluster active 2 days; FRP 1.9 MW (1.22x cluster avg); Normal", "acq_date": "2026-04-11", "distinct_days": 2 }, "geometry": { "type": "Point", "coordinates": [ 82.89983, 22.42541 ] } },
{ "type": "Feature", "properties": { "final_label": "Industrial", "frp": 5.8, "frp_deviation": null, "alert_flag": "Normal", "evidence": "Within 1 km of OSM industrial zone; isolated detection (no persistent cluster); FRP 5.8 MW; Normal", "acq_date": "2026-04-11", "distinct_days": 0 }, "geometry": { "type": "Point", "coordinates": [ 82.69278, 22.39668 ] } },
{ "type": "Feature", "properties": { "final_label": "Natural Fire", "frp": 4.33, "frp_deviation": 1.0, "alert_flag": "Normal", "evidence": "cluster active 2 days; FRP 4.3 MW (1.00x cluster avg); Normal", "acq_date": "2026-04-11", "distinct_days": 2 }, "geometry": { "type": "Point", "coordinates": [ 82.49437, 22.2281 ] } },
{ "type": "Feature", "properties": { "final_label": "Natural Fire", "frp": 3.41, "frp_deviation": 1.05, "alert_flag": "Normal", "evidence": "cluster active 2 days; FRP 3.4 MW (1.05x cluster avg); Normal", "acq_date": "2026-04-11", "distinct_days": 2 }, "geometry": { "type": "Point", "coordinates": [ 82.8812, 22.51371 ] } },
{ "type": "Feature", "properties": { "final_label": "Natural Fire", "frp": 0.86, "frp_deviation": null, "alert_flag": "Normal", "evidence": "isolated detection (no persistent cluster); FRP 0.9 MW; Normal", "acq_date": "2026-04-11", "distinct_days": 0 }, "geometry": { "type": "Point", "coordinates": [ 82.77997, 22.50675 ] } },
{ "type": "Feature", "properties": { "final_label": "Natural Fire", "frp": 3.17, "frp_deviation": null, "alert_flag": "Normal", "evidence": "isolated detection (no persistent cluster); FRP 3.2 MW; Normal", "acq_date": "2026-04-11", "distinct_days": 0 }, "geometry": { "type": "Point", "coordinates": [ 82.76877, 22.52265 ] } },
{ "type": "Feature", "properties": { "final_label": "Natural Fire", "frp": 3.44, "frp_deviation": 0.89, "alert_flag": "Normal", "evidence": "cluster active 1 days; FRP 3.4 MW (0.89x cluster avg); Normal", "acq_date": "2026-04-11", "distinct_days": 1 }, "geometry": { "type": "Point", "coordinates": [ 82.67924, 22.55194 ] } },
{ "type": "Feature", "properties": { "final_label": "Natural Fire", "frp": 3.44, "frp_deviation": 0.89, "alert_flag": "Normal", "evidence": "cluster active 1 days; FRP 3.4 MW (0.89x cluster avg); Normal", "acq_date": "2026-04-11", "distinct_days": 1 }, "geometry": { "type": "Point", "coordinates": [ 82.67532, 22.55139 ] } },
{ "type": "Feature", "properties": { "final_label": "Natural Fire", "frp": 4.75, "frp_deviation": 1.23, "alert_flag": "Normal", "evidence": "cluster active 1 days; FRP 4.8 MW (1.23x cluster avg); Normal", "acq_date": "2026-04-11", "distinct_days": 1 }, "geometry": { "type": "Point", "coordinates": [ 82.67137, 22.55083 ] } },
{ "type": "Feature", "properties": { "final_label": "Natural Fire", "frp": 3.28, "frp_deviation": null, "alert_flag": "Normal", "evidence": "isolated detection (no persistent cluster); FRP 3.3 MW; Normal", "acq_date": "2026-04-11", "distinct_days": 0 }, "geometry": { "type": "Point", "coordinates": [ 82.90234, 22.50981 ] } },
{ "type": "Feature", "properties": { "final_label": "Natural Fire", "frp": 1.15, "frp_deviation": 0.67, "alert_flag": "Normal", "evidence": "cluster active 1 days; FRP 1.1 MW (0.67x cluster avg); Normal", "acq_date": "2026-04-11", "distinct_days": 1 }, "geometry": { "type": "Point", "coordinates": [ 82.62179, 22.58207 ] } },
{ "type": "Feature", "properties": { "final_label": "Industrial", "frp": 1.75, "frp_deviation": 1.46, "alert_flag": "Normal", "evidence": "Inside OSM industrial zone; cluster active 16 days; FRP 1.8 MW (1.46x cluster avg); Normal", "acq_date": "2026-04-12", "distinct_days": 16 }, "geometry": { "type": "Point", "coordinates": [ 82.53321, 22.33064 ] } },
{ "type": "Feature", "properties": { "final_label": "Industrial", "frp": 2.32, "frp_deviation": 0.83, "alert_flag": "Normal", "evidence": "Inside OSM industrial zone; cluster active 71 days; FRP 2.3 MW (0.83x cluster avg); Normal", "acq_date": "2026-04-12", "distinct_days": 71 }, "geometry": { "type": "Point", "coordinates": [ 82.57321, 22.33232 ] } },
{ "type": "Feature", "properties": { "final_label": "Industrial", "frp": 2.15, "frp_deviation": 0.95, "alert_flag": "Normal", "evidence": "Inside OSM industrial zone; cluster active 61 days; FRP 2.1 MW (0.95x cluster avg); Normal", "acq_date": "2026-04-12", "distinct_days": 61 }, "geometry": { "type": "Point", "coordinates": [ 82.55605, 22.33472 ] } },
{ "type": "Feature", "properties": { "final_label": "Industrial", "frp": 1.75, "frp_deviation": 0.78, "alert_flag": "Normal", "evidence": "Within 1 km of OSM industrial zone; cluster active 61 days; FRP 1.8 MW (0.78x cluster avg); Normal", "acq_date": "2026-04-12", "distinct_days": 61 }, "geometry": { "type": "Point", "coordinates": [ 82.55171, 22.33532 ] } },
{ "type": "Feature", "properties": { "final_label": "Natural Fire", "frp": 2.31, "frp_deviation": null, "alert_flag": "Normal", "evidence": "isolated detection (no persistent cluster); FRP 2.3 MW; Normal", "acq_date": "2026-04-12", "distinct_days": 0 }, "geometry": { "type": "Point", "coordinates": [ 82.86599, 22.50432 ] } },
{ "type": "Feature", "properties": { "final_label": "Industrial", "frp": 1.72, "frp_deviation": 0.62, "alert_flag": "Normal", "evidence": "Within 1 km of OSM industrial zone; cluster active 73 days; FRP 1.7 MW (0.62x cluster avg); Normal", "acq_date": "2026-04-12", "distinct_days": 73 }, "geometry": { "type": "Point", "coordinates": [ 82.60402, 22.33164 ] } },
{ "type": "Feature", "properties": { "final_label": "Industrial", "frp": 2.26, "frp_deviation": 1.32, "alert_flag": "Normal", "evidence": "Inside OSM industrial zone; cluster active 23 days; FRP 2.3 MW (1.32x cluster avg); Normal", "acq_date": "2026-04-12", "distinct_days": 23 }, "geometry": { "type": "Point", "coordinates": [ 82.58941, 22.32283 ] } },
{ "type": "Feature", "properties": { "final_label": "Natural Fire", "frp": 1.53, "frp_deviation": null, "alert_flag": "Normal", "evidence": "isolated detection (no persistent cluster); FRP 1.5 MW; Normal", "acq_date": "2026-04-12", "distinct_days": 0 }, "geometry": { "type": "Point", "coordinates": [ 82.78678, 22.52263 ] } },
{ "type": "Feature", "properties": { "final_label": "Industrial", "frp": 1.57, "frp_deviation": 0.57, "alert_flag": "Normal", "evidence": "Within 1 km of OSM industrial zone; cluster active 73 days; FRP 1.6 MW (0.57x cluster avg); Normal", "acq_date": "2026-04-12", "distinct_days": 73 }, "geometry": { "type": "Point", "coordinates": [ 82.60834, 22.33104 ] } },
{ "type": "Feature", "properties": { "final_label": "Industrial", "frp": 3.41, "frp_deviation": 0.96, "alert_flag": "Normal", "evidence": "Inside OSM industrial zone; cluster active 96 days; FRP 3.4 MW (0.96x cluster avg); Normal", "acq_date": "2026-04-12", "distinct_days": 96 }, "geometry": { "type": "Point", "coordinates": [ 82.30453, 22.35857 ] } },
{ "type": "Feature", "properties": { "final_label": "Natural Fire", "frp": 4.21, "frp_deviation": 1.04, "alert_flag": "Normal", "evidence": "cluster active 3 days; FRP 4.2 MW (1.04x cluster avg); Normal", "acq_date": "2026-04-12", "distinct_days": 3 }, "geometry": { "type": "Point", "coordinates": [ 82.35663, 22.21025 ] } },
{ "type": "Feature", "properties": { "final_label": "Industrial", "frp": 2.03, "frp_deviation": 0.81, "alert_flag": "Normal", "evidence": "Inside OSM industrial zone; cluster active 98 days; FRP 2.0 MW (0.81x cluster avg); Normal", "acq_date": "2026-04-12", "distinct_days": 98 }, "geometry": { "type": "Point", "coordinates": [ 82.5575, 22.3164 ] } },
{ "type": "Feature", "properties": { "final_label": "Industrial", "frp": 2.64, "frp_deviation": 1.05, "alert_flag": "Normal", "evidence": "Inside OSM industrial zone; cluster active 98 days; FRP 2.6 MW (1.05x cluster avg); Normal", "acq_date": "2026-04-12", "distinct_days": 98 }, "geometry": { "type": "Point", "coordinates": [ 82.53527, 22.31585 ] } },
{ "type": "Feature", "properties": { "final_label": "Industrial", "frp": 3.18, "frp_deviation": 1.27, "alert_flag": "Normal", "evidence": "Inside OSM industrial zone; cluster active 98 days; FRP 3.2 MW (1.27x cluster avg); Normal", "acq_date": "2026-04-12", "distinct_days": 98 }, "geometry": { "type": "Point", "coordinates": [ 82.51733, 22.3147 ] } },
{ "type": "Feature", "properties": { "final_label": "Natural Fire", "frp": 3.05, "frp_deviation": 0.96, "alert_flag": "Normal", "evidence": "cluster active 1 days; FRP 3.0 MW (0.96x cluster avg); Normal", "acq_date": "2026-04-12", "distinct_days": 1 }, "geometry": { "type": "Point", "coordinates": [ 82.42809, 22.28327 ] } },
{ "type": "Feature", "properties": { "final_label": "Natural Fire", "frp": 3.3, "frp_deviation": 1.04, "alert_flag": "Normal", "evidence": "cluster active 1 days; FRP 3.3 MW (1.04x cluster avg); Normal", "acq_date": "2026-04-12", "distinct_days": 1 }, "geometry": { "type": "Point", "coordinates": [ 82.43044, 22.2839 ] } },
{ "type": "Feature", "properties": { "final_label": "Natural Fire", "frp": 2.35, "frp_deviation": null, "alert_flag": "Normal", "evidence": "isolated detection (no persistent cluster); FRP 2.4 MW; Normal", "acq_date": "2026-04-12", "distinct_days": 0 }, "geometry": { "type": "Point", "coordinates": [ 82.84329, 22.21103 ] } },
{ "type": "Feature", "properties": { "final_label": "Natural Fire", "frp": 1.84, "frp_deviation": 0.42, "alert_flag": "Normal", "evidence": "cluster active 2 days; FRP 1.8 MW (0.42x cluster avg); Normal", "acq_date": "2026-04-12", "distinct_days": 2 }, "geometry": { "type": "Point", "coordinates": [ 82.80602, 22.19484 ] } },
{ "type": "Feature", "properties": { "final_label": "Natural Fire", "frp": 2.85, "frp_deviation": 0.7, "alert_flag": "Normal", "evidence": "cluster active 3 days; FRP 2.9 MW (0.70x cluster avg); Normal", "acq_date": "2026-04-12", "distinct_days": 3 }, "geometry": { "type": "Point", "coordinates": [ 82.36092, 22.20966 ] } },
{ "type": "Feature", "properties": { "final_label": "Natural Fire", "frp": 1.9, "frp_deviation": null, "alert_flag": "Normal", "evidence": "isolated detection (no persistent cluster); FRP 1.9 MW; Normal", "acq_date": "2026-04-12", "distinct_days": 0 }, "geometry": { "type": "Point", "coordinates": [ 82.66391, 22.55431 ] } },
{ "type": "Feature", "properties": { "final_label": "Industrial", "frp": 1.63, "frp_deviation": 0.95, "alert_flag": "Normal", "evidence": "Inside OSM industrial zone; cluster active 23 days; FRP 1.6 MW (0.95x cluster avg); Normal", "acq_date": "2026-04-12", "distinct_days": 23 }, "geometry": { "type": "Point", "coordinates": [ 82.58455, 22.31989 ] } },
{ "type": "Feature", "properties": { "final_label": "Natural Fire", "frp": 6.31, "frp_deviation": 2.47, "alert_flag": "Normal", "evidence": "cluster active 3 days; FRP 6.3 MW (2.47x cluster avg); Normal", "acq_date": "2026-04-12", "distinct_days": 3 }, "geometry": { "type": "Point", "coordinates": [ 82.48232, 22.58904 ] } },
{ "type": "Feature", "properties": { "final_label": "Natural Fire", "frp": 3.29, "frp_deviation": null, "alert_flag": "Normal", "evidence": "isolated detection (no persistent cluster); FRP 3.3 MW; Normal", "acq_date": "2026-04-12", "distinct_days": 0 }, "geometry": { "type": "Point", "coordinates": [ 82.74203, 22.54332 ] } },
{ "type": "Feature", "properties": { "final_label": "Natural Fire", "frp": 3.74, "frp_deviation": 1.25, "alert_flag": "Normal", "evidence": "cluster active 5 days; FRP 3.7 MW (1.25x cluster avg); Normal", "acq_date": "2026-04-12", "distinct_days": 5 }, "geometry": { "type": "Point", "coordinates": [ 82.68427, 22.55423 ] } },
{ "type": "Feature", "properties": { "final_label": "Natural Fire", "frp": 10.63, "frp_deviation": null, "alert_flag": "Normal", "evidence": "isolated detection (no persistent cluster); FRP 10.6 MW; Normal", "acq_date": "2026-04-12", "distinct_days": 0 }, "geometry": { "type": "Point", "coordinates": [ 83.05588, 22.14499 ] } },
{ "type": "Feature", "properties": { "final_label": "Natural Fire", "frp": 8.8, "frp_deviation": 2.01, "alert_flag": "Normal", "evidence": "cluster active 2 days; FRP 8.8 MW (2.01x cluster avg); Normal", "acq_date": "2026-04-12", "distinct_days": 2 }, "geometry": { "type": "Point", "coordinates": [ 82.80894, 22.19054 ] } },
{ "type": "Feature", "properties": { "final_label": "Natural Fire", "frp": 4.52, "frp_deviation": null, "alert_flag": "Normal", "evidence": "isolated detection (no persistent cluster); FRP 4.5 MW; Normal", "acq_date": "2026-04-12", "distinct_days": 0 }, "geometry": { "type": "Point", "coordinates": [ 82.6429, 22.17286 ] } },
{ "type": "Feature", "properties": { "final_label": "Natural Fire", "frp": 8.23, "frp_deviation": 1.24, "alert_flag": "Normal", "evidence": "cluster active 1 days; FRP 8.2 MW (1.24x cluster avg); Normal", "acq_date": "2026-04-12", "distinct_days": 1 }, "geometry": { "type": "Point", "coordinates": [ 83.09388, 22.32069 ] } },
{ "type": "Feature", "properties": { "final_label": "Natural Fire", "frp": 5.09, "frp_deviation": 0.76, "alert_flag": "Normal", "evidence": "cluster active 1 days; FRP 5.1 MW (0.76x cluster avg); Normal", "acq_date": "2026-04-12", "distinct_days": 1 }, "geometry": { "type": "Point", "coordinates": [ 83.09426, 22.32347 ] } },
{ "type": "Feature", "properties": { "final_label": "Natural Fire", "frp": 5.71, "frp_deviation": null, "alert_flag": "Normal", "evidence": "isolated detection (no persistent cluster); FRP 5.7 MW; Normal", "acq_date": "2026-04-12", "distinct_days": 0 }, "geometry": { "type": "Point", "coordinates": [ 82.34521, 22.20863 ] } },
{ "type": "Feature", "properties": { "final_label": "Natural Fire", "frp": 4.41, "frp_deviation": 1.02, "alert_flag": "Normal", "evidence": "cluster active 1 days; FRP 4.4 MW (1.02x cluster avg); Normal", "acq_date": "2026-04-12", "distinct_days": 1 }, "geometry": { "type": "Point", "coordinates": [ 82.96668, 22.37301 ] } },
{ "type": "Feature", "properties": { "final_label": "Industrial", "frp": 7.86, "frp_deviation": null, "alert_flag": "Normal", "evidence": "Within 1 km of OSM industrial zone; isolated detection (no persistent cluster); FRP 7.9 MW; Normal", "acq_date": "2026-04-12", "distinct_days": 0 }, "geometry": { "type": "Point", "coordinates": [ 82.75396, 22.34428 ] } },
{ "type": "Feature", "properties": { "final_label": "Natural Fire", "frp": 6.73, "frp_deviation": 1.15, "alert_flag": "Normal", "evidence": "cluster active 2 days; FRP 6.7 MW (1.15x cluster avg); Normal", "acq_date": "2026-04-12", "distinct_days": 2 }, "geometry": { "type": "Point", "coordinates": [ 83.00638, 22.40813 ] } },
{ "type": "Feature", "properties": { "final_label": "Natural Fire", "frp": 2.73, "frp_deviation": null, "alert_flag": "Normal", "evidence": "isolated detection (no persistent cluster); FRP 2.7 MW; Normal", "acq_date": "2026-04-12", "distinct_days": 0 }, "geometry": { "type": "Point", "coordinates": [ 82.86166, 22.38751 ] } },
{ "type": "Feature", "properties": { "final_label": "Natural Fire", "frp": 4.26, "frp_deviation": 0.98, "alert_flag": "Normal", "evidence": "cluster active 1 days; FRP 4.3 MW (0.98x cluster avg); Normal", "acq_date": "2026-04-12", "distinct_days": 1 }, "geometry": { "type": "Point", "coordinates": [ 82.96735, 22.36956 ] } },
{ "type": "Feature", "properties": { "final_label": "Natural Fire", "frp": 3.25, "frp_deviation": 1.0, "alert_flag": "Normal", "evidence": "cluster active 1 days; FRP 3.2 MW (1.00x cluster avg); Normal", "acq_date": "2026-04-12", "distinct_days": 1 }, "geometry": { "type": "Point", "coordinates": [ 82.90244, 22.51615 ] } },
{ "type": "Feature", "properties": { "final_label": "Natural Fire", "frp": 3.19, "frp_deviation": null, "alert_flag": "Normal", "evidence": "isolated detection (no persistent cluster); FRP 3.2 MW; Normal", "acq_date": "2026-04-12", "distinct_days": 0 }, "geometry": { "type": "Point", "coordinates": [ 82.94537, 22.49261 ] } },
{ "type": "Feature", "properties": { "final_label": "Natural Fire", "frp": 3.74, "frp_deviation": 1.25, "alert_flag": "Normal", "evidence": "cluster active 5 days; FRP 3.7 MW (1.25x cluster avg); Normal", "acq_date": "2026-04-12", "distinct_days": 5 }, "geometry": { "type": "Point", "coordinates": [ 82.68843, 22.55494 ] } },
{ "type": "Feature", "properties": { "final_label": "Natural Fire", "frp": 5.73, "frp_deviation": null, "alert_flag": "Normal", "evidence": "isolated detection (no persistent cluster); FRP 5.7 MW; Normal", "acq_date": "2026-04-12", "distinct_days": 0 }, "geometry": { "type": "Point", "coordinates": [ 82.68127, 22.54653 ] } },
{ "type": "Feature", "properties": { "final_label": "Natural Fire", "frp": 7.88, "frp_deviation": null, "alert_flag": "Normal", "evidence": "isolated detection (no persistent cluster); FRP 7.9 MW; Normal", "acq_date": "2026-04-12", "distinct_days": 0 }, "geometry": { "type": "Point", "coordinates": [ 82.6861, 22.54375 ] } },
{ "type": "Feature", "properties": { "final_label": "Natural Fire", "frp": 4.16, "frp_deviation": null, "alert_flag": "Normal", "evidence": "isolated detection (no persistent cluster); FRP 4.2 MW; Normal", "acq_date": "2026-04-12", "distinct_days": 0 }, "geometry": { "type": "Point", "coordinates": [ 82.93951, 22.58655 ] } },
{ "type": "Feature", "properties": { "final_label": "Natural Fire", "frp": 3.37, "frp_deviation": 1.13, "alert_flag": "Normal", "evidence": "cluster active 5 days; FRP 3.4 MW (1.13x cluster avg); Normal", "acq_date": "2026-04-12", "distinct_days": 5 }, "geometry": { "type": "Point", "coordinates": [ 82.68776, 22.55842 ] } },
{ "type": "Feature", "properties": { "final_label": "Natural Fire", "frp": 4.99, "frp_deviation": null, "alert_flag": "Normal", "evidence": "isolated detection (no persistent cluster); FRP 5.0 MW; Normal", "acq_date": "2026-04-12", "distinct_days": 0 }, "geometry": { "type": "Point", "coordinates": [ 82.8178, 22.51239 ] } },
{ "type": "Feature", "properties": { "final_label": "Natural Fire", "frp": 3.25, "frp_deviation": 1.0, "alert_flag": "Normal", "evidence": "cluster active 1 days; FRP 3.2 MW (1.00x cluster avg); Normal", "acq_date": "2026-04-12", "distinct_days": 1 }, "geometry": { "type": "Point", "coordinates": [ 82.90175, 22.51961 ] } },
{ "type": "Feature", "properties": { "final_label": "Natural Fire", "frp": 2.74, "frp_deviation": null, "alert_flag": "Normal", "evidence": "isolated detection (no persistent cluster); FRP 2.7 MW; Normal", "acq_date": "2026-04-12", "distinct_days": 0 }, "geometry": { "type": "Point", "coordinates": [ 82.87356, 22.51121 ] } },
{ "type": "Feature", "properties": { "final_label": "Natural Fire", "frp": 2.02, "frp_deviation": null, "alert_flag": "Normal", "evidence": "isolated detection (no persistent cluster); FRP 2.0 MW; Normal", "acq_date": "2026-04-12", "distinct_days": 0 }, "geometry": { "type": "Point", "coordinates": [ 82.82979, 22.53948 ] } },
{ "type": "Feature", "properties": { "final_label": "Industrial", "frp": 3.31, "frp_deviation": 1.47, "alert_flag": "Normal", "evidence": "Inside OSM industrial zone; cluster active 61 days; FRP 3.3 MW (1.47x cluster avg); Normal", "acq_date": "2026-04-13", "distinct_days": 61 }, "geometry": { "type": "Point", "coordinates": [ 82.55223, 22.33729 ] } },
{ "type": "Feature", "properties": { "final_label": "Natural Fire", "frp": 5.57, "frp_deviation": null, "alert_flag": "Normal", "evidence": "isolated detection (no persistent cluster); FRP 5.6 MW; Normal", "acq_date": "2026-04-13", "distinct_days": 0 }, "geometry": { "type": "Point", "coordinates": [ 82.35126, 22.20749 ] } },
{ "type": "Feature", "properties": { "final_label": "Natural Fire", "frp": 2.79, "frp_deviation": 0.69, "alert_flag": "Normal", "evidence": "cluster active 3 days; FRP 2.8 MW (0.69x cluster avg); Normal", "acq_date": "2026-04-13", "distinct_days": 3 }, "geometry": { "type": "Point", "coordinates": [ 82.35385, 22.21205 ] } },
{ "type": "Feature", "properties": { "final_label": "Industrial", "frp": 3.89, "frp_deviation": 1.55, "alert_flag": "Normal", "evidence": "Inside OSM industrial zone; cluster active 98 days; FRP 3.9 MW (1.55x cluster avg); Normal", "acq_date": "2026-04-13", "distinct_days": 98 }, "geometry": { "type": "Point", "coordinates": [ 82.51991, 22.31514 ] } },
{ "type": "Feature", "properties": { "final_label": "Industrial", "frp": 2.67, "frp_deviation": 1.06, "alert_flag": "Normal", "evidence": "Inside OSM industrial zone; cluster active 98 days; FRP 2.7 MW (1.06x cluster avg); Normal", "acq_date": "2026-04-13", "distinct_days": 98 }, "geometry": { "type": "Point", "coordinates": [ 82.51452, 22.31573 ] } },
{ "type": "Feature", "properties": { "final_label": "Industrial", "frp": 2.61, "frp_deviation": 1.04, "alert_flag": "Normal", "evidence": "Inside OSM industrial zone; cluster active 98 days; FRP 2.6 MW (1.04x cluster avg); Normal", "acq_date": "2026-04-13", "distinct_days": 98 }, "geometry": { "type": "Point", "coordinates": [ 82.5583, 22.3157 ] } },
{ "type": "Feature", "properties": { "final_label": "Industrial", "frp": 2.94, "frp_deviation": 0.83, "alert_flag": "Normal", "evidence": "Inside OSM industrial zone; cluster active 96 days; FRP 2.9 MW (0.83x cluster avg); Normal", "acq_date": "2026-04-13", "distinct_days": 96 }, "geometry": { "type": "Point", "coordinates": [ 82.30227, 22.35831 ] } },
{ "type": "Feature", "properties": { "final_label": "Industrial", "frp": 2.58, "frp_deviation": 1.14, "alert_flag": "Normal", "evidence": "Inside OSM industrial zone; cluster active 61 days; FRP 2.6 MW (1.14x cluster avg); Normal", "acq_date": "2026-04-13", "distinct_days": 61 }, "geometry": { "type": "Point", "coordinates": [ 82.55541, 22.33513 ] } },
{ "type": "Feature", "properties": { "final_label": "Industrial", "frp": 1.53, "frp_deviation": 0.43, "alert_flag": "Normal", "evidence": "Inside OSM industrial zone; cluster active 96 days; FRP 1.5 MW (0.43x cluster avg); Normal", "acq_date": "2026-04-13", "distinct_days": 96 }, "geometry": { "type": "Point", "coordinates": [ 82.30295, 22.3631 ] } },
{ "type": "Feature", "properties": { "final_label": "Industrial", "frp": 2.89, "frp_deviation": 1.04, "alert_flag": "Normal", "evidence": "Inside OSM industrial zone; cluster active 73 days; FRP 2.9 MW (1.04x cluster avg); Normal", "acq_date": "2026-04-13", "distinct_days": 73 }, "geometry": { "type": "Point", "coordinates": [ 82.60574, 22.3317 ] } },
{ "type": "Feature", "properties": { "final_label": "Natural Fire", "frp": 5.37, "frp_deviation": 1.33, "alert_flag": "Normal", "evidence": "cluster active 3 days; FRP 5.4 MW (1.33x cluster avg); Normal", "acq_date": "2026-04-13", "distinct_days": 3 }, "geometry": { "type": "Point", "coordinates": [ 82.35674, 22.2069 ] } },
{ "type": "Feature", "properties": { "final_label": "Industrial", "frp": 1.72, "frp_deviation": 0.49, "alert_flag": "Normal", "evidence": "Inside OSM industrial zone; cluster active 96 days; FRP 1.7 MW (0.49x cluster avg); Normal", "acq_date": "2026-04-13", "distinct_days": 96 }, "geometry": { "type": "Point", "coordinates": [ 82.30475, 22.36289 ] } },
{ "type": "Feature", "properties": { "final_label": "Natural Fire", "frp": 3.58, "frp_deviation": 1.42, "alert_flag": "Normal", "evidence": "cluster active 1 days; FRP 3.6 MW (1.42x cluster avg); Normal", "acq_date": "2026-04-13", "distinct_days": 1 }, "geometry": { "type": "Point", "coordinates": [ 82.61884, 22.56775 ] } },
{ "type": "Feature", "properties": { "final_label": "Natural Fire", "frp": 2.08, "frp_deviation": 0.83, "alert_flag": "Normal", "evidence": "cluster active 1 days; FRP 2.1 MW (0.83x cluster avg); Normal", "acq_date": "2026-04-13", "distinct_days": 1 }, "geometry": { "type": "Point", "coordinates": [ 82.6164, 22.56606 ] } },
{ "type": "Feature", "properties": { "final_label": "Natural Fire", "frp": 10.78, "frp_deviation": null, "alert_flag": "Normal", "evidence": "isolated detection (no persistent cluster); FRP 10.8 MW; Normal", "acq_date": "2026-04-13", "distinct_days": 0 }, "geometry": { "type": "Point", "coordinates": [ 82.37132, 22.21037 ] } },
{ "type": "Feature", "properties": { "final_label": "Natural Fire", "frp": 9.11, "frp_deviation": null, "alert_flag": "Normal", "evidence": "isolated detection (no persistent cluster); FRP 9.1 MW; Normal", "acq_date": "2026-04-13", "distinct_days": 0 }, "geometry": { "type": "Point", "coordinates": [ 82.40906, 22.28884 ] } },
{ "type": "Feature", "properties": { "final_label": "Natural Fire", "frp": 3.36, "frp_deviation": null, "alert_flag": "Normal", "evidence": "isolated detection (no persistent cluster); FRP 3.4 MW; Normal", "acq_date": "2026-04-13", "distinct_days": 0 }, "geometry": { "type": "Point", "coordinates": [ 82.94981, 22.44617 ] } },
{ "type": "Feature", "properties": { "final_label": "Natural Fire", "frp": 2.56, "frp_deviation": null, "alert_flag": "Normal", "evidence": "isolated detection (no persistent cluster); FRP 2.6 MW; Normal", "acq_date": "2026-04-13", "distinct_days": 0 }, "geometry": { "type": "Point", "coordinates": [ 82.99348, 22.23149 ] } },
{ "type": "Feature", "properties": { "final_label": "Natural Fire", "frp": 5.96, "frp_deviation": null, "alert_flag": "Normal", "evidence": "isolated detection (no persistent cluster); FRP 6.0 MW; Normal", "acq_date": "2026-04-13", "distinct_days": 0 }, "geometry": { "type": "Point", "coordinates": [ 82.8118, 22.58105 ] } },
{ "type": "Feature", "properties": { "final_label": "Natural Fire", "frp": 4.88, "frp_deviation": null, "alert_flag": "Normal", "evidence": "isolated detection (no persistent cluster); FRP 4.9 MW; Normal", "acq_date": "2026-04-13", "distinct_days": 0 }, "geometry": { "type": "Point", "coordinates": [ 82.8066, 22.58468 ] } },
{ "type": "Feature", "properties": { "final_label": "Natural Fire", "frp": 2.39, "frp_deviation": null, "alert_flag": "Normal", "evidence": "isolated detection (no persistent cluster); FRP 2.4 MW; Normal", "acq_date": "2026-04-13", "distinct_days": 0 }, "geometry": { "type": "Point", "coordinates": [ 82.78751, 22.5829 ] } },
{ "type": "Feature", "properties": { "final_label": "Natural Fire", "frp": 1.89, "frp_deviation": 0.75, "alert_flag": "Normal", "evidence": "cluster active 1 days; FRP 1.9 MW (0.75x cluster avg); Normal", "acq_date": "2026-04-13", "distinct_days": 1 }, "geometry": { "type": "Point", "coordinates": [ 82.61323, 22.56834 ] } },
{ "type": "Feature", "properties": { "final_label": "Natural Fire", "frp": 7.52, "frp_deviation": null, "alert_flag": "Normal", "evidence": "isolated detection (no persistent cluster); FRP 7.5 MW; Normal", "acq_date": "2026-04-13", "distinct_days": 0 }, "geometry": { "type": "Point", "coordinates": [ 82.61561, 22.51701 ] } },
{ "type": "Feature", "properties": { "final_label": "Industrial", "frp": 3.09, "frp_deviation": 1.23, "alert_flag": "Normal", "evidence": "Inside OSM industrial zone; cluster active 98 days; FRP 3.1 MW (1.23x cluster avg); Normal", "acq_date": "2026-04-14", "distinct_days": 98 }, "geometry": { "type": "Point", "coordinates": [ 82.51897, 22.31919 ] } },
{ "type": "Feature", "properties": { "final_label": "Natural Fire", "frp": 3.49, "frp_deviation": null, "alert_flag": "Normal", "evidence": "isolated detection (no persistent cluster); FRP 3.5 MW; Normal", "acq_date": "2026-04-14", "distinct_days": 0 }, "geometry": { "type": "Point", "coordinates": [ 82.36532, 22.22283 ] } },
{ "type": "Feature", "properties": { "final_label": "Industrial", "frp": 2.63, "frp_deviation": 0.74, "alert_flag": "Normal", "evidence": "Inside OSM industrial zone; cluster active 96 days; FRP 2.6 MW (0.74x cluster avg); Normal", "acq_date": "2026-04-14", "distinct_days": 96 }, "geometry": { "type": "Point", "coordinates": [ 82.30434, 22.36014 ] } },
{ "type": "Feature", "properties": { "final_label": "Industrial", "frp": 2.78, "frp_deviation": 1.11, "alert_flag": "Normal", "evidence": "Inside OSM industrial zone; cluster active 98 days; FRP 2.8 MW (1.11x cluster avg); Normal", "acq_date": "2026-04-14", "distinct_days": 98 }, "geometry": { "type": "Point", "coordinates": [ 82.53229, 22.31818 ] } },
{ "type": "Feature", "properties": { "final_label": "Industrial", "frp": 2.42, "frp_deviation": 0.96, "alert_flag": "Normal", "evidence": "Inside OSM industrial zone; cluster active 98 days; FRP 2.4 MW (0.96x cluster avg); Normal", "acq_date": "2026-04-14", "distinct_days": 98 }, "geometry": { "type": "Point", "coordinates": [ 82.53933, 22.32306 ] } },
{ "type": "Feature", "properties": { "final_label": "Industrial", "frp": 1.17, "frp_deviation": 0.42, "alert_flag": "Normal", "evidence": "Inside OSM industrial zone; cluster active 71 days; FRP 1.2 MW (0.42x cluster avg); Normal", "acq_date": "2026-04-14", "distinct_days": 71 }, "geometry": { "type": "Point", "coordinates": [ 82.57243, 22.33205 ] } },
{ "type": "Feature", "properties": { "final_label": "Industrial", "frp": 1.21, "frp_deviation": 0.54, "alert_flag": "Normal", "evidence": "Inside OSM industrial zone; cluster active 61 days; FRP 1.2 MW (0.54x cluster avg); Normal", "acq_date": "2026-04-14", "distinct_days": 61 }, "geometry": { "type": "Point", "coordinates": [ 82.55583, 22.33615 ] } },
{ "type": "Feature", "properties": { "final_label": "Natural Fire", "frp": 2.56, "frp_deviation": 0.54, "alert_flag": "Normal", "evidence": "cluster active 3 days; FRP 2.6 MW (0.54x cluster avg); Normal", "acq_date": "2026-04-14", "distinct_days": 3 }, "geometry": { "type": "Point", "coordinates": [ 82.44556, 22.28665 ] } },
{ "type": "Feature", "properties": { "final_label": "Industrial", "frp": 2.79, "frp_deviation": 1.11, "alert_flag": "Normal", "evidence": "Inside OSM industrial zone; cluster active 98 days; FRP 2.8 MW (1.11x cluster avg); Normal", "acq_date": "2026-04-14", "distinct_days": 98 }, "geometry": { "type": "Point", "coordinates": [ 82.51499, 22.31549 ] } },
{ "type": "Feature", "properties": { "final_label": "Natural Fire", "frp": 3.0, "frp_deviation": 1.05, "alert_flag": "Normal", "evidence": "cluster active 1 days; FRP 3.0 MW (1.05x cluster avg); Normal", "acq_date": "2026-04-14", "distinct_days": 1 }, "geometry": { "type": "Point", "coordinates": [ 82.81637, 22.59699 ] } },
{ "type": "Feature", "properties": { "final_label": "Industrial", "frp": 1.46, "frp_deviation": 0.41, "alert_flag": "Normal", "evidence": "Inside OSM industrial zone; cluster active 96 days; FRP 1.5 MW (0.41x cluster avg); Normal", "acq_date": "2026-04-14", "distinct_days": 96 }, "geometry": { "type": "Point", "coordinates": [ 82.30309, 22.35769 ] } },
{ "type": "Feature", "properties": { "final_label": "Natural Fire", "frp": 2.7, "frp_deviation": 0.95, "alert_flag": "Normal", "evidence": "cluster active 1 days; FRP 2.7 MW (0.95x cluster avg); Normal", "acq_date": "2026-04-14", "distinct_days": 1 }, "geometry": { "type": "Point", "coordinates": [ 82.81618, 22.59443 ] } },
{ "type": "Feature", "properties": { "final_label": "Natural Fire", "frp": 6.32, "frp_deviation": 0.96, "alert_flag": "Normal", "evidence": "cluster active 1 days; FRP 6.3 MW (0.96x cluster avg); Normal", "acq_date": "2026-04-14", "distinct_days": 1 }, "geometry": { "type": "Point", "coordinates": [ 82.80984, 22.53205 ] } },
{ "type": "Feature", "properties": { "final_label": "Natural Fire", "frp": 6.8, "frp_deviation": 1.04, "alert_flag": "Normal", "evidence": "cluster active 1 days; FRP 6.8 MW (1.04x cluster avg); Normal", "acq_date": "2026-04-14", "distinct_days": 1 }, "geometry": { "type": "Point", "coordinates": [ 82.81076, 22.53335 ] } },
{ "type": "Feature", "properties": { "final_label": "Natural Fire", "frp": 6.77, "frp_deviation": 1.04, "alert_flag": "Normal", "evidence": "cluster active 2 days; FRP 6.8 MW (1.04x cluster avg); Normal", "acq_date": "2026-04-14", "distinct_days": 2 }, "geometry": { "type": "Point", "coordinates": [ 82.83572, 22.52198 ] } },
{ "type": "Feature", "properties": { "final_label": "Natural Fire", "frp": 3.55, "frp_deviation": null, "alert_flag": "Normal", "evidence": "isolated detection (no persistent cluster); FRP 3.5 MW; Normal", "acq_date": "2026-04-14", "distinct_days": 0 }, "geometry": { "type": "Point", "coordinates": [ 82.87634, 22.51901 ] } },
{ "type": "Feature", "properties": { "final_label": "Natural Fire", "frp": 3.04, "frp_deviation": null, "alert_flag": "Normal", "evidence": "isolated detection (no persistent cluster); FRP 3.0 MW; Normal", "acq_date": "2026-04-14", "distinct_days": 0 }, "geometry": { "type": "Point", "coordinates": [ 82.64709, 22.36144 ] } },
{ "type": "Feature", "properties": { "final_label": "Industrial", "frp": 1.64, "frp_deviation": 0.73, "alert_flag": "Normal", "evidence": "Inside OSM industrial zone; cluster active 61 days; FRP 1.6 MW (0.73x cluster avg); Normal", "acq_date": "2026-04-14", "distinct_days": 61 }, "geometry": { "type": "Point", "coordinates": [ 82.55093, 22.33835 ] } },
{ "type": "Feature", "properties": { "final_label": "Industrial", "frp": 3.21, "frp_deviation": 1.28, "alert_flag": "Normal", "evidence": "Inside OSM industrial zone; cluster active 98 days; FRP 3.2 MW (1.28x cluster avg); Normal", "acq_date": "2026-04-15", "distinct_days": 98 }, "geometry": { "type": "Point", "coordinates": [ 82.53116, 22.31465 ] } },
{ "type": "Feature", "properties": { "final_label": "Natural Fire", "frp": 2.65, "frp_deviation": 0.94, "alert_flag": "Normal", "evidence": "cluster active 4 days; FRP 2.6 MW (0.94x cluster avg); Normal", "acq_date": "2026-04-15", "distinct_days": 4 }, "geometry": { "type": "Point", "coordinates": [ 82.37126, 22.229 ] } },
{ "type": "Feature", "properties": { "final_label": "Natural Fire", "frp": 2.65, "frp_deviation": 0.94, "alert_flag": "Normal", "evidence": "cluster active 4 days; FRP 2.6 MW (0.94x cluster avg); Normal", "acq_date": "2026-04-15", "distinct_days": 4 }, "geometry": { "type": "Point", "coordinates": [ 82.3662, 22.23006 ] } },
{ "type": "Feature", "properties": { "final_label": "Natural Fire", "frp": 4.72, "frp_deviation": 0.99, "alert_flag": "Normal", "evidence": "cluster active 3 days; FRP 4.7 MW (0.99x cluster avg); Normal", "acq_date": "2026-04-15", "distinct_days": 3 }, "geometry": { "type": "Point", "coordinates": [ 82.44495, 22.2889 ] } },
{ "type": "Feature", "properties": { "final_label": "Industrial", "frp": 2.77, "frp_deviation": 0.78, "alert_flag": "Normal", "evidence": "Inside OSM industrial zone; cluster active 96 days; FRP 2.8 MW (0.78x cluster avg); Normal", "acq_date": "2026-04-15", "distinct_days": 96 }, "geometry": { "type": "Point", "coordinates": [ 82.30357, 22.35739 ] } },
{ "type": "Feature", "properties": { "final_label": "Industrial", "frp": 3.21, "frp_deviation": 1.28, "alert_flag": "Normal", "evidence": "Inside OSM industrial zone; cluster active 98 days; FRP 3.2 MW (1.28x cluster avg); Normal", "acq_date": "2026-04-15", "distinct_days": 98 }, "geometry": { "type": "Point", "coordinates": [ 82.53763, 22.31819 ] } },
{ "type": "Feature", "properties": { "final_label": "Industrial", "frp": 6.26, "frp_deviation": 2.5, "alert_flag": "Normal", "evidence": "Inside OSM industrial zone; cluster active 98 days; FRP 6.3 MW (2.50x cluster avg); Normal", "acq_date": "2026-04-15", "distinct_days": 98 }, "geometry": { "type": "Point", "coordinates": [ 82.5377, 22.31931 ] } },
{ "type": "Feature", "properties": { "final_label": "Industrial", "frp": 2.02, "frp_deviation": 0.84, "alert_flag": "Normal", "evidence": "Inside OSM industrial zone; cluster active 8 days; FRP 2.0 MW (0.84x cluster avg); Normal", "acq_date": "2026-04-15", "distinct_days": 8 }, "geometry": { "type": "Point", "coordinates": [ 82.66414, 22.3372 ] } },
{ "type": "Feature", "properties": { "final_label": "Industrial", "frp": 3.13, "frp_deviation": null, "alert_flag": "Normal", "evidence": "Within 1 km of OSM industrial zone; isolated detection (no persistent cluster); FRP 3.1 MW; Normal", "acq_date": "2026-04-15", "distinct_days": 0 }, "geometry": { "type": "Point", "coordinates": [ 82.64095, 22.3741 ] } },
{ "type": "Feature", "properties": { "final_label": "Natural Fire", "frp": 8.91, "frp_deviation": 1.61, "alert_flag": "Normal", "evidence": "cluster active 2 days; FRP 8.9 MW (1.61x cluster avg); Normal", "acq_date": "2026-04-15", "distinct_days": 2 }, "geometry": { "type": "Point", "coordinates": [ 82.80659, 22.35686 ] } },
{ "type": "Feature", "properties": { "final_label": "Natural Fire", "frp": 3.58, "frp_deviation": null, "alert_flag": "Normal", "evidence": "isolated detection (no persistent cluster); FRP 3.6 MW; Normal", "acq_date": "2026-04-15", "distinct_days": 0 }, "geometry": { "type": "Point", "coordinates": [ 82.48774, 22.23657 ] } },
{ "type": "Feature", "properties": { "final_label": "Natural Fire", "frp": 5.0, "frp_deviation": 1.24, "alert_flag": "Normal", "evidence": "cluster active 3 days; FRP 5.0 MW (1.24x cluster avg); Normal", "acq_date": "2026-04-15", "distinct_days": 3 }, "geometry": { "type": "Point", "coordinates": [ 82.35767, 22.21308 ] } },
{ "type": "Feature", "properties": { "final_label": "Industrial", "frp": 3.59, "frp_deviation": 1.29, "alert_flag": "Normal", "evidence": "Inside OSM industrial zone; cluster active 71 days; FRP 3.6 MW (1.29x cluster avg); Normal", "acq_date": "2026-04-15", "distinct_days": 71 }, "geometry": { "type": "Point", "coordinates": [ 82.57471, 22.33004 ] } },
{ "type": "Feature", "properties": { "final_label": "Industrial", "frp": 1.87, "frp_deviation": 0.77, "alert_flag": "Normal", "evidence": "Inside OSM industrial zone; cluster active 8 days; FRP 1.9 MW (0.77x cluster avg); Normal", "acq_date": "2026-04-16", "distinct_days": 8 }, "geometry": { "type": "Point", "coordinates": [ 82.66351, 22.33722 ] } },
{ "type": "Feature", "properties": { "final_label": "Industrial", "frp": 0.81, "frp_deviation": 0.36, "alert_flag": "Normal", "evidence": "Within 1 km of OSM industrial zone; cluster active 61 days; FRP 0.8 MW (0.36x cluster avg); Normal", "acq_date": "2026-04-16", "distinct_days": 61 }, "geometry": { "type": "Point", "coordinates": [ 82.54987, 22.33935 ] } },
{ "type": "Feature", "properties": { "final_label": "Industrial", "frp": 2.16, "frp_deviation": 0.96, "alert_flag": "Normal", "evidence": "Inside OSM industrial zone; cluster active 61 days; FRP 2.2 MW (0.96x cluster avg); Normal", "acq_date": "2026-04-16", "distinct_days": 61 }, "geometry": { "type": "Point", "coordinates": [ 82.55586, 22.33562 ] } },
{ "type": "Feature", "properties": { "final_label": "Industrial", "frp": 2.92, "frp_deviation": 1.05, "alert_flag": "Normal", "evidence": "Inside OSM industrial zone; cluster active 71 days; FRP 2.9 MW (1.05x cluster avg); Normal", "acq_date": "2026-04-16", "distinct_days": 71 }, "geometry": { "type": "Point", "coordinates": [ 82.57355, 22.33251 ] } },
{ "type": "Feature", "properties": { "final_label": "Industrial", "frp": 2.92, "frp_deviation": 1.05, "alert_flag": "Normal", "evidence": "Inside OSM industrial zone; cluster active 71 days; FRP 2.9 MW (1.05x cluster avg); Normal", "acq_date": "2026-04-16", "distinct_days": 71 }, "geometry": { "type": "Point", "coordinates": [ 82.57278, 22.32896 ] } },
{ "type": "Feature", "properties": { "final_label": "Natural Fire", "frp": 1.73, "frp_deviation": null, "alert_flag": "Normal", "evidence": "isolated detection (no persistent cluster); FRP 1.7 MW; Normal", "acq_date": "2026-04-16", "distinct_days": 0 }, "geometry": { "type": "Point", "coordinates": [ 82.37141, 22.35706 ] } },
{ "type": "Feature", "properties": { "final_label": "Industrial", "frp": 1.86, "frp_deviation": 0.74, "alert_flag": "Normal", "evidence": "Within 1 km of OSM industrial zone; cluster active 98 days; FRP 1.9 MW (0.74x cluster avg); Normal", "acq_date": "2026-04-16", "distinct_days": 98 }, "geometry": { "type": "Point", "coordinates": [ 82.5442, 22.32296 ] } },
{ "type": "Feature", "properties": { "final_label": "Industrial", "frp": 1.86, "frp_deviation": 0.74, "alert_flag": "Normal", "evidence": "Inside OSM industrial zone; cluster active 98 days; FRP 1.9 MW (0.74x cluster avg); Normal", "acq_date": "2026-04-16", "distinct_days": 98 }, "geometry": { "type": "Point", "coordinates": [ 82.53911, 22.32018 ] } },
{ "type": "Feature", "properties": { "final_label": "Industrial", "frp": 1.85, "frp_deviation": 0.52, "alert_flag": "Normal", "evidence": "Inside OSM industrial zone; cluster active 96 days; FRP 1.9 MW (0.52x cluster avg); Normal", "acq_date": "2026-04-16", "distinct_days": 96 }, "geometry": { "type": "Point", "coordinates": [ 82.30145, 22.36206 ] } },
{ "type": "Feature", "properties": { "final_label": "Industrial", "frp": 2.0, "frp_deviation": 0.8, "alert_flag": "Normal", "evidence": "Inside OSM industrial zone; cluster active 98 days; FRP 2.0 MW (0.80x cluster avg); Normal", "acq_date": "2026-04-16", "distinct_days": 98 }, "geometry": { "type": "Point", "coordinates": [ 82.53401, 22.31741 ] } },
{ "type": "Feature", "properties": { "final_label": "Natural Fire", "frp": 3.29, "frp_deviation": 1.1, "alert_flag": "Normal", "evidence": "cluster active 5 days; FRP 3.3 MW (1.10x cluster avg); Normal", "acq_date": "2026-04-16", "distinct_days": 5 }, "geometry": { "type": "Point", "coordinates": [ 82.68961, 22.55124 ] } },
{ "type": "Feature", "properties": { "final_label": "Industrial", "frp": 1.97, "frp_deviation": 0.79, "alert_flag": "Normal", "evidence": "Inside OSM industrial zone; cluster active 98 days; FRP 2.0 MW (0.79x cluster avg); Normal", "acq_date": "2026-04-16", "distinct_days": 98 }, "geometry": { "type": "Point", "coordinates": [ 82.51582, 22.31695 ] } },
{ "type": "Feature", "properties": { "final_label": "Industrial", "frp": 2.0, "frp_deviation": 0.8, "alert_flag": "Normal", "evidence": "Within 1 km of OSM industrial zone; cluster active 98 days; FRP 2.0 MW (0.80x cluster avg); Normal", "acq_date": "2026-04-16", "distinct_days": 98 }, "geometry": { "type": "Point", "coordinates": [ 82.53329, 22.31386 ] } },
{ "type": "Feature", "properties": { "final_label": "Natural Fire", "frp": 1.24, "frp_deviation": 1.0, "alert_flag": "Normal", "evidence": "cluster active 1 days; FRP 1.2 MW (1.00x cluster avg); Normal", "acq_date": "2026-04-16", "distinct_days": 1 }, "geometry": { "type": "Point", "coordinates": [ 82.81614, 22.25974 ] } },
{ "type": "Feature", "properties": { "final_label": "Natural Fire", "frp": 1.24, "frp_deviation": 1.0, "alert_flag": "Normal", "evidence": "cluster active 1 days; FRP 1.2 MW (1.00x cluster avg); Normal", "acq_date": "2026-04-16", "distinct_days": 1 }, "geometry": { "type": "Point", "coordinates": [ 82.81533, 22.25616 ] } },
{ "type": "Feature", "properties": { "final_label": "Natural Fire", "frp": 2.88, "frp_deviation": null, "alert_flag": "Normal", "evidence": "isolated detection (no persistent cluster); FRP 2.9 MW; Normal", "acq_date": "2026-04-16", "distinct_days": 0 }, "geometry": { "type": "Point", "coordinates": [ 82.45512, 22.28738 ] } },
{ "type": "Feature", "properties": { "final_label": "Natural Fire", "frp": 2.9, "frp_deviation": 1.02, "alert_flag": "Normal", "evidence": "cluster active 4 days; FRP 2.9 MW (1.02x cluster avg); Normal", "acq_date": "2026-04-16", "distinct_days": 4 }, "geometry": { "type": "Point", "coordinates": [ 82.37325, 22.23299 ] } },
{ "type": "Feature", "properties": { "final_label": "Natural Fire", "frp": 2.9, "frp_deviation": 1.02, "alert_flag": "Normal", "evidence": "cluster active 4 days; FRP 2.9 MW (1.02x cluster avg); Normal", "acq_date": "2026-04-16", "distinct_days": 4 }, "geometry": { "type": "Point", "coordinates": [ 82.36893, 22.23375 ] } },
{ "type": "Feature", "properties": { "final_label": "Natural Fire", "frp": 3.56, "frp_deviation": 1.09, "alert_flag": "Normal", "evidence": "cluster active 2 days; FRP 3.6 MW (1.09x cluster avg); Normal", "acq_date": "2026-04-16", "distinct_days": 2 }, "geometry": { "type": "Point", "coordinates": [ 82.35381, 22.22547 ] } },
{ "type": "Feature", "properties": { "final_label": "Industrial", "frp": 3.48, "frp_deviation": 0.98, "alert_flag": "Normal", "evidence": "Inside OSM industrial zone; cluster active 96 days; FRP 3.5 MW (0.98x cluster avg); Normal", "acq_date": "2026-04-16", "distinct_days": 96 }, "geometry": { "type": "Point", "coordinates": [ 82.30502, 22.3578 ] } },
{ "type": "Feature", "properties": { "final_label": "Natural Fire", "frp": 2.72, "frp_deviation": null, "alert_flag": "Normal", "evidence": "isolated detection (no persistent cluster); FRP 2.7 MW; Normal", "acq_date": "2026-04-16", "distinct_days": 0 }, "geometry": { "type": "Point", "coordinates": [ 82.65154, 22.5655 ] } },
{ "type": "Feature", "properties": { "final_label": "Industrial", "frp": 2.62, "frp_deviation": 0.95, "alert_flag": "Normal", "evidence": "Within 1 km of OSM industrial zone; cluster active 73 days; FRP 2.6 MW (0.95x cluster avg); Normal", "acq_date": "2026-04-16", "distinct_days": 73 }, "geometry": { "type": "Point", "coordinates": [ 82.60497, 22.33065 ] } },
{ "type": "Feature", "properties": { "final_label": "Natural Fire", "frp": 2.32, "frp_deviation": null, "alert_flag": "Normal", "evidence": "isolated detection (no persistent cluster); FRP 2.3 MW; Normal", "acq_date": "2026-04-16", "distinct_days": 0 }, "geometry": { "type": "Point", "coordinates": [ 82.77164, 22.55863 ] } },
{ "type": "Feature", "properties": { "final_label": "Natural Fire", "frp": 8.57, "frp_deviation": null, "alert_flag": "Normal", "evidence": "isolated detection (no persistent cluster); FRP 8.6 MW; Normal", "acq_date": "2026-04-16", "distinct_days": 0 }, "geometry": { "type": "Point", "coordinates": [ 82.77867, 22.22471 ] } },
{ "type": "Feature", "properties": { "final_label": "Natural Fire", "frp": 17.51, "frp_deviation": null, "alert_flag": "Normal", "evidence": "isolated detection (no persistent cluster); FRP 17.5 MW; Normal", "acq_date": "2026-04-16", "distinct_days": 0 }, "geometry": { "type": "Point", "coordinates": [ 82.59155, 22.21451 ] } },
{ "type": "Feature", "properties": { "final_label": "Natural Fire", "frp": 1.83, "frp_deviation": 0.58, "alert_flag": "Normal", "evidence": "cluster active 1 days; FRP 1.8 MW (0.58x cluster avg); Normal", "acq_date": "2026-04-16", "distinct_days": 1 }, "geometry": { "type": "Point", "coordinates": [ 82.48938, 22.59468 ] } },
{ "type": "Feature", "properties": { "final_label": "Natural Fire", "frp": 6.93, "frp_deviation": null, "alert_flag": "Normal", "evidence": "isolated detection (no persistent cluster); FRP 6.9 MW; Normal", "acq_date": "2026-04-16", "distinct_days": 0 }, "geometry": { "type": "Point", "coordinates": [ 82.74498, 22.27262 ] } },
{ "type": "Feature", "properties": { "final_label": "Natural Fire", "frp": 3.56, "frp_deviation": 0.88, "alert_flag": "Normal", "evidence": "cluster active 2 days; FRP 3.6 MW (0.88x cluster avg); Normal", "acq_date": "2026-04-16", "distinct_days": 2 }, "geometry": { "type": "Point", "coordinates": [ 82.85292, 22.29776 ] } },
{ "type": "Feature", "properties": { "final_label": "Natural Fire", "frp": 7.06, "frp_deviation": 1.48, "alert_flag": "Normal", "evidence": "cluster active 3 days; FRP 7.1 MW (1.48x cluster avg); Normal", "acq_date": "2026-04-16", "distinct_days": 3 }, "geometry": { "type": "Point", "coordinates": [ 82.44928, 22.28877 ] } },
{ "type": "Feature", "properties": { "final_label": "Industrial", "frp": 7.78, "frp_deviation": 3.1, "alert_flag": "Abnormal spike", "evidence": "Within 1 km of OSM industrial zone; cluster active 98 days; FRP 7.8 MW (3.10x cluster avg); Abnormal spike", "acq_date": "2026-04-16", "distinct_days": 98 }, "geometry": { "type": "Point", "coordinates": [ 82.54031, 22.31932 ] } },
{ "type": "Feature", "properties": { "final_label": "Industrial", "frp": 5.62, "frp_deviation": 2.01, "alert_flag": "Normal", "evidence": "Inside OSM industrial zone; cluster active 71 days; FRP 5.6 MW (2.01x cluster avg); Normal", "acq_date": "2026-04-16", "distinct_days": 71 }, "geometry": { "type": "Point", "coordinates": [ 82.57509, 22.33135 ] } },
{ "type": "Feature", "properties": { "final_label": "Industrial", "frp": 5.04, "frp_deviation": 1.81, "alert_flag": "Normal", "evidence": "Inside OSM industrial zone; cluster active 71 days; FRP 5.0 MW (1.81x cluster avg); Normal", "acq_date": "2026-04-16", "distinct_days": 71 }, "geometry": { "type": "Point", "coordinates": [ 82.57179, 22.32876 ] } },
{ "type": "Feature", "properties": { "final_label": "Natural Fire", "frp": 7.77, "frp_deviation": null, "alert_flag": "Normal", "evidence": "isolated detection (no persistent cluster); FRP 7.8 MW; Normal", "acq_date": "2026-04-16", "distinct_days": 0 }, "geometry": { "type": "Point", "coordinates": [ 82.49525, 22.32252 ] } },
{ "type": "Feature", "properties": { "final_label": "Natural Fire", "frp": 3.67, "frp_deviation": null, "alert_flag": "Normal", "evidence": "isolated detection (no persistent cluster); FRP 3.7 MW; Normal", "acq_date": "2026-04-16", "distinct_days": 0 }, "geometry": { "type": "Point", "coordinates": [ 82.38479, 22.21456 ] } },
{ "type": "Feature", "properties": { "final_label": "Natural Fire", "frp": 5.38, "frp_deviation": null, "alert_flag": "Normal", "evidence": "isolated detection (no persistent cluster); FRP 5.4 MW; Normal", "acq_date": "2026-04-16", "distinct_days": 0 }, "geometry": { "type": "Point", "coordinates": [ 82.90995, 22.52479 ] } },
{ "type": "Feature", "properties": { "final_label": "Natural Fire", "frp": 2.86, "frp_deviation": null, "alert_flag": "Normal", "evidence": "isolated detection (no persistent cluster); FRP 2.9 MW; Normal", "acq_date": "2026-04-16", "distinct_days": 0 }, "geometry": { "type": "Point", "coordinates": [ 82.95358, 22.45254 ] } },
{ "type": "Feature", "properties": { "final_label": "Natural Fire", "frp": 2.62, "frp_deviation": null, "alert_flag": "Normal", "evidence": "isolated detection (no persistent cluster); FRP 2.6 MW; Normal", "acq_date": "2026-04-16", "distinct_days": 0 }, "geometry": { "type": "Point", "coordinates": [ 82.3149, 22.56606 ] } },
{ "type": "Feature", "properties": { "final_label": "Natural Fire", "frp": 4.38, "frp_deviation": null, "alert_flag": "Normal", "evidence": "isolated detection (no persistent cluster); FRP 4.4 MW; Normal", "acq_date": "2026-04-16", "distinct_days": 0 }, "geometry": { "type": "Point", "coordinates": [ 82.64496, 22.56153 ] } },
{ "type": "Feature", "properties": { "final_label": "Natural Fire", "frp": 5.21, "frp_deviation": 0.95, "alert_flag": "Normal", "evidence": "cluster active 1 days; FRP 5.2 MW (0.95x cluster avg); Normal", "acq_date": "2026-04-16", "distinct_days": 1 }, "geometry": { "type": "Point", "coordinates": [ 82.77132, 22.57401 ] } },
{ "type": "Feature", "properties": { "final_label": "Natural Fire", "frp": 4.51, "frp_deviation": 1.42, "alert_flag": "Normal", "evidence": "cluster active 1 days; FRP 4.5 MW (1.42x cluster avg); Normal", "acq_date": "2026-04-16", "distinct_days": 1 }, "geometry": { "type": "Point", "coordinates": [ 82.48719, 22.59254 ] } },
{ "type": "Feature", "properties": { "final_label": "Natural Fire", "frp": 5.74, "frp_deviation": 1.05, "alert_flag": "Normal", "evidence": "cluster active 1 days; FRP 5.7 MW (1.05x cluster avg); Normal", "acq_date": "2026-04-16", "distinct_days": 1 }, "geometry": { "type": "Point", "coordinates": [ 82.76969, 22.56984 ] } },
{ "type": "Feature", "properties": { "final_label": "Natural Fire", "frp": 5.86, "frp_deviation": null, "alert_flag": "Normal", "evidence": "isolated detection (no persistent cluster); FRP 5.9 MW; Normal", "acq_date": "2026-04-16", "distinct_days": 0 }, "geometry": { "type": "Point", "coordinates": [ 82.84868, 22.52061 ] } },
{ "type": "Feature", "properties": { "final_label": "Natural Fire", "frp": 2.22, "frp_deviation": null, "alert_flag": "Normal", "evidence": "isolated detection (no persistent cluster); FRP 2.2 MW; Normal", "acq_date": "2026-04-16", "distinct_days": 0 }, "geometry": { "type": "Point", "coordinates": [ 82.85373, 22.51753 ] } },
{ "type": "Feature", "properties": { "final_label": "Natural Fire", "frp": 3.95, "frp_deviation": null, "alert_flag": "Normal", "evidence": "isolated detection (no persistent cluster); FRP 4.0 MW; Normal", "acq_date": "2026-04-16", "distinct_days": 0 }, "geometry": { "type": "Point", "coordinates": [ 82.9008, 22.59475 ] } },
{ "type": "Feature", "properties": { "final_label": "Industrial", "frp": 1.44, "frp_deviation": 1.2, "alert_flag": "Normal", "evidence": "Inside OSM industrial zone; cluster active 16 days; FRP 1.4 MW (1.20x cluster avg); Normal", "acq_date": "2026-04-17", "distinct_days": 16 }, "geometry": { "type": "Point", "coordinates": [ 82.53267, 22.32969 ] } },
{ "type": "Feature", "properties": { "final_label": "Natural Fire", "frp": 0.97, "frp_deviation": 0.32, "alert_flag": "Normal", "evidence": "cluster active 5 days; FRP 1.0 MW (0.32x cluster avg); Normal", "acq_date": "2026-04-17", "distinct_days": 5 }, "geometry": { "type": "Point", "coordinates": [ 82.69575, 22.55353 ] } },
{ "type": "Feature", "properties": { "final_label": "Natural Fire", "frp": 0.6, "frp_deviation": null, "alert_flag": "Normal", "evidence": "isolated detection (no persistent cluster); FRP 0.6 MW; Normal", "acq_date": "2026-04-17", "distinct_days": 0 }, "geometry": { "type": "Point", "coordinates": [ 82.32332, 22.50382 ] } },
{ "type": "Feature", "properties": { "final_label": "Industrial", "frp": 2.12, "frp_deviation": 0.94, "alert_flag": "Normal", "evidence": "Inside OSM industrial zone; cluster active 61 days; FRP 2.1 MW (0.94x cluster avg); Normal", "acq_date": "2026-04-17", "distinct_days": 61 }, "geometry": { "type": "Point", "coordinates": [ 82.55368, 22.33689 ] } },
{ "type": "Feature", "properties": { "final_label": "Industrial", "frp": 2.34, "frp_deviation": 0.84, "alert_flag": "Normal", "evidence": "Inside OSM industrial zone; cluster active 71 days; FRP 2.3 MW (0.84x cluster avg); Normal", "acq_date": "2026-04-17", "distinct_days": 71 }, "geometry": { "type": "Point", "coordinates": [ 82.57227, 22.33069 ] } },
{ "type": "Feature", "properties": { "final_label": "Industrial", "frp": 0.68, "frp_deviation": 0.24, "alert_flag": "Normal", "evidence": "Inside OSM industrial zone; cluster active 71 days; FRP 0.7 MW (0.24x cluster avg); Normal", "acq_date": "2026-04-17", "distinct_days": 71 }, "geometry": { "type": "Point", "coordinates": [ 82.57171, 22.32734 ] } },
{ "type": "Feature", "properties": { "final_label": "Industrial", "frp": 2.03, "frp_deviation": 0.57, "alert_flag": "Normal", "evidence": "Inside OSM industrial zone; cluster active 96 days; FRP 2.0 MW (0.57x cluster avg); Normal", "acq_date": "2026-04-17", "distinct_days": 96 }, "geometry": { "type": "Point", "coordinates": [ 82.30333, 22.36006 ] } },
{ "type": "Feature", "properties": { "final_label": "Industrial", "frp": 0.51, "frp_deviation": 0.2, "alert_flag": "Normal", "evidence": "Within 1 km of OSM industrial zone; cluster active 98 days; FRP 0.5 MW (0.20x cluster avg); Normal", "acq_date": "2026-04-17", "distinct_days": 98 }, "geometry": { "type": "Point", "coordinates": [ 82.51438, 22.3152 ] } },
{ "type": "Feature", "properties": { "final_label": "Industrial", "frp": 1.8, "frp_deviation": 0.72, "alert_flag": "Normal", "evidence": "Inside OSM industrial zone; cluster active 98 days; FRP 1.8 MW (0.72x cluster avg); Normal", "acq_date": "2026-04-17", "distinct_days": 98 }, "geometry": { "type": "Point", "coordinates": [ 82.53866, 22.31849 ] } },
{ "type": "Feature", "properties": { "final_label": "Industrial", "frp": 1.51, "frp_deviation": 0.6, "alert_flag": "Normal", "evidence": "Inside OSM industrial zone; cluster active 98 days; FRP 1.5 MW (0.60x cluster avg); Normal", "acq_date": "2026-04-17", "distinct_days": 98 }, "geometry": { "type": "Point", "coordinates": [ 82.53037, 22.31627 ] } },
{ "type": "Feature", "properties": { "final_label": "Industrial", "frp": 1.8, "frp_deviation": 0.72, "alert_flag": "Normal", "evidence": "Inside OSM industrial zone; cluster active 98 days; FRP 1.8 MW (0.72x cluster avg); Normal", "acq_date": "2026-04-17", "distinct_days": 98 }, "geometry": { "type": "Point", "coordinates": [ 82.53423, 22.3157 ] } },
{ "type": "Feature", "properties": { "final_label": "Industrial", "frp": 1.24, "frp_deviation": 0.49, "alert_flag": "Normal", "evidence": "Inside OSM industrial zone; cluster active 98 days; FRP 1.2 MW (0.49x cluster avg); Normal", "acq_date": "2026-04-17", "distinct_days": 98 }, "geometry": { "type": "Point", "coordinates": [ 82.51823, 22.31463 ] } },
{ "type": "Feature", "properties": { "final_label": "Industrial", "frp": 1.08, "frp_deviation": 0.43, "alert_flag": "Normal", "evidence": "Inside OSM industrial zone; cluster active 98 days; FRP 1.1 MW (0.43x cluster avg); Normal", "acq_date": "2026-04-17", "distinct_days": 98 }, "geometry": { "type": "Point", "coordinates": [ 82.52536, 22.31013 ] } },
{ "type": "Feature", "properties": { "final_label": "Natural Fire", "frp": 2.06, "frp_deviation": null, "alert_flag": "Normal", "evidence": "isolated detection (no persistent cluster); FRP 2.1 MW; Normal", "acq_date": "2026-04-17", "distinct_days": 0 }, "geometry": { "type": "Point", "coordinates": [ 82.37585, 22.2375 ] } },
{ "type": "Feature", "properties": { "final_label": "Industrial", "frp": 2.03, "frp_deviation": 0.57, "alert_flag": "Normal", "evidence": "Inside OSM industrial zone; cluster active 96 days; FRP 2.0 MW (0.57x cluster avg); Normal", "acq_date": "2026-04-17", "distinct_days": 96 }, "geometry": { "type": "Point", "coordinates": [ 82.30274, 22.35668 ] } },
{ "type": "Feature", "properties": { "final_label": "Natural Fire", "frp": 0.97, "frp_deviation": 0.32, "alert_flag": "Normal", "evidence": "cluster active 5 days; FRP 1.0 MW (0.32x cluster avg); Normal", "acq_date": "2026-04-17", "distinct_days": 5 }, "geometry": { "type": "Point", "coordinates": [ 82.69196, 22.5541 ] } },
{ "type": "Feature", "properties": { "final_label": "Natural Fire", "frp": 1.29, "frp_deviation": 0.43, "alert_flag": "Normal", "evidence": "cluster active 5 days; FRP 1.3 MW (0.43x cluster avg); Normal", "acq_date": "2026-04-17", "distinct_days": 5 }, "geometry": { "type": "Point", "coordinates": [ 82.6963, 22.55688 ] } },
{ "type": "Feature", "properties": { "final_label": "Natural Fire", "frp": 0.67, "frp_deviation": 0.88, "alert_flag": "Normal", "evidence": "cluster active 1 days; FRP 0.7 MW (0.88x cluster avg); Normal", "acq_date": "2026-04-17", "distinct_days": 1 }, "geometry": { "type": "Point", "coordinates": [ 82.64933, 22.58108 ] } },
{ "type": "Feature", "properties": { "final_label": "Natural Fire", "frp": 2.43, "frp_deviation": 0.95, "alert_flag": "Normal", "evidence": "cluster active 3 days; FRP 2.4 MW (0.95x cluster avg); Normal", "acq_date": "2026-04-17", "distinct_days": 3 }, "geometry": { "type": "Point", "coordinates": [ 82.48405, 22.58507 ] } },
{ "type": "Feature", "properties": { "final_label": "Natural Fire", "frp": 3.4, "frp_deviation": null, "alert_flag": "Normal", "evidence": "isolated detection (no persistent cluster); FRP 3.4 MW; Normal", "acq_date": "2026-04-17", "distinct_days": 0 }, "geometry": { "type": "Point", "coordinates": [ 82.67542, 22.20874 ] } },
{ "type": "Feature", "properties": { "final_label": "Natural Fire", "frp": 1.5, "frp_deviation": null, "alert_flag": "Normal", "evidence": "isolated detection (no persistent cluster); FRP 1.5 MW; Normal", "acq_date": "2026-04-17", "distinct_days": 0 }, "geometry": { "type": "Point", "coordinates": [ 82.85748, 22.2994 ] } },
{ "type": "Feature", "properties": { "final_label": "Natural Fire", "frp": 2.78, "frp_deviation": 0.98, "alert_flag": "Normal", "evidence": "cluster active 4 days; FRP 2.8 MW (0.98x cluster avg); Normal", "acq_date": "2026-04-17", "distinct_days": 4 }, "geometry": { "type": "Point", "coordinates": [ 82.36747, 22.23667 ] } },
{ "type": "Feature", "properties": { "final_label": "Industrial", "frp": 4.35, "frp_deviation": 1.73, "alert_flag": "Normal", "evidence": "Within 1 km of OSM industrial zone; cluster active 98 days; FRP 4.3 MW (1.73x cluster avg); Normal", "acq_date": "2026-04-17", "distinct_days": 98 }, "geometry": { "type": "Point", "coordinates": [ 82.54106, 22.31999 ] } },
{ "type": "Feature", "properties": { "final_label": "Natural Fire", "frp": 2.56, "frp_deviation": null, "alert_flag": "Normal", "evidence": "isolated detection (no persistent cluster); FRP 2.6 MW; Normal", "acq_date": "2026-04-17", "distinct_days": 0 }, "geometry": { "type": "Point", "coordinates": [ 82.8912, 22.51906 ] } },
{ "type": "Feature", "properties": { "final_label": "Industrial", "frp": 4.15, "frp_deviation": 1.49, "alert_flag": "Normal", "evidence": "Inside OSM industrial zone; cluster active 71 days; FRP 4.2 MW (1.49x cluster avg); Normal", "acq_date": "2026-04-17", "distinct_days": 71 }, "geometry": { "type": "Point", "coordinates": [ 82.57474, 22.32884 ] } },
{ "type": "Feature", "properties": { "final_label": "Natural Fire", "frp": 2.33, "frp_deviation": 0.92, "alert_flag": "Normal", "evidence": "cluster active 1 days; FRP 2.3 MW (0.92x cluster avg); Normal", "acq_date": "2026-04-17", "distinct_days": 1 }, "geometry": { "type": "Point", "coordinates": [ 82.86369, 22.53827 ] } },
{ "type": "Feature", "properties": { "final_label": "Natural Fire", "frp": 2.71, "frp_deviation": 1.08, "alert_flag": "Normal", "evidence": "cluster active 1 days; FRP 2.7 MW (1.08x cluster avg); Normal", "acq_date": "2026-04-17", "distinct_days": 1 }, "geometry": { "type": "Point", "coordinates": [ 82.8599, 22.53767 ] } },
{ "type": "Feature", "properties": { "final_label": "Natural Fire", "frp": 2.07, "frp_deviation": null, "alert_flag": "Normal", "evidence": "isolated detection (no persistent cluster); FRP 2.1 MW; Normal", "acq_date": "2026-04-17", "distinct_days": 0 }, "geometry": { "type": "Point", "coordinates": [ 82.45183, 22.52348 ] } },
{ "type": "Feature", "properties": { "final_label": "Natural Fire", "frp": 2.3, "frp_deviation": 0.9, "alert_flag": "Normal", "evidence": "cluster active 3 days; FRP 2.3 MW (0.90x cluster avg); Normal", "acq_date": "2026-04-17", "distinct_days": 3 }, "geometry": { "type": "Point", "coordinates": [ 82.48084, 22.58221 ] } },
{ "type": "Feature", "properties": { "final_label": "Natural Fire", "frp": 2.3, "frp_deviation": 0.9, "alert_flag": "Normal", "evidence": "cluster active 3 days; FRP 2.3 MW (0.90x cluster avg); Normal", "acq_date": "2026-04-17", "distinct_days": 3 }, "geometry": { "type": "Point", "coordinates": [ 82.48023, 22.58555 ] } },
{ "type": "Feature", "properties": { "final_label": "Natural Fire", "frp": 0.85, "frp_deviation": 1.12, "alert_flag": "Normal", "evidence": "cluster active 1 days; FRP 0.8 MW (1.12x cluster avg); Normal", "acq_date": "2026-04-17", "distinct_days": 1 }, "geometry": { "type": "Point", "coordinates": [ 82.64553, 22.58165 ] } },
{ "type": "Feature", "properties": { "final_label": "Natural Fire", "frp": 2.33, "frp_deviation": null, "alert_flag": "Normal", "evidence": "isolated detection (no persistent cluster); FRP 2.3 MW; Normal", "acq_date": "2026-04-17", "distinct_days": 0 }, "geometry": { "type": "Point", "coordinates": [ 82.86803, 22.53555 ] } },
{ "type": "Feature", "properties": { "final_label": "Industrial", "frp": 6.42, "frp_deviation": 2.3, "alert_flag": "Normal", "evidence": "Inside OSM industrial zone; cluster active 71 days; FRP 6.4 MW (2.30x cluster avg); Normal", "acq_date": "2026-04-18", "distinct_days": 71 }, "geometry": { "type": "Point", "coordinates": [ 82.57501, 22.33177 ] } },
{ "type": "Feature", "properties": { "final_label": "Industrial", "frp": 2.43, "frp_deviation": 0.97, "alert_flag": "Normal", "evidence": "Inside OSM industrial zone; cluster active 98 days; FRP 2.4 MW (0.97x cluster avg); Normal", "acq_date": "2026-04-18", "distinct_days": 98 }, "geometry": { "type": "Point", "coordinates": [ 82.51643, 22.31697 ] } },
{ "type": "Feature", "properties": { "final_label": "Industrial", "frp": 2.54, "frp_deviation": 1.01, "alert_flag": "Normal", "evidence": "Inside OSM industrial zone; cluster active 98 days; FRP 2.5 MW (1.01x cluster avg); Normal", "acq_date": "2026-04-18", "distinct_days": 98 }, "geometry": { "type": "Point", "coordinates": [ 82.53855, 22.31874 ] } },
{ "type": "Feature", "properties": { "final_label": "Industrial", "frp": 5.48, "frp_deviation": 1.55, "alert_flag": "Normal", "evidence": "Inside OSM industrial zone; cluster active 96 days; FRP 5.5 MW (1.55x cluster avg); Normal", "acq_date": "2026-04-18", "distinct_days": 96 }, "geometry": { "type": "Point", "coordinates": [ 82.30423, 22.35897 ] } },
{ "type": "Feature", "properties": { "final_label": "Industrial", "frp": 4.63, "frp_deviation": 1.67, "alert_flag": "Normal", "evidence": "Within 1 km of OSM industrial zone; cluster active 73 days; FRP 4.6 MW (1.67x cluster avg); Normal", "acq_date": "2026-04-18", "distinct_days": 73 }, "geometry": { "type": "Point", "coordinates": [ 82.60559, 22.33248 ] } },
{ "type": "Feature", "properties": { "final_label": "Industrial", "frp": 3.82, "frp_deviation": 1.37, "alert_flag": "Normal", "evidence": "Inside OSM industrial zone; cluster active 71 days; FRP 3.8 MW (1.37x cluster avg); Normal", "acq_date": "2026-04-18", "distinct_days": 71 }, "geometry": { "type": "Point", "coordinates": [ 82.57436, 22.33054 ] } },
{ "type": "Feature", "properties": { "final_label": "Natural Fire", "frp": 0.99, "frp_deviation": 0.28, "alert_flag": "Normal", "evidence": "cluster active 2 days; FRP 1.0 MW (0.28x cluster avg); Normal", "acq_date": "2026-04-18", "distinct_days": 2 }, "geometry": { "type": "Point", "coordinates": [ 82.62593, 22.52468 ] } },
{ "type": "Feature", "properties": { "final_label": "Natural Fire", "frp": 3.08, "frp_deviation": 1.0, "alert_flag": "Normal", "evidence": "cluster active 1 days; FRP 3.1 MW (1.00x cluster avg); Normal", "acq_date": "2026-04-18", "distinct_days": 1 }, "geometry": { "type": "Point", "coordinates": [ 82.86207, 22.52422 ] } },
{ "type": "Feature", "properties": { "final_label": "Natural Fire", "frp": 3.08, "frp_deviation": 1.0, "alert_flag": "Normal", "evidence": "cluster active 1 days; FRP 3.1 MW (1.00x cluster avg); Normal", "acq_date": "2026-04-18", "distinct_days": 1 }, "geometry": { "type": "Point", "coordinates": [ 82.86278, 22.52012 ] } },
{ "type": "Feature", "properties": { "final_label": "Industrial", "frp": 4.54, "frp_deviation": 1.81, "alert_flag": "Normal", "evidence": "Inside OSM industrial zone; cluster active 98 days; FRP 4.5 MW (1.81x cluster avg); Normal", "acq_date": "2026-04-18", "distinct_days": 98 }, "geometry": { "type": "Point", "coordinates": [ 82.51752, 22.31529 ] } },
{ "type": "Feature", "properties": { "final_label": "Natural Fire", "frp": 1.79, "frp_deviation": null, "alert_flag": "Normal", "evidence": "isolated detection (no persistent cluster); FRP 1.8 MW; Normal", "acq_date": "2026-04-18", "distinct_days": 0 }, "geometry": { "type": "Point", "coordinates": [ 82.77911, 22.57808 ] } },
{ "type": "Feature", "properties": { "final_label": "Natural Fire", "frp": 6.21, "frp_deviation": 1.32, "alert_flag": "Normal", "evidence": "cluster active 1 days; FRP 6.2 MW (1.32x cluster avg); Normal", "acq_date": "2026-04-19", "distinct_days": 1 }, "geometry": { "type": "Point", "coordinates": [ 82.32339, 22.15246 ] } },
{ "type": "Feature", "properties": { "final_label": "Natural Fire", "frp": 2.98, "frp_deviation": 0.63, "alert_flag": "Normal", "evidence": "cluster active 1 days; FRP 3.0 MW (0.63x cluster avg); Normal", "acq_date": "2026-04-19", "distinct_days": 1 }, "geometry": { "type": "Point", "coordinates": [ 82.32626, 22.14892 ] } },
{ "type": "Feature", "properties": { "final_label": "Natural Fire", "frp": 4.92, "frp_deviation": 1.05, "alert_flag": "Normal", "evidence": "cluster active 1 days; FRP 4.9 MW (1.05x cluster avg); Normal", "acq_date": "2026-04-19", "distinct_days": 1 }, "geometry": { "type": "Point", "coordinates": [ 82.32484, 22.15458 ] } },
{ "type": "Feature", "properties": { "final_label": "Industrial", "frp": 1.75, "frp_deviation": 0.7, "alert_flag": "Normal", "evidence": "Inside OSM industrial zone; cluster active 98 days; FRP 1.8 MW (0.70x cluster avg); Normal", "acq_date": "2026-04-20", "distinct_days": 98 }, "geometry": { "type": "Point", "coordinates": [ 82.52976, 22.31555 ] } },
{ "type": "Feature", "properties": { "final_label": "Industrial", "frp": 1.5, "frp_deviation": 0.42, "alert_flag": "Normal", "evidence": "Inside OSM industrial zone; cluster active 96 days; FRP 1.5 MW (0.42x cluster avg); Normal", "acq_date": "2026-04-20", "distinct_days": 96 }, "geometry": { "type": "Point", "coordinates": [ 82.30097, 22.36054 ] } },
{ "type": "Feature", "properties": { "final_label": "Industrial", "frp": 1.87, "frp_deviation": 0.53, "alert_flag": "Normal", "evidence": "Inside OSM industrial zone; cluster active 96 days; FRP 1.9 MW (0.53x cluster avg); Normal", "acq_date": "2026-04-20", "distinct_days": 96 }, "geometry": { "type": "Point", "coordinates": [ 82.3042, 22.35983 ] } },
{ "type": "Feature", "properties": { "final_label": "Industrial", "frp": 1.75, "frp_deviation": 0.7, "alert_flag": "Normal", "evidence": "Inside OSM industrial zone; cluster active 98 days; FRP 1.8 MW (0.70x cluster avg); Normal", "acq_date": "2026-04-20", "distinct_days": 98 }, "geometry": { "type": "Point", "coordinates": [ 82.53312, 22.31481 ] } },
{ "type": "Feature", "properties": { "final_label": "Industrial", "frp": 2.1, "frp_deviation": 0.84, "alert_flag": "Normal", "evidence": "Inside OSM industrial zone; cluster active 98 days; FRP 2.1 MW (0.84x cluster avg); Normal", "acq_date": "2026-04-20", "distinct_days": 98 }, "geometry": { "type": "Point", "coordinates": [ 82.53776, 22.31919 ] } },
{ "type": "Feature", "properties": { "final_label": "Industrial", "frp": 1.79, "frp_deviation": 0.79, "alert_flag": "Normal", "evidence": "Inside OSM industrial zone; cluster active 61 days; FRP 1.8 MW (0.79x cluster avg); Normal", "acq_date": "2026-04-20", "distinct_days": 61 }, "geometry": { "type": "Point", "coordinates": [ 82.55634, 22.33677 ] } },
{ "type": "Feature", "properties": { "final_label": "Industrial", "frp": 4.02, "frp_deviation": 1.44, "alert_flag": "Normal", "evidence": "Inside OSM industrial zone; cluster active 71 days; FRP 4.0 MW (1.44x cluster avg); Normal", "acq_date": "2026-04-20", "distinct_days": 71 }, "geometry": { "type": "Point", "coordinates": [ 82.57225, 22.32786 ] } },
{ "type": "Feature", "properties": { "final_label": "Industrial", "frp": 1.2, "frp_deviation": 0.43, "alert_flag": "Normal", "evidence": "Inside OSM industrial zone; cluster active 71 days; FRP 1.2 MW (0.43x cluster avg); Normal", "acq_date": "2026-04-20", "distinct_days": 71 }, "geometry": { "type": "Point", "coordinates": [ 82.57366, 22.33298 ] } },
{ "type": "Feature", "properties": { "final_label": "Industrial", "frp": 1.2, "frp_deviation": 0.43, "alert_flag": "Normal", "evidence": "Inside OSM industrial zone; cluster active 71 days; FRP 1.2 MW (0.43x cluster avg); Normal", "acq_date": "2026-04-20", "distinct_days": 71 }, "geometry": { "type": "Point", "coordinates": [ 82.57495, 22.33812 ] } },
{ "type": "Feature", "properties": { "final_label": "Industrial", "frp": 2.1, "frp_deviation": 0.84, "alert_flag": "Normal", "evidence": "Inside OSM industrial zone; cluster active 98 days; FRP 2.1 MW (0.84x cluster avg); Normal", "acq_date": "2026-04-20", "distinct_days": 98 }, "geometry": { "type": "Point", "coordinates": [ 82.54239, 22.32359 ] } },
{ "type": "Feature", "properties": { "final_label": "Natural Fire", "frp": 3.09, "frp_deviation": 0.95, "alert_flag": "Normal", "evidence": "cluster active 2 days; FRP 3.1 MW (0.95x cluster avg); Normal", "acq_date": "2026-04-21", "distinct_days": 2 }, "geometry": { "type": "Point", "coordinates": [ 82.88326, 22.51735 ] } },
{ "type": "Feature", "properties": { "final_label": "Natural Fire", "frp": 4.44, "frp_deviation": 1.0, "alert_flag": "Normal", "evidence": "cluster active 1 days; FRP 4.4 MW (1.00x cluster avg); Normal", "acq_date": "2026-04-21", "distinct_days": 1 }, "geometry": { "type": "Point", "coordinates": [ 83.05019, 22.55815 ] } },
{ "type": "Feature", "properties": { "final_label": "Natural Fire", "frp": 4.44, "frp_deviation": 1.0, "alert_flag": "Normal", "evidence": "cluster active 1 days; FRP 4.4 MW (1.00x cluster avg); Normal", "acq_date": "2026-04-21", "distinct_days": 1 }, "geometry": { "type": "Point", "coordinates": [ 83.0463, 22.55768 ] } },
{ "type": "Feature", "properties": { "final_label": "Natural Fire", "frp": 1.72, "frp_deviation": 0.78, "alert_flag": "Normal", "evidence": "cluster active 1 days; FRP 1.7 MW (0.78x cluster avg); Normal", "acq_date": "2026-04-21", "distinct_days": 1 }, "geometry": { "type": "Point", "coordinates": [ 82.95105, 22.5839 ] } },
{ "type": "Feature", "properties": { "final_label": "Natural Fire", "frp": 2.69, "frp_deviation": 1.22, "alert_flag": "Normal", "evidence": "cluster active 1 days; FRP 2.7 MW (1.22x cluster avg); Normal", "acq_date": "2026-04-21", "distinct_days": 1 }, "geometry": { "type": "Point", "coordinates": [ 82.95063, 22.58795 ] } },
{ "type": "Feature", "properties": { "final_label": "Natural Fire", "frp": 2.42, "frp_deviation": null, "alert_flag": "Normal", "evidence": "isolated detection (no persistent cluster); FRP 2.4 MW; Normal", "acq_date": "2026-04-21", "distinct_days": 0 }, "geometry": { "type": "Point", "coordinates": [ 82.98396, 22.59598 ] } },
{ "type": "Feature", "properties": { "final_label": "Natural Fire", "frp": 3.73, "frp_deviation": null, "alert_flag": "Normal", "evidence": "isolated detection (no persistent cluster); FRP 3.7 MW; Normal", "acq_date": "2026-04-21", "distinct_days": 0 }, "geometry": { "type": "Point", "coordinates": [ 82.63374, 22.59028 ] } },
{ "type": "Feature", "properties": { "final_label": "Natural Fire", "frp": 3.44, "frp_deviation": null, "alert_flag": "Normal", "evidence": "isolated detection (no persistent cluster); FRP 3.4 MW; Normal", "acq_date": "2026-04-21", "distinct_days": 0 }, "geometry": { "type": "Point", "coordinates": [ 82.49887, 22.58606 ] } },
{ "type": "Feature", "properties": { "final_label": "Industrial", "frp": 2.41, "frp_deviation": 0.86, "alert_flag": "Normal", "evidence": "Inside OSM industrial zone; cluster active 71 days; FRP 2.4 MW (0.86x cluster avg); Normal", "acq_date": "2026-04-21", "distinct_days": 71 }, "geometry": { "type": "Point", "coordinates": [ 82.5732, 22.33736 ] } },
{ "type": "Feature", "properties": { "final_label": "Industrial", "frp": 4.14, "frp_deviation": 1.5, "alert_flag": "Normal", "evidence": "Within 1 km of OSM industrial zone; cluster active 73 days; FRP 4.1 MW (1.50x cluster avg); Normal", "acq_date": "2026-04-21", "distinct_days": 73 }, "geometry": { "type": "Point", "coordinates": [ 82.60453, 22.33145 ] } },
{ "type": "Feature", "properties": { "final_label": "Industrial", "frp": 2.31, "frp_deviation": 1.02, "alert_flag": "Normal", "evidence": "Inside OSM industrial zone; cluster active 61 days; FRP 2.3 MW (1.02x cluster avg); Normal", "acq_date": "2026-04-21", "distinct_days": 61 }, "geometry": { "type": "Point", "coordinates": [ 82.5565, 22.3365 ] } },
{ "type": "Feature", "properties": { "final_label": "Industrial", "frp": 3.17, "frp_deviation": 1.14, "alert_flag": "Normal", "evidence": "Inside OSM industrial zone; cluster active 71 days; FRP 3.2 MW (1.14x cluster avg); Normal", "acq_date": "2026-04-21", "distinct_days": 71 }, "geometry": { "type": "Point", "coordinates": [ 82.57237, 22.33351 ] } },
{ "type": "Feature", "properties": { "final_label": "Industrial", "frp": 3.17, "frp_deviation": 1.14, "alert_flag": "Normal", "evidence": "Inside OSM industrial zone; cluster active 71 days; FRP 3.2 MW (1.14x cluster avg); Normal", "acq_date": "2026-04-21", "distinct_days": 71 }, "geometry": { "type": "Point", "coordinates": [ 82.57151, 22.32967 ] } },
{ "type": "Feature", "properties": { "final_label": "Industrial", "frp": 6.35, "frp_deviation": 2.53, "alert_flag": "Abnormal spike", "evidence": "Inside OSM industrial zone; cluster active 98 days; FRP 6.3 MW (2.53x cluster avg); Abnormal spike", "acq_date": "2026-04-21", "distinct_days": 98 }, "geometry": { "type": "Point", "coordinates": [ 82.53677, 22.32023 ] } },
{ "type": "Feature", "properties": { "final_label": "Industrial", "frp": 3.14, "frp_deviation": 1.25, "alert_flag": "Normal", "evidence": "Inside OSM industrial zone; cluster active 98 days; FRP 3.1 MW (1.25x cluster avg); Normal", "acq_date": "2026-04-21", "distinct_days": 98 }, "geometry": { "type": "Point", "coordinates": [ 82.53593, 22.31639 ] } },
{ "type": "Feature", "properties": { "final_label": "Industrial", "frp": 3.78, "frp_deviation": 1.51, "alert_flag": "Normal", "evidence": "Inside OSM industrial zone; cluster active 98 days; FRP 3.8 MW (1.51x cluster avg); Normal", "acq_date": "2026-04-21", "distinct_days": 98 }, "geometry": { "type": "Point", "coordinates": [ 82.51432, 22.3165 ] } },
{ "type": "Feature", "properties": { "final_label": "Industrial", "frp": 4.81, "frp_deviation": 1.92, "alert_flag": "Normal", "evidence": "Inside OSM industrial zone; cluster active 98 days; FRP 4.8 MW (1.92x cluster avg); Normal", "acq_date": "2026-04-21", "distinct_days": 98 }, "geometry": { "type": "Point", "coordinates": [ 82.52991, 22.31353 ] } },
{ "type": "Feature", "properties": { "final_label": "Natural Fire", "frp": 3.35, "frp_deviation": 0.68, "alert_flag": "Normal", "evidence": "cluster active 2 days; FRP 3.4 MW (0.68x cluster avg); Normal", "acq_date": "2026-04-21", "distinct_days": 2 }, "geometry": { "type": "Point", "coordinates": [ 82.36629, 22.25899 ] } },
{ "type": "Feature", "properties": { "final_label": "Natural Fire", "frp": 3.59, "frp_deviation": 1.35, "alert_flag": "Normal", "evidence": "cluster active 2 days; FRP 3.6 MW (1.35x cluster avg); Normal", "acq_date": "2026-04-21", "distinct_days": 2 }, "geometry": { "type": "Point", "coordinates": [ 82.38558, 22.2514 ] } },
{ "type": "Feature", "properties": { "final_label": "Natural Fire", "frp": 3.59, "frp_deviation": 1.2, "alert_flag": "Normal", "evidence": "cluster active 2 days; FRP 3.6 MW (1.20x cluster avg); Normal", "acq_date": "2026-04-21", "distinct_days": 2 }, "geometry": { "type": "Point", "coordinates": [ 82.39085, 22.25041 ] } },
{ "type": "Feature", "properties": { "final_label": "Natural Fire", "frp": 1.37, "frp_deviation": null, "alert_flag": "Normal", "evidence": "isolated detection (no persistent cluster); FRP 1.4 MW; Normal", "acq_date": "2026-04-21", "distinct_days": 0 }, "geometry": { "type": "Point", "coordinates": [ 82.85314, 22.49335 ] } },
{ "type": "Feature", "properties": { "final_label": "Industrial", "frp": 2.31, "frp_deviation": 1.02, "alert_flag": "Normal", "evidence": "Inside OSM industrial zone; cluster active 61 days; FRP 2.3 MW (1.02x cluster avg); Normal", "acq_date": "2026-04-21", "distinct_days": 61 }, "geometry": { "type": "Point", "coordinates": [ 82.55132, 22.33748 ] } },
{ "type": "Feature", "properties": { "final_label": "Natural Fire", "frp": 2.98, "frp_deviation": 1.0, "alert_flag": "Normal", "evidence": "cluster active 1 days; FRP 3.0 MW (1.00x cluster avg); Normal", "acq_date": "2026-04-21", "distinct_days": 1 }, "geometry": { "type": "Point", "coordinates": [ 82.93169, 22.4701 ] } },
{ "type": "Feature", "properties": { "final_label": "Natural Fire", "frp": 11.01, "frp_deviation": 2.03, "alert_flag": "Normal", "evidence": "cluster active 2 days; FRP 11.0 MW (2.03x cluster avg); Normal", "acq_date": "2026-04-21", "distinct_days": 2 }, "geometry": { "type": "Point", "coordinates": [ 82.35537, 22.15263 ] } },
{ "type": "Feature", "properties": { "final_label": "Natural Fire", "frp": 1.79, "frp_deviation": null, "alert_flag": "Normal", "evidence": "isolated detection (no persistent cluster); FRP 1.8 MW; Normal", "acq_date": "2026-04-21", "distinct_days": 0 }, "geometry": { "type": "Point", "coordinates": [ 82.82114, 22.43049 ] } },
{ "type": "Feature", "properties": { "final_label": "Natural Fire", "frp": 8.52, "frp_deviation": 1.7, "alert_flag": "Normal", "evidence": "cluster active 2 days; FRP 8.5 MW (1.70x cluster avg); Normal", "acq_date": "2026-04-21", "distinct_days": 2 }, "geometry": { "type": "Point", "coordinates": [ 82.76083, 22.10402 ] } },
{ "type": "Feature", "properties": { "final_label": "Natural Fire", "frp": 6.68, "frp_deviation": 1.33, "alert_flag": "Normal", "evidence": "cluster active 2 days; FRP 6.7 MW (1.33x cluster avg); Normal", "acq_date": "2026-04-21", "distinct_days": 2 }, "geometry": { "type": "Point", "coordinates": [ 82.76563, 22.10865 ] } },
{ "type": "Feature", "properties": { "final_label": "Natural Fire", "frp": 6.68, "frp_deviation": 1.33, "alert_flag": "Normal", "evidence": "cluster active 2 days; FRP 6.7 MW (1.33x cluster avg); Normal", "acq_date": "2026-04-21", "distinct_days": 2 }, "geometry": { "type": "Point", "coordinates": [ 82.76012, 22.10796 ] } },
{ "type": "Feature", "properties": { "final_label": "Natural Fire", "frp": 4.92, "frp_deviation": 0.98, "alert_flag": "Normal", "evidence": "cluster active 2 days; FRP 4.9 MW (0.98x cluster avg); Normal", "acq_date": "2026-04-21", "distinct_days": 2 }, "geometry": { "type": "Point", "coordinates": [ 82.75854, 22.1026 ] } },
{ "type": "Feature", "properties": { "final_label": "Natural Fire", "frp": 9.79, "frp_deviation": 1.95, "alert_flag": "Normal", "evidence": "cluster active 2 days; FRP 9.8 MW (1.95x cluster avg); Normal", "acq_date": "2026-04-21", "distinct_days": 2 }, "geometry": { "type": "Point", "coordinates": [ 82.76337, 22.10719 ] } },
{ "type": "Feature", "properties": { "final_label": "Natural Fire", "frp": 4.92, "frp_deviation": 0.98, "alert_flag": "Normal", "evidence": "cluster active 2 days; FRP 4.9 MW (0.98x cluster avg); Normal", "acq_date": "2026-04-21", "distinct_days": 2 }, "geometry": { "type": "Point", "coordinates": [ 82.7579, 22.10654 ] } },
{ "type": "Feature", "properties": { "final_label": "Natural Fire", "frp": 6.46, "frp_deviation": 1.29, "alert_flag": "Normal", "evidence": "cluster active 2 days; FRP 6.5 MW (1.29x cluster avg); Normal", "acq_date": "2026-04-21", "distinct_days": 2 }, "geometry": { "type": "Point", "coordinates": [ 82.76263, 22.11113 ] } },
{ "type": "Feature", "properties": { "final_label": "Natural Fire", "frp": 5.58, "frp_deviation": null, "alert_flag": "Normal", "evidence": "isolated detection (no persistent cluster); FRP 5.6 MW; Normal", "acq_date": "2026-04-21", "distinct_days": 0 }, "geometry": { "type": "Point", "coordinates": [ 82.88116, 22.15763 ] } },
{ "type": "Feature", "properties": { "final_label": "Natural Fire", "frp": 7.25, "frp_deviation": null, "alert_flag": "Normal", "evidence": "isolated detection (no persistent cluster); FRP 7.2 MW; Normal", "acq_date": "2026-04-21", "distinct_days": 0 }, "geometry": { "type": "Point", "coordinates": [ 82.45587, 22.15743 ] } },
{ "type": "Feature", "properties": { "final_label": "Natural Fire", "frp": 7.11, "frp_deviation": 0.82, "alert_flag": "Normal", "evidence": "cluster active 1 days; FRP 7.1 MW (0.82x cluster avg); Normal", "acq_date": "2026-04-21", "distinct_days": 1 }, "geometry": { "type": "Point", "coordinates": [ 82.50583, 22.20796 ] } },
{ "type": "Feature", "properties": { "final_label": "Natural Fire", "frp": 2.98, "frp_deviation": 1.0, "alert_flag": "Normal", "evidence": "cluster active 1 days; FRP 3.0 MW (1.00x cluster avg); Normal", "acq_date": "2026-04-21", "distinct_days": 1 }, "geometry": { "type": "Point", "coordinates": [ 82.93526, 22.47053 ] } },
{ "type": "Feature", "properties": { "final_label": "Natural Fire", "frp": 8.95, "frp_deviation": null, "alert_flag": "Normal", "evidence": "isolated detection (no persistent cluster); FRP 8.9 MW; Normal", "acq_date": "2026-04-21", "distinct_days": 0 }, "geometry": { "type": "Point", "coordinates": [ 82.3944, 22.36128 ] } },
{ "type": "Feature", "properties": { "final_label": "Natural Fire", "frp": 10.15, "frp_deviation": 1.18, "alert_flag": "Normal", "evidence": "cluster active 1 days; FRP 10.2 MW (1.18x cluster avg); Normal", "acq_date": "2026-04-21", "distinct_days": 1 }, "geometry": { "type": "Point", "coordinates": [ 82.50529, 22.21187 ] } },
{ "type": "Feature", "properties": { "final_label": "Natural Fire", "frp": 10.15, "frp_deviation": 1.18, "alert_flag": "Normal", "evidence": "cluster active 1 days; FRP 10.2 MW (1.18x cluster avg); Normal", "acq_date": "2026-04-21", "distinct_days": 1 }, "geometry": { "type": "Point", "coordinates": [ 82.49998, 22.21122 ] } },
{ "type": "Feature", "properties": { "final_label": "Natural Fire", "frp": 23.09, "frp_deviation": 1.1, "alert_flag": "Normal", "evidence": "cluster active 1 days; FRP 23.1 MW (1.10x cluster avg); Normal", "acq_date": "2026-04-21", "distinct_days": 1 }, "geometry": { "type": "Point", "coordinates": [ 82.51848, 22.23335 ] } },
{ "type": "Feature", "properties": { "final_label": "Natural Fire", "frp": 18.93, "frp_deviation": 0.9, "alert_flag": "Normal", "evidence": "cluster active 1 days; FRP 18.9 MW (0.90x cluster avg); Normal", "acq_date": "2026-04-21", "distinct_days": 1 }, "geometry": { "type": "Point", "coordinates": [ 82.51794, 22.23726 ] } },
{ "type": "Feature", "properties": { "final_label": "Natural Fire", "frp": 8.88, "frp_deviation": 1.4, "alert_flag": "Normal", "evidence": "cluster active 1 days; FRP 8.9 MW (1.40x cluster avg); Normal", "acq_date": "2026-04-21", "distinct_days": 1 }, "geometry": { "type": "Point", "coordinates": [ 82.7711, 22.28033 ] } },
{ "type": "Feature", "properties": { "final_label": "Natural Fire", "frp": 3.8, "frp_deviation": 0.6, "alert_flag": "Normal", "evidence": "cluster active 1 days; FRP 3.8 MW (0.60x cluster avg); Normal", "acq_date": "2026-04-21", "distinct_days": 1 }, "geometry": { "type": "Point", "coordinates": [ 82.77058, 22.28431 ] } },
{ "type": "Feature", "properties": { "final_label": "Natural Fire", "frp": 6.76, "frp_deviation": null, "alert_flag": "Normal", "evidence": "isolated detection (no persistent cluster); FRP 6.8 MW; Normal", "acq_date": "2026-04-21", "distinct_days": 0 }, "geometry": { "type": "Point", "coordinates": [ 82.36405, 22.25372 ] } },
{ "type": "Feature", "properties": { "final_label": "Natural Fire", "frp": 2.91, "frp_deviation": null, "alert_flag": "Normal", "evidence": "isolated detection (no persistent cluster); FRP 2.9 MW; Normal", "acq_date": "2026-04-21", "distinct_days": 0 }, "geometry": { "type": "Point", "coordinates": [ 82.92349, 22.4268 ] } },
{ "type": "Feature", "properties": { "final_label": "Natural Fire", "frp": 7.11, "frp_deviation": 0.82, "alert_flag": "Normal", "evidence": "cluster active 1 days; FRP 7.1 MW (0.82x cluster avg); Normal", "acq_date": "2026-04-21", "distinct_days": 1 }, "geometry": { "type": "Point", "coordinates": [ 82.50053, 22.20732 ] } },
{ "type": "Feature", "properties": { "final_label": "Industrial", "frp": 1.06, "frp_deviation": 0.88, "alert_flag": "Normal", "evidence": "Inside OSM industrial zone; cluster active 16 days; FRP 1.1 MW (0.88x cluster avg); Normal", "acq_date": "2026-04-22", "distinct_days": 16 }, "geometry": { "type": "Point", "coordinates": [ 82.53484, 22.33204 ] } },
{ "type": "Feature", "properties": { "final_label": "Industrial", "frp": 1.42, "frp_deviation": 0.4, "alert_flag": "Normal", "evidence": "Inside OSM industrial zone; cluster active 96 days; FRP 1.4 MW (0.40x cluster avg); Normal", "acq_date": "2026-04-22", "distinct_days": 96 }, "geometry": { "type": "Point", "coordinates": [ 82.3046, 22.36155 ] } },
{ "type": "Feature", "properties": { "final_label": "Industrial", "frp": 1.18, "frp_deviation": 0.47, "alert_flag": "Normal", "evidence": "Inside OSM industrial zone; cluster active 98 days; FRP 1.2 MW (0.47x cluster avg); Normal", "acq_date": "2026-04-22", "distinct_days": 98 }, "geometry": { "type": "Point", "coordinates": [ 82.54472, 22.32371 ] } },
{ "type": "Feature", "properties": { "final_label": "Natural Fire", "frp": 1.3, "frp_deviation": null, "alert_flag": "Normal", "evidence": "isolated detection (no persistent cluster); FRP 1.3 MW; Normal", "acq_date": "2026-04-22", "distinct_days": 0 }, "geometry": { "type": "Point", "coordinates": [ 82.33514, 22.45197 ] } },
{ "type": "Feature", "properties": { "final_label": "Industrial", "frp": 1.42, "frp_deviation": 0.4, "alert_flag": "Normal", "evidence": "Inside OSM industrial zone; cluster active 96 days; FRP 1.4 MW (0.40x cluster avg); Normal", "acq_date": "2026-04-22", "distinct_days": 96 }, "geometry": { "type": "Point", "coordinates": [ 82.30399, 22.35826 ] } },
{ "type": "Feature", "properties": { "final_label": "Industrial", "frp": 1.18, "frp_deviation": 0.47, "alert_flag": "Normal", "evidence": "Inside OSM industrial zone; cluster active 98 days; FRP 1.2 MW (0.47x cluster avg); Normal", "acq_date": "2026-04-22", "distinct_days": 98 }, "geometry": { "type": "Point", "coordinates": [ 82.54043, 22.321 ] } },
{ "type": "Feature", "properties": { "final_label": "Industrial", "frp": 2.66, "frp_deviation": 0.95, "alert_flag": "Normal", "evidence": "Inside OSM industrial zone; cluster active 71 days; FRP 2.7 MW (0.95x cluster avg); Normal", "acq_date": "2026-04-22", "distinct_days": 71 }, "geometry": { "type": "Point", "coordinates": [ 82.57235, 22.32948 ] } },
{ "type": "Feature", "properties": { "final_label": "Industrial", "frp": 1.79, "frp_deviation": 0.71, "alert_flag": "Normal", "evidence": "Inside OSM industrial zone; cluster active 98 days; FRP 1.8 MW (0.71x cluster avg); Normal", "acq_date": "2026-04-22", "distinct_days": 98 }, "geometry": { "type": "Point", "coordinates": [ 82.57054, 22.31961 ] } },
{ "type": "Feature", "properties": { "final_label": "Industrial", "frp": 2.66, "frp_deviation": 0.95, "alert_flag": "Normal", "evidence": "Inside OSM industrial zone; cluster active 71 days; FRP 2.7 MW (0.95x cluster avg); Normal", "acq_date": "2026-04-22", "distinct_days": 71 }, "geometry": { "type": "Point", "coordinates": [ 82.57295, 22.33277 ] } },
{ "type": "Feature", "properties": { "final_label": "Natural Fire", "frp": 1.9, "frp_deviation": null, "alert_flag": "Normal", "evidence": "isolated detection (no persistent cluster); FRP 1.9 MW; Normal", "acq_date": "2026-04-22", "distinct_days": 0 }, "geometry": { "type": "Point", "coordinates": [ 82.43513, 22.39567 ] } },
{ "type": "Feature", "properties": { "final_label": "Industrial", "frp": 1.96, "frp_deviation": 0.7, "alert_flag": "Normal", "evidence": "Inside OSM industrial zone; cluster active 71 days; FRP 2.0 MW (0.70x cluster avg); Normal", "acq_date": "2026-04-22", "distinct_days": 71 }, "geometry": { "type": "Point", "coordinates": [ 82.57355, 22.33605 ] } },
{ "type": "Feature", "properties": { "final_label": "Industrial", "frp": 1.13, "frp_deviation": 0.5, "alert_flag": "Normal", "evidence": "Inside OSM industrial zone; cluster active 61 days; FRP 1.1 MW (0.50x cluster avg); Normal", "acq_date": "2026-04-22", "distinct_days": 61 }, "geometry": { "type": "Point", "coordinates": [ 82.55141, 22.33956 ] } },
{ "type": "Feature", "properties": { "final_label": "Industrial", "frp": 3.89, "frp_deviation": 1.41, "alert_flag": "Normal", "evidence": "Inside OSM industrial zone; cluster active 73 days; FRP 3.9 MW (1.41x cluster avg); Normal", "acq_date": "2026-04-22", "distinct_days": 73 }, "geometry": { "type": "Point", "coordinates": [ 82.6068, 22.33078 ] } },
{ "type": "Feature", "properties": { "final_label": "Industrial", "frp": 1.82, "frp_deviation": 0.73, "alert_flag": "Normal", "evidence": "Within 1 km of OSM industrial zone; cluster active 98 days; FRP 1.8 MW (0.73x cluster avg); Normal", "acq_date": "2026-04-22", "distinct_days": 98 }, "geometry": { "type": "Point", "coordinates": [ 82.53983, 22.31771 ] } },
{ "type": "Feature", "properties": { "final_label": "Natural Fire", "frp": 2.49, "frp_deviation": null, "alert_flag": "Normal", "evidence": "isolated detection (no persistent cluster); FRP 2.5 MW; Normal", "acq_date": "2026-04-22", "distinct_days": 0 }, "geometry": { "type": "Point", "coordinates": [ 82.43204, 22.39954 ] } },
{ "type": "Feature", "properties": { "final_label": "Natural Fire", "frp": 1.67, "frp_deviation": null, "alert_flag": "Normal", "evidence": "isolated detection (no persistent cluster); FRP 1.7 MW; Normal", "acq_date": "2026-04-22", "distinct_days": 0 }, "geometry": { "type": "Point", "coordinates": [ 82.36781, 22.44346 ] } },
{ "type": "Feature", "properties": { "final_label": "Natural Fire", "frp": 1.58, "frp_deviation": 0.49, "alert_flag": "Normal", "evidence": "cluster active 2 days; FRP 1.6 MW (0.49x cluster avg); Normal", "acq_date": "2026-04-22", "distinct_days": 2 }, "geometry": { "type": "Point", "coordinates": [ 82.34193, 22.44752 ] } },
{ "type": "Feature", "properties": { "final_label": "Natural Fire", "frp": 1.3, "frp_deviation": 0.4, "alert_flag": "Normal", "evidence": "cluster active 2 days; FRP 1.3 MW (0.40x cluster avg); Normal", "acq_date": "2026-04-22", "distinct_days": 2 }, "geometry": { "type": "Point", "coordinates": [ 82.33824, 22.4481 ] } },
{ "type": "Feature", "properties": { "final_label": "Industrial", "frp": 2.82, "frp_deviation": 1.25, "alert_flag": "Normal", "evidence": "Inside OSM industrial zone; cluster active 61 days; FRP 2.8 MW (1.25x cluster avg); Normal", "acq_date": "2026-04-22", "distinct_days": 61 }, "geometry": { "type": "Point", "coordinates": [ 82.55451, 22.33569 ] } },
{ "type": "Feature", "properties": { "final_label": "Industrial", "frp": 1.91, "frp_deviation": 0.76, "alert_flag": "Normal", "evidence": "Inside OSM industrial zone; cluster active 98 days; FRP 1.9 MW (0.76x cluster avg); Normal", "acq_date": "2026-04-22", "distinct_days": 98 }, "geometry": { "type": "Point", "coordinates": [ 82.55829, 22.31479 ] } },
{ "type": "Feature", "properties": { "final_label": "Natural Fire", "frp": 1.87, "frp_deviation": 0.63, "alert_flag": "Normal", "evidence": "cluster active 2 days; FRP 1.9 MW (0.63x cluster avg); Normal", "acq_date": "2026-04-22", "distinct_days": 2 }, "geometry": { "type": "Point", "coordinates": [ 82.39249, 22.2591 ] } },
{ "type": "Feature", "properties": { "final_label": "Industrial", "frp": 1.85, "frp_deviation": 0.74, "alert_flag": "Normal", "evidence": "Within 1 km of OSM industrial zone; cluster active 98 days; FRP 1.9 MW (0.74x cluster avg); Normal", "acq_date": "2026-04-22", "distinct_days": 98 }, "geometry": { "type": "Point", "coordinates": [ 82.53553, 22.31501 ] } },
{ "type": "Feature", "properties": { "final_label": "Natural Fire", "frp": 1.57, "frp_deviation": 0.31, "alert_flag": "Normal", "evidence": "cluster active 2 days; FRP 1.6 MW (0.31x cluster avg); Normal", "acq_date": "2026-04-22", "distinct_days": 2 }, "geometry": { "type": "Point", "coordinates": [ 82.76167, 22.11541 ] } },
{ "type": "Feature", "properties": { "final_label": "Natural Fire", "frp": 2.42, "frp_deviation": 0.48, "alert_flag": "Normal", "evidence": "cluster active 2 days; FRP 2.4 MW (0.48x cluster avg); Normal", "acq_date": "2026-04-22", "distinct_days": 2 }, "geometry": { "type": "Point", "coordinates": [ 82.75799, 22.116 ] } },
{ "type": "Feature", "properties": { "final_label": "Natural Fire", "frp": 1.57, "frp_deviation": 0.31, "alert_flag": "Normal", "evidence": "cluster active 2 days; FRP 1.6 MW (0.31x cluster avg); Normal", "acq_date": "2026-04-22", "distinct_days": 2 }, "geometry": { "type": "Point", "coordinates": [ 82.76227, 22.1187 ] } },
{ "type": "Feature", "properties": { "final_label": "Natural Fire", "frp": 1.57, "frp_deviation": 0.31, "alert_flag": "Normal", "evidence": "cluster active 2 days; FRP 1.6 MW (0.31x cluster avg); Normal", "acq_date": "2026-04-22", "distinct_days": 2 }, "geometry": { "type": "Point", "coordinates": [ 82.76597, 22.11811 ] } },
{ "type": "Feature", "properties": { "final_label": "Natural Fire", "frp": 1.73, "frp_deviation": 0.64, "alert_flag": "Normal", "evidence": "cluster active 3 days; FRP 1.7 MW (0.64x cluster avg); Normal", "acq_date": "2026-04-22", "distinct_days": 3 }, "geometry": { "type": "Point", "coordinates": [ 82.38947, 22.24266 ] } },
{ "type": "Feature", "properties": { "final_label": "Natural Fire", "frp": 1.73, "frp_deviation": 0.64, "alert_flag": "Normal", "evidence": "cluster active 3 days; FRP 1.7 MW (0.64x cluster avg); Normal", "acq_date": "2026-04-22", "distinct_days": 3 }, "geometry": { "type": "Point", "coordinates": [ 82.39008, 22.24595 ] } },
{ "type": "Feature", "properties": { "final_label": "Natural Fire", "frp": 2.63, "frp_deviation": 0.99, "alert_flag": "Normal", "evidence": "cluster active 2 days; FRP 2.6 MW (0.99x cluster avg); Normal", "acq_date": "2026-04-22", "distinct_days": 2 }, "geometry": { "type": "Point", "coordinates": [ 82.38388, 22.25369 ] } },
{ "type": "Feature", "properties": { "final_label": "Natural Fire", "frp": 1.44, "frp_deviation": 0.91, "alert_flag": "Normal", "evidence": "cluster active 1 days; FRP 1.4 MW (0.91x cluster avg); Normal", "acq_date": "2026-04-22", "distinct_days": 1 }, "geometry": { "type": "Point", "coordinates": [ 82.32854, 22.2624 ] } },
{ "type": "Feature", "properties": { "final_label": "Industrial", "frp": 1.85, "frp_deviation": 0.74, "alert_flag": "Normal", "evidence": "Inside OSM industrial zone; cluster active 98 days; FRP 1.9 MW (0.74x cluster avg); Normal", "acq_date": "2026-04-22", "distinct_days": 98 }, "geometry": { "type": "Point", "coordinates": [ 82.53183, 22.31559 ] } },
{ "type": "Feature", "properties": { "final_label": "Natural Fire", "frp": 1.44, "frp_deviation": 0.91, "alert_flag": "Normal", "evidence": "cluster active 1 days; FRP 1.4 MW (0.91x cluster avg); Normal", "acq_date": "2026-04-22", "distinct_days": 1 }, "geometry": { "type": "Point", "coordinates": [ 82.32485, 22.26298 ] } },
{ "type": "Feature", "properties": { "final_label": "Natural Fire", "frp": 3.96, "frp_deviation": 1.33, "alert_flag": "Normal", "evidence": "cluster active 2 days; FRP 4.0 MW (1.33x cluster avg); Normal", "acq_date": "2026-04-22", "distinct_days": 2 }, "geometry": { "type": "Point", "coordinates": [ 82.39497, 22.25195 ] } },
{ "type": "Feature", "properties": { "final_label": "Natural Fire", "frp": 1.78, "frp_deviation": 0.67, "alert_flag": "Normal", "evidence": "cluster active 2 days; FRP 1.8 MW (0.67x cluster avg); Normal", "acq_date": "2026-04-22", "distinct_days": 2 }, "geometry": { "type": "Point", "coordinates": [ 82.38448, 22.25698 ] } },
{ "type": "Feature", "properties": { "final_label": "Natural Fire", "frp": 2.39, "frp_deviation": 1.52, "alert_flag": "Normal", "evidence": "cluster active 1 days; FRP 2.4 MW (1.52x cluster avg); Normal", "acq_date": "2026-04-22", "distinct_days": 1 }, "geometry": { "type": "Point", "coordinates": [ 82.32915, 22.26568 ] } },
{ "type": "Feature", "properties": { "final_label": "Natural Fire", "frp": 1.87, "frp_deviation": 0.63, "alert_flag": "Normal", "evidence": "cluster active 2 days; FRP 1.9 MW (0.63x cluster avg); Normal", "acq_date": "2026-04-22", "distinct_days": 2 }, "geometry": { "type": "Point", "coordinates": [ 82.39556, 22.25524 ] } },
{ "type": "Feature", "properties": { "final_label": "Natural Fire", "frp": 1.87, "frp_deviation": 0.63, "alert_flag": "Normal", "evidence": "cluster active 2 days; FRP 1.9 MW (0.63x cluster avg); Normal", "acq_date": "2026-04-22", "distinct_days": 2 }, "geometry": { "type": "Point", "coordinates": [ 82.39616, 22.25853 ] } },
{ "type": "Feature", "properties": { "final_label": "Natural Fire", "frp": 1.78, "frp_deviation": 0.6, "alert_flag": "Normal", "evidence": "cluster active 2 days; FRP 1.8 MW (0.60x cluster avg); Normal", "acq_date": "2026-04-22", "distinct_days": 2 }, "geometry": { "type": "Point", "coordinates": [ 82.38877, 22.25969 ] } },
{ "type": "Feature", "properties": { "final_label": "Industrial", "frp": 1.19, "frp_deviation": 0.47, "alert_flag": "Normal", "evidence": "Within 1 km of OSM industrial zone; cluster active 98 days; FRP 1.2 MW (0.47x cluster avg); Normal", "acq_date": "2026-04-22", "distinct_days": 98 }, "geometry": { "type": "Point", "coordinates": [ 82.53123, 22.3123 ] } },
{ "type": "Feature", "properties": { "final_label": "Industrial", "frp": 2.52, "frp_deviation": 1.0, "alert_flag": "Normal", "evidence": "Inside OSM industrial zone; cluster active 98 days; FRP 2.5 MW (1.00x cluster avg); Normal", "acq_date": "2026-04-22", "distinct_days": 98 }, "geometry": { "type": "Point", "coordinates": [ 82.51646, 22.31464 ] } },
{ "type": "Feature", "properties": { "final_label": "Natural Fire", "frp": 1.04, "frp_deviation": 0.66, "alert_flag": "Normal", "evidence": "cluster active 1 days; FRP 1.0 MW (0.66x cluster avg); Normal", "acq_date": "2026-04-22", "distinct_days": 1 }, "geometry": { "type": "Point", "coordinates": [ 82.32115, 22.26356 ] } },
{ "type": "Feature", "properties": { "final_label": "Natural Fire", "frp": 2.09, "frp_deviation": null, "alert_flag": "Normal", "evidence": "isolated detection (no persistent cluster); FRP 2.1 MW; Normal", "acq_date": "2026-04-22", "distinct_days": 0 }, "geometry": { "type": "Point", "coordinates": [ 82.91541, 22.42083 ] } },
{ "type": "Feature", "properties": { "final_label": "Natural Fire", "frp": 3.13, "frp_deviation": null, "alert_flag": "Normal", "evidence": "isolated detection (no persistent cluster); FRP 3.1 MW; Normal", "acq_date": "2026-04-22", "distinct_days": 0 }, "geometry": { "type": "Point", "coordinates": [ 82.94298, 22.46783 ] } },
{ "type": "Feature", "properties": { "final_label": "Natural Fire", "frp": 2.2, "frp_deviation": 0.85, "alert_flag": "Normal", "evidence": "cluster active 1 days; FRP 2.2 MW (0.85x cluster avg); Normal", "acq_date": "2026-04-22", "distinct_days": 1 }, "geometry": { "type": "Point", "coordinates": [ 82.8819, 22.46747 ] } },
{ "type": "Feature", "properties": { "final_label": "Natural Fire", "frp": 3.88, "frp_deviation": null, "alert_flag": "Normal", "evidence": "isolated detection (no persistent cluster); FRP 3.9 MW; Normal", "acq_date": "2026-04-22", "distinct_days": 0 }, "geometry": { "type": "Point", "coordinates": [ 82.88812, 22.57391 ] } },
{ "type": "Feature", "properties": { "final_label": "Natural Fire", "frp": 2.95, "frp_deviation": null, "alert_flag": "Normal", "evidence": "isolated detection (no persistent cluster); FRP 3.0 MW; Normal", "acq_date": "2026-04-22", "distinct_days": 0 }, "geometry": { "type": "Point", "coordinates": [ 82.85691, 22.55573 ] } },
{ "type": "Feature", "properties": { "final_label": "Natural Fire", "frp": 3.58, "frp_deviation": null, "alert_flag": "Normal", "evidence": "isolated detection (no persistent cluster); FRP 3.6 MW; Normal", "acq_date": "2026-04-22", "distinct_days": 0 }, "geometry": { "type": "Point", "coordinates": [ 82.96909, 22.56902 ] } },
{ "type": "Feature", "properties": { "final_label": "Natural Fire", "frp": 6.8, "frp_deviation": 2.1, "alert_flag": "Normal", "evidence": "cluster active 2 days; FRP 6.8 MW (2.10x cluster avg); Normal", "acq_date": "2026-04-22", "distinct_days": 2 }, "geometry": { "type": "Point", "coordinates": [ 82.3427, 22.45044 ] } },
{ "type": "Feature", "properties": { "final_label": "Natural Fire", "frp": 1.85, "frp_deviation": 0.71, "alert_flag": "Normal", "evidence": "cluster active 1 days; FRP 1.9 MW (0.71x cluster avg); Normal", "acq_date": "2026-04-22", "distinct_days": 1 }, "geometry": { "type": "Point", "coordinates": [ 82.8856, 22.46688 ] } },
{ "type": "Feature", "properties": { "final_label": "Natural Fire", "frp": 3.97, "frp_deviation": null, "alert_flag": "Normal", "evidence": "isolated detection (no persistent cluster); FRP 4.0 MW; Normal", "acq_date": "2026-04-22", "distinct_days": 0 }, "geometry": { "type": "Point", "coordinates": [ 82.92181, 22.53107 ] } },
{ "type": "Feature", "properties": { "final_label": "Natural Fire", "frp": 4.68, "frp_deviation": 1.84, "alert_flag": "Normal", "evidence": "cluster active 2 days; FRP 4.7 MW (1.84x cluster avg); Normal", "acq_date": "2026-04-22", "distinct_days": 2 }, "geometry": { "type": "Point", "coordinates": [ 82.93299, 22.53274 ] } },
{ "type": "Feature", "properties": { "final_label": "Natural Fire", "frp": 5.62, "frp_deviation": null, "alert_flag": "Normal", "evidence": "isolated detection (no persistent cluster); FRP 5.6 MW; Normal", "acq_date": "2026-04-22", "distinct_days": 0 }, "geometry": { "type": "Point", "coordinates": [ 82.93495, 22.49921 ] } },
{ "type": "Feature", "properties": { "final_label": "Natural Fire", "frp": 3.96, "frp_deviation": null, "alert_flag": "Normal", "evidence": "isolated detection (no persistent cluster); FRP 4.0 MW; Normal", "acq_date": "2026-04-22", "distinct_days": 0 }, "geometry": { "type": "Point", "coordinates": [ 82.76715, 22.56599 ] } },
{ "type": "Feature", "properties": { "final_label": "Natural Fire", "frp": 5.23, "frp_deviation": 2.02, "alert_flag": "Normal", "evidence": "cluster active 1 days; FRP 5.2 MW (2.02x cluster avg); Normal", "acq_date": "2026-04-22", "distinct_days": 1 }, "geometry": { "type": "Point", "coordinates": [ 82.88704, 22.46839 ] } },
{ "type": "Feature", "properties": { "final_label": "Natural Fire", "frp": 4.58, "frp_deviation": null, "alert_flag": "Normal", "evidence": "isolated detection (no persistent cluster); FRP 4.6 MW; Normal", "acq_date": "2026-04-22", "distinct_days": 0 }, "geometry": { "type": "Point", "coordinates": [ 82.89907, 22.44313 ] } },
{ "type": "Feature", "properties": { "final_label": "Industrial", "frp": 5.77, "frp_deviation": null, "alert_flag": "Normal", "evidence": "Within 1 km of OSM industrial zone; isolated detection (no persistent cluster); FRP 5.8 MW; Normal", "acq_date": "2026-04-22", "distinct_days": 0 }, "geometry": { "type": "Point", "coordinates": [ 82.55968, 22.34439 ] } },
{ "type": "Feature", "properties": { "final_label": "Industrial", "frp": 7.61, "frp_deviation": 2.73, "alert_flag": "Abnormal spike", "evidence": "Inside OSM industrial zone; cluster active 71 days; FRP 7.6 MW (2.73x cluster avg); Abnormal spike", "acq_date": "2026-04-22", "distinct_days": 71 }, "geometry": { "type": "Point", "coordinates": [ 82.57366, 22.32962 ] } },
{ "type": "Feature", "properties": { "final_label": "Industrial", "frp": 6.92, "frp_deviation": 2.5, "alert_flag": "Normal", "evidence": "Inside OSM industrial zone; cluster active 73 days; FRP 6.9 MW (2.50x cluster avg); Normal", "acq_date": "2026-04-22", "distinct_days": 73 }, "geometry": { "type": "Point", "coordinates": [ 82.60752, 22.33137 ] } },
{ "type": "Feature", "properties": { "final_label": "Natural Fire", "frp": 6.5, "frp_deviation": 1.32, "alert_flag": "Normal", "evidence": "cluster active 2 days; FRP 6.5 MW (1.32x cluster avg); Normal", "acq_date": "2026-04-22", "distinct_days": 2 }, "geometry": { "type": "Point", "coordinates": [ 82.36935, 22.2614 ] } },
{ "type": "Feature", "properties": { "final_label": "Natural Fire", "frp": 5.03, "frp_deviation": 1.69, "alert_flag": "Normal", "evidence": "cluster active 2 days; FRP 5.0 MW (1.69x cluster avg); Normal", "acq_date": "2026-04-22", "distinct_days": 2 }, "geometry": { "type": "Point", "coordinates": [ 82.38956, 22.25435 ] } },
{ "type": "Feature", "properties": { "final_label": "Natural Fire", "frp": 3.91, "frp_deviation": 1.31, "alert_flag": "Normal", "evidence": "cluster active 2 days; FRP 3.9 MW (1.31x cluster avg); Normal", "acq_date": "2026-04-22", "distinct_days": 2 }, "geometry": { "type": "Point", "coordinates": [ 82.39384, 22.25163 ] } },
{ "type": "Feature", "properties": { "final_label": "Natural Fire", "frp": 6.2, "frp_deviation": 1.44, "alert_flag": "Normal", "evidence": "cluster active 2 days; FRP 6.2 MW (1.44x cluster avg); Normal", "acq_date": "2026-04-22", "distinct_days": 2 }, "geometry": { "type": "Point", "coordinates": [ 82.81213, 22.29059 ] } },
{ "type": "Feature", "properties": { "final_label": "Natural Fire", "frp": 5.85, "frp_deviation": null, "alert_flag": "Normal", "evidence": "isolated detection (no persistent cluster); FRP 5.8 MW; Normal", "acq_date": "2026-04-22", "distinct_days": 0 }, "geometry": { "type": "Point", "coordinates": [ 82.44479, 22.38831 ] } },
{ "type": "Feature", "properties": { "final_label": "Natural Fire", "frp": 8.85, "frp_deviation": 2.02, "alert_flag": "Normal", "evidence": "cluster active 2 days; FRP 8.8 MW (2.02x cluster avg); Normal", "acq_date": "2026-04-22", "distinct_days": 2 }, "geometry": { "type": "Point", "coordinates": [ 82.76015, 22.58522 ] } },
{ "type": "Feature", "properties": { "final_label": "Natural Fire", "frp": 6.3, "frp_deviation": 0.96, "alert_flag": "Normal", "evidence": "cluster active 2 days; FRP 6.3 MW (0.96x cluster avg); Normal", "acq_date": "2026-04-22", "distinct_days": 2 }, "geometry": { "type": "Point", "coordinates": [ 82.83649, 22.51833 ] } },
{ "type": "Feature", "properties": { "final_label": "Natural Fire", "frp": 2.03, "frp_deviation": 0.46, "alert_flag": "Normal", "evidence": "cluster active 2 days; FRP 2.0 MW (0.46x cluster avg); Normal", "acq_date": "2026-04-22", "distinct_days": 2 }, "geometry": { "type": "Point", "coordinates": [ 82.76524, 22.58142 ] } },
{ "type": "Feature", "properties": { "final_label": "Natural Fire", "frp": 1.1, "frp_deviation": 0.42, "alert_flag": "Normal", "evidence": "cluster active 1 days; FRP 1.1 MW (0.42x cluster avg); Normal", "acq_date": "2026-04-22", "distinct_days": 1 }, "geometry": { "type": "Point", "coordinates": [ 82.88251, 22.47076 ] } },
{ "type": "Feature", "properties": { "final_label": "Natural Fire", "frp": 3.39, "frp_deviation": 1.08, "alert_flag": "Normal", "evidence": "cluster active 1 days; FRP 3.4 MW (1.08x cluster avg); Normal", "acq_date": "2026-04-22", "distinct_days": 1 }, "geometry": { "type": "Point", "coordinates": [ 82.32098, 22.5631 ] } },
{ "type": "Feature", "properties": { "final_label": "Natural Fire", "frp": 2.42, "frp_deviation": null, "alert_flag": "Normal", "evidence": "isolated detection (no persistent cluster); FRP 2.4 MW; Normal", "acq_date": "2026-04-22", "distinct_days": 0 }, "geometry": { "type": "Point", "coordinates": [ 82.99123, 22.56552 ] } },
{ "type": "Feature", "properties": { "final_label": "Natural Fire", "frp": 2.9, "frp_deviation": 0.92, "alert_flag": "Normal", "evidence": "cluster active 1 days; FRP 2.9 MW (0.92x cluster avg); Normal", "acq_date": "2026-04-22", "distinct_days": 1 }, "geometry": { "type": "Point", "coordinates": [ 82.32158, 22.56639 ] } },
{ "type": "Feature", "properties": { "final_label": "Natural Fire", "frp": 2.51, "frp_deviation": null, "alert_flag": "Normal", "evidence": "isolated detection (no persistent cluster); FRP 2.5 MW; Normal", "acq_date": "2026-04-22", "distinct_days": 0 }, "geometry": { "type": "Point", "coordinates": [ 82.95535, 22.47262 ] } },
{ "type": "Feature", "properties": { "final_label": "Natural Fire", "frp": 2.08, "frp_deviation": null, "alert_flag": "Normal", "evidence": "isolated detection (no persistent cluster); FRP 2.1 MW; Normal", "acq_date": "2026-04-22", "distinct_days": 0 }, "geometry": { "type": "Point", "coordinates": [ 82.38805, 22.57626 ] } },
{ "type": "Feature", "properties": { "final_label": "Natural Fire", "frp": 2.5, "frp_deviation": null, "alert_flag": "Normal", "evidence": "isolated detection (no persistent cluster); FRP 2.5 MW; Normal", "acq_date": "2026-04-22", "distinct_days": 0 }, "geometry": { "type": "Point", "coordinates": [ 82.95966, 22.49564 ] } },
{ "type": "Feature", "properties": { "final_label": "Natural Fire", "frp": 2.18, "frp_deviation": 1.22, "alert_flag": "Normal", "evidence": "cluster active 1 days; FRP 2.2 MW (1.22x cluster avg); Normal", "acq_date": "2026-04-22", "distinct_days": 1 }, "geometry": { "type": "Point", "coordinates": [ 82.91877, 22.5022 ] } },
{ "type": "Feature", "properties": { "final_label": "Natural Fire", "frp": 2.34, "frp_deviation": null, "alert_flag": "Normal", "evidence": "isolated detection (no persistent cluster); FRP 2.3 MW; Normal", "acq_date": "2026-04-22", "distinct_days": 0 }, "geometry": { "type": "Point", "coordinates": [ 82.92181, 22.49832 ] } },
{ "type": "Feature", "properties": { "final_label": "Natural Fire", "frp": 2.72, "frp_deviation": 1.07, "alert_flag": "Normal", "evidence": "cluster active 2 days; FRP 2.7 MW (1.07x cluster avg); Normal", "acq_date": "2026-04-22", "distinct_days": 2 }, "geometry": { "type": "Point", "coordinates": [ 82.9379, 22.52283 ] } },
{ "type": "Feature", "properties": { "final_label": "Natural Fire", "frp": 1.51, "frp_deviation": 0.59, "alert_flag": "Normal", "evidence": "cluster active 2 days; FRP 1.5 MW (0.59x cluster avg); Normal", "acq_date": "2026-04-22", "distinct_days": 2 }, "geometry": { "type": "Point", "coordinates": [ 82.93042, 22.52402 ] } },
{ "type": "Feature", "properties": { "final_label": "Natural Fire", "frp": 1.51, "frp_deviation": 0.59, "alert_flag": "Normal", "evidence": "cluster active 2 days; FRP 1.5 MW (0.59x cluster avg); Normal", "acq_date": "2026-04-22", "distinct_days": 2 }, "geometry": { "type": "Point", "coordinates": [ 82.9267, 22.52462 ] } },
{ "type": "Feature", "properties": { "final_label": "Natural Fire", "frp": 1.25, "frp_deviation": 1.0, "alert_flag": "Normal", "evidence": "cluster active 1 days; FRP 1.2 MW (1.00x cluster avg); Normal", "acq_date": "2026-04-22", "distinct_days": 1 }, "geometry": { "type": "Point", "coordinates": [ 82.50131, 22.59227 ] } },
{ "type": "Feature", "properties": { "final_label": "Natural Fire", "frp": 1.25, "frp_deviation": 1.0, "alert_flag": "Normal", "evidence": "cluster active 1 days; FRP 1.2 MW (1.00x cluster avg); Normal", "acq_date": "2026-04-22", "distinct_days": 1 }, "geometry": { "type": "Point", "coordinates": [ 82.49761, 22.59286 ] } },
{ "type": "Feature", "properties": { "final_label": "Natural Fire", "frp": 2.85, "frp_deviation": null, "alert_flag": "Normal", "evidence": "isolated detection (no persistent cluster); FRP 2.9 MW; Normal", "acq_date": "2026-04-22", "distinct_days": 0 }, "geometry": { "type": "Point", "coordinates": [ 82.909, 22.53473 ] } },
{ "type": "Feature", "properties": { "final_label": "Natural Fire", "frp": 1.94, "frp_deviation": null, "alert_flag": "Normal", "evidence": "isolated detection (no persistent cluster); FRP 1.9 MW; Normal", "acq_date": "2026-04-22", "distinct_days": 0 }, "geometry": { "type": "Point", "coordinates": [ 82.90224, 22.53919 ] } },
{ "type": "Feature", "properties": { "final_label": "Natural Fire", "frp": 3.13, "frp_deviation": null, "alert_flag": "Normal", "evidence": "isolated detection (no persistent cluster); FRP 3.1 MW; Normal", "acq_date": "2026-04-22", "distinct_days": 0 }, "geometry": { "type": "Point", "coordinates": [ 82.90898, 22.55504 ] } },
{ "type": "Feature", "properties": { "final_label": "Natural Fire", "frp": 1.4, "frp_deviation": 0.78, "alert_flag": "Normal", "evidence": "cluster active 1 days; FRP 1.4 MW (0.78x cluster avg); Normal", "acq_date": "2026-04-22", "distinct_days": 1 }, "geometry": { "type": "Point", "coordinates": [ 82.91939, 22.50548 ] } },
{ "type": "Feature", "properties": { "final_label": "Industrial", "frp": 3.68, "frp_deviation": 1.33, "alert_flag": "Normal", "evidence": "Within 1 km of OSM industrial zone; cluster active 73 days; FRP 3.7 MW (1.33x cluster avg); Normal", "acq_date": "2026-04-23", "distinct_days": 73 }, "geometry": { "type": "Point", "coordinates": [ 82.60809, 22.33073 ] } },
{ "type": "Feature", "properties": { "final_label": "Natural Fire", "frp": 3.25, "frp_deviation": 1.01, "alert_flag": "Normal", "evidence": "cluster active 2 days; FRP 3.2 MW (1.01x cluster avg); Normal", "acq_date": "2026-04-23", "distinct_days": 2 }, "geometry": { "type": "Point", "coordinates": [ 82.34167, 22.44396 ] } },
{ "type": "Feature", "properties": { "final_label": "Natural Fire", "frp": 3.34, "frp_deviation": null, "alert_flag": "Normal", "evidence": "isolated detection (no persistent cluster); FRP 3.3 MW; Normal", "acq_date": "2026-04-23", "distinct_days": 0 }, "geometry": { "type": "Point", "coordinates": [ 82.36223, 22.43731 ] } },
{ "type": "Feature", "properties": { "final_label": "Industrial", "frp": 1.52, "frp_deviation": 0.67, "alert_flag": "Normal", "evidence": "Inside OSM industrial zone; cluster active 61 days; FRP 1.5 MW (0.67x cluster avg); Normal", "acq_date": "2026-04-23", "distinct_days": 61 }, "geometry": { "type": "Point", "coordinates": [ 82.55107, 22.33792 ] } },
{ "type": "Feature", "properties": { "final_label": "Industrial", "frp": 1.52, "frp_deviation": 0.67, "alert_flag": "Normal", "evidence": "Inside OSM industrial zone; cluster active 61 days; FRP 1.5 MW (0.67x cluster avg); Normal", "acq_date": "2026-04-23", "distinct_days": 61 }, "geometry": { "type": "Point", "coordinates": [ 82.5563, 22.33727 ] } },
{ "type": "Feature", "properties": { "final_label": "Industrial", "frp": 6.56, "frp_deviation": 2.35, "alert_flag": "Normal", "evidence": "Inside OSM industrial zone; cluster active 71 days; FRP 6.6 MW (2.35x cluster avg); Normal", "acq_date": "2026-04-23", "distinct_days": 71 }, "geometry": { "type": "Point", "coordinates": [ 82.57111, 22.33146 ] } },
{ "type": "Feature", "properties": { "final_label": "Natural Fire", "frp": 3.77, "frp_deviation": 1.04, "alert_flag": "Normal", "evidence": "cluster active 1 days; FRP 3.8 MW (1.04x cluster avg); Normal", "acq_date": "2026-04-23", "distinct_days": 1 }, "geometry": { "type": "Point", "coordinates": [ 82.40022, 22.56023 ] } },
{ "type": "Feature", "properties": { "final_label": "Industrial", "frp": 1.43, "frp_deviation": 0.4, "alert_flag": "Normal", "evidence": "Within 1 km of OSM industrial zone; cluster active 96 days; FRP 1.4 MW (0.40x cluster avg); Normal", "acq_date": "2026-04-23", "distinct_days": 96 }, "geometry": { "type": "Point", "coordinates": [ 82.30622, 22.36056 ] } },
{ "type": "Feature", "properties": { "final_label": "Industrial", "frp": 4.24, "frp_deviation": 1.69, "alert_flag": "Normal", "evidence": "Inside OSM industrial zone; cluster active 98 days; FRP 4.2 MW (1.69x cluster avg); Normal", "acq_date": "2026-04-23", "distinct_days": 98 }, "geometry": { "type": "Point", "coordinates": [ 82.53769, 22.3199 ] } },
{ "type": "Feature", "properties": { "final_label": "Industrial", "frp": 4.04, "frp_deviation": 1.14, "alert_flag": "Normal", "evidence": "Inside OSM industrial zone; cluster active 96 days; FRP 4.0 MW (1.14x cluster avg); Normal", "acq_date": "2026-04-23", "distinct_days": 96 }, "geometry": { "type": "Point", "coordinates": [ 82.30573, 22.36085 ] } },
{ "type": "Feature", "properties": { "final_label": "Industrial", "frp": 3.91, "frp_deviation": 1.56, "alert_flag": "Normal", "evidence": "Within 1 km of OSM industrial zone; cluster active 98 days; FRP 3.9 MW (1.56x cluster avg); Normal", "acq_date": "2026-04-23", "distinct_days": 98 }, "geometry": { "type": "Point", "coordinates": [ 82.54203, 22.31803 ] } },
{ "type": "Feature", "properties": { "final_label": "Natural Fire", "frp": 4.2, "frp_deviation": 1.56, "alert_flag": "Normal", "evidence": "cluster active 3 days; FRP 4.2 MW (1.56x cluster avg); Normal", "acq_date": "2026-04-23", "distinct_days": 3 }, "geometry": { "type": "Point", "coordinates": [ 82.38522, 22.2425 ] } },
{ "type": "Feature", "properties": { "final_label": "Industrial", "frp": 2.64, "frp_deviation": 1.17, "alert_flag": "Normal", "evidence": "Inside OSM industrial zone; cluster active 61 days; FRP 2.6 MW (1.17x cluster avg); Normal", "acq_date": "2026-04-23", "distinct_days": 61 }, "geometry": { "type": "Point", "coordinates": [ 82.55569, 22.3334 ] } },
{ "type": "Feature", "properties": { "final_label": "Natural Fire", "frp": 2.41, "frp_deviation": null, "alert_flag": "Normal", "evidence": "isolated detection (no persistent cluster); FRP 2.4 MW; Normal", "acq_date": "2026-04-23", "distinct_days": 0 }, "geometry": { "type": "Point", "coordinates": [ 82.50999, 22.19059 ] } },
{ "type": "Feature", "properties": { "final_label": "Natural Fire", "frp": 1.48, "frp_deviation": null, "alert_flag": "Normal", "evidence": "isolated detection (no persistent cluster); FRP 1.5 MW; Normal", "acq_date": "2026-04-23", "distinct_days": 0 }, "geometry": { "type": "Point", "coordinates": [ 82.80669, 22.53676 ] } },
{ "type": "Feature", "properties": { "final_label": "Natural Fire", "frp": 3.45, "frp_deviation": 1.35, "alert_flag": "Normal", "evidence": "cluster active 2 days; FRP 3.5 MW (1.35x cluster avg); Normal", "acq_date": "2026-04-23", "distinct_days": 2 }, "geometry": { "type": "Point", "coordinates": [ 82.93475, 22.52418 ] } },
{ "type": "Feature", "properties": { "final_label": "Natural Fire", "frp": 3.46, "frp_deviation": 0.96, "alert_flag": "Normal", "evidence": "cluster active 1 days; FRP 3.5 MW (0.96x cluster avg); Normal", "acq_date": "2026-04-23", "distinct_days": 1 }, "geometry": { "type": "Point", "coordinates": [ 82.40161, 22.56019 ] } },
{ "type": "Feature", "properties": { "final_label": "Natural Fire", "frp": 1.94, "frp_deviation": null, "alert_flag": "Normal", "evidence": "isolated detection (no persistent cluster); FRP 1.9 MW; Normal", "acq_date": "2026-04-23", "distinct_days": 0 }, "geometry": { "type": "Point", "coordinates": [ 82.96111, 22.38227 ] } },
{ "type": "Feature", "properties": { "final_label": "Natural Fire", "frp": 6.32, "frp_deviation": null, "alert_flag": "Normal", "evidence": "isolated detection (no persistent cluster); FRP 6.3 MW; Normal", "acq_date": "2026-04-23", "distinct_days": 0 }, "geometry": { "type": "Point", "coordinates": [ 82.87265, 22.49621 ] } },
{ "type": "Feature", "properties": { "final_label": "Natural Fire", "frp": 4.48, "frp_deviation": 1.76, "alert_flag": "Normal", "evidence": "cluster active 2 days; FRP 4.5 MW (1.76x cluster avg); Normal", "acq_date": "2026-04-23", "distinct_days": 2 }, "geometry": { "type": "Point", "coordinates": [ 82.93741, 22.52727 ] } },
{ "type": "Feature", "properties": { "final_label": "Natural Fire", "frp": 3.2, "frp_deviation": 0.73, "alert_flag": "Normal", "evidence": "cluster active 2 days; FRP 3.2 MW (0.73x cluster avg); Normal", "acq_date": "2026-04-23", "distinct_days": 2 }, "geometry": { "type": "Point", "coordinates": [ 82.76466, 22.58121 ] } },
{ "type": "Feature", "properties": { "final_label": "Natural Fire", "frp": 3.45, "frp_deviation": 0.79, "alert_flag": "Normal", "evidence": "cluster active 2 days; FRP 3.5 MW (0.79x cluster avg); Normal", "acq_date": "2026-04-23", "distinct_days": 2 }, "geometry": { "type": "Point", "coordinates": [ 82.76199, 22.58129 ] } },
{ "type": "Feature", "properties": { "final_label": "Natural Fire", "frp": 2.66, "frp_deviation": null, "alert_flag": "Normal", "evidence": "isolated detection (no persistent cluster); FRP 2.7 MW; Normal", "acq_date": "2026-04-23", "distinct_days": 0 }, "geometry": { "type": "Point", "coordinates": [ 82.94884, 22.51397 ] } },
{ "type": "Feature", "properties": { "final_label": "Natural Fire", "frp": 3.09, "frp_deviation": null, "alert_flag": "Normal", "evidence": "isolated detection (no persistent cluster); FRP 3.1 MW; Normal", "acq_date": "2026-04-23", "distinct_days": 0 }, "geometry": { "type": "Point", "coordinates": [ 82.50905, 22.58646 ] } },
{ "type": "Feature", "properties": { "final_label": "Natural Fire", "frp": 1.59, "frp_deviation": 0.62, "alert_flag": "Normal", "evidence": "cluster active 2 days; FRP 1.6 MW (0.62x cluster avg); Normal", "acq_date": "2026-04-23", "distinct_days": 2 }, "geometry": { "type": "Point", "coordinates": [ 82.9315, 22.53234 ] } },
{ "type": "Feature", "properties": { "final_label": "Natural Fire", "frp": 1.59, "frp_deviation": 0.62, "alert_flag": "Normal", "evidence": "cluster active 2 days; FRP 1.6 MW (0.62x cluster avg); Normal", "acq_date": "2026-04-23", "distinct_days": 2 }, "geometry": { "type": "Point", "coordinates": [ 82.93633, 22.53171 ] } },
{ "type": "Feature", "properties": { "final_label": "Natural Fire", "frp": 4.61, "frp_deviation": null, "alert_flag": "Normal", "evidence": "isolated detection (no persistent cluster); FRP 4.6 MW; Normal", "acq_date": "2026-04-23", "distinct_days": 0 }, "geometry": { "type": "Point", "coordinates": [ 82.50349, 22.5832 ] } },
{ "type": "Feature", "properties": { "final_label": "Natural Fire", "frp": 1.59, "frp_deviation": 0.62, "alert_flag": "Normal", "evidence": "cluster active 2 days; FRP 1.6 MW (0.62x cluster avg); Normal", "acq_date": "2026-04-23", "distinct_days": 2 }, "geometry": { "type": "Point", "coordinates": [ 82.93553, 22.52795 ] } },
{ "type": "Feature", "properties": { "final_label": "Natural Fire", "frp": 2.38, "frp_deviation": 0.93, "alert_flag": "Normal", "evidence": "cluster active 2 days; FRP 2.4 MW (0.93x cluster avg); Normal", "acq_date": "2026-04-23", "distinct_days": 2 }, "geometry": { "type": "Point", "coordinates": [ 82.93718, 22.53547 ] } },
{ "type": "Feature", "properties": { "final_label": "Natural Fire", "frp": 2.2, "frp_deviation": 1.0, "alert_flag": "Normal", "evidence": "cluster active 1 days; FRP 2.2 MW (1.00x cluster avg); Normal", "acq_date": "2026-04-24", "distinct_days": 1 }, "geometry": { "type": "Point", "coordinates": [ 82.32057, 22.59332 ] } },
{ "type": "Feature", "properties": { "final_label": "Industrial", "frp": 0.95, "frp_deviation": null, "alert_flag": "Normal", "evidence": "Inside OSM industrial zone; isolated detection (no persistent cluster); FRP 0.9 MW; Normal", "acq_date": "2026-04-24", "distinct_days": 0 }, "geometry": { "type": "Point", "coordinates": [ 82.64864, 22.33605 ] } },
{ "type": "Feature", "properties": { "final_label": "Natural Fire", "frp": 2.56, "frp_deviation": 1.22, "alert_flag": "Normal", "evidence": "cluster active 1 days; FRP 2.6 MW (1.22x cluster avg); Normal", "acq_date": "2026-04-24", "distinct_days": 1 }, "geometry": { "type": "Point", "coordinates": [ 82.90914, 22.44842 ] } },
{ "type": "Feature", "properties": { "final_label": "Natural Fire", "frp": 1.63, "frp_deviation": 0.78, "alert_flag": "Normal", "evidence": "cluster active 1 days; FRP 1.6 MW (0.78x cluster avg); Normal", "acq_date": "2026-04-24", "distinct_days": 1 }, "geometry": { "type": "Point", "coordinates": [ 82.90578, 22.44875 ] } },
{ "type": "Feature", "properties": { "final_label": "Natural Fire", "frp": 2.65, "frp_deviation": null, "alert_flag": "Normal", "evidence": "isolated detection (no persistent cluster); FRP 2.6 MW; Normal", "acq_date": "2026-04-24", "distinct_days": 0 }, "geometry": { "type": "Point", "coordinates": [ 82.94313, 22.53322 ] } },
{ "type": "Feature", "properties": { "final_label": "Natural Fire", "frp": 2.53, "frp_deviation": null, "alert_flag": "Normal", "evidence": "isolated detection (no persistent cluster); FRP 2.5 MW; Normal", "acq_date": "2026-04-24", "distinct_days": 0 }, "geometry": { "type": "Point", "coordinates": [ 82.97719, 22.52747 ] } },
{ "type": "Feature", "properties": { "final_label": "Natural Fire", "frp": 2.49, "frp_deviation": null, "alert_flag": "Normal", "evidence": "isolated detection (no persistent cluster); FRP 2.5 MW; Normal", "acq_date": "2026-04-24", "distinct_days": 0 }, "geometry": { "type": "Point", "coordinates": [ 82.79285, 22.55577 ] } },
{ "type": "Feature", "properties": { "final_label": "Natural Fire", "frp": 2.2, "frp_deviation": 1.0, "alert_flag": "Normal", "evidence": "cluster active 1 days; FRP 2.2 MW (1.00x cluster avg); Normal", "acq_date": "2026-04-24", "distinct_days": 1 }, "geometry": { "type": "Point", "coordinates": [ 82.32372, 22.594 ] } },
{ "type": "Feature", "properties": { "final_label": "Industrial", "frp": 5.25, "frp_deviation": 1.88, "alert_flag": "Normal", "evidence": "Inside OSM industrial zone; cluster active 71 days; FRP 5.2 MW (1.88x cluster avg); Normal", "acq_date": "2026-04-24", "distinct_days": 71 }, "geometry": { "type": "Point", "coordinates": [ 82.57623, 22.33032 ] } },
{ "type": "Feature", "properties": { "final_label": "Industrial", "frp": 2.31, "frp_deviation": 0.83, "alert_flag": "Normal", "evidence": "Inside OSM industrial zone; cluster active 71 days; FRP 2.3 MW (0.83x cluster avg); Normal", "acq_date": "2026-04-24", "distinct_days": 71 }, "geometry": { "type": "Point", "coordinates": [ 82.57513, 22.33319 ] } },
{ "type": "Feature", "properties": { "final_label": "Natural Fire", "frp": 3.11, "frp_deviation": 1.16, "alert_flag": "Normal", "evidence": "cluster active 3 days; FRP 3.1 MW (1.16x cluster avg); Normal", "acq_date": "2026-04-24", "distinct_days": 3 }, "geometry": { "type": "Point", "coordinates": [ 82.38324, 22.24075 ] } },
{ "type": "Feature", "properties": { "final_label": "Natural Fire", "frp": 5.1, "frp_deviation": null, "alert_flag": "Normal", "evidence": "isolated detection (no persistent cluster); FRP 5.1 MW; Normal", "acq_date": "2026-04-24", "distinct_days": 0 }, "geometry": { "type": "Point", "coordinates": [ 82.45116, 22.25006 ] } },
{ "type": "Feature", "properties": { "final_label": "Natural Fire", "frp": 2.47, "frp_deviation": null, "alert_flag": "Normal", "evidence": "isolated detection (no persistent cluster); FRP 2.5 MW; Normal", "acq_date": "2026-04-24", "distinct_days": 0 }, "geometry": { "type": "Point", "coordinates": [ 82.43629, 22.16452 ] } },
{ "type": "Feature", "properties": { "final_label": "Natural Fire", "frp": 3.63, "frp_deviation": 0.95, "alert_flag": "Normal", "evidence": "cluster active 1 days; FRP 3.6 MW (0.95x cluster avg); Normal", "acq_date": "2026-04-24", "distinct_days": 1 }, "geometry": { "type": "Point", "coordinates": [ 82.72278, 22.14637 ] } },
{ "type": "Feature", "properties": { "final_label": "Natural Fire", "frp": 4.0, "frp_deviation": 1.05, "alert_flag": "Normal", "evidence": "cluster active 1 days; FRP 4.0 MW (1.05x cluster avg); Normal", "acq_date": "2026-04-24", "distinct_days": 1 }, "geometry": { "type": "Point", "coordinates": [ 82.72276, 22.14796 ] } },
{ "type": "Feature", "properties": { "final_label": "Natural Fire", "frp": 5.96, "frp_deviation": 1.72, "alert_flag": "Normal", "evidence": "cluster active 2 days; FRP 6.0 MW (1.72x cluster avg); Normal", "acq_date": "2026-04-24", "distinct_days": 2 }, "geometry": { "type": "Point", "coordinates": [ 82.62453, 22.52752 ] } },
{ "type": "Feature", "properties": { "final_label": "Industrial", "frp": 2.62, "frp_deviation": 1.16, "alert_flag": "Normal", "evidence": "Inside OSM industrial zone; cluster active 61 days; FRP 2.6 MW (1.16x cluster avg); Normal", "acq_date": "2026-04-25", "distinct_days": 61 }, "geometry": { "type": "Point", "coordinates": [ 82.5527, 22.33524 ] } },
{ "type": "Feature", "properties": { "final_label": "Industrial", "frp": 2.44, "frp_deviation": 0.87, "alert_flag": "Normal", "evidence": "Inside OSM industrial zone; cluster active 71 days; FRP 2.4 MW (0.87x cluster avg); Normal", "acq_date": "2026-04-25", "distinct_days": 71 }, "geometry": { "type": "Point", "coordinates": [ 82.57, 22.33117 ] } },
{ "type": "Feature", "properties": { "final_label": "Industrial", "frp": 1.11, "frp_deviation": 0.69, "alert_flag": "Normal", "evidence": "Inside OSM industrial zone; cluster active 16 days; FRP 1.1 MW (0.69x cluster avg); Normal", "acq_date": "2026-04-25", "distinct_days": 16 }, "geometry": { "type": "Point", "coordinates": [ 82.67365, 22.32381 ] } },
{ "type": "Feature", "properties": { "final_label": "Industrial", "frp": 2.86, "frp_deviation": 1.27, "alert_flag": "Normal", "evidence": "Inside OSM industrial zone; cluster active 61 days; FRP 2.9 MW (1.27x cluster avg); Normal", "acq_date": "2026-04-25", "distinct_days": 61 }, "geometry": { "type": "Point", "coordinates": [ 82.55518, 22.33882 ] } },
{ "type": "Feature", "properties": { "final_label": "Industrial", "frp": 3.0, "frp_deviation": 1.2, "alert_flag": "Normal", "evidence": "Inside OSM industrial zone; cluster active 98 days; FRP 3.0 MW (1.20x cluster avg); Normal", "acq_date": "2026-04-25", "distinct_days": 98 }, "geometry": { "type": "Point", "coordinates": [ 82.53099, 22.31453 ] } },
{ "type": "Feature", "properties": { "final_label": "Industrial", "frp": 3.0, "frp_deviation": 1.2, "alert_flag": "Normal", "evidence": "Inside OSM industrial zone; cluster active 98 days; FRP 3.0 MW (1.20x cluster avg); Normal", "acq_date": "2026-04-25", "distinct_days": 98 }, "geometry": { "type": "Point", "coordinates": [ 82.53668, 22.31919 ] } },
{ "type": "Feature", "properties": { "final_label": "Industrial", "frp": 2.14, "frp_deviation": 0.6, "alert_flag": "Normal", "evidence": "Inside OSM industrial zone; cluster active 96 days; FRP 2.1 MW (0.60x cluster avg); Normal", "acq_date": "2026-04-25", "distinct_days": 96 }, "geometry": { "type": "Point", "coordinates": [ 82.3021, 22.36104 ] } },
{ "type": "Feature", "properties": { "final_label": "Industrial", "frp": 2.44, "frp_deviation": 0.87, "alert_flag": "Normal", "evidence": "Inside OSM industrial zone; cluster active 71 days; FRP 2.4 MW (0.87x cluster avg); Normal", "acq_date": "2026-04-25", "distinct_days": 71 }, "geometry": { "type": "Point", "coordinates": [ 82.57584, 22.33578 ] } },
{ "type": "Feature", "properties": { "final_label": "Industrial", "frp": 4.59, "frp_deviation": 1.64, "alert_flag": "Normal", "evidence": "Inside OSM industrial zone; cluster active 71 days; FRP 4.6 MW (1.64x cluster avg); Normal", "acq_date": "2026-04-25", "distinct_days": 71 }, "geometry": { "type": "Point", "coordinates": [ 82.57109, 22.32922 ] } },
{ "type": "Feature", "properties": { "final_label": "Industrial", "frp": 1.36, "frp_deviation": 0.84, "alert_flag": "Normal", "evidence": "Within 1 km of OSM industrial zone; cluster active 16 days; FRP 1.4 MW (0.84x cluster avg); Normal", "acq_date": "2026-04-25", "distinct_days": 16 }, "geometry": { "type": "Point", "coordinates": [ 82.67071, 22.31946 ] } },
{ "type": "Feature", "properties": { "final_label": "Natural Fire", "frp": 1.8, "frp_deviation": 0.86, "alert_flag": "Normal", "evidence": "cluster active 1 days; FRP 1.8 MW (0.86x cluster avg); Normal", "acq_date": "2026-04-25", "distinct_days": 1 }, "geometry": { "type": "Point", "coordinates": [ 82.50629, 22.20223 ] } },
{ "type": "Feature", "properties": { "final_label": "Natural Fire", "frp": 4.36, "frp_deviation": 1.01, "alert_flag": "Normal", "evidence": "cluster active 2 days; FRP 4.4 MW (1.01x cluster avg); Normal", "acq_date": "2026-04-25", "distinct_days": 2 }, "geometry": { "type": "Point", "coordinates": [ 82.48894, 22.23021 ] } },
{ "type": "Feature", "properties": { "final_label": "Natural Fire", "frp": 4.24, "frp_deviation": 0.98, "alert_flag": "Normal", "evidence": "cluster active 2 days; FRP 4.2 MW (0.98x cluster avg); Normal", "acq_date": "2026-04-25", "distinct_days": 2 }, "geometry": { "type": "Point", "coordinates": [ 82.49285, 22.23124 ] } },
{ "type": "Feature", "properties": { "final_label": "Natural Fire", "frp": 2.81, "frp_deviation": null, "alert_flag": "Normal", "evidence": "isolated detection (no persistent cluster); FRP 2.8 MW; Normal", "acq_date": "2026-04-25", "distinct_days": 0 }, "geometry": { "type": "Point", "coordinates": [ 82.48058, 22.21835 ] } },
{ "type": "Feature", "properties": { "final_label": "Natural Fire", "frp": 1.58, "frp_deviation": null, "alert_flag": "Normal", "evidence": "isolated detection (no persistent cluster); FRP 1.6 MW; Normal", "acq_date": "2026-04-25", "distinct_days": 0 }, "geometry": { "type": "Point", "coordinates": [ 82.41961, 22.20118 ] } },
{ "type": "Feature", "properties": { "final_label": "Natural Fire", "frp": 2.41, "frp_deviation": 1.14, "alert_flag": "Normal", "evidence": "cluster active 1 days; FRP 2.4 MW (1.14x cluster avg); Normal", "acq_date": "2026-04-25", "distinct_days": 1 }, "geometry": { "type": "Point", "coordinates": [ 82.5044, 22.20275 ] } },
{ "type": "Feature", "properties": { "final_label": "Industrial", "frp": 5.59, "frp_deviation": null, "alert_flag": "Normal", "evidence": "Within 1 km of OSM industrial zone; isolated detection (no persistent cluster); FRP 5.6 MW; Normal", "acq_date": "2026-04-25", "distinct_days": 0 }, "geometry": { "type": "Point", "coordinates": [ 82.6973, 22.12581 ] } },
{ "type": "Feature", "properties": { "final_label": "Natural Fire", "frp": 5.66, "frp_deviation": 1.05, "alert_flag": "Normal", "evidence": "cluster active 1 days; FRP 5.7 MW (1.05x cluster avg); Normal", "acq_date": "2026-04-25", "distinct_days": 1 }, "geometry": { "type": "Point", "coordinates": [ 82.54662, 22.30255 ] } },
{ "type": "Feature", "properties": { "final_label": "Natural Fire", "frp": 5.09, "frp_deviation": 0.95, "alert_flag": "Normal", "evidence": "cluster active 1 days; FRP 5.1 MW (0.95x cluster avg); Normal", "acq_date": "2026-04-25", "distinct_days": 1 }, "geometry": { "type": "Point", "coordinates": [ 82.54848, 22.30044 ] } },
{ "type": "Feature", "properties": { "final_label": "Industrial", "frp": 5.88, "frp_deviation": 2.34, "alert_flag": "Normal", "evidence": "Within 1 km of OSM industrial zone; cluster active 98 days; FRP 5.9 MW (2.34x cluster avg); Normal", "acq_date": "2026-04-25", "distinct_days": 98 }, "geometry": { "type": "Point", "coordinates": [ 82.53931, 22.31721 ] } },
{ "type": "Feature", "properties": { "final_label": "Industrial", "frp": 7.48, "frp_deviation": 3.32, "alert_flag": "Abnormal spike", "evidence": "Inside OSM industrial zone; cluster active 61 days; FRP 7.5 MW (3.32x cluster avg); Abnormal spike", "acq_date": "2026-04-26", "distinct_days": 61 }, "geometry": { "type": "Point", "coordinates": [ 82.55432, 22.33635 ] } },
{ "type": "Feature", "properties": { "final_label": "Industrial", "frp": 3.72, "frp_deviation": 1.33, "alert_flag": "Normal", "evidence": "Inside OSM industrial zone; cluster active 71 days; FRP 3.7 MW (1.33x cluster avg); Normal", "acq_date": "2026-04-26", "distinct_days": 71 }, "geometry": { "type": "Point", "coordinates": [ 82.57168, 22.33288 ] } },
{ "type": "Feature", "properties": { "final_label": "Industrial", "frp": 3.72, "frp_deviation": 1.33, "alert_flag": "Normal", "evidence": "Inside OSM industrial zone; cluster active 71 days; FRP 3.7 MW (1.33x cluster avg); Normal", "acq_date": "2026-04-26", "distinct_days": 71 }, "geometry": { "type": "Point", "coordinates": [ 82.57066, 22.32867 ] } },
{ "type": "Feature", "properties": { "final_label": "Industrial", "frp": 3.66, "frp_deviation": 1.46, "alert_flag": "Normal", "evidence": "Inside OSM industrial zone; cluster active 98 days; FRP 3.7 MW (1.46x cluster avg); Normal", "acq_date": "2026-04-26", "distinct_days": 98 }, "geometry": { "type": "Point", "coordinates": [ 82.54293, 22.32541 ] } },
{ "type": "Feature", "properties": { "final_label": "Natural Fire", "frp": 4.22, "frp_deviation": null, "alert_flag": "Normal", "evidence": "isolated detection (no persistent cluster); FRP 4.2 MW; Normal", "acq_date": "2026-04-26", "distinct_days": 0 }, "geometry": { "type": "Point", "coordinates": [ 82.88164, 22.14735 ] } },
{ "type": "Feature", "properties": { "final_label": "Industrial", "frp": 4.53, "frp_deviation": 1.81, "alert_flag": "Normal", "evidence": "Inside OSM industrial zone; cluster active 98 days; FRP 4.5 MW (1.81x cluster avg); Normal", "acq_date": "2026-04-26", "distinct_days": 98 }, "geometry": { "type": "Point", "coordinates": [ 82.53679, 22.31783 ] } },
{ "type": "Feature", "properties": { "final_label": "Industrial", "frp": 4.14, "frp_deviation": 1.65, "alert_flag": "Normal", "evidence": "Inside OSM industrial zone; cluster active 98 days; FRP 4.1 MW (1.65x cluster avg); Normal", "acq_date": "2026-04-26", "distinct_days": 98 }, "geometry": { "type": "Point", "coordinates": [ 82.53159, 22.31447 ] } },
{ "type": "Feature", "properties": { "final_label": "Industrial", "frp": 4.14, "frp_deviation": 1.65, "alert_flag": "Normal", "evidence": "Inside OSM industrial zone; cluster active 98 days; FRP 4.1 MW (1.65x cluster avg); Normal", "acq_date": "2026-04-26", "distinct_days": 98 }, "geometry": { "type": "Point", "coordinates": [ 82.5264, 22.31112 ] } },
{ "type": "Feature", "properties": { "final_label": "Natural Fire", "frp": 5.35, "frp_deviation": null, "alert_flag": "Normal", "evidence": "isolated detection (no persistent cluster); FRP 5.3 MW; Normal", "acq_date": "2026-04-26", "distinct_days": 0 }, "geometry": { "type": "Point", "coordinates": [ 82.75492, 22.12635 ] } },
{ "type": "Feature", "properties": { "final_label": "Industrial", "frp": 4.53, "frp_deviation": 1.81, "alert_flag": "Normal", "evidence": "Inside OSM industrial zone; cluster active 98 days; FRP 4.5 MW (1.81x cluster avg); Normal", "acq_date": "2026-04-26", "distinct_days": 98 }, "geometry": { "type": "Point", "coordinates": [ 82.53775, 22.32204 ] } },
{ "type": "Feature", "properties": { "final_label": "Industrial", "frp": 3.73, "frp_deviation": 2.32, "alert_flag": "Normal", "evidence": "Within 1 km of OSM industrial zone; cluster active 16 days; FRP 3.7 MW (2.32x cluster avg); Normal", "acq_date": "2026-04-26", "distinct_days": 16 }, "geometry": { "type": "Point", "coordinates": [ 82.67258, 22.32155 ] } },
{ "type": "Feature", "properties": { "final_label": "Natural Fire", "frp": 2.19, "frp_deviation": null, "alert_flag": "Normal", "evidence": "isolated detection (no persistent cluster); FRP 2.2 MW; Normal", "acq_date": "2026-04-26", "distinct_days": 0 }, "geometry": { "type": "Point", "coordinates": [ 82.783, 22.55455 ] } },
{ "type": "Feature", "properties": { "final_label": "Natural Fire", "frp": 1.55, "frp_deviation": null, "alert_flag": "Normal", "evidence": "isolated detection (no persistent cluster); FRP 1.6 MW; Normal", "acq_date": "2026-04-26", "distinct_days": 0 }, "geometry": { "type": "Point", "coordinates": [ 82.8864, 22.53805 ] } },
{ "type": "Feature", "properties": { "final_label": "Natural Fire", "frp": 14.06, "frp_deviation": 1.35, "alert_flag": "Normal", "evidence": "cluster active 1 days; FRP 14.1 MW (1.35x cluster avg); Normal", "acq_date": "2026-04-26", "distinct_days": 1 }, "geometry": { "type": "Point", "coordinates": [ 82.40488, 22.18194 ] } },
{ "type": "Feature", "properties": { "final_label": "Natural Fire", "frp": 4.76, "frp_deviation": 1.0, "alert_flag": "Normal", "evidence": "cluster active 1 days; FRP 4.8 MW (1.00x cluster avg); Normal", "acq_date": "2026-04-26", "distinct_days": 1 }, "geometry": { "type": "Point", "coordinates": [ 82.51311, 22.19853 ] } },
{ "type": "Feature", "properties": { "final_label": "Natural Fire", "frp": 6.74, "frp_deviation": 0.65, "alert_flag": "Normal", "evidence": "cluster active 1 days; FRP 6.7 MW (0.65x cluster avg); Normal", "acq_date": "2026-04-26", "distinct_days": 1 }, "geometry": { "type": "Point", "coordinates": [ 82.4043, 22.18622 ] } },
{ "type": "Feature", "properties": { "final_label": "Natural Fire", "frp": 4.76, "frp_deviation": 1.0, "alert_flag": "Normal", "evidence": "cluster active 1 days; FRP 4.8 MW (1.00x cluster avg); Normal", "acq_date": "2026-04-26", "distinct_days": 1 }, "geometry": { "type": "Point", "coordinates": [ 82.51258, 22.20284 ] } },
{ "type": "Feature", "properties": { "final_label": "Natural Fire", "frp": 3.17, "frp_deviation": null, "alert_flag": "Normal", "evidence": "isolated detection (no persistent cluster); FRP 3.2 MW; Normal", "acq_date": "2026-04-26", "distinct_days": 0 }, "geometry": { "type": "Point", "coordinates": [ 82.37924, 22.5371 ] } },
{ "type": "Feature", "properties": { "final_label": "Natural Fire", "frp": 5.73, "frp_deviation": 0.94, "alert_flag": "Normal", "evidence": "cluster active 1 days; FRP 5.7 MW (0.94x cluster avg); Normal", "acq_date": "2026-04-26", "distinct_days": 1 }, "geometry": { "type": "Point", "coordinates": [ 82.43023, 22.26152 ] } },
{ "type": "Feature", "properties": { "final_label": "Industrial", "frp": 8.44, "frp_deviation": 3.36, "alert_flag": "Abnormal spike", "evidence": "Within 1 km of OSM industrial zone; cluster active 98 days; FRP 8.4 MW (3.36x cluster avg); Abnormal spike", "acq_date": "2026-04-26", "distinct_days": 98 }, "geometry": { "type": "Point", "coordinates": [ 82.53887, 22.31734 ] } },
{ "type": "Feature", "properties": { "final_label": "Industrial", "frp": 5.8, "frp_deviation": 2.08, "alert_flag": "Normal", "evidence": "Inside OSM industrial zone; cluster active 71 days; FRP 5.8 MW (2.08x cluster avg); Normal", "acq_date": "2026-04-26", "distinct_days": 71 }, "geometry": { "type": "Point", "coordinates": [ 82.57352, 22.33003 ] } },
{ "type": "Feature", "properties": { "final_label": "Natural Fire", "frp": 4.53, "frp_deviation": null, "alert_flag": "Normal", "evidence": "isolated detection (no persistent cluster); FRP 4.5 MW; Normal", "acq_date": "2026-04-26", "distinct_days": 0 }, "geometry": { "type": "Point", "coordinates": [ 82.39658, 22.45642 ] } },
{ "type": "Feature", "properties": { "final_label": "Natural Fire", "frp": 6.4, "frp_deviation": 1.06, "alert_flag": "Normal", "evidence": "cluster active 1 days; FRP 6.4 MW (1.06x cluster avg); Normal", "acq_date": "2026-04-26", "distinct_days": 1 }, "geometry": { "type": "Point", "coordinates": [ 82.42992, 22.2587 ] } },
{ "type": "Feature", "properties": { "final_label": "Industrial", "frp": 2.69, "frp_deviation": 0.96, "alert_flag": "Normal", "evidence": "Inside OSM industrial zone; cluster active 71 days; FRP 2.7 MW (0.96x cluster avg); Normal", "acq_date": "2026-04-27", "distinct_days": 71 }, "geometry": { "type": "Point", "coordinates": [ 82.5707, 22.33027 ] } },
{ "type": "Feature", "properties": { "final_label": "Industrial", "frp": 2.69, "frp_deviation": 0.96, "alert_flag": "Normal", "evidence": "Inside OSM industrial zone; cluster active 71 days; FRP 2.7 MW (0.96x cluster avg); Normal", "acq_date": "2026-04-27", "distinct_days": 71 }, "geometry": { "type": "Point", "coordinates": [ 82.57458, 22.32961 ] } },
{ "type": "Feature", "properties": { "final_label": "Industrial", "frp": 1.3, "frp_deviation": 0.52, "alert_flag": "Normal", "evidence": "Inside OSM industrial zone; cluster active 98 days; FRP 1.3 MW (0.52x cluster avg); Normal", "acq_date": "2026-04-27", "distinct_days": 98 }, "geometry": { "type": "Point", "coordinates": [ 82.54169, 22.3248 ] } },
{ "type": "Feature", "properties": { "final_label": "Industrial", "frp": 1.36, "frp_deviation": 0.54, "alert_flag": "Normal", "evidence": "Inside OSM industrial zone; cluster active 98 days; FRP 1.4 MW (0.54x cluster avg); Normal", "acq_date": "2026-04-27", "distinct_days": 98 }, "geometry": { "type": "Point", "coordinates": [ 82.54554, 22.32415 ] } },
{ "type": "Feature", "properties": { "final_label": "Industrial", "frp": 1.36, "frp_deviation": 0.54, "alert_flag": "Normal", "evidence": "Within 1 km of OSM industrial zone; cluster active 98 days; FRP 1.4 MW (0.54x cluster avg); Normal", "acq_date": "2026-04-27", "distinct_days": 98 }, "geometry": { "type": "Point", "coordinates": [ 82.5494, 22.32349 ] } },
{ "type": "Feature", "properties": { "final_label": "Industrial", "frp": 2.91, "frp_deviation": 1.16, "alert_flag": "Normal", "evidence": "Inside OSM industrial zone; cluster active 98 days; FRP 2.9 MW (1.16x cluster avg); Normal", "acq_date": "2026-04-27", "distinct_days": 98 }, "geometry": { "type": "Point", "coordinates": [ 82.5687, 22.32022 ] } },
{ "type": "Feature", "properties": { "final_label": "Industrial", "frp": 1.56, "frp_deviation": 0.78, "alert_flag": "Normal", "evidence": "Inside OSM industrial zone; cluster active 7 days; FRP 1.6 MW (0.78x cluster avg); Normal", "acq_date": "2026-04-27", "distinct_days": 7 }, "geometry": { "type": "Point", "coordinates": [ 82.51517, 22.32754 ] } },
{ "type": "Feature", "properties": { "final_label": "Industrial", "frp": 2.51, "frp_deviation": 1.0, "alert_flag": "Normal", "evidence": "Inside OSM industrial zone; cluster active 98 days; FRP 2.5 MW (1.00x cluster avg); Normal", "acq_date": "2026-04-27", "distinct_days": 98 }, "geometry": { "type": "Point", "coordinates": [ 82.56921, 22.31853 ] } },
{ "type": "Feature", "properties": { "final_label": "Industrial", "frp": 2.59, "frp_deviation": 1.03, "alert_flag": "Normal", "evidence": "Inside OSM industrial zone; cluster active 98 days; FRP 2.6 MW (1.03x cluster avg); Normal", "acq_date": "2026-04-27", "distinct_days": 98 }, "geometry": { "type": "Point", "coordinates": [ 82.53767, 22.32033 ] } },
{ "type": "Feature", "properties": { "final_label": "Industrial", "frp": 1.96, "frp_deviation": 0.78, "alert_flag": "Normal", "evidence": "Inside OSM industrial zone; cluster active 98 days; FRP 2.0 MW (0.78x cluster avg); Normal", "acq_date": "2026-04-27", "distinct_days": 98 }, "geometry": { "type": "Point", "coordinates": [ 82.55698, 22.3171 ] } },
{ "type": "Feature", "properties": { "final_label": "Industrial", "frp": 2.09, "frp_deviation": 0.75, "alert_flag": "Normal", "evidence": "Inside OSM industrial zone; cluster active 71 days; FRP 2.1 MW (0.75x cluster avg); Normal", "acq_date": "2026-04-27", "distinct_days": 71 }, "geometry": { "type": "Point", "coordinates": [ 82.57523, 22.33297 ] } },
{ "type": "Feature", "properties": { "final_label": "Industrial", "frp": 1.58, "frp_deviation": 0.63, "alert_flag": "Normal", "evidence": "Inside OSM industrial zone; cluster active 98 days; FRP 1.6 MW (0.63x cluster avg); Normal", "acq_date": "2026-04-27", "distinct_days": 98 }, "geometry": { "type": "Point", "coordinates": [ 82.51709, 22.31684 ] } },
{ "type": "Feature", "properties": { "final_label": "Industrial", "frp": 3.6, "frp_deviation": 1.44, "alert_flag": "Normal", "evidence": "Within 1 km of OSM industrial zone; cluster active 98 days; FRP 3.6 MW (1.44x cluster avg); Normal", "acq_date": "2026-04-27", "distinct_days": 98 }, "geometry": { "type": "Point", "coordinates": [ 82.53252, 22.31427 ] } },
{ "type": "Feature", "properties": { "final_label": "Industrial", "frp": 1.75, "frp_deviation": 0.7, "alert_flag": "Normal", "evidence": "Within 1 km of OSM industrial zone; cluster active 98 days; FRP 1.8 MW (0.70x cluster avg); Normal", "acq_date": "2026-04-27", "distinct_days": 98 }, "geometry": { "type": "Point", "coordinates": [ 82.52801, 22.31156 ] } },
{ "type": "Feature", "properties": { "final_label": "Industrial", "frp": 2.59, "frp_deviation": 1.03, "alert_flag": "Normal", "evidence": "Inside OSM industrial zone; cluster active 98 days; FRP 2.6 MW (1.03x cluster avg); Normal", "acq_date": "2026-04-27", "distinct_days": 98 }, "geometry": { "type": "Point", "coordinates": [ 82.54218, 22.32304 ] } },
{ "type": "Feature", "properties": { "final_label": "Industrial", "frp": 1.79, "frp_deviation": 0.71, "alert_flag": "Normal", "evidence": "Inside OSM industrial zone; cluster active 98 days; FRP 1.8 MW (0.71x cluster avg); Normal", "acq_date": "2026-04-27", "distinct_days": 98 }, "geometry": { "type": "Point", "coordinates": [ 82.53703, 22.31697 ] } },
{ "type": "Feature", "properties": { "final_label": "Industrial", "frp": 3.3, "frp_deviation": 1.46, "alert_flag": "Normal", "evidence": "Inside OSM industrial zone; cluster active 61 days; FRP 3.3 MW (1.46x cluster avg); Normal", "acq_date": "2026-04-27", "distinct_days": 61 }, "geometry": { "type": "Point", "coordinates": [ 82.55199, 22.3369 ] } },
{ "type": "Feature", "properties": { "final_label": "Industrial", "frp": 3.7, "frp_deviation": 2.3, "alert_flag": "Normal", "evidence": "Within 1 km of OSM industrial zone; cluster active 16 days; FRP 3.7 MW (2.30x cluster avg); Normal", "acq_date": "2026-04-27", "distinct_days": 16 }, "geometry": { "type": "Point", "coordinates": [ 82.67271, 22.31989 ] } },
{ "type": "Feature", "properties": { "final_label": "Natural Fire", "frp": 3.84, "frp_deviation": 1.0, "alert_flag": "Normal", "evidence": "cluster active 1 days; FRP 3.8 MW (1.00x cluster avg); Normal", "acq_date": "2026-04-27", "distinct_days": 1 }, "geometry": { "type": "Point", "coordinates": [ 82.90826, 22.14664 ] } },
{ "type": "Feature", "properties": { "final_label": "Industrial", "frp": 4.8, "frp_deviation": 2.13, "alert_flag": "Normal", "evidence": "Inside OSM industrial zone; cluster active 61 days; FRP 4.8 MW (2.13x cluster avg); Normal", "acq_date": "2026-04-27", "distinct_days": 61 }, "geometry": { "type": "Point", "coordinates": [ 82.55585, 22.33625 ] } },
{ "type": "Feature", "properties": { "final_label": "Natural Fire", "frp": 6.29, "frp_deviation": null, "alert_flag": "Normal", "evidence": "isolated detection (no persistent cluster); FRP 6.3 MW; Normal", "acq_date": "2026-04-27", "distinct_days": 0 }, "geometry": { "type": "Point", "coordinates": [ 82.53248, 22.11464 ] } },
{ "type": "Feature", "properties": { "final_label": "Natural Fire", "frp": 3.62, "frp_deviation": 0.96, "alert_flag": "Normal", "evidence": "cluster active 1 days; FRP 3.6 MW (0.96x cluster avg); Normal", "acq_date": "2026-04-27", "distinct_days": 1 }, "geometry": { "type": "Point", "coordinates": [ 82.85115, 22.2257 ] } },
{ "type": "Feature", "properties": { "final_label": "Natural Fire", "frp": 3.93, "frp_deviation": 1.04, "alert_flag": "Normal", "evidence": "cluster active 1 days; FRP 3.9 MW (1.04x cluster avg); Normal", "acq_date": "2026-04-27", "distinct_days": 1 }, "geometry": { "type": "Point", "coordinates": [ 82.84719, 22.22514 ] } },
{ "type": "Feature", "properties": { "final_label": "Natural Fire", "frp": 5.74, "frp_deviation": null, "alert_flag": "Normal", "evidence": "isolated detection (no persistent cluster); FRP 5.7 MW; Normal", "acq_date": "2026-04-27", "distinct_days": 0 }, "geometry": { "type": "Point", "coordinates": [ 82.66624, 22.19936 ] } },
{ "type": "Feature", "properties": { "final_label": "Industrial", "frp": 8.38, "frp_deviation": 3.34, "alert_flag": "Abnormal spike", "evidence": "Within 1 km of OSM industrial zone; cluster active 98 days; FRP 8.4 MW (3.34x cluster avg); Abnormal spike", "acq_date": "2026-04-27", "distinct_days": 98 }, "geometry": { "type": "Point", "coordinates": [ 82.53938, 22.31866 ] } },
{ "type": "Feature", "properties": { "final_label": "Natural Fire", "frp": 3.84, "frp_deviation": 1.0, "alert_flag": "Normal", "evidence": "cluster active 1 days; FRP 3.8 MW (1.00x cluster avg); Normal", "acq_date": "2026-04-27", "distinct_days": 1 }, "geometry": { "type": "Point", "coordinates": [ 82.90411, 22.14607 ] } },
{ "type": "Feature", "properties": { "final_label": "Industrial", "frp": 13.9, "frp_deviation": 6.17, "alert_flag": "Abnormal spike", "evidence": "Inside OSM industrial zone; cluster active 61 days; FRP 13.9 MW (6.17x cluster avg); Abnormal spike", "acq_date": "2026-04-27", "distinct_days": 61 }, "geometry": { "type": "Point", "coordinates": [ 82.55666, 22.33491 ] } },
{ "type": "Feature", "properties": { "final_label": "Natural Fire", "frp": 12.19, "frp_deviation": null, "alert_flag": "Normal", "evidence": "isolated detection (no persistent cluster); FRP 12.2 MW; Normal", "acq_date": "2026-04-27", "distinct_days": 0 }, "geometry": { "type": "Point", "coordinates": [ 82.51213, 22.36312 ] } },
{ "type": "Feature", "properties": { "final_label": "Natural Fire", "frp": 5.66, "frp_deviation": null, "alert_flag": "Normal", "evidence": "isolated detection (no persistent cluster); FRP 5.7 MW; Normal", "acq_date": "2026-04-27", "distinct_days": 0 }, "geometry": { "type": "Point", "coordinates": [ 82.88953, 22.54226 ] } },
{ "type": "Feature", "properties": { "final_label": "Natural Fire", "frp": 3.13, "frp_deviation": null, "alert_flag": "Normal", "evidence": "isolated detection (no persistent cluster); FRP 3.1 MW; Normal", "acq_date": "2026-04-27", "distinct_days": 0 }, "geometry": { "type": "Point", "coordinates": [ 82.37566, 22.54125 ] } },
{ "type": "Feature", "properties": { "final_label": "Industrial", "frp": 2.99, "frp_deviation": 1.24, "alert_flag": "Normal", "evidence": "Inside OSM industrial zone; cluster active 8 days; FRP 3.0 MW (1.24x cluster avg); Normal", "acq_date": "2026-04-27", "distinct_days": 8 }, "geometry": { "type": "Point", "coordinates": [ 82.66823, 22.33803 ] } },
{ "type": "Feature", "properties": { "final_label": "Industrial", "frp": 2.09, "frp_deviation": 0.75, "alert_flag": "Normal", "evidence": "Inside OSM industrial zone; cluster active 71 days; FRP 2.1 MW (0.75x cluster avg); Normal", "acq_date": "2026-04-27", "distinct_days": 71 }, "geometry": { "type": "Point", "coordinates": [ 82.57589, 22.33632 ] } },
{ "type": "Feature", "properties": { "final_label": "Industrial", "frp": 2.25, "frp_deviation": 0.81, "alert_flag": "Normal", "evidence": "Inside OSM industrial zone; cluster active 73 days; FRP 2.2 MW (0.81x cluster avg); Normal", "acq_date": "2026-04-27", "distinct_days": 73 }, "geometry": { "type": "Point", "coordinates": [ 82.60679, 22.33109 ] } },
{ "type": "Feature", "properties": { "final_label": "Industrial", "frp": 11.52, "frp_deviation": 4.13, "alert_flag": "Abnormal spike", "evidence": "Inside OSM industrial zone; cluster active 71 days; FRP 11.5 MW (4.13x cluster avg); Abnormal spike", "acq_date": "2026-04-27", "distinct_days": 71 }, "geometry": { "type": "Point", "coordinates": [ 82.57345, 22.33037 ] } },
{ "type": "Feature", "properties": { "final_label": "Industrial", "frp": 3.97, "frp_deviation": 1.42, "alert_flag": "Normal", "evidence": "Inside OSM industrial zone; cluster active 71 days; FRP 4.0 MW (1.42x cluster avg); Normal", "acq_date": "2026-04-28", "distinct_days": 71 }, "geometry": { "type": "Point", "coordinates": [ 82.57298, 22.32899 ] } },
{ "type": "Feature", "properties": { "final_label": "Industrial", "frp": 4.07, "frp_deviation": 1.15, "alert_flag": "Normal", "evidence": "Inside OSM industrial zone; cluster active 96 days; FRP 4.1 MW (1.15x cluster avg); Normal", "acq_date": "2026-04-28", "distinct_days": 96 }, "geometry": { "type": "Point", "coordinates": [ 82.30251, 22.35833 ] } },
{ "type": "Feature", "properties": { "final_label": "Industrial", "frp": 4.37, "frp_deviation": 2.19, "alert_flag": "Normal", "evidence": "Inside OSM industrial zone; cluster active 7 days; FRP 4.4 MW (2.19x cluster avg); Normal", "acq_date": "2026-04-28", "distinct_days": 7 }, "geometry": { "type": "Point", "coordinates": [ 82.51459, 22.32603 ] } },
{ "type": "Feature", "properties": { "final_label": "Industrial", "frp": 4.55, "frp_deviation": 1.81, "alert_flag": "Normal", "evidence": "Within 1 km of OSM industrial zone; cluster active 98 days; FRP 4.5 MW (1.81x cluster avg); Normal", "acq_date": "2026-04-28", "distinct_days": 98 }, "geometry": { "type": "Point", "coordinates": [ 82.54025, 22.3189 ] } },
{ "type": "Feature", "properties": { "final_label": "Industrial", "frp": 5.06, "frp_deviation": 2.02, "alert_flag": "Normal", "evidence": "Inside OSM industrial zone; cluster active 98 days; FRP 5.1 MW (2.02x cluster avg); Normal", "acq_date": "2026-04-28", "distinct_days": 98 }, "geometry": { "type": "Point", "coordinates": [ 82.55772, 22.31653 ] } },
{ "type": "Feature", "properties": { "final_label": "Industrial", "frp": 5.66, "frp_deviation": 2.26, "alert_flag": "Normal", "evidence": "Inside OSM industrial zone; cluster active 98 days; FRP 5.7 MW (2.26x cluster avg); Normal", "acq_date": "2026-04-28", "distinct_days": 98 }, "geometry": { "type": "Point", "coordinates": [ 82.53375, 22.31727 ] } },
{ "type": "Feature", "properties": { "final_label": "Industrial", "frp": 5.16, "frp_deviation": 2.06, "alert_flag": "Normal", "evidence": "Inside OSM industrial zone; cluster active 98 days; FRP 5.2 MW (2.06x cluster avg); Normal", "acq_date": "2026-04-28", "distinct_days": 98 }, "geometry": { "type": "Point", "coordinates": [ 82.5157, 22.31616 ] } },
{ "type": "Feature", "properties": { "final_label": "Industrial", "frp": 4.62, "frp_deviation": 1.84, "alert_flag": "Normal", "evidence": "Inside OSM industrial zone; cluster active 98 days; FRP 4.6 MW (1.84x cluster avg); Normal", "acq_date": "2026-04-28", "distinct_days": 98 }, "geometry": { "type": "Point", "coordinates": [ 82.51722, 22.31474 ] } },
{ "type": "Feature", "properties": { "final_label": "Industrial", "frp": 3.4, "frp_deviation": 1.36, "alert_flag": "Normal", "evidence": "Within 1 km of OSM industrial zone; cluster active 98 days; FRP 3.4 MW (1.36x cluster avg); Normal", "acq_date": "2026-04-28", "distinct_days": 98 }, "geometry": { "type": "Point", "coordinates": [ 82.55992, 22.31358 ] } },
{ "type": "Feature", "properties": { "final_label": "Industrial", "frp": 3.6, "frp_deviation": 1.6, "alert_flag": "Normal", "evidence": "Within 1 km of OSM industrial zone; cluster active 61 days; FRP 3.6 MW (1.60x cluster avg); Normal", "acq_date": "2026-04-28", "distinct_days": 61 }, "geometry": { "type": "Point", "coordinates": [ 82.55187, 22.33552 ] } },
{ "type": "Feature", "properties": { "final_label": "Industrial", "frp": 6.03, "frp_deviation": 2.4, "alert_flag": "Normal", "evidence": "Inside OSM industrial zone; cluster active 98 days; FRP 6.0 MW (2.40x cluster avg); Normal", "acq_date": "2026-04-28", "distinct_days": 98 }, "geometry": { "type": "Point", "coordinates": [ 82.5353, 22.31594 ] } },
{ "type": "Feature", "properties": { "final_label": "Industrial", "frp": 3.97, "frp_deviation": 1.42, "alert_flag": "Normal", "evidence": "Inside OSM industrial zone; cluster active 71 days; FRP 4.0 MW (1.42x cluster avg); Normal", "acq_date": "2026-04-28", "distinct_days": 71 }, "geometry": { "type": "Point", "coordinates": [ 82.57355, 22.33255 ] } },
{ "type": "Feature", "properties": { "final_label": "Industrial", "frp": 6.07, "frp_deviation": 2.52, "alert_flag": "Abnormal spike", "evidence": "Inside OSM industrial zone; cluster active 8 days; FRP 6.1 MW (2.52x cluster avg); Abnormal spike", "acq_date": "2026-04-28", "distinct_days": 8 }, "geometry": { "type": "Point", "coordinates": [ 82.669, 22.33668 ] } },
{ "type": "Feature", "properties": { "final_label": "Industrial", "frp": 4.05, "frp_deviation": 1.46, "alert_flag": "Normal", "evidence": "Within 1 km of OSM industrial zone; cluster active 73 days; FRP 4.0 MW (1.46x cluster avg); Normal", "acq_date": "2026-04-28", "distinct_days": 73 }, "geometry": { "type": "Point", "coordinates": [ 82.60461, 22.33193 ] } },
{ "type": "Feature", "properties": { "final_label": "Industrial", "frp": 4.52, "frp_deviation": 1.62, "alert_flag": "Normal", "evidence": "Inside OSM industrial zone; cluster active 71 days; FRP 4.5 MW (1.62x cluster avg); Normal", "acq_date": "2026-04-28", "distinct_days": 71 }, "geometry": { "type": "Point", "coordinates": [ 82.57411, 22.33611 ] } },
{ "type": "Feature", "properties": { "final_label": "Natural Fire", "frp": 2.87, "frp_deviation": null, "alert_flag": "Normal", "evidence": "isolated detection (no persistent cluster); FRP 2.9 MW; Normal", "acq_date": "2026-04-28", "distinct_days": 0 }, "geometry": { "type": "Point", "coordinates": [ 82.38551, 22.53247 ] } },
{ "type": "Feature", "properties": { "final_label": "Natural Fire", "frp": 3.38, "frp_deviation": null, "alert_flag": "Normal", "evidence": "isolated detection (no persistent cluster); FRP 3.4 MW; Normal", "acq_date": "2026-04-28", "distinct_days": 0 }, "geometry": { "type": "Point", "coordinates": [ 82.73192, 22.41603 ] } },
{ "type": "Feature", "properties": { "final_label": "Industrial", "frp": 7.59, "frp_deviation": 3.37, "alert_flag": "Abnormal spike", "evidence": "Inside OSM industrial zone; cluster active 61 days; FRP 7.6 MW (3.37x cluster avg); Abnormal spike", "acq_date": "2026-04-28", "distinct_days": 61 }, "geometry": { "type": "Point", "coordinates": [ 82.55495, 22.33514 ] } },
{ "type": "Feature", "properties": { "final_label": "Industrial", "frp": 7.4, "frp_deviation": 2.65, "alert_flag": "Abnormal spike", "evidence": "Inside OSM industrial zone; cluster active 71 days; FRP 7.4 MW (2.65x cluster avg); Abnormal spike", "acq_date": "2026-04-28", "distinct_days": 71 }, "geometry": { "type": "Point", "coordinates": [ 82.57333, 22.33104 ] } },
{ "type": "Feature", "properties": { "final_label": "Industrial", "frp": 6.07, "frp_deviation": 2.52, "alert_flag": "Abnormal spike", "evidence": "Inside OSM industrial zone; cluster active 8 days; FRP 6.1 MW (2.52x cluster avg); Abnormal spike", "acq_date": "2026-04-28", "distinct_days": 8 }, "geometry": { "type": "Point", "coordinates": [ 82.66477, 22.33595 ] } },
{ "type": "Feature", "properties": { "final_label": "Natural Fire", "frp": 5.41, "frp_deviation": null, "alert_flag": "Normal", "evidence": "isolated detection (no persistent cluster); FRP 5.4 MW; Normal", "acq_date": "2026-04-28", "distinct_days": 0 }, "geometry": { "type": "Point", "coordinates": [ 82.78307, 22.30469 ] } },
{ "type": "Feature", "properties": { "final_label": "Natural Fire", "frp": 6.35, "frp_deviation": null, "alert_flag": "Normal", "evidence": "isolated detection (no persistent cluster); FRP 6.3 MW; Normal", "acq_date": "2026-04-28", "distinct_days": 0 }, "geometry": { "type": "Point", "coordinates": [ 82.49868, 22.25265 ] } },
{ "type": "Feature", "properties": { "final_label": "Natural Fire", "frp": 8.03, "frp_deviation": null, "alert_flag": "Normal", "evidence": "isolated detection (no persistent cluster); FRP 8.0 MW; Normal", "acq_date": "2026-04-28", "distinct_days": 0 }, "geometry": { "type": "Point", "coordinates": [ 82.52634, 22.10823 ] } },
{ "type": "Feature", "properties": { "final_label": "Industrial", "frp": 3.6, "frp_deviation": 1.6, "alert_flag": "Normal", "evidence": "Inside OSM industrial zone; cluster active 61 days; FRP 3.6 MW (1.60x cluster avg); Normal", "acq_date": "2026-04-28", "distinct_days": 61 }, "geometry": { "type": "Point", "coordinates": [ 82.55624, 22.33492 ] } },
{ "type": "Feature", "properties": { "final_label": "Natural Fire", "frp": 8.74, "frp_deviation": 2.92, "alert_flag": "Abnormal spike", "evidence": "cluster active 5 days; FRP 8.7 MW (2.92x cluster avg); Abnormal spike", "acq_date": "2026-04-29", "distinct_days": 5 }, "geometry": { "type": "Point", "coordinates": [ 82.68407, 22.55107 ] } },
{ "type": "Feature", "properties": { "final_label": "Natural Fire", "frp": 2.02, "frp_deviation": 0.61, "alert_flag": "Normal", "evidence": "cluster active 1 days; FRP 2.0 MW (0.61x cluster avg); Normal", "acq_date": "2026-04-29", "distinct_days": 1 }, "geometry": { "type": "Point", "coordinates": [ 82.79518, 22.51509 ] } },
{ "type": "Feature", "properties": { "final_label": "Natural Fire", "frp": 4.62, "frp_deviation": 1.39, "alert_flag": "Normal", "evidence": "cluster active 1 days; FRP 4.6 MW (1.39x cluster avg); Normal", "acq_date": "2026-04-29", "distinct_days": 1 }, "geometry": { "type": "Point", "coordinates": [ 82.79283, 22.51401 ] } },
{ "type": "Feature", "properties": { "final_label": "Natural Fire", "frp": 2.28, "frp_deviation": null, "alert_flag": "Normal", "evidence": "isolated detection (no persistent cluster); FRP 2.3 MW; Normal", "acq_date": "2026-04-29", "distinct_days": 0 }, "geometry": { "type": "Point", "coordinates": [ 82.78873, 22.12327 ] } },
{ "type": "Feature", "properties": { "final_label": "Natural Fire", "frp": 5.13, "frp_deviation": 1.01, "alert_flag": "Normal", "evidence": "cluster active 2 days; FRP 5.1 MW (1.01x cluster avg); Normal", "acq_date": "2026-04-29", "distinct_days": 2 }, "geometry": { "type": "Point", "coordinates": [ 82.84418, 22.12978 ] } },
{ "type": "Feature", "properties": { "final_label": "Industrial", "frp": 6.84, "frp_deviation": null, "alert_flag": "Normal", "evidence": "Within 1 km of OSM industrial zone; isolated detection (no persistent cluster); FRP 6.8 MW; Normal", "acq_date": "2026-04-29", "distinct_days": 0 }, "geometry": { "type": "Point", "coordinates": [ 82.72228, 22.40005 ] } },
{ "type": "Feature", "properties": { "final_label": "Industrial", "frp": 3.66, "frp_deviation": 1.31, "alert_flag": "Normal", "evidence": "Inside OSM industrial zone; cluster active 71 days; FRP 3.7 MW (1.31x cluster avg); Normal", "acq_date": "2026-04-30", "distinct_days": 71 }, "geometry": { "type": "Point", "coordinates": [ 82.57266, 22.33332 ] } },
{ "type": "Feature", "properties": { "final_label": "Industrial", "frp": 4.25, "frp_deviation": 1.54, "alert_flag": "Normal", "evidence": "Inside OSM industrial zone; cluster active 73 days; FRP 4.2 MW (1.54x cluster avg); Normal", "acq_date": "2026-04-30", "distinct_days": 73 }, "geometry": { "type": "Point", "coordinates": [ 82.60632, 22.33498 ] } },
{ "type": "Feature", "properties": { "final_label": "Industrial", "frp": 3.47, "frp_deviation": 1.24, "alert_flag": "Normal", "evidence": "Inside OSM industrial zone; cluster active 71 days; FRP 3.5 MW (1.24x cluster avg); Normal", "acq_date": "2026-04-30", "distinct_days": 71 }, "geometry": { "type": "Point", "coordinates": [ 82.57216, 22.33141 ] } },
{ "type": "Feature", "properties": { "final_label": "Industrial", "frp": 2.01, "frp_deviation": 1.2, "alert_flag": "Normal", "evidence": "Within 1 km of OSM industrial zone; cluster active 3 days; FRP 2.0 MW (1.20x cluster avg); Normal", "acq_date": "2026-05-01", "distinct_days": 3 }, "geometry": { "type": "Point", "coordinates": [ 82.6891, 22.3317 ] } },
{ "type": "Feature", "properties": { "final_label": "Industrial", "frp": 1.59, "frp_deviation": 0.57, "alert_flag": "Normal", "evidence": "Inside OSM industrial zone; cluster active 71 days; FRP 1.6 MW (0.57x cluster avg); Normal", "acq_date": "2026-05-01", "distinct_days": 71 }, "geometry": { "type": "Point", "coordinates": [ 82.57702, 22.33548 ] } },
{ "type": "Feature", "properties": { "final_label": "Industrial", "frp": 4.24, "frp_deviation": 1.52, "alert_flag": "Normal", "evidence": "Inside OSM industrial zone; cluster active 71 days; FRP 4.2 MW (1.52x cluster avg); Normal", "acq_date": "2026-05-01", "distinct_days": 71 }, "geometry": { "type": "Point", "coordinates": [ 82.57051, 22.33195 ] } },
{ "type": "Feature", "properties": { "final_label": "Industrial", "frp": 2.73, "frp_deviation": 1.21, "alert_flag": "Normal", "evidence": "Inside OSM industrial zone; cluster active 61 days; FRP 2.7 MW (1.21x cluster avg); Normal", "acq_date": "2026-05-01", "distinct_days": 61 }, "geometry": { "type": "Point", "coordinates": [ 82.55423, 22.33536 ] } },
{ "type": "Feature", "properties": { "final_label": "Industrial", "frp": 2.11, "frp_deviation": 0.84, "alert_flag": "Normal", "evidence": "Within 1 km of OSM industrial zone; cluster active 98 days; FRP 2.1 MW (0.84x cluster avg); Normal", "acq_date": "2026-05-01", "distinct_days": 98 }, "geometry": { "type": "Point", "coordinates": [ 82.53919, 22.31902 ] } },
{ "type": "Feature", "properties": { "final_label": "Industrial", "frp": 4.48, "frp_deviation": 1.79, "alert_flag": "Normal", "evidence": "Inside OSM industrial zone; cluster active 98 days; FRP 4.5 MW (1.79x cluster avg); Normal", "acq_date": "2026-05-01", "distinct_days": 98 }, "geometry": { "type": "Point", "coordinates": [ 82.53279, 22.31549 ] } },
{ "type": "Feature", "properties": { "final_label": "Industrial", "frp": 2.04, "frp_deviation": 0.58, "alert_flag": "Normal", "evidence": "Inside OSM industrial zone; cluster active 96 days; FRP 2.0 MW (0.58x cluster avg); Normal", "acq_date": "2026-05-01", "distinct_days": 96 }, "geometry": { "type": "Point", "coordinates": [ 82.30267, 22.35897 ] } },
{ "type": "Feature", "properties": { "final_label": "Industrial", "frp": 6.01, "frp_deviation": 2.15, "alert_flag": "Normal", "evidence": "Inside OSM industrial zone; cluster active 71 days; FRP 6.0 MW (2.15x cluster avg); Normal", "acq_date": "2026-05-02", "distinct_days": 71 }, "geometry": { "type": "Point", "coordinates": [ 82.57433, 22.3307 ] } },
{ "type": "Feature", "properties": { "final_label": "Industrial", "frp": 5.32, "frp_deviation": 1.91, "alert_flag": "Normal", "evidence": "Inside OSM industrial zone; cluster active 71 days; FRP 5.3 MW (1.91x cluster avg); Normal", "acq_date": "2026-05-02", "distinct_days": 71 }, "geometry": { "type": "Point", "coordinates": [ 82.57426, 22.32887 ] } },
{ "type": "Feature", "properties": { "final_label": "Industrial", "frp": 4.14, "frp_deviation": 1.84, "alert_flag": "Normal", "evidence": "Inside OSM industrial zone; cluster active 61 days; FRP 4.1 MW (1.84x cluster avg); Normal", "acq_date": "2026-05-02", "distinct_days": 61 }, "geometry": { "type": "Point", "coordinates": [ 82.55534, 22.33555 ] } },
{ "type": "Feature", "properties": { "final_label": "Industrial", "frp": 2.3, "frp_deviation": 1.38, "alert_flag": "Normal", "evidence": "Within 1 km of OSM industrial zone; cluster active 3 days; FRP 2.3 MW (1.38x cluster avg); Normal", "acq_date": "2026-05-02", "distinct_days": 3 }, "geometry": { "type": "Point", "coordinates": [ 82.69308, 22.32648 ] } },
{ "type": "Feature", "properties": { "final_label": "Natural Fire", "frp": 6.06, "frp_deviation": null, "alert_flag": "Normal", "evidence": "isolated detection (no persistent cluster); FRP 6.1 MW; Normal", "acq_date": "2026-05-02", "distinct_days": 0 }, "geometry": { "type": "Point", "coordinates": [ 82.76157, 22.29867 ] } },
{ "type": "Feature", "properties": { "final_label": "Industrial", "frp": 4.09, "frp_deviation": 1.63, "alert_flag": "Normal", "evidence": "Inside OSM industrial zone; cluster active 98 days; FRP 4.1 MW (1.63x cluster avg); Normal", "acq_date": "2026-05-02", "distinct_days": 98 }, "geometry": { "type": "Point", "coordinates": [ 82.53926, 22.32048 ] } },
{ "type": "Feature", "properties": { "final_label": "Industrial", "frp": 3.93, "frp_deviation": 1.57, "alert_flag": "Normal", "evidence": "Inside OSM industrial zone; cluster active 98 days; FRP 3.9 MW (1.57x cluster avg); Normal", "acq_date": "2026-05-03", "distinct_days": 98 }, "geometry": { "type": "Point", "coordinates": [ 82.5174, 22.31444 ] } },
{ "type": "Feature", "properties": { "final_label": "Industrial", "frp": 2.03, "frp_deviation": 0.81, "alert_flag": "Normal", "evidence": "Inside OSM industrial zone; cluster active 98 days; FRP 2.0 MW (0.81x cluster avg); Normal", "acq_date": "2026-05-03", "distinct_days": 98 }, "geometry": { "type": "Point", "coordinates": [ 82.53346, 22.31552 ] } },
{ "type": "Feature", "properties": { "final_label": "Industrial", "frp": 3.78, "frp_deviation": 1.51, "alert_flag": "Normal", "evidence": "Within 1 km of OSM industrial zone; cluster active 98 days; FRP 3.8 MW (1.51x cluster avg); Normal", "acq_date": "2026-05-03", "distinct_days": 98 }, "geometry": { "type": "Point", "coordinates": [ 82.55338, 22.31602 ] } },
{ "type": "Feature", "properties": { "final_label": "Industrial", "frp": 2.03, "frp_deviation": 0.81, "alert_flag": "Normal", "evidence": "Inside OSM industrial zone; cluster active 98 days; FRP 2.0 MW (0.81x cluster avg); Normal", "acq_date": "2026-05-03", "distinct_days": 98 }, "geometry": { "type": "Point", "coordinates": [ 82.53791, 22.31831 ] } },
{ "type": "Feature", "properties": { "final_label": "Industrial", "frp": 3.02, "frp_deviation": 1.2, "alert_flag": "Normal", "evidence": "Inside OSM industrial zone; cluster active 98 days; FRP 3.0 MW (1.20x cluster avg); Normal", "acq_date": "2026-05-03", "distinct_days": 98 }, "geometry": { "type": "Point", "coordinates": [ 82.53849, 22.32167 ] } },
{ "type": "Feature", "properties": { "final_label": "Industrial", "frp": 3.2, "frp_deviation": 1.6, "alert_flag": "Normal", "evidence": "Inside OSM industrial zone; cluster active 7 days; FRP 3.2 MW (1.60x cluster avg); Normal", "acq_date": "2026-05-03", "distinct_days": 7 }, "geometry": { "type": "Point", "coordinates": [ 82.51526, 22.32511 ] } },
{ "type": "Feature", "properties": { "final_label": "Industrial", "frp": 1.66, "frp_deviation": 0.47, "alert_flag": "Normal", "evidence": "Inside OSM industrial zone; cluster active 96 days; FRP 1.7 MW (0.47x cluster avg); Normal", "acq_date": "2026-05-03", "distinct_days": 96 }, "geometry": { "type": "Point", "coordinates": [ 82.30468, 22.35605 ] } },
{ "type": "Feature", "properties": { "final_label": "Industrial", "frp": 3.98, "frp_deviation": 2.32, "alert_flag": "Normal", "evidence": "Inside OSM industrial zone; cluster active 23 days; FRP 4.0 MW (2.32x cluster avg); Normal", "acq_date": "2026-05-03", "distinct_days": 23 }, "geometry": { "type": "Point", "coordinates": [ 82.57772, 22.31931 ] } },
{ "type": "Feature", "properties": { "final_label": "Industrial", "frp": 4.06, "frp_deviation": 1.62, "alert_flag": "Normal", "evidence": "Inside OSM industrial zone; cluster active 98 days; FRP 4.1 MW (1.62x cluster avg); Normal", "acq_date": "2026-05-03", "distinct_days": 98 }, "geometry": { "type": "Point", "coordinates": [ 82.55725, 22.31545 ] } },
{ "type": "Feature", "properties": { "final_label": "Industrial", "frp": 1.66, "frp_deviation": 0.47, "alert_flag": "Normal", "evidence": "Inside OSM industrial zone; cluster active 96 days; FRP 1.7 MW (0.47x cluster avg); Normal", "acq_date": "2026-05-03", "distinct_days": 96 }, "geometry": { "type": "Point", "coordinates": [ 82.30526, 22.35944 ] } },
{ "type": "Feature", "properties": { "final_label": "Industrial", "frp": 4.19, "frp_deviation": 1.5, "alert_flag": "Normal", "evidence": "Inside OSM industrial zone; cluster active 71 days; FRP 4.2 MW (1.50x cluster avg); Normal", "acq_date": "2026-05-03", "distinct_days": 71 }, "geometry": { "type": "Point", "coordinates": [ 82.57167, 22.33055 ] } },
{ "type": "Feature", "properties": { "final_label": "Industrial", "frp": 2.31, "frp_deviation": 1.02, "alert_flag": "Normal", "evidence": "Inside OSM industrial zone; cluster active 61 days; FRP 2.3 MW (1.02x cluster avg); Normal", "acq_date": "2026-05-03", "distinct_days": 61 }, "geometry": { "type": "Point", "coordinates": [ 82.55686, 22.33619 ] } },
{ "type": "Feature", "properties": { "final_label": "Industrial", "frp": 2.31, "frp_deviation": 1.02, "alert_flag": "Normal", "evidence": "Inside OSM industrial zone; cluster active 61 days; FRP 2.3 MW (1.02x cluster avg); Normal", "acq_date": "2026-05-03", "distinct_days": 61 }, "geometry": { "type": "Point", "coordinates": [ 82.55299, 22.33677 ] } },
{ "type": "Feature", "properties": { "final_label": "Industrial", "frp": 1.35, "frp_deviation": 1.11, "alert_flag": "Normal", "evidence": "Inside OSM industrial zone; cluster active 3 days; FRP 1.4 MW (1.11x cluster avg); Normal", "acq_date": "2026-05-03", "distinct_days": 3 }, "geometry": { "type": "Point", "coordinates": [ 82.73103, 22.31712 ] } },
{ "type": "Feature", "properties": { "final_label": "Industrial", "frp": 5.95, "frp_deviation": 2.13, "alert_flag": "Normal", "evidence": "Inside OSM industrial zone; cluster active 71 days; FRP 6.0 MW (2.13x cluster avg); Normal", "acq_date": "2026-05-03", "distinct_days": 71 }, "geometry": { "type": "Point", "coordinates": [ 82.5743, 22.32998 ] } },
{ "type": "Feature", "properties": { "final_label": "Natural Fire", "frp": 7.17, "frp_deviation": 1.03, "alert_flag": "Normal", "evidence": "cluster active 2 days; FRP 7.2 MW (1.03x cluster avg); Normal", "acq_date": "2026-05-03", "distinct_days": 2 }, "geometry": { "type": "Point", "coordinates": [ 82.76257, 22.24439 ] } },
{ "type": "Feature", "properties": { "final_label": "Industrial", "frp": 4.07, "frp_deviation": 1.62, "alert_flag": "Normal", "evidence": "Inside OSM industrial zone; cluster active 98 days; FRP 4.1 MW (1.62x cluster avg); Normal", "acq_date": "2026-05-03", "distinct_days": 98 }, "geometry": { "type": "Point", "coordinates": [ 82.57, 22.32046 ] } },
{ "type": "Feature", "properties": { "final_label": "Industrial", "frp": 1.49, "frp_deviation": 0.59, "alert_flag": "Normal", "evidence": "Inside OSM industrial zone; cluster active 98 days; FRP 1.5 MW (0.59x cluster avg); Normal", "acq_date": "2026-05-04", "distinct_days": 98 }, "geometry": { "type": "Point", "coordinates": [ 82.51622, 22.31707 ] } },
{ "type": "Feature", "properties": { "final_label": "Industrial", "frp": 2.54, "frp_deviation": 1.01, "alert_flag": "Normal", "evidence": "Inside OSM industrial zone; cluster active 98 days; FRP 2.5 MW (1.01x cluster avg); Normal", "acq_date": "2026-05-04", "distinct_days": 98 }, "geometry": { "type": "Point", "coordinates": [ 82.5603, 22.31626 ] } },
{ "type": "Feature", "properties": { "final_label": "Industrial", "frp": 1.61, "frp_deviation": 0.64, "alert_flag": "Normal", "evidence": "Within 1 km of OSM industrial zone; cluster active 98 days; FRP 1.6 MW (0.64x cluster avg); Normal", "acq_date": "2026-05-04", "distinct_days": 98 }, "geometry": { "type": "Point", "coordinates": [ 82.55162, 22.31728 ] } },
{ "type": "Feature", "properties": { "final_label": "Industrial", "frp": 1.32, "frp_deviation": 0.53, "alert_flag": "Normal", "evidence": "Inside OSM industrial zone; cluster active 98 days; FRP 1.3 MW (0.53x cluster avg); Normal", "acq_date": "2026-05-04", "distinct_days": 98 }, "geometry": { "type": "Point", "coordinates": [ 82.53859, 22.31881 ] } },
{ "type": "Feature", "properties": { "final_label": "Industrial", "frp": 2.23, "frp_deviation": 0.89, "alert_flag": "Normal", "evidence": "Inside OSM industrial zone; cluster active 98 days; FRP 2.2 MW (0.89x cluster avg); Normal", "acq_date": "2026-05-04", "distinct_days": 98 }, "geometry": { "type": "Point", "coordinates": [ 82.56958, 22.31952 ] } },
{ "type": "Feature", "properties": { "final_label": "Industrial", "frp": 2.27, "frp_deviation": 0.81, "alert_flag": "Normal", "evidence": "Inside OSM industrial zone; cluster active 71 days; FRP 2.3 MW (0.81x cluster avg); Normal", "acq_date": "2026-05-04", "distinct_days": 71 }, "geometry": { "type": "Point", "coordinates": [ 82.57542, 22.33186 ] } },
{ "type": "Feature", "properties": { "final_label": "Industrial", "frp": 1.39, "frp_deviation": 0.5, "alert_flag": "Normal", "evidence": "Inside OSM industrial zone; cluster active 73 days; FRP 1.4 MW (0.50x cluster avg); Normal", "acq_date": "2026-05-04", "distinct_days": 73 }, "geometry": { "type": "Point", "coordinates": [ 82.60635, 22.33253 ] } },
{ "type": "Feature", "properties": { "final_label": "Industrial", "frp": 1.2, "frp_deviation": 0.53, "alert_flag": "Normal", "evidence": "Inside OSM industrial zone; cluster active 61 days; FRP 1.2 MW (0.53x cluster avg); Normal", "acq_date": "2026-05-04", "distinct_days": 61 }, "geometry": { "type": "Point", "coordinates": [ 82.55405, 22.3344 ] } },
{ "type": "Feature", "properties": { "final_label": "Industrial", "frp": 1.25, "frp_deviation": 0.45, "alert_flag": "Normal", "evidence": "Inside OSM industrial zone; cluster active 71 days; FRP 1.2 MW (0.45x cluster avg); Normal", "acq_date": "2026-05-04", "distinct_days": 71 }, "geometry": { "type": "Point", "coordinates": [ 82.576, 22.33614 ] } },
{ "type": "Feature", "properties": { "final_label": "Industrial", "frp": 1.38, "frp_deviation": 0.57, "alert_flag": "Normal", "evidence": "Inside OSM industrial zone; cluster active 8 days; FRP 1.4 MW (0.57x cluster avg); Normal", "acq_date": "2026-05-04", "distinct_days": 8 }, "geometry": { "type": "Point", "coordinates": [ 82.66808, 22.33813 ] } },
{ "type": "Feature", "properties": { "final_label": "Natural Fire", "frp": 1.23, "frp_deviation": null, "alert_flag": "Normal", "evidence": "isolated detection (no persistent cluster); FRP 1.2 MW; Normal", "acq_date": "2026-05-04", "distinct_days": 0 }, "geometry": { "type": "Point", "coordinates": [ 82.73386, 22.13901 ] } },
{ "type": "Feature", "properties": { "final_label": "Industrial", "frp": 2.73, "frp_deviation": 0.98, "alert_flag": "Normal", "evidence": "Inside OSM industrial zone; cluster active 71 days; FRP 2.7 MW (0.98x cluster avg); Normal", "acq_date": "2026-05-04", "distinct_days": 71 }, "geometry": { "type": "Point", "coordinates": [ 82.57114, 22.33237 ] } },
{ "type": "Feature", "properties": { "final_label": "Industrial", "frp": 2.33, "frp_deviation": 0.93, "alert_flag": "Normal", "evidence": "Inside OSM industrial zone; cluster active 98 days; FRP 2.3 MW (0.93x cluster avg); Normal", "acq_date": "2026-05-05", "distinct_days": 98 }, "geometry": { "type": "Point", "coordinates": [ 82.52811, 22.31643 ] } },
{ "type": "Feature", "properties": { "final_label": "Industrial", "frp": 3.32, "frp_deviation": 1.32, "alert_flag": "Normal", "evidence": "Inside OSM industrial zone; cluster active 98 days; FRP 3.3 MW (1.32x cluster avg); Normal", "acq_date": "2026-05-05", "distinct_days": 98 }, "geometry": { "type": "Point", "coordinates": [ 82.52919, 22.31393 ] } },
{ "type": "Feature", "properties": { "final_label": "Industrial", "frp": 2.35, "frp_deviation": 0.94, "alert_flag": "Normal", "evidence": "Inside OSM industrial zone; cluster active 98 days; FRP 2.4 MW (0.94x cluster avg); Normal", "acq_date": "2026-05-05", "distinct_days": 98 }, "geometry": { "type": "Point", "coordinates": [ 82.53765, 22.31896 ] } },
{ "type": "Feature", "properties": { "final_label": "Industrial", "frp": 1.58, "frp_deviation": 0.63, "alert_flag": "Normal", "evidence": "Inside OSM industrial zone; cluster active 98 days; FRP 1.6 MW (0.63x cluster avg); Normal", "acq_date": "2026-05-05", "distinct_days": 98 }, "geometry": { "type": "Point", "coordinates": [ 82.53658, 22.32142 ] } },
{ "type": "Feature", "properties": { "final_label": "Natural Fire", "frp": 3.72, "frp_deviation": null, "alert_flag": "Normal", "evidence": "isolated detection (no persistent cluster); FRP 3.7 MW; Normal", "acq_date": "2026-05-05", "distinct_days": 0 }, "geometry": { "type": "Point", "coordinates": [ 82.96143, 22.30627 ] } },
{ "type": "Feature", "properties": { "final_label": "Industrial", "frp": 2.45, "frp_deviation": 0.88, "alert_flag": "Normal", "evidence": "Inside OSM industrial zone; cluster active 71 days; FRP 2.5 MW (0.88x cluster avg); Normal", "acq_date": "2026-05-05", "distinct_days": 71 }, "geometry": { "type": "Point", "coordinates": [ 82.56912, 22.33461 ] } },
{ "type": "Feature", "properties": { "final_label": "Natural Fire", "frp": 2.52, "frp_deviation": null, "alert_flag": "Normal", "evidence": "isolated detection (no persistent cluster); FRP 2.5 MW; Normal", "acq_date": "2026-05-05", "distinct_days": 0 }, "geometry": { "type": "Point", "coordinates": [ 82.74562, 22.34989 ] } },
{ "type": "Feature", "properties": { "final_label": "Industrial", "frp": 2.74, "frp_deviation": 0.98, "alert_flag": "Normal", "evidence": "Inside OSM industrial zone; cluster active 71 days; FRP 2.7 MW (0.98x cluster avg); Normal", "acq_date": "2026-05-05", "distinct_days": 71 }, "geometry": { "type": "Point", "coordinates": [ 82.57585, 22.3329 ] } },
{ "type": "Feature", "properties": { "final_label": "Industrial", "frp": 1.55, "frp_deviation": 0.44, "alert_flag": "Normal", "evidence": "Inside OSM industrial zone; cluster active 96 days; FRP 1.6 MW (0.44x cluster avg); Normal", "acq_date": "2026-05-06", "distinct_days": 96 }, "geometry": { "type": "Point", "coordinates": [ 82.30167, 22.35679 ] } },
{ "type": "Feature", "properties": { "final_label": "Industrial", "frp": 1.13, "frp_deviation": 0.45, "alert_flag": "Normal", "evidence": "Inside OSM industrial zone; cluster active 98 days; FRP 1.1 MW (0.45x cluster avg); Normal", "acq_date": "2026-05-06", "distinct_days": 98 }, "geometry": { "type": "Point", "coordinates": [ 82.53581, 22.3167 ] } },
{ "type": "Feature", "properties": { "final_label": "Industrial", "frp": 1.13, "frp_deviation": 0.45, "alert_flag": "Normal", "evidence": "Inside OSM industrial zone; cluster active 98 days; FRP 1.1 MW (0.45x cluster avg); Normal", "acq_date": "2026-05-06", "distinct_days": 98 }, "geometry": { "type": "Point", "coordinates": [ 82.53249, 22.31743 ] } },
{ "type": "Feature", "properties": { "final_label": "Industrial", "frp": 1.62, "frp_deviation": 0.65, "alert_flag": "Normal", "evidence": "Inside OSM industrial zone; cluster active 98 days; FRP 1.6 MW (0.65x cluster avg); Normal", "acq_date": "2026-05-06", "distinct_days": 98 }, "geometry": { "type": "Point", "coordinates": [ 82.5371, 22.32181 ] } },
{ "type": "Feature", "properties": { "final_label": "Industrial", "frp": 1.3, "frp_deviation": 0.52, "alert_flag": "Normal", "evidence": "Inside OSM industrial zone; cluster active 98 days; FRP 1.3 MW (0.52x cluster avg); Normal", "acq_date": "2026-05-06", "distinct_days": 98 }, "geometry": { "type": "Point", "coordinates": [ 82.56831, 22.32043 ] } },
{ "type": "Feature", "properties": { "final_label": "Industrial", "frp": 2.1, "frp_deviation": 0.75, "alert_flag": "Normal", "evidence": "Inside OSM industrial zone; cluster active 71 days; FRP 2.1 MW (0.75x cluster avg); Normal", "acq_date": "2026-05-06", "distinct_days": 71 }, "geometry": { "type": "Point", "coordinates": [ 82.57465, 22.32985 ] } },
{ "type": "Feature", "properties": { "final_label": "Industrial", "frp": 1.26, "frp_deviation": 0.36, "alert_flag": "Normal", "evidence": "Inside OSM industrial zone; cluster active 96 days; FRP 1.3 MW (0.36x cluster avg); Normal", "acq_date": "2026-05-06", "distinct_days": 96 }, "geometry": { "type": "Point", "coordinates": [ 82.30287, 22.36183 ] } },
{ "type": "Feature", "properties": { "final_label": "Industrial", "frp": 1.43, "frp_deviation": 0.51, "alert_flag": "Normal", "evidence": "Inside OSM industrial zone; cluster active 71 days; FRP 1.4 MW (0.51x cluster avg); Normal", "acq_date": "2026-05-06", "distinct_days": 71 }, "geometry": { "type": "Point", "coordinates": [ 82.57601, 22.33495 ] } },
{ "type": "Feature", "properties": { "final_label": "Industrial", "frp": 1.14, "frp_deviation": 0.51, "alert_flag": "Normal", "evidence": "Inside OSM industrial zone; cluster active 61 days; FRP 1.1 MW (0.51x cluster avg); Normal", "acq_date": "2026-05-06", "distinct_days": 61 }, "geometry": { "type": "Point", "coordinates": [ 82.55495, 22.33563 ] } },
{ "type": "Feature", "properties": { "final_label": "Industrial", "frp": 3.92, "frp_deviation": 1.4, "alert_flag": "Normal", "evidence": "Inside OSM industrial zone; cluster active 71 days; FRP 3.9 MW (1.40x cluster avg); Normal", "acq_date": "2026-05-06", "distinct_days": 71 }, "geometry": { "type": "Point", "coordinates": [ 82.57199, 22.33182 ] } },
{ "type": "Feature", "properties": { "final_label": "Industrial", "frp": 0.6, "frp_deviation": 0.22, "alert_flag": "Normal", "evidence": "Within 1 km of OSM industrial zone; cluster active 73 days; FRP 0.6 MW (0.22x cluster avg); Normal", "acq_date": "2026-05-06", "distinct_days": 73 }, "geometry": { "type": "Point", "coordinates": [ 82.60318, 22.33026 ] } },
{ "type": "Feature", "properties": { "final_label": "Industrial", "frp": 5.17, "frp_deviation": 1.46, "alert_flag": "Normal", "evidence": "Inside OSM industrial zone; cluster active 96 days; FRP 5.2 MW (1.46x cluster avg); Normal", "acq_date": "2026-05-06", "distinct_days": 96 }, "geometry": { "type": "Point", "coordinates": [ 82.30445, 22.35765 ] } },
{ "type": "Feature", "properties": { "final_label": "Industrial", "frp": 4.54, "frp_deviation": 1.63, "alert_flag": "Normal", "evidence": "Inside OSM industrial zone; cluster active 71 days; FRP 4.5 MW (1.63x cluster avg); Normal", "acq_date": "2026-05-06", "distinct_days": 71 }, "geometry": { "type": "Point", "coordinates": [ 82.57446, 22.33027 ] } },
{ "type": "Feature", "properties": { "final_label": "Industrial", "frp": 2.1, "frp_deviation": 0.75, "alert_flag": "Normal", "evidence": "Inside OSM industrial zone; cluster active 71 days; FRP 2.1 MW (0.75x cluster avg); Normal", "acq_date": "2026-05-06", "distinct_days": 71 }, "geometry": { "type": "Point", "coordinates": [ 82.5713, 22.33057 ] } },
{ "type": "Feature", "properties": { "final_label": "Industrial", "frp": 11.59, "frp_deviation": 4.15, "alert_flag": "Abnormal spike", "evidence": "Inside OSM industrial zone; cluster active 71 days; FRP 11.6 MW (4.15x cluster avg); Abnormal spike", "acq_date": "2026-05-07", "distinct_days": 71 }, "geometry": { "type": "Point", "coordinates": [ 82.57551, 22.33222 ] } },
{ "type": "Feature", "properties": { "final_label": "Industrial", "frp": 4.78, "frp_deviation": null, "alert_flag": "Normal", "evidence": "Inside OSM industrial zone; isolated detection (no persistent cluster); FRP 4.8 MW; Normal", "acq_date": "2026-05-07", "distinct_days": 0 }, "geometry": { "type": "Point", "coordinates": [ 82.72063, 22.39033 ] } },
{ "type": "Feature", "properties": { "final_label": "Industrial", "frp": 1.28, "frp_deviation": 0.36, "alert_flag": "Normal", "evidence": "Within 1 km of OSM industrial zone; cluster active 96 days; FRP 1.3 MW (0.36x cluster avg); Normal", "acq_date": "2026-05-08", "distinct_days": 96 }, "geometry": { "type": "Point", "coordinates": [ 82.30698, 22.35886 ] } },
{ "type": "Feature", "properties": { "final_label": "Industrial", "frp": 1.17, "frp_deviation": 0.47, "alert_flag": "Normal", "evidence": "Inside OSM industrial zone; cluster active 98 days; FRP 1.2 MW (0.47x cluster avg); Normal", "acq_date": "2026-05-08", "distinct_days": 98 }, "geometry": { "type": "Point", "coordinates": [ 82.53994, 22.32229 ] } },
{ "type": "Feature", "properties": { "final_label": "Industrial", "frp": 1.5, "frp_deviation": 0.6, "alert_flag": "Normal", "evidence": "Within 1 km of OSM industrial zone; cluster active 98 days; FRP 1.5 MW (0.60x cluster avg); Normal", "acq_date": "2026-05-08", "distinct_days": 98 }, "geometry": { "type": "Point", "coordinates": [ 82.56951, 22.31762 ] } },
{ "type": "Feature", "properties": { "final_label": "Industrial", "frp": 1.21, "frp_deviation": 0.34, "alert_flag": "Normal", "evidence": "Inside OSM industrial zone; cluster active 96 days; FRP 1.2 MW (0.34x cluster avg); Normal", "acq_date": "2026-05-08", "distinct_days": 96 }, "geometry": { "type": "Point", "coordinates": [ 82.30269, 22.35615 ] } },
{ "type": "Feature", "properties": { "final_label": "Industrial", "frp": 1.17, "frp_deviation": 0.47, "alert_flag": "Normal", "evidence": "Within 1 km of OSM industrial zone; cluster active 98 days; FRP 1.2 MW (0.47x cluster avg); Normal", "acq_date": "2026-05-08", "distinct_days": 98 }, "geometry": { "type": "Point", "coordinates": [ 82.53934, 22.319 ] } },
{ "type": "Feature", "properties": { "final_label": "Industrial", "frp": 1.31, "frp_deviation": 0.52, "alert_flag": "Normal", "evidence": "Inside OSM industrial zone; cluster active 98 days; FRP 1.3 MW (0.52x cluster avg); Normal", "acq_date": "2026-05-08", "distinct_days": 98 }, "geometry": { "type": "Point", "coordinates": [ 82.51598, 22.31593 ] } },
{ "type": "Feature", "properties": { "final_label": "Industrial", "frp": 1.63, "frp_deviation": 0.65, "alert_flag": "Normal", "evidence": "Inside OSM industrial zone; cluster active 98 days; FRP 1.6 MW (0.65x cluster avg); Normal", "acq_date": "2026-05-08", "distinct_days": 98 }, "geometry": { "type": "Point", "coordinates": [ 82.55782, 22.31608 ] } },
{ "type": "Feature", "properties": { "final_label": "Industrial", "frp": 1.71, "frp_deviation": 0.68, "alert_flag": "Normal", "evidence": "Inside OSM industrial zone; cluster active 98 days; FRP 1.7 MW (0.68x cluster avg); Normal", "acq_date": "2026-05-08", "distinct_days": 98 }, "geometry": { "type": "Point", "coordinates": [ 82.53504, 22.31629 ] } },
{ "type": "Feature", "properties": { "final_label": "Industrial", "frp": 2.43, "frp_deviation": 0.97, "alert_flag": "Normal", "evidence": "Inside OSM industrial zone; cluster active 98 days; FRP 2.4 MW (0.97x cluster avg); Normal", "acq_date": "2026-05-08", "distinct_days": 98 }, "geometry": { "type": "Point", "coordinates": [ 82.53075, 22.31358 ] } },
{ "type": "Feature", "properties": { "final_label": "Industrial", "frp": 1.06, "frp_deviation": 0.42, "alert_flag": "Normal", "evidence": "Inside OSM industrial zone; cluster active 98 days; FRP 1.1 MW (0.42x cluster avg); Normal", "acq_date": "2026-05-08", "distinct_days": 98 }, "geometry": { "type": "Point", "coordinates": [ 82.52648, 22.31089 ] } },
{ "type": "Feature", "properties": { "final_label": "Industrial", "frp": 1.42, "frp_deviation": 0.57, "alert_flag": "Normal", "evidence": "Within 1 km of OSM industrial zone; cluster active 98 days; FRP 1.4 MW (0.57x cluster avg); Normal", "acq_date": "2026-05-08", "distinct_days": 98 }, "geometry": { "type": "Point", "coordinates": [ 82.55043, 22.31725 ] } },
{ "type": "Feature", "properties": { "final_label": "Industrial", "frp": 1.21, "frp_deviation": 0.34, "alert_flag": "Normal", "evidence": "Inside OSM industrial zone; cluster active 96 days; FRP 1.2 MW (0.34x cluster avg); Normal", "acq_date": "2026-05-08", "distinct_days": 96 }, "geometry": { "type": "Point", "coordinates": [ 82.30328, 22.35944 ] } },
{ "type": "Feature", "properties": { "final_label": "Industrial", "frp": 2.16, "frp_deviation": 0.86, "alert_flag": "Normal", "evidence": "Inside OSM industrial zone; cluster active 98 days; FRP 2.2 MW (0.86x cluster avg); Normal", "acq_date": "2026-05-08", "distinct_days": 98 }, "geometry": { "type": "Point", "coordinates": [ 82.57011, 22.32091 ] } },
{ "type": "Feature", "properties": { "final_label": "Industrial", "frp": 1.14, "frp_deviation": 0.95, "alert_flag": "Normal", "evidence": "Inside OSM industrial zone; cluster active 16 days; FRP 1.1 MW (0.95x cluster avg); Normal", "acq_date": "2026-05-08", "distinct_days": 16 }, "geometry": { "type": "Point", "coordinates": [ 82.53375, 22.33004 ] } },
{ "type": "Feature", "properties": { "final_label": "Industrial", "frp": 3.19, "frp_deviation": 1.14, "alert_flag": "Normal", "evidence": "Inside OSM industrial zone; cluster active 71 days; FRP 3.2 MW (1.14x cluster avg); Normal", "acq_date": "2026-05-08", "distinct_days": 71 }, "geometry": { "type": "Point", "coordinates": [ 82.57191, 22.33078 ] } },
{ "type": "Feature", "properties": { "final_label": "Industrial", "frp": 1.07, "frp_deviation": 0.38, "alert_flag": "Normal", "evidence": "Inside OSM industrial zone; cluster active 71 days; FRP 1.1 MW (0.38x cluster avg); Normal", "acq_date": "2026-05-08", "distinct_days": 71 }, "geometry": { "type": "Point", "coordinates": [ 82.57621, 22.33349 ] } },
{ "type": "Feature", "properties": { "final_label": "Industrial", "frp": 0.98, "frp_deviation": 0.35, "alert_flag": "Normal", "evidence": "Inside OSM industrial zone; cluster active 71 days; FRP 1.0 MW (0.35x cluster avg); Normal", "acq_date": "2026-05-08", "distinct_days": 71 }, "geometry": { "type": "Point", "coordinates": [ 82.57251, 22.33407 ] } },
{ "type": "Feature", "properties": { "final_label": "Industrial", "frp": 1.97, "frp_deviation": 0.87, "alert_flag": "Normal", "evidence": "Inside OSM industrial zone; cluster active 61 days; FRP 2.0 MW (0.87x cluster avg); Normal", "acq_date": "2026-05-08", "distinct_days": 61 }, "geometry": { "type": "Point", "coordinates": [ 82.55403, 22.33699 ] } },
{ "type": "Feature", "properties": { "final_label": "Industrial", "frp": 0.93, "frp_deviation": 0.41, "alert_flag": "Normal", "evidence": "Inside OSM industrial zone; cluster active 61 days; FRP 0.9 MW (0.41x cluster avg); Normal", "acq_date": "2026-05-08", "distinct_days": 61 }, "geometry": { "type": "Point", "coordinates": [ 82.55034, 22.33758 ] } },
{ "type": "Feature", "properties": { "final_label": "Industrial", "frp": 1.84, "frp_deviation": 0.67, "alert_flag": "Normal", "evidence": "Inside OSM industrial zone; cluster active 73 days; FRP 1.8 MW (0.67x cluster avg); Normal", "acq_date": "2026-05-08", "distinct_days": 73 }, "geometry": { "type": "Point", "coordinates": [ 82.60638, 22.33211 ] } },
{ "type": "Feature", "properties": { "final_label": "Industrial", "frp": 1.07, "frp_deviation": 0.38, "alert_flag": "Normal", "evidence": "Inside OSM industrial zone; cluster active 71 days; FRP 1.1 MW (0.38x cluster avg); Normal", "acq_date": "2026-05-08", "distinct_days": 71 }, "geometry": { "type": "Point", "coordinates": [ 82.57681, 22.33678 ] } },
{ "type": "Feature", "properties": { "final_label": "Industrial", "frp": 0.98, "frp_deviation": 0.35, "alert_flag": "Normal", "evidence": "Inside OSM industrial zone; cluster active 71 days; FRP 1.0 MW (0.35x cluster avg); Normal", "acq_date": "2026-05-08", "distinct_days": 71 }, "geometry": { "type": "Point", "coordinates": [ 82.57311, 22.33737 ] } },
{ "type": "Feature", "properties": { "final_label": "Industrial", "frp": 1.06, "frp_deviation": 0.87, "alert_flag": "Normal", "evidence": "Inside OSM industrial zone; cluster active 3 days; FRP 1.1 MW (0.87x cluster avg); Normal", "acq_date": "2026-05-08", "distinct_days": 3 }, "geometry": { "type": "Point", "coordinates": [ 82.72894, 22.31606 ] } },
{ "type": "Feature", "properties": { "final_label": "Industrial", "frp": 1.88, "frp_deviation": 1.1, "alert_flag": "Normal", "evidence": "Within 1 km of OSM industrial zone; cluster active 23 days; FRP 1.9 MW (1.10x cluster avg); Normal", "acq_date": "2026-05-08", "distinct_days": 23 }, "geometry": { "type": "Point", "coordinates": [ 82.57751, 22.31974 ] } },
{ "type": "Feature", "properties": { "final_label": "Industrial", "frp": 6.36, "frp_deviation": 2.28, "alert_flag": "Normal", "evidence": "Inside OSM industrial zone; cluster active 71 days; FRP 6.4 MW (2.28x cluster avg); Normal", "acq_date": "2026-05-09", "distinct_days": 71 }, "geometry": { "type": "Point", "coordinates": [ 82.57684, 22.33333 ] } },
{ "type": "Feature", "properties": { "final_label": "Industrial", "frp": 5.82, "frp_deviation": 2.08, "alert_flag": "Normal", "evidence": "Inside OSM industrial zone; cluster active 71 days; FRP 5.8 MW (2.08x cluster avg); Normal", "acq_date": "2026-05-09", "distinct_days": 71 }, "geometry": { "type": "Point", "coordinates": [ 82.57258, 22.32859 ] } },
{ "type": "Feature", "properties": { "final_label": "Natural Fire", "frp": 3.57, "frp_deviation": null, "alert_flag": "Normal", "evidence": "isolated detection (no persistent cluster); FRP 3.6 MW; Normal", "acq_date": "2026-05-09", "distinct_days": 0 }, "geometry": { "type": "Point", "coordinates": [ 82.34589, 22.22149 ] } },
{ "type": "Feature", "properties": { "final_label": "Natural Fire", "frp": 3.87, "frp_deviation": null, "alert_flag": "Normal", "evidence": "isolated detection (no persistent cluster); FRP 3.9 MW; Normal", "acq_date": "2026-05-09", "distinct_days": 0 }, "geometry": { "type": "Point", "coordinates": [ 82.56606, 22.12856 ] } },
{ "type": "Feature", "properties": { "final_label": "Natural Fire", "frp": 4.71, "frp_deviation": null, "alert_flag": "Normal", "evidence": "isolated detection (no persistent cluster); FRP 4.7 MW; Normal", "acq_date": "2026-05-09", "distinct_days": 0 }, "geometry": { "type": "Point", "coordinates": [ 82.52311, 22.22214 ] } },
{ "type": "Feature", "properties": { "final_label": "Natural Fire", "frp": 1.07, "frp_deviation": null, "alert_flag": "Normal", "evidence": "isolated detection (no persistent cluster); FRP 1.1 MW; Normal", "acq_date": "2026-05-10", "distinct_days": 0 }, "geometry": { "type": "Point", "coordinates": [ 82.93945, 22.17148 ] } },
{ "type": "Feature", "properties": { "final_label": "Industrial", "frp": 1.31, "frp_deviation": 0.47, "alert_flag": "Normal", "evidence": "Inside OSM industrial zone; cluster active 71 days; FRP 1.3 MW (0.47x cluster avg); Normal", "acq_date": "2026-05-10", "distinct_days": 71 }, "geometry": { "type": "Point", "coordinates": [ 82.57347, 22.33569 ] } },
{ "type": "Feature", "properties": { "final_label": "Industrial", "frp": 1.48, "frp_deviation": 0.54, "alert_flag": "Normal", "evidence": "Within 1 km of OSM industrial zone; cluster active 73 days; FRP 1.5 MW (0.54x cluster avg); Normal", "acq_date": "2026-05-10", "distinct_days": 73 }, "geometry": { "type": "Point", "coordinates": [ 82.60841, 22.33217 ] } },
{ "type": "Feature", "properties": { "final_label": "Industrial", "frp": 1.31, "frp_deviation": 0.47, "alert_flag": "Normal", "evidence": "Inside OSM industrial zone; cluster active 71 days; FRP 1.3 MW (0.47x cluster avg); Normal", "acq_date": "2026-05-10", "distinct_days": 71 }, "geometry": { "type": "Point", "coordinates": [ 82.57288, 22.33041 ] } },
{ "type": "Feature", "properties": { "final_label": "Industrial", "frp": 2.39, "frp_deviation": 0.95, "alert_flag": "Normal", "evidence": "Inside OSM industrial zone; cluster active 98 days; FRP 2.4 MW (0.95x cluster avg); Normal", "acq_date": "2026-05-10", "distinct_days": 98 }, "geometry": { "type": "Point", "coordinates": [ 82.57204, 22.31984 ] } },
{ "type": "Feature", "properties": { "final_label": "Industrial", "frp": 1.78, "frp_deviation": 1.04, "alert_flag": "Normal", "evidence": "Inside OSM industrial zone; cluster active 23 days; FRP 1.8 MW (1.04x cluster avg); Normal", "acq_date": "2026-05-10", "distinct_days": 23 }, "geometry": { "type": "Point", "coordinates": [ 82.57899, 22.31915 ] } },
{ "type": "Feature", "properties": { "final_label": "Industrial", "frp": 1.88, "frp_deviation": 0.75, "alert_flag": "Normal", "evidence": "Inside OSM industrial zone; cluster active 98 days; FRP 1.9 MW (0.75x cluster avg); Normal", "acq_date": "2026-05-10", "distinct_days": 98 }, "geometry": { "type": "Point", "coordinates": [ 82.53649, 22.31802 ] } },
{ "type": "Feature", "properties": { "final_label": "Industrial", "frp": 1.43, "frp_deviation": 0.57, "alert_flag": "Normal", "evidence": "Inside OSM industrial zone; cluster active 98 days; FRP 1.4 MW (0.57x cluster avg); Normal", "acq_date": "2026-05-10", "distinct_days": 98 }, "geometry": { "type": "Point", "coordinates": [ 82.56095, 22.3156 ] } },
{ "type": "Feature", "properties": { "final_label": "Industrial", "frp": 3.17, "frp_deviation": 1.26, "alert_flag": "Normal", "evidence": "Inside OSM industrial zone; cluster active 98 days; FRP 3.2 MW (1.26x cluster avg); Normal", "acq_date": "2026-05-11", "distinct_days": 98 }, "geometry": { "type": "Point", "coordinates": [ 82.52928, 22.31457 ] } },
{ "type": "Feature", "properties": { "final_label": "Industrial", "frp": 2.45, "frp_deviation": 0.69, "alert_flag": "Normal", "evidence": "Inside OSM industrial zone; cluster active 96 days; FRP 2.5 MW (0.69x cluster avg); Normal", "acq_date": "2026-05-11", "distinct_days": 96 }, "geometry": { "type": "Point", "coordinates": [ 82.30339, 22.36038 ] } },
{ "type": "Feature", "properties": { "final_label": "Industrial", "frp": 3.54, "frp_deviation": 1.41, "alert_flag": "Normal", "evidence": "Within 1 km of OSM industrial zone; cluster active 98 days; FRP 3.5 MW (1.41x cluster avg); Normal", "acq_date": "2026-05-11", "distinct_days": 98 }, "geometry": { "type": "Point", "coordinates": [ 82.54732, 22.31637 ] } },
{ "type": "Feature", "properties": { "final_label": "Industrial", "frp": 3.22, "frp_deviation": 1.28, "alert_flag": "Normal", "evidence": "Inside OSM industrial zone; cluster active 98 days; FRP 3.2 MW (1.28x cluster avg); Normal", "acq_date": "2026-05-11", "distinct_days": 98 }, "geometry": { "type": "Point", "coordinates": [ 82.53489, 22.31922 ] } },
{ "type": "Feature", "properties": { "final_label": "Industrial", "frp": 1.3, "frp_deviation": 0.47, "alert_flag": "Normal", "evidence": "Inside OSM industrial zone; cluster active 71 days; FRP 1.3 MW (0.47x cluster avg); Normal", "acq_date": "2026-05-11", "distinct_days": 71 }, "geometry": { "type": "Point", "coordinates": [ 82.57487, 22.33639 ] } },
{ "type": "Feature", "properties": { "final_label": "Industrial", "frp": 4.52, "frp_deviation": 1.27, "alert_flag": "Normal", "evidence": "Inside OSM industrial zone; cluster active 96 days; FRP 4.5 MW (1.27x cluster avg); Normal", "acq_date": "2026-05-11", "distinct_days": 96 }, "geometry": { "type": "Point", "coordinates": [ 82.30415, 22.35682 ] } },
{ "type": "Feature", "properties": { "final_label": "Industrial", "frp": 4.23, "frp_deviation": 1.19, "alert_flag": "Normal", "evidence": "Inside OSM industrial zone; cluster active 96 days; FRP 4.2 MW (1.19x cluster avg); Normal", "acq_date": "2026-05-11", "distinct_days": 96 }, "geometry": { "type": "Point", "coordinates": [ 82.30405, 22.35575 ] } },
{ "type": "Feature", "properties": { "final_label": "Industrial", "frp": 4.26, "frp_deviation": 1.53, "alert_flag": "Normal", "evidence": "Inside OSM industrial zone; cluster active 71 days; FRP 4.3 MW (1.53x cluster avg); Normal", "acq_date": "2026-05-11", "distinct_days": 71 }, "geometry": { "type": "Point", "coordinates": [ 82.57304, 22.32832 ] } },
{ "type": "Feature", "properties": { "final_label": "Industrial", "frp": 1.2, "frp_deviation": 0.48, "alert_flag": "Normal", "evidence": "Inside OSM industrial zone; cluster active 98 days; FRP 1.2 MW (0.48x cluster avg); Normal", "acq_date": "2026-05-12", "distinct_days": 98 }, "geometry": { "type": "Point", "coordinates": [ 82.53616, 22.31771 ] } },
{ "type": "Feature", "properties": { "final_label": "Industrial", "frp": 2.14, "frp_deviation": 0.6, "alert_flag": "Normal", "evidence": "Inside OSM industrial zone; cluster active 96 days; FRP 2.1 MW (0.60x cluster avg); Normal", "acq_date": "2026-05-12", "distinct_days": 96 }, "geometry": { "type": "Point", "coordinates": [ 82.30282, 22.35559 ] } },
{ "type": "Feature", "properties": { "final_label": "Industrial", "frp": 2.42, "frp_deviation": 0.96, "alert_flag": "Normal", "evidence": "Inside OSM industrial zone; cluster active 98 days; FRP 2.4 MW (0.96x cluster avg); Normal", "acq_date": "2026-05-12", "distinct_days": 98 }, "geometry": { "type": "Point", "coordinates": [ 82.53103, 22.31436 ] } },
{ "type": "Feature", "properties": { "final_label": "Industrial", "frp": 2.14, "frp_deviation": 0.6, "alert_flag": "Normal", "evidence": "Inside OSM industrial zone; cluster active 96 days; FRP 2.1 MW (0.60x cluster avg); Normal", "acq_date": "2026-05-12", "distinct_days": 96 }, "geometry": { "type": "Point", "coordinates": [ 82.30372, 22.35972 ] } },
{ "type": "Feature", "properties": { "final_label": "Industrial", "frp": 1.84, "frp_deviation": 0.73, "alert_flag": "Normal", "evidence": "Within 1 km of OSM industrial zone; cluster active 98 days; FRP 1.8 MW (0.73x cluster avg); Normal", "acq_date": "2026-05-12", "distinct_days": 98 }, "geometry": { "type": "Point", "coordinates": [ 82.54877, 22.3152 ] } },
{ "type": "Feature", "properties": { "final_label": "Industrial", "frp": 2.3, "frp_deviation": 0.92, "alert_flag": "Normal", "evidence": "Inside OSM industrial zone; cluster active 98 days; FRP 2.3 MW (0.92x cluster avg); Normal", "acq_date": "2026-05-12", "distinct_days": 98 }, "geometry": { "type": "Point", "coordinates": [ 82.56752, 22.32022 ] } },
{ "type": "Feature", "properties": { "final_label": "Industrial", "frp": 2.48, "frp_deviation": 0.89, "alert_flag": "Normal", "evidence": "Inside OSM industrial zone; cluster active 71 days; FRP 2.5 MW (0.89x cluster avg); Normal", "acq_date": "2026-05-12", "distinct_days": 71 }, "geometry": { "type": "Point", "coordinates": [ 82.5749, 22.33192 ] } },
{ "type": "Feature", "properties": { "final_label": "Industrial", "frp": 0.95, "frp_deviation": 0.34, "alert_flag": "Normal", "evidence": "Inside OSM industrial zone; cluster active 73 days; FRP 0.9 MW (0.34x cluster avg); Normal", "acq_date": "2026-05-12", "distinct_days": 73 }, "geometry": { "type": "Point", "coordinates": [ 82.60537, 22.33025 ] } },
{ "type": "Feature", "properties": { "final_label": "Industrial", "frp": 1.62, "frp_deviation": 0.58, "alert_flag": "Normal", "evidence": "Inside OSM industrial zone; cluster active 71 days; FRP 1.6 MW (0.58x cluster avg); Normal", "acq_date": "2026-05-12", "distinct_days": 71 }, "geometry": { "type": "Point", "coordinates": [ 82.57587, 22.33611 ] } },
{ "type": "Feature", "properties": { "final_label": "Industrial", "frp": 8.42, "frp_deviation": 2.37, "alert_flag": "Normal", "evidence": "Inside OSM industrial zone; cluster active 96 days; FRP 8.4 MW (2.37x cluster avg); Normal", "acq_date": "2026-05-12", "distinct_days": 96 }, "geometry": { "type": "Point", "coordinates": [ 82.30302, 22.35689 ] } },
{ "type": "Feature", "properties": { "final_label": "Industrial", "frp": 1.2, "frp_deviation": 0.48, "alert_flag": "Normal", "evidence": "Inside OSM industrial zone; cluster active 98 days; FRP 1.2 MW (0.48x cluster avg); Normal", "acq_date": "2026-05-12", "distinct_days": 98 }, "geometry": { "type": "Point", "coordinates": [ 82.53712, 22.32191 ] } },
{ "type": "Feature", "properties": { "final_label": "Industrial", "frp": 2.26, "frp_deviation": 0.9, "alert_flag": "Normal", "evidence": "Inside OSM industrial zone; cluster active 98 days; FRP 2.3 MW (0.90x cluster avg); Normal", "acq_date": "2026-05-13", "distinct_days": 98 }, "geometry": { "type": "Point", "coordinates": [ 82.5398, 22.32066 ] } },
{ "type": "Feature", "properties": { "final_label": "Industrial", "frp": 2.43, "frp_deviation": 0.97, "alert_flag": "Normal", "evidence": "Within 1 km of OSM industrial zone; cluster active 98 days; FRP 2.4 MW (0.97x cluster avg); Normal", "acq_date": "2026-05-13", "distinct_days": 98 }, "geometry": { "type": "Point", "coordinates": [ 82.55069, 22.3154 ] } },
{ "type": "Feature", "properties": { "final_label": "Industrial", "frp": 1.91, "frp_deviation": 0.76, "alert_flag": "Normal", "evidence": "Within 1 km of OSM industrial zone; cluster active 98 days; FRP 1.9 MW (0.76x cluster avg); Normal", "acq_date": "2026-05-13", "distinct_days": 98 }, "geometry": { "type": "Point", "coordinates": [ 82.53018, 22.3119 ] } },
{ "type": "Feature", "properties": { "final_label": "Industrial", "frp": 1.81, "frp_deviation": 0.72, "alert_flag": "Normal", "evidence": "Inside OSM industrial zone; cluster active 98 days; FRP 1.8 MW (0.72x cluster avg); Normal", "acq_date": "2026-05-13", "distinct_days": 98 }, "geometry": { "type": "Point", "coordinates": [ 82.53082, 22.31525 ] } },
{ "type": "Feature", "properties": { "final_label": "Industrial", "frp": 1.71, "frp_deviation": 0.86, "alert_flag": "Normal", "evidence": "Inside OSM industrial zone; cluster active 7 days; FRP 1.7 MW (0.86x cluster avg); Normal", "acq_date": "2026-05-13", "distinct_days": 7 }, "geometry": { "type": "Point", "coordinates": [ 82.51675, 22.3245 ] } },
{ "type": "Feature", "properties": { "final_label": "Industrial", "frp": 1.57, "frp_deviation": 0.63, "alert_flag": "Normal", "evidence": "Inside OSM industrial zone; cluster active 98 days; FRP 1.6 MW (0.63x cluster avg); Normal", "acq_date": "2026-05-13", "distinct_days": 98 }, "geometry": { "type": "Point", "coordinates": [ 82.55838, 22.31411 ] } },
{ "type": "Feature", "properties": { "final_label": "Industrial", "frp": 1.18, "frp_deviation": 0.47, "alert_flag": "Normal", "evidence": "Inside OSM industrial zone; cluster active 98 days; FRP 1.2 MW (0.47x cluster avg); Normal", "acq_date": "2026-05-13", "distinct_days": 98 }, "geometry": { "type": "Point", "coordinates": [ 82.57121, 22.31889 ] } },
{ "type": "Feature", "properties": { "final_label": "Industrial", "frp": 1.81, "frp_deviation": 0.72, "alert_flag": "Normal", "evidence": "Within 1 km of OSM industrial zone; cluster active 98 days; FRP 1.8 MW (0.72x cluster avg); Normal", "acq_date": "2026-05-13", "distinct_days": 98 }, "geometry": { "type": "Point", "coordinates": [ 82.53467, 22.31461 ] } },
{ "type": "Feature", "properties": { "final_label": "Industrial", "frp": 1.47, "frp_deviation": 0.53, "alert_flag": "Normal", "evidence": "Within 1 km of OSM industrial zone; cluster active 73 days; FRP 1.5 MW (0.53x cluster avg); Normal", "acq_date": "2026-05-13", "distinct_days": 73 }, "geometry": { "type": "Point", "coordinates": [ 82.60461, 22.33249 ] } },
{ "type": "Feature", "properties": { "final_label": "Natural Fire", "frp": 3.77, "frp_deviation": 1.0, "alert_flag": "Normal", "evidence": "cluster active 1 days; FRP 3.8 MW (1.00x cluster avg); Normal", "acq_date": "2026-05-13", "distinct_days": 1 }, "geometry": { "type": "Point", "coordinates": [ 82.62881, 22.22373 ] } },
{ "type": "Feature", "properties": { "final_label": "Natural Fire", "frp": 3.77, "frp_deviation": 1.0, "alert_flag": "Normal", "evidence": "cluster active 1 days; FRP 3.8 MW (1.00x cluster avg); Normal", "acq_date": "2026-05-13", "distinct_days": 1 }, "geometry": { "type": "Point", "coordinates": [ 82.62492, 22.22318 ] } },
{ "type": "Feature", "properties": { "final_label": "Industrial", "frp": 4.17, "frp_deviation": 1.66, "alert_flag": "Normal", "evidence": "Within 1 km of OSM industrial zone; cluster active 98 days; FRP 4.2 MW (1.66x cluster avg); Normal", "acq_date": "2026-05-13", "distinct_days": 98 }, "geometry": { "type": "Point", "coordinates": [ 82.55082, 22.3142 ] } },
{ "type": "Feature", "properties": { "final_label": "Industrial", "frp": 2.24, "frp_deviation": 0.8, "alert_flag": "Normal", "evidence": "Inside OSM industrial zone; cluster active 71 days; FRP 2.2 MW (0.80x cluster avg); Normal", "acq_date": "2026-05-13", "distinct_days": 71 }, "geometry": { "type": "Point", "coordinates": [ 82.57255, 22.33099 ] } },
{ "type": "Feature", "properties": { "final_label": "Industrial", "frp": 1.23, "frp_deviation": 1.01, "alert_flag": "Normal", "evidence": "Inside OSM industrial zone; cluster active 3 days; FRP 1.2 MW (1.01x cluster avg); Normal", "acq_date": "2026-05-13", "distinct_days": 3 }, "geometry": { "type": "Point", "coordinates": [ 82.72971, 22.31825 ] } },
{ "type": "Feature", "properties": { "final_label": "Industrial", "frp": 2.17, "frp_deviation": 0.78, "alert_flag": "Normal", "evidence": "Inside OSM industrial zone; cluster active 71 days; FRP 2.2 MW (0.78x cluster avg); Normal", "acq_date": "2026-05-13", "distinct_days": 71 }, "geometry": { "type": "Point", "coordinates": [ 82.57384, 22.33769 ] } },
{ "type": "Feature", "properties": { "final_label": "Industrial", "frp": 0.7, "frp_deviation": 0.42, "alert_flag": "Normal", "evidence": "Within 1 km of OSM industrial zone; cluster active 3 days; FRP 0.7 MW (0.42x cluster avg); Normal", "acq_date": "2026-05-13", "distinct_days": 3 }, "geometry": { "type": "Point", "coordinates": [ 82.69157, 22.32819 ] } },
{ "type": "Feature", "properties": { "final_label": "Industrial", "frp": 3.39, "frp_deviation": 1.23, "alert_flag": "Normal", "evidence": "Inside OSM industrial zone; cluster active 73 days; FRP 3.4 MW (1.23x cluster avg); Normal", "acq_date": "2026-05-14", "distinct_days": 73 }, "geometry": { "type": "Point", "coordinates": [ 82.60667, 22.33068 ] } },
{ "type": "Feature", "properties": { "final_label": "Industrial", "frp": 6.89, "frp_deviation": 1.94, "alert_flag": "Normal", "evidence": "Inside OSM industrial zone; cluster active 96 days; FRP 6.9 MW (1.94x cluster avg); Normal", "acq_date": "2026-05-14", "distinct_days": 96 }, "geometry": { "type": "Point", "coordinates": [ 82.30525, 22.35864 ] } },
{ "type": "Feature", "properties": { "final_label": "Industrial", "frp": 4.31, "frp_deviation": 1.72, "alert_flag": "Normal", "evidence": "Within 1 km of OSM industrial zone; cluster active 98 days; FRP 4.3 MW (1.72x cluster avg); Normal", "acq_date": "2026-05-14", "distinct_days": 98 }, "geometry": { "type": "Point", "coordinates": [ 82.55212, 22.31405 ] } },
{ "type": "Feature", "properties": { "final_label": "Industrial", "frp": 4.99, "frp_deviation": 1.99, "alert_flag": "Normal", "evidence": "Within 1 km of OSM industrial zone; cluster active 98 days; FRP 5.0 MW (1.99x cluster avg); Normal", "acq_date": "2026-05-15", "distinct_days": 98 }, "geometry": { "type": "Point", "coordinates": [ 82.5615, 22.31372 ] } },
{ "type": "Feature", "properties": { "final_label": "Industrial", "frp": 4.16, "frp_deviation": 1.49, "alert_flag": "Normal", "evidence": "Inside OSM industrial zone; cluster active 71 days; FRP 4.2 MW (1.49x cluster avg); Normal", "acq_date": "2026-05-15", "distinct_days": 71 }, "geometry": { "type": "Point", "coordinates": [ 82.57522, 22.33634 ] } },
{ "type": "Feature", "properties": { "final_label": "Industrial", "frp": 3.69, "frp_deviation": 1.33, "alert_flag": "Normal", "evidence": "Inside OSM industrial zone; cluster active 73 days; FRP 3.7 MW (1.33x cluster avg); Normal", "acq_date": "2026-05-15", "distinct_days": 73 }, "geometry": { "type": "Point", "coordinates": [ 82.60824, 22.3327 ] } },
{ "type": "Feature", "properties": { "final_label": "Industrial", "frp": 2.59, "frp_deviation": 0.73, "alert_flag": "Normal", "evidence": "Within 1 km of OSM industrial zone; cluster active 96 days; FRP 2.6 MW (0.73x cluster avg); Normal", "acq_date": "2026-05-15", "distinct_days": 96 }, "geometry": { "type": "Point", "coordinates": [ 82.30618, 22.36077 ] } },
{ "type": "Feature", "properties": { "final_label": "Industrial", "frp": 4.58, "frp_deviation": 1.83, "alert_flag": "Normal", "evidence": "Inside OSM industrial zone; cluster active 98 days; FRP 4.6 MW (1.83x cluster avg); Normal", "acq_date": "2026-05-15", "distinct_days": 98 }, "geometry": { "type": "Point", "coordinates": [ 82.53394, 22.3167 ] } },
{ "type": "Feature", "properties": { "final_label": "Industrial", "frp": 4.09, "frp_deviation": 1.63, "alert_flag": "Normal", "evidence": "Within 1 km of OSM industrial zone; cluster active 98 days; FRP 4.1 MW (1.63x cluster avg); Normal", "acq_date": "2026-05-15", "distinct_days": 98 }, "geometry": { "type": "Point", "coordinates": [ 82.55048, 22.31491 ] } },
{ "type": "Feature", "properties": { "final_label": "Industrial", "frp": 1.3, "frp_deviation": 0.37, "alert_flag": "Normal", "evidence": "Inside OSM industrial zone; cluster active 96 days; FRP 1.3 MW (0.37x cluster avg); Normal", "acq_date": "2026-05-16", "distinct_days": 96 }, "geometry": { "type": "Point", "coordinates": [ 82.30221, 22.35754 ] } },
{ "type": "Feature", "properties": { "final_label": "Industrial", "frp": 3.51, "frp_deviation": 0.99, "alert_flag": "Normal", "evidence": "Inside OSM industrial zone; cluster active 96 days; FRP 3.5 MW (0.99x cluster avg); Normal", "acq_date": "2026-05-16", "distinct_days": 96 }, "geometry": { "type": "Point", "coordinates": [ 82.30527, 22.35843 ] } },
{ "type": "Feature", "properties": { "final_label": "Industrial", "frp": 1.71, "frp_deviation": 0.68, "alert_flag": "Normal", "evidence": "Inside OSM industrial zone; cluster active 98 days; FRP 1.7 MW (0.68x cluster avg); Normal", "acq_date": "2026-05-16", "distinct_days": 98 }, "geometry": { "type": "Point", "coordinates": [ 82.53079, 22.31452 ] } },
{ "type": "Feature", "properties": { "final_label": "Industrial", "frp": 8.23, "frp_deviation": 2.32, "alert_flag": "Normal", "evidence": "Inside OSM industrial zone; cluster active 96 days; FRP 8.2 MW (2.32x cluster avg); Normal", "acq_date": "2026-05-17", "distinct_days": 96 }, "geometry": { "type": "Point", "coordinates": [ 82.3025, 22.35657 ] } },
{ "type": "Feature", "properties": { "final_label": "Industrial", "frp": 9.08, "frp_deviation": 3.62, "alert_flag": "Abnormal spike", "evidence": "Within 1 km of OSM industrial zone; cluster active 98 days; FRP 9.1 MW (3.62x cluster avg); Abnormal spike", "acq_date": "2026-05-18", "distinct_days": 98 }, "geometry": { "type": "Point", "coordinates": [ 82.54921, 22.31414 ] } },
{ "type": "Feature", "properties": { "final_label": "Industrial", "frp": 5.29, "frp_deviation": 1.49, "alert_flag": "Normal", "evidence": "Inside OSM industrial zone; cluster active 96 days; FRP 5.3 MW (1.49x cluster avg); Normal", "acq_date": "2026-05-18", "distinct_days": 96 }, "geometry": { "type": "Point", "coordinates": [ 82.30151, 22.35877 ] } },
{ "type": "Feature", "properties": { "final_label": "Industrial", "frp": 4.01, "frp_deviation": 1.6, "alert_flag": "Normal", "evidence": "Inside OSM industrial zone; cluster active 98 days; FRP 4.0 MW (1.60x cluster avg); Normal", "acq_date": "2026-05-19", "distinct_days": 98 }, "geometry": { "type": "Point", "coordinates": [ 82.55767, 22.31466 ] } },
{ "type": "Feature", "properties": { "final_label": "Industrial", "frp": 3.33, "frp_deviation": 1.33, "alert_flag": "Normal", "evidence": "Within 1 km of OSM industrial zone; cluster active 98 days; FRP 3.3 MW (1.33x cluster avg); Normal", "acq_date": "2026-05-19", "distinct_days": 98 }, "geometry": { "type": "Point", "coordinates": [ 82.54993, 22.31581 ] } },
{ "type": "Feature", "properties": { "final_label": "Industrial", "frp": 3.28, "frp_deviation": 1.31, "alert_flag": "Normal", "evidence": "Inside OSM industrial zone; cluster active 98 days; FRP 3.3 MW (1.31x cluster avg); Normal", "acq_date": "2026-05-19", "distinct_days": 98 }, "geometry": { "type": "Point", "coordinates": [ 82.53887, 22.32091 ] } },
{ "type": "Feature", "properties": { "final_label": "Industrial", "frp": 1.68, "frp_deviation": 0.47, "alert_flag": "Normal", "evidence": "Inside OSM industrial zone; cluster active 96 days; FRP 1.7 MW (0.47x cluster avg); Normal", "acq_date": "2026-05-19", "distinct_days": 96 }, "geometry": { "type": "Point", "coordinates": [ 82.3053, 22.35891 ] } },
{ "type": "Feature", "properties": { "final_label": "Industrial", "frp": 4.45, "frp_deviation": 2.6, "alert_flag": "Abnormal spike", "evidence": "Inside OSM industrial zone; cluster active 23 days; FRP 4.5 MW (2.60x cluster avg); Abnormal spike", "acq_date": "2026-05-19", "distinct_days": 23 }, "geometry": { "type": "Point", "coordinates": [ 82.57875, 22.32188 ] } },
{ "type": "Feature", "properties": { "final_label": "Industrial", "frp": 1.35, "frp_deviation": 0.48, "alert_flag": "Normal", "evidence": "Inside OSM industrial zone; cluster active 71 days; FRP 1.4 MW (0.48x cluster avg); Normal", "acq_date": "2026-05-19", "distinct_days": 71 }, "geometry": { "type": "Point", "coordinates": [ 82.57269, 22.33313 ] } },
{ "type": "Feature", "properties": { "final_label": "Industrial", "frp": 5.3, "frp_deviation": 1.92, "alert_flag": "Normal", "evidence": "Within 1 km of OSM industrial zone; cluster active 73 days; FRP 5.3 MW (1.92x cluster avg); Normal", "acq_date": "2026-05-19", "distinct_days": 73 }, "geometry": { "type": "Point", "coordinates": [ 82.60807, 22.3313 ] } },
{ "type": "Feature", "properties": { "final_label": "Industrial", "frp": 1.35, "frp_deviation": 0.48, "alert_flag": "Normal", "evidence": "Inside OSM industrial zone; cluster active 71 days; FRP 1.4 MW (0.48x cluster avg); Normal", "acq_date": "2026-05-19", "distinct_days": 71 }, "geometry": { "type": "Point", "coordinates": [ 82.57327, 22.3365 ] } },
{ "type": "Feature", "properties": { "final_label": "Industrial", "frp": 3.59, "frp_deviation": 1.08, "alert_flag": "Normal", "evidence": "Inside OSM industrial zone; cluster active 2 days; FRP 3.6 MW (1.08x cluster avg); Normal", "acq_date": "2026-05-19", "distinct_days": 2 }, "geometry": { "type": "Point", "coordinates": [ 82.66316, 22.32994 ] } },
{ "type": "Feature", "properties": { "final_label": "Industrial", "frp": 3.62, "frp_deviation": 1.31, "alert_flag": "Normal", "evidence": "Within 1 km of OSM industrial zone; cluster active 73 days; FRP 3.6 MW (1.31x cluster avg); Normal", "acq_date": "2026-05-19", "distinct_days": 73 }, "geometry": { "type": "Point", "coordinates": [ 82.60516, 22.33167 ] } },
{ "type": "Feature", "properties": { "final_label": "Industrial", "frp": 5.79, "frp_deviation": 2.31, "alert_flag": "Normal", "evidence": "Within 1 km of OSM industrial zone; cluster active 98 days; FRP 5.8 MW (2.31x cluster avg); Normal", "acq_date": "2026-05-19", "distinct_days": 98 }, "geometry": { "type": "Point", "coordinates": [ 82.5528, 22.31628 ] } },
{ "type": "Feature", "properties": { "final_label": "Industrial", "frp": 1.86, "frp_deviation": 0.82, "alert_flag": "Normal", "evidence": "Inside OSM industrial zone; cluster active 61 days; FRP 1.9 MW (0.82x cluster avg); Normal", "acq_date": "2026-05-19", "distinct_days": 61 }, "geometry": { "type": "Point", "coordinates": [ 82.5534, 22.33601 ] } },
{ "type": "Feature", "properties": { "final_label": "Industrial", "frp": 2.74, "frp_deviation": 1.09, "alert_flag": "Normal", "evidence": "Within 1 km of OSM industrial zone; cluster active 98 days; FRP 2.7 MW (1.09x cluster avg); Normal", "acq_date": "2026-05-19", "distinct_days": 98 }, "geometry": { "type": "Point", "coordinates": [ 82.53384, 22.31475 ] } },
{ "type": "Feature", "properties": { "final_label": "Industrial", "frp": 6.1, "frp_deviation": 2.43, "alert_flag": "Normal", "evidence": "Within 1 km of OSM industrial zone; cluster active 98 days; FRP 6.1 MW (2.43x cluster avg); Normal", "acq_date": "2026-05-20", "distinct_days": 98 }, "geometry": { "type": "Point", "coordinates": [ 82.55376, 22.3155 ] } },
{ "type": "Feature", "properties": { "final_label": "Industrial", "frp": 6.16, "frp_deviation": 2.46, "alert_flag": "Normal", "evidence": "Inside OSM industrial zone; cluster active 98 days; FRP 6.2 MW (2.46x cluster avg); Normal", "acq_date": "2026-05-20", "distinct_days": 98 }, "geometry": { "type": "Point", "coordinates": [ 82.55812, 22.315 ] } },
{ "type": "Feature", "properties": { "final_label": "Industrial", "frp": 4.87, "frp_deviation": 3.02, "alert_flag": "Abnormal spike", "evidence": "Inside OSM industrial zone; cluster active 16 days; FRP 4.9 MW (3.02x cluster avg); Abnormal spike", "acq_date": "2026-05-20", "distinct_days": 16 }, "geometry": { "type": "Point", "coordinates": [ 82.66866, 22.32373 ] } },
{ "type": "Feature", "properties": { "final_label": "Natural Fire", "frp": 4.35, "frp_deviation": null, "alert_flag": "Normal", "evidence": "isolated detection (no persistent cluster); FRP 4.3 MW; Normal", "acq_date": "2026-05-20", "distinct_days": 0 }, "geometry": { "type": "Point", "coordinates": [ 82.4789, 22.19197 ] } },
{ "type": "Feature", "properties": { "final_label": "Natural Fire", "frp": 8.64, "frp_deviation": null, "alert_flag": "Normal", "evidence": "isolated detection (no persistent cluster); FRP 8.6 MW; Normal", "acq_date": "2026-05-20", "distinct_days": 0 }, "geometry": { "type": "Point", "coordinates": [ 82.85824, 22.11692 ] } },
{ "type": "Feature", "properties": { "final_label": "Industrial", "frp": 5.71, "frp_deviation": 2.06, "alert_flag": "Normal", "evidence": "Within 1 km of OSM industrial zone; cluster active 73 days; FRP 5.7 MW (2.06x cluster avg); Normal", "acq_date": "2026-05-20", "distinct_days": 73 }, "geometry": { "type": "Point", "coordinates": [ 82.60863, 22.33082 ] } },
{ "type": "Feature", "properties": { "final_label": "Natural Fire", "frp": 5.54, "frp_deviation": 1.52, "alert_flag": "Normal", "evidence": "cluster active 1 days; FRP 5.5 MW (1.52x cluster avg); Normal", "acq_date": "2026-05-22", "distinct_days": 1 }, "geometry": { "type": "Point", "coordinates": [ 82.34762, 22.23359 ] } },
{ "type": "Feature", "properties": { "final_label": "Industrial", "frp": 0.8, "frp_deviation": 0.32, "alert_flag": "Normal", "evidence": "Within 1 km of OSM industrial zone; cluster active 98 days; FRP 0.8 MW (0.32x cluster avg); Normal", "acq_date": "2026-05-22", "distinct_days": 98 }, "geometry": { "type": "Point", "coordinates": [ 82.5352, 22.31502 ] } },
{ "type": "Feature", "properties": { "final_label": "Industrial", "frp": 0.8, "frp_deviation": 0.32, "alert_flag": "Normal", "evidence": "Inside OSM industrial zone; cluster active 98 days; FRP 0.8 MW (0.32x cluster avg); Normal", "acq_date": "2026-05-22", "distinct_days": 98 }, "geometry": { "type": "Point", "coordinates": [ 82.53648, 22.32013 ] } },
{ "type": "Feature", "properties": { "final_label": "Industrial", "frp": 0.24, "frp_deviation": 0.22, "alert_flag": "Normal", "evidence": "Inside OSM industrial zone; cluster active 5 days; FRP 0.2 MW (0.22x cluster avg); Normal", "acq_date": "2026-05-22", "distinct_days": 5 }, "geometry": { "type": "Point", "coordinates": [ 82.49586, 22.33973 ] } },
{ "type": "Feature", "properties": { "final_label": "Natural Fire", "frp": 1.22, "frp_deviation": 0.71, "alert_flag": "Normal", "evidence": "cluster active 1 days; FRP 1.2 MW (0.71x cluster avg); Normal", "acq_date": "2026-05-22", "distinct_days": 1 }, "geometry": { "type": "Point", "coordinates": [ 82.45251, 22.54076 ] } },
{ "type": "Feature", "properties": { "final_label": "Natural Fire", "frp": 2.21, "frp_deviation": 1.29, "alert_flag": "Normal", "evidence": "cluster active 1 days; FRP 2.2 MW (1.29x cluster avg); Normal", "acq_date": "2026-05-22", "distinct_days": 1 }, "geometry": { "type": "Point", "coordinates": [ 82.45257, 22.54118 ] } },
{ "type": "Feature", "properties": { "final_label": "Natural Fire", "frp": 2.67, "frp_deviation": null, "alert_flag": "Normal", "evidence": "isolated detection (no persistent cluster); FRP 2.7 MW; Normal", "acq_date": "2026-05-22", "distinct_days": 0 }, "geometry": { "type": "Point", "coordinates": [ 82.34176, 22.23304 ] } },
{ "type": "Feature", "properties": { "final_label": "Natural Fire", "frp": 2.7, "frp_deviation": 0.74, "alert_flag": "Normal", "evidence": "cluster active 1 days; FRP 2.7 MW (0.74x cluster avg); Normal", "acq_date": "2026-05-22", "distinct_days": 1 }, "geometry": { "type": "Point", "coordinates": [ 82.35055, 22.23387 ] } },
{ "type": "Feature", "properties": { "final_label": "Natural Fire", "frp": 2.7, "frp_deviation": 0.74, "alert_flag": "Normal", "evidence": "cluster active 1 days; FRP 2.7 MW (0.74x cluster avg); Normal", "acq_date": "2026-05-22", "distinct_days": 1 }, "geometry": { "type": "Point", "coordinates": [ 82.35358, 22.23416 ] } },
{ "type": "Feature", "properties": { "final_label": "Natural Fire", "frp": 3.45, "frp_deviation": 1.06, "alert_flag": "Normal", "evidence": "cluster active 2 days; FRP 3.5 MW (1.06x cluster avg); Normal", "acq_date": "2026-05-22", "distinct_days": 2 }, "geometry": { "type": "Point", "coordinates": [ 82.34772, 22.22832 ] } },
{ "type": "Feature", "properties": { "final_label": "Natural Fire", "frp": 3.68, "frp_deviation": 1.13, "alert_flag": "Normal", "evidence": "cluster active 2 days; FRP 3.7 MW (1.13x cluster avg); Normal", "acq_date": "2026-05-22", "distinct_days": 2 }, "geometry": { "type": "Point", "coordinates": [ 82.35046, 22.22858 ] } },
{ "type": "Feature", "properties": { "final_label": "Natural Fire", "frp": 3.68, "frp_deviation": 1.13, "alert_flag": "Normal", "evidence": "cluster active 2 days; FRP 3.7 MW (1.13x cluster avg); Normal", "acq_date": "2026-05-22", "distinct_days": 2 }, "geometry": { "type": "Point", "coordinates": [ 82.35326, 22.22884 ] } },
{ "type": "Feature", "properties": { "final_label": "Natural Fire", "frp": 2.17, "frp_deviation": null, "alert_flag": "Normal", "evidence": "isolated detection (no persistent cluster); FRP 2.2 MW; Normal", "acq_date": "2026-05-22", "distinct_days": 0 }, "geometry": { "type": "Point", "coordinates": [ 82.51118, 22.22763 ] } },
{ "type": "Feature", "properties": { "final_label": "Natural Fire", "frp": 3.01, "frp_deviation": 0.92, "alert_flag": "Normal", "evidence": "cluster active 2 days; FRP 3.0 MW (0.92x cluster avg); Normal", "acq_date": "2026-05-22", "distinct_days": 2 }, "geometry": { "type": "Point", "coordinates": [ 82.34887, 22.22787 ] } },
{ "type": "Feature", "properties": { "final_label": "Natural Fire", "frp": 2.71, "frp_deviation": 0.83, "alert_flag": "Normal", "evidence": "cluster active 2 days; FRP 2.7 MW (0.83x cluster avg); Normal", "acq_date": "2026-05-22", "distinct_days": 2 }, "geometry": { "type": "Point", "coordinates": [ 82.3516, 22.22815 ] } },
{ "type": "Feature", "properties": { "final_label": "Natural Fire", "frp": 2.71, "frp_deviation": 0.83, "alert_flag": "Normal", "evidence": "cluster active 2 days; FRP 2.7 MW (0.83x cluster avg); Normal", "acq_date": "2026-05-22", "distinct_days": 2 }, "geometry": { "type": "Point", "coordinates": [ 82.3545, 22.22844 ] } },
{ "type": "Feature", "properties": { "final_label": "Industrial", "frp": 0.79, "frp_deviation": 0.22, "alert_flag": "Normal", "evidence": "Inside OSM industrial zone; cluster active 96 days; FRP 0.8 MW (0.22x cluster avg); Normal", "acq_date": "2026-05-22", "distinct_days": 96 }, "geometry": { "type": "Point", "coordinates": [ 82.30205, 22.36046 ] } },
{ "type": "Feature", "properties": { "final_label": "Industrial", "frp": 0.79, "frp_deviation": 0.22, "alert_flag": "Normal", "evidence": "Inside OSM industrial zone; cluster active 96 days; FRP 0.8 MW (0.22x cluster avg); Normal", "acq_date": "2026-05-22", "distinct_days": 96 }, "geometry": { "type": "Point", "coordinates": [ 82.30085, 22.35542 ] } },
{ "type": "Feature", "properties": { "final_label": "Industrial", "frp": 3.33, "frp_deviation": 0.94, "alert_flag": "Normal", "evidence": "Inside OSM industrial zone; cluster active 96 days; FRP 3.3 MW (0.94x cluster avg); Normal", "acq_date": "2026-05-23", "distinct_days": 96 }, "geometry": { "type": "Point", "coordinates": [ 82.30023, 22.35651 ] } },
{ "type": "Feature", "properties": { "final_label": "Industrial", "frp": 4.2, "frp_deviation": 1.18, "alert_flag": "Normal", "evidence": "Inside OSM industrial zone; cluster active 96 days; FRP 4.2 MW (1.18x cluster avg); Normal", "acq_date": "2026-05-23", "distinct_days": 96 }, "geometry": { "type": "Point", "coordinates": [ 82.30603, 22.35935 ] } },
{ "type": "Feature", "properties": { "final_label": "Industrial", "frp": 2.68, "frp_deviation": 1.07, "alert_flag": "Normal", "evidence": "Inside OSM industrial zone; cluster active 98 days; FRP 2.7 MW (1.07x cluster avg); Normal", "acq_date": "2026-05-23", "distinct_days": 98 }, "geometry": { "type": "Point", "coordinates": [ 82.5289, 22.3132 ] } },
{ "type": "Feature", "properties": { "final_label": "Industrial", "frp": 3.03, "frp_deviation": 1.21, "alert_flag": "Normal", "evidence": "Within 1 km of OSM industrial zone; cluster active 98 days; FRP 3.0 MW (1.21x cluster avg); Normal", "acq_date": "2026-05-23", "distinct_days": 98 }, "geometry": { "type": "Point", "coordinates": [ 82.55119, 22.31695 ] } },
{ "type": "Feature", "properties": { "final_label": "Industrial", "frp": 2.68, "frp_deviation": 1.07, "alert_flag": "Normal", "evidence": "Inside OSM industrial zone; cluster active 98 days; FRP 2.7 MW (1.07x cluster avg); Normal", "acq_date": "2026-05-23", "distinct_days": 98 }, "geometry": { "type": "Point", "coordinates": [ 82.53487, 22.31605 ] } },
{ "type": "Feature", "properties": { "final_label": "Industrial", "frp": 2.68, "frp_deviation": 0.96, "alert_flag": "Normal", "evidence": "Inside OSM industrial zone; cluster active 71 days; FRP 2.7 MW (0.96x cluster avg); Normal", "acq_date": "2026-05-23", "distinct_days": 71 }, "geometry": { "type": "Point", "coordinates": [ 82.57103, 22.33315 ] } },
{ "type": "Feature", "properties": { "final_label": "Industrial", "frp": 2.8, "frp_deviation": 1.24, "alert_flag": "Normal", "evidence": "Inside OSM industrial zone; cluster active 61 days; FRP 2.8 MW (1.24x cluster avg); Normal", "acq_date": "2026-05-23", "distinct_days": 61 }, "geometry": { "type": "Point", "coordinates": [ 82.5553, 22.33612 ] } },
{ "type": "Feature", "properties": { "final_label": "Industrial", "frp": 2.13, "frp_deviation": 0.76, "alert_flag": "Normal", "evidence": "Inside OSM industrial zone; cluster active 71 days; FRP 2.1 MW (0.76x cluster avg); Normal", "acq_date": "2026-05-23", "distinct_days": 71 }, "geometry": { "type": "Point", "coordinates": [ 82.57707, 22.33601 ] } },
{ "type": "Feature", "properties": { "final_label": "Natural Fire", "frp": 6.8, "frp_deviation": null, "alert_flag": "Normal", "evidence": "isolated detection (no persistent cluster); FRP 6.8 MW; Normal", "acq_date": "2026-05-23", "distinct_days": 0 }, "geometry": { "type": "Point", "coordinates": [ 82.30721, 22.52794 ] } },
{ "type": "Feature", "properties": { "final_label": "Industrial", "frp": 0.56, "frp_deviation": 0.52, "alert_flag": "Normal", "evidence": "Inside OSM industrial zone; cluster active 5 days; FRP 0.6 MW (0.52x cluster avg); Normal", "acq_date": "2026-05-23", "distinct_days": 5 }, "geometry": { "type": "Point", "coordinates": [ 82.49779, 22.34299 ] } },
{ "type": "Feature", "properties": { "final_label": "Industrial", "frp": 1.74, "frp_deviation": 0.69, "alert_flag": "Normal", "evidence": "Within 1 km of OSM industrial zone; cluster active 98 days; FRP 1.7 MW (0.69x cluster avg); Normal", "acq_date": "2026-05-24", "distinct_days": 98 }, "geometry": { "type": "Point", "coordinates": [ 82.53041, 22.31319 ] } },
{ "type": "Feature", "properties": { "final_label": "Industrial", "frp": 1.29, "frp_deviation": 0.51, "alert_flag": "Normal", "evidence": "Inside OSM industrial zone; cluster active 98 days; FRP 1.3 MW (0.51x cluster avg); Normal", "acq_date": "2026-05-24", "distinct_days": 98 }, "geometry": { "type": "Point", "coordinates": [ 82.53901, 22.3186 ] } },
{ "type": "Feature", "properties": { "final_label": "Industrial", "frp": 1.49, "frp_deviation": 0.42, "alert_flag": "Normal", "evidence": "Inside OSM industrial zone; cluster active 96 days; FRP 1.5 MW (0.42x cluster avg); Normal", "acq_date": "2026-05-24", "distinct_days": 96 }, "geometry": { "type": "Point", "coordinates": [ 82.30231, 22.35581 ] } },
{ "type": "Feature", "properties": { "final_label": "Industrial", "frp": 1.66, "frp_deviation": 0.47, "alert_flag": "Normal", "evidence": "Inside OSM industrial zone; cluster active 96 days; FRP 1.7 MW (0.47x cluster avg); Normal", "acq_date": "2026-05-24", "distinct_days": 96 }, "geometry": { "type": "Point", "coordinates": [ 82.3029, 22.35911 ] } },
{ "type": "Feature", "properties": { "final_label": "Industrial", "frp": 1.54, "frp_deviation": 0.55, "alert_flag": "Normal", "evidence": "Inside OSM industrial zone; cluster active 71 days; FRP 1.5 MW (0.55x cluster avg); Normal", "acq_date": "2026-05-24", "distinct_days": 71 }, "geometry": { "type": "Point", "coordinates": [ 82.5716, 22.33039 ] } },
{ "type": "Feature", "properties": { "final_label": "Industrial", "frp": 1.29, "frp_deviation": 0.51, "alert_flag": "Normal", "evidence": "Inside OSM industrial zone; cluster active 98 days; FRP 1.3 MW (0.51x cluster avg); Normal", "acq_date": "2026-05-24", "distinct_days": 98 }, "geometry": { "type": "Point", "coordinates": [ 82.53471, 22.3159 ] } },
{ "type": "Feature", "properties": { "final_label": "Industrial", "frp": 1.8, "frp_deviation": 0.8, "alert_flag": "Normal", "evidence": "Inside OSM industrial zone; cluster active 61 days; FRP 1.8 MW (0.80x cluster avg); Normal", "acq_date": "2026-05-24", "distinct_days": 61 }, "geometry": { "type": "Point", "coordinates": [ 82.55371, 22.3366 ] } },
{ "type": "Feature", "properties": { "final_label": "Industrial", "frp": 1.63, "frp_deviation": 0.59, "alert_flag": "Normal", "evidence": "Inside OSM industrial zone; cluster active 73 days; FRP 1.6 MW (0.59x cluster avg); Normal", "acq_date": "2026-05-24", "distinct_days": 73 }, "geometry": { "type": "Point", "coordinates": [ 82.60609, 22.3317 ] } },
{ "type": "Feature", "properties": { "final_label": "Industrial", "frp": 1.02, "frp_deviation": 0.37, "alert_flag": "Normal", "evidence": "Inside OSM industrial zone; cluster active 71 days; FRP 1.0 MW (0.37x cluster avg); Normal", "acq_date": "2026-05-24", "distinct_days": 71 }, "geometry": { "type": "Point", "coordinates": [ 82.5765, 22.33638 ] } },
{ "type": "Feature", "properties": { "final_label": "Industrial", "frp": 11.32, "frp_deviation": 3.19, "alert_flag": "Abnormal spike", "evidence": "Inside OSM industrial zone; cluster active 96 days; FRP 11.3 MW (3.19x cluster avg); Abnormal spike", "acq_date": "2026-05-24", "distinct_days": 96 }, "geometry": { "type": "Point", "coordinates": [ 82.30441, 22.35712 ] } },
{ "type": "Feature", "properties": { "final_label": "Industrial", "frp": 0.45, "frp_deviation": 0.42, "alert_flag": "Normal", "evidence": "Inside OSM industrial zone; cluster active 5 days; FRP 0.5 MW (0.42x cluster avg); Normal", "acq_date": "2026-05-24", "distinct_days": 5 }, "geometry": { "type": "Point", "coordinates": [ 82.49763, 22.34207 ] } },
{ "type": "Feature", "properties": { "final_label": "Industrial", "frp": 0.47, "frp_deviation": 0.13, "alert_flag": "Normal", "evidence": "Inside OSM industrial zone; cluster active 96 days; FRP 0.5 MW (0.13x cluster avg); Normal", "acq_date": "2026-05-27", "distinct_days": 96 }, "geometry": { "type": "Point", "coordinates": [ 82.30239, 22.35974 ] } },
{ "type": "Feature", "properties": { "final_label": "Industrial", "frp": 0.78, "frp_deviation": 0.22, "alert_flag": "Normal", "evidence": "Inside OSM industrial zone; cluster active 96 days; FRP 0.8 MW (0.22x cluster avg); Normal", "acq_date": "2026-05-27", "distinct_days": 96 }, "geometry": { "type": "Point", "coordinates": [ 82.30269, 22.35605 ] } },
{ "type": "Feature", "properties": { "final_label": "Industrial", "frp": 1.68, "frp_deviation": 0.67, "alert_flag": "Normal", "evidence": "Within 1 km of OSM industrial zone; cluster active 98 days; FRP 1.7 MW (0.67x cluster avg); Normal", "acq_date": "2026-05-28", "distinct_days": 98 }, "geometry": { "type": "Point", "coordinates": [ 82.53262, 22.31374 ] } },
{ "type": "Feature", "properties": { "final_label": "Industrial", "frp": 2.47, "frp_deviation": 0.7, "alert_flag": "Normal", "evidence": "Inside OSM industrial zone; cluster active 96 days; FRP 2.5 MW (0.70x cluster avg); Normal", "acq_date": "2026-05-28", "distinct_days": 96 }, "geometry": { "type": "Point", "coordinates": [ 82.30291, 22.3595 ] } },
{ "type": "Feature", "properties": { "final_label": "Industrial", "frp": 1.68, "frp_deviation": 0.67, "alert_flag": "Normal", "evidence": "Inside OSM industrial zone; cluster active 98 days; FRP 1.7 MW (0.67x cluster avg); Normal", "acq_date": "2026-05-28", "distinct_days": 98 }, "geometry": { "type": "Point", "coordinates": [ 82.53357, 22.31796 ] } },
{ "type": "Feature", "properties": { "final_label": "Industrial", "frp": 0.99, "frp_deviation": 0.39, "alert_flag": "Normal", "evidence": "Inside OSM industrial zone; cluster active 98 days; FRP 1.0 MW (0.39x cluster avg); Normal", "acq_date": "2026-05-28", "distinct_days": 98 }, "geometry": { "type": "Point", "coordinates": [ 82.53878, 22.32132 ] } },
{ "type": "Feature", "properties": { "final_label": "Industrial", "frp": 0.99, "frp_deviation": 0.39, "alert_flag": "Normal", "evidence": "Inside OSM industrial zone; cluster active 98 days; FRP 1.0 MW (0.39x cluster avg); Normal", "acq_date": "2026-05-28", "distinct_days": 98 }, "geometry": { "type": "Point", "coordinates": [ 82.54396, 22.32468 ] } },
{ "type": "Feature", "properties": { "final_label": "Natural Fire", "frp": 4.14, "frp_deviation": null, "alert_flag": "Normal", "evidence": "isolated detection (no persistent cluster); FRP 4.1 MW; Normal", "acq_date": "2026-05-28", "distinct_days": 0 }, "geometry": { "type": "Point", "coordinates": [ 82.6722, 22.49269 ] } },
{ "type": "Feature", "properties": { "final_label": "Industrial", "frp": 1.52, "frp_deviation": 0.67, "alert_flag": "Normal", "evidence": "Inside OSM industrial zone; cluster active 61 days; FRP 1.5 MW (0.67x cluster avg); Normal", "acq_date": "2026-05-28", "distinct_days": 61 }, "geometry": { "type": "Point", "coordinates": [ 82.55535, 22.33563 ] } },
{ "type": "Feature", "properties": { "final_label": "Industrial", "frp": 7.01, "frp_deviation": 1.98, "alert_flag": "Normal", "evidence": "Inside OSM industrial zone; cluster active 96 days; FRP 7.0 MW (1.98x cluster avg); Normal", "acq_date": "2026-05-28", "distinct_days": 96 }, "geometry": { "type": "Point", "coordinates": [ 82.30437, 22.35591 ] } },
{ "type": "Feature", "properties": { "final_label": "Natural Fire", "frp": 3.94, "frp_deviation": null, "alert_flag": "Normal", "evidence": "isolated detection (no persistent cluster); FRP 3.9 MW; Normal", "acq_date": "2026-05-28", "distinct_days": 0 }, "geometry": { "type": "Point", "coordinates": [ 82.46021, 22.20594 ] } },
{ "type": "Feature", "properties": { "final_label": "Industrial", "frp": 1.71, "frp_deviation": 0.48, "alert_flag": "Normal", "evidence": "Inside OSM industrial zone; cluster active 96 days; FRP 1.7 MW (0.48x cluster avg); Normal", "acq_date": "2026-05-28", "distinct_days": 96 }, "geometry": { "type": "Point", "coordinates": [ 82.30201, 22.35535 ] } },
{ "type": "Feature", "properties": { "final_label": "Industrial", "frp": 2.15, "frp_deviation": 0.77, "alert_flag": "Normal", "evidence": "Inside OSM industrial zone; cluster active 71 days; FRP 2.1 MW (0.77x cluster avg); Normal", "acq_date": "2026-05-28", "distinct_days": 71 }, "geometry": { "type": "Point", "coordinates": [ 82.57269, 22.3322 ] } },
{ "type": "Feature", "properties": { "final_label": "Industrial", "frp": 0.89, "frp_deviation": 0.35, "alert_flag": "Normal", "evidence": "Inside OSM industrial zone; cluster active 98 days; FRP 0.9 MW (0.35x cluster avg); Normal", "acq_date": "2026-05-29", "distinct_days": 98 }, "geometry": { "type": "Point", "coordinates": [ 82.54221, 22.32274 ] } },
{ "type": "Feature", "properties": { "final_label": "Industrial", "frp": 1.15, "frp_deviation": 0.46, "alert_flag": "Normal", "evidence": "Inside OSM industrial zone; cluster active 98 days; FRP 1.1 MW (0.46x cluster avg); Normal", "acq_date": "2026-05-29", "distinct_days": 98 }, "geometry": { "type": "Point", "coordinates": [ 82.56925, 22.31822 ] } },
{ "type": "Feature", "properties": { "final_label": "Industrial", "frp": 0.98, "frp_deviation": 0.57, "alert_flag": "Normal", "evidence": "Inside OSM industrial zone; cluster active 23 days; FRP 1.0 MW (0.57x cluster avg); Normal", "acq_date": "2026-05-29", "distinct_days": 23 }, "geometry": { "type": "Point", "coordinates": [ 82.59058, 22.32505 ] } },
{ "type": "Feature", "properties": { "final_label": "Industrial", "frp": 1.87, "frp_deviation": 0.53, "alert_flag": "Normal", "evidence": "Inside OSM industrial zone; cluster active 96 days; FRP 1.9 MW (0.53x cluster avg); Normal", "acq_date": "2026-05-29", "distinct_days": 96 }, "geometry": { "type": "Point", "coordinates": [ 82.30371, 22.35898 ] } },
{ "type": "Feature", "properties": { "final_label": "Industrial", "frp": 0.99, "frp_deviation": 0.92, "alert_flag": "Normal", "evidence": "Inside OSM industrial zone; cluster active 5 days; FRP 1.0 MW (0.92x cluster avg); Normal", "acq_date": "2026-05-29", "distinct_days": 5 }, "geometry": { "type": "Point", "coordinates": [ 82.49788, 22.34051 ] } },
{ "type": "Feature", "properties": { "final_label": "Industrial", "frp": 2.07, "frp_deviation": 0.58, "alert_flag": "Normal", "evidence": "Inside OSM industrial zone; cluster active 96 days; FRP 2.1 MW (0.58x cluster avg); Normal", "acq_date": "2026-05-29", "distinct_days": 96 }, "geometry": { "type": "Point", "coordinates": [ 82.30308, 22.35565 ] } },
{ "type": "Feature", "properties": { "final_label": "Industrial", "frp": 1.34, "frp_deviation": 0.53, "alert_flag": "Normal", "evidence": "Inside OSM industrial zone; cluster active 98 days; FRP 1.3 MW (0.53x cluster avg); Normal", "acq_date": "2026-05-29", "distinct_days": 98 }, "geometry": { "type": "Point", "coordinates": [ 82.5332, 22.31732 ] } },
{ "type": "Feature", "properties": { "final_label": "Industrial", "frp": 1.09, "frp_deviation": 0.43, "alert_flag": "Normal", "evidence": "Inside OSM industrial zone; cluster active 98 days; FRP 1.1 MW (0.43x cluster avg); Normal", "acq_date": "2026-05-29", "distinct_days": 98 }, "geometry": { "type": "Point", "coordinates": [ 82.53705, 22.31667 ] } },
{ "type": "Feature", "properties": { "final_label": "Industrial", "frp": 1.34, "frp_deviation": 0.53, "alert_flag": "Normal", "evidence": "Within 1 km of OSM industrial zone; cluster active 98 days; FRP 1.3 MW (0.53x cluster avg); Normal", "acq_date": "2026-05-29", "distinct_days": 98 }, "geometry": { "type": "Point", "coordinates": [ 82.53255, 22.31396 ] } },
{ "type": "Feature", "properties": { "final_label": "Industrial", "frp": 0.89, "frp_deviation": 0.35, "alert_flag": "Normal", "evidence": "Inside OSM industrial zone; cluster active 98 days; FRP 0.9 MW (0.35x cluster avg); Normal", "acq_date": "2026-05-29", "distinct_days": 98 }, "geometry": { "type": "Point", "coordinates": [ 82.5377, 22.32003 ] } },
{ "type": "Feature", "properties": { "final_label": "Industrial", "frp": 1.8, "frp_deviation": 0.64, "alert_flag": "Normal", "evidence": "Inside OSM industrial zone; cluster active 71 days; FRP 1.8 MW (0.64x cluster avg); Normal", "acq_date": "2026-05-29", "distinct_days": 71 }, "geometry": { "type": "Point", "coordinates": [ 82.57192, 22.33163 ] } },
{ "type": "Feature", "properties": { "final_label": "Natural Fire", "frp": 8.65, "frp_deviation": 0.64, "alert_flag": "Normal", "evidence": "cluster active 2 days; FRP 8.7 MW (0.64x cluster avg); Normal", "acq_date": "2026-05-29", "distinct_days": 2 }, "geometry": { "type": "Point", "coordinates": [ 82.85635, 22.12497 ] } },
{ "type": "Feature", "properties": { "final_label": "Industrial", "frp": 1.2, "frp_deviation": 0.43, "alert_flag": "Normal", "evidence": "Inside OSM industrial zone; cluster active 71 days; FRP 1.2 MW (0.43x cluster avg); Normal", "acq_date": "2026-05-29", "distinct_days": 71 }, "geometry": { "type": "Point", "coordinates": [ 82.57145, 22.33324 ] } },
{ "type": "Feature", "properties": { "final_label": "Natural Fire", "frp": 8.13, "frp_deviation": null, "alert_flag": "Normal", "evidence": "isolated detection (no persistent cluster); FRP 8.1 MW; Normal", "acq_date": "2026-05-29", "distinct_days": 0 }, "geometry": { "type": "Point", "coordinates": [ 82.73135, 22.12482 ] } },
{ "type": "Feature", "properties": { "final_label": "Natural Fire", "frp": 4.5, "frp_deviation": null, "alert_flag": "Normal", "evidence": "isolated detection (no persistent cluster); FRP 4.5 MW; Normal", "acq_date": "2026-05-29", "distinct_days": 0 }, "geometry": { "type": "Point", "coordinates": [ 82.45058, 22.13667 ] } },
{ "type": "Feature", "properties": { "final_label": "Natural Fire", "frp": 5.64, "frp_deviation": null, "alert_flag": "Normal", "evidence": "isolated detection (no persistent cluster); FRP 5.6 MW; Normal", "acq_date": "2026-05-29", "distinct_days": 0 }, "geometry": { "type": "Point", "coordinates": [ 82.95094, 22.21844 ] } },
{ "type": "Feature", "properties": { "final_label": "Industrial", "frp": 0.76, "frp_deviation": 0.31, "alert_flag": "Normal", "evidence": "Inside OSM industrial zone; cluster active 8 days; FRP 0.8 MW (0.31x cluster avg); Normal", "acq_date": "2026-05-29", "distinct_days": 8 }, "geometry": { "type": "Point", "coordinates": [ 82.66444, 22.33828 ] } },
{ "type": "Feature", "properties": { "final_label": "Industrial", "frp": 0.9, "frp_deviation": 0.4, "alert_flag": "Normal", "evidence": "Inside OSM industrial zone; cluster active 61 days; FRP 0.9 MW (0.40x cluster avg); Normal", "acq_date": "2026-05-29", "distinct_days": 61 }, "geometry": { "type": "Point", "coordinates": [ 82.5564, 22.33422 ] } },
{ "type": "Feature", "properties": { "final_label": "Industrial", "frp": 1.2, "frp_deviation": 0.43, "alert_flag": "Normal", "evidence": "Inside OSM industrial zone; cluster active 71 days; FRP 1.2 MW (0.43x cluster avg); Normal", "acq_date": "2026-05-29", "distinct_days": 71 }, "geometry": { "type": "Point", "coordinates": [ 82.57597, 22.33595 ] } },
{ "type": "Feature", "properties": { "final_label": "Industrial", "frp": 1.44, "frp_deviation": 0.52, "alert_flag": "Normal", "evidence": "Inside OSM industrial zone; cluster active 73 days; FRP 1.4 MW (0.52x cluster avg); Normal", "acq_date": "2026-05-29", "distinct_days": 73 }, "geometry": { "type": "Point", "coordinates": [ 82.60687, 22.3307 ] } },
{ "type": "Feature", "properties": { "final_label": "Industrial", "frp": 1.04, "frp_deviation": 0.46, "alert_flag": "Normal", "evidence": "Inside OSM industrial zone; cluster active 61 days; FRP 1.0 MW (0.46x cluster avg); Normal", "acq_date": "2026-05-29", "distinct_days": 61 }, "geometry": { "type": "Point", "coordinates": [ 82.55593, 22.33588 ] } },
{ "type": "Feature", "properties": { "final_label": "Industrial", "frp": 0.6, "frp_deviation": 0.25, "alert_flag": "Normal", "evidence": "Inside OSM industrial zone; cluster active 8 days; FRP 0.6 MW (0.25x cluster avg); Normal", "acq_date": "2026-05-29", "distinct_days": 8 }, "geometry": { "type": "Point", "coordinates": [ 82.66832, 22.33762 ] } },
{ "type": "Feature", "properties": { "final_label": "Industrial", "frp": 2.96, "frp_deviation": 1.07, "alert_flag": "Normal", "evidence": "Within 1 km of OSM industrial zone; cluster active 73 days; FRP 3.0 MW (1.07x cluster avg); Normal", "acq_date": "2026-05-30", "distinct_days": 73 }, "geometry": { "type": "Point", "coordinates": [ 82.60713, 22.32946 ] } },
{ "type": "Feature", "properties": { "final_label": "Industrial", "frp": 6.58, "frp_deviation": 1.86, "alert_flag": "Normal", "evidence": "Inside OSM industrial zone; cluster active 96 days; FRP 6.6 MW (1.86x cluster avg); Normal", "acq_date": "2026-05-30", "distinct_days": 96 }, "geometry": { "type": "Point", "coordinates": [ 82.30316, 22.35692 ] } },
{ "type": "Feature", "properties": { "final_label": "Industrial", "frp": 0.88, "frp_deviation": 0.25, "alert_flag": "Normal", "evidence": "Inside OSM industrial zone; cluster active 96 days; FRP 0.9 MW (0.25x cluster avg); Normal", "acq_date": "2026-05-30", "distinct_days": 96 }, "geometry": { "type": "Point", "coordinates": [ 82.30255, 22.35828 ] } },
{ "type": "Feature", "properties": { "final_label": "Industrial", "frp": 5.0, "frp_deviation": 1.99, "alert_flag": "Normal", "evidence": "Inside OSM industrial zone; cluster active 98 days; FRP 5.0 MW (1.99x cluster avg); Normal", "acq_date": "2026-05-31", "distinct_days": 98 }, "geometry": { "type": "Point", "coordinates": [ 82.53551, 22.31647 ] } },
{ "type": "Feature", "properties": { "final_label": "Industrial", "frp": 3.2, "frp_deviation": 1.15, "alert_flag": "Normal", "evidence": "Inside OSM industrial zone; cluster active 71 days; FRP 3.2 MW (1.15x cluster avg); Normal", "acq_date": "2026-06-01", "distinct_days": 71 }, "geometry": { "type": "Point", "coordinates": [ 82.57287, 22.33427 ] } },
{ "type": "Feature", "properties": { "final_label": "Industrial", "frp": 2.74, "frp_deviation": 1.09, "alert_flag": "Normal", "evidence": "Inside OSM industrial zone; cluster active 98 days; FRP 2.7 MW (1.09x cluster avg); Normal", "acq_date": "2026-06-01", "distinct_days": 98 }, "geometry": { "type": "Point", "coordinates": [ 82.53814, 22.31885 ] } },
{ "type": "Feature", "properties": { "final_label": "Industrial", "frp": 2.56, "frp_deviation": 0.72, "alert_flag": "Normal", "evidence": "Inside OSM industrial zone; cluster active 96 days; FRP 2.6 MW (0.72x cluster avg); Normal", "acq_date": "2026-06-01", "distinct_days": 96 }, "geometry": { "type": "Point", "coordinates": [ 82.30133, 22.35485 ] } },
{ "type": "Feature", "properties": { "final_label": "Industrial", "frp": 2.56, "frp_deviation": 0.72, "alert_flag": "Normal", "evidence": "Inside OSM industrial zone; cluster active 96 days; FRP 2.6 MW (0.72x cluster avg); Normal", "acq_date": "2026-06-01", "distinct_days": 96 }, "geometry": { "type": "Point", "coordinates": [ 82.30289, 22.36094 ] } },
{ "type": "Feature", "properties": { "final_label": "Industrial", "frp": 3.56, "frp_deviation": 1.42, "alert_flag": "Normal", "evidence": "Inside OSM industrial zone; cluster active 98 days; FRP 3.6 MW (1.42x cluster avg); Normal", "acq_date": "2026-06-01", "distinct_days": 98 }, "geometry": { "type": "Point", "coordinates": [ 82.53381, 22.31754 ] } },
{ "type": "Feature", "properties": { "final_label": "Industrial", "frp": 5.03, "frp_deviation": 1.42, "alert_flag": "Normal", "evidence": "Inside OSM industrial zone; cluster active 96 days; FRP 5.0 MW (1.42x cluster avg); Normal", "acq_date": "2026-06-01", "distinct_days": 96 }, "geometry": { "type": "Point", "coordinates": [ 82.30482, 22.35767 ] } },
{ "type": "Feature", "properties": { "final_label": "Industrial", "frp": 2.02, "frp_deviation": 0.81, "alert_flag": "Normal", "evidence": "Inside OSM industrial zone; cluster active 98 days; FRP 2.0 MW (0.81x cluster avg); Normal", "acq_date": "2026-06-01", "distinct_days": 98 }, "geometry": { "type": "Point", "coordinates": [ 82.53117, 22.31395 ] } },
{ "type": "Feature", "properties": { "final_label": "Industrial", "frp": 1.05, "frp_deviation": 0.42, "alert_flag": "Normal", "evidence": "Inside OSM industrial zone; cluster active 98 days; FRP 1.1 MW (0.42x cluster avg); Normal", "acq_date": "2026-06-01", "distinct_days": 98 }, "geometry": { "type": "Point", "coordinates": [ 82.55936, 22.31525 ] } },
{ "type": "Feature", "properties": { "final_label": "Industrial", "frp": 0.91, "frp_deviation": 0.33, "alert_flag": "Normal", "evidence": "Within 1 km of OSM industrial zone; cluster active 73 days; FRP 0.9 MW (0.33x cluster avg); Normal", "acq_date": "2026-06-01", "distinct_days": 73 }, "geometry": { "type": "Point", "coordinates": [ 82.60535, 22.33102 ] } },
{ "type": "Feature", "properties": { "final_label": "Industrial", "frp": 5.37, "frp_deviation": 1.51, "alert_flag": "Normal", "evidence": "Inside OSM industrial zone; cluster active 96 days; FRP 5.4 MW (1.51x cluster avg); Normal", "acq_date": "2026-06-01", "distinct_days": 96 }, "geometry": { "type": "Point", "coordinates": [ 82.30489, 22.35354 ] } },
{ "type": "Feature", "properties": { "final_label": "Industrial", "frp": 2.24, "frp_deviation": 0.63, "alert_flag": "Normal", "evidence": "Inside OSM industrial zone; cluster active 96 days; FRP 2.2 MW (0.63x cluster avg); Normal", "acq_date": "2026-06-01", "distinct_days": 96 }, "geometry": { "type": "Point", "coordinates": [ 82.30474, 22.35476 ] } },
{ "type": "Feature", "properties": { "final_label": "Industrial", "frp": 1.65, "frp_deviation": 0.59, "alert_flag": "Normal", "evidence": "Inside OSM industrial zone; cluster active 71 days; FRP 1.6 MW (0.59x cluster avg); Normal", "acq_date": "2026-06-02", "distinct_days": 71 }, "geometry": { "type": "Point", "coordinates": [ 82.57127, 22.33091 ] } },
{ "type": "Feature", "properties": { "final_label": "Industrial", "frp": 4.97, "frp_deviation": 1.4, "alert_flag": "Normal", "evidence": "Inside OSM industrial zone; cluster active 96 days; FRP 5.0 MW (1.40x cluster avg); Normal", "acq_date": "2026-06-02", "distinct_days": 96 }, "geometry": { "type": "Point", "coordinates": [ 82.30175, 22.3573 ] } },
{ "type": "Feature", "properties": { "final_label": "Industrial", "frp": 2.97, "frp_deviation": 1.18, "alert_flag": "Normal", "evidence": "Within 1 km of OSM industrial zone; cluster active 98 days; FRP 3.0 MW (1.18x cluster avg); Normal", "acq_date": "2026-06-02", "distinct_days": 98 }, "geometry": { "type": "Point", "coordinates": [ 82.53333, 22.31432 ] } },
{ "type": "Feature", "properties": { "final_label": "Industrial", "frp": 1.88, "frp_deviation": 0.75, "alert_flag": "Normal", "evidence": "Inside OSM industrial zone; cluster active 98 days; FRP 1.9 MW (0.75x cluster avg); Normal", "acq_date": "2026-06-02", "distinct_days": 98 }, "geometry": { "type": "Point", "coordinates": [ 82.53442, 22.31897 ] } },
{ "type": "Feature", "properties": { "final_label": "Industrial", "frp": 1.65, "frp_deviation": 0.59, "alert_flag": "Normal", "evidence": "Inside OSM industrial zone; cluster active 71 days; FRP 1.6 MW (0.59x cluster avg); Normal", "acq_date": "2026-06-02", "distinct_days": 71 }, "geometry": { "type": "Point", "coordinates": [ 82.57244, 22.33556 ] } },
{ "type": "Feature", "properties": { "final_label": "Industrial", "frp": 5.84, "frp_deviation": 2.09, "alert_flag": "Normal", "evidence": "Inside OSM industrial zone; cluster active 71 days; FRP 5.8 MW (2.09x cluster avg); Normal", "acq_date": "2026-06-02", "distinct_days": 71 }, "geometry": { "type": "Point", "coordinates": [ 82.57346, 22.33016 ] } },
{ "type": "Feature", "properties": { "final_label": "Natural Fire", "frp": 6.28, "frp_deviation": null, "alert_flag": "Normal", "evidence": "isolated detection (no persistent cluster); FRP 6.3 MW; Normal", "acq_date": "2026-06-02", "distinct_days": 0 }, "geometry": { "type": "Point", "coordinates": [ 82.46857, 22.18873 ] } },
{ "type": "Feature", "properties": { "final_label": "Natural Fire", "frp": 5.52, "frp_deviation": null, "alert_flag": "Normal", "evidence": "isolated detection (no persistent cluster); FRP 5.5 MW; Normal", "acq_date": "2026-06-02", "distinct_days": 0 }, "geometry": { "type": "Point", "coordinates": [ 82.47647, 22.18405 ] } },
{ "type": "Feature", "properties": { "final_label": "Industrial", "frp": 9.26, "frp_deviation": 2.61, "alert_flag": "Abnormal spike", "evidence": "Inside OSM industrial zone; cluster active 96 days; FRP 9.3 MW (2.61x cluster avg); Abnormal spike", "acq_date": "2026-06-02", "distinct_days": 96 }, "geometry": { "type": "Point", "coordinates": [ 82.30235, 22.35495 ] } },
{ "type": "Feature", "properties": { "final_label": "Industrial", "frp": 3.91, "frp_deviation": 1.4, "alert_flag": "Normal", "evidence": "Inside OSM industrial zone; cluster active 71 days; FRP 3.9 MW (1.40x cluster avg); Normal", "acq_date": "2026-06-02", "distinct_days": 71 }, "geometry": { "type": "Point", "coordinates": [ 82.57325, 22.33222 ] } },
{ "type": "Feature", "properties": { "final_label": "Industrial", "frp": 3.38, "frp_deviation": 3.12, "alert_flag": "Abnormal spike", "evidence": "Inside OSM industrial zone; cluster active 5 days; FRP 3.4 MW (3.12x cluster avg); Abnormal spike", "acq_date": "2026-06-03", "distinct_days": 5 }, "geometry": { "type": "Point", "coordinates": [ 82.4994, 22.34146 ] } },
{ "type": "Feature", "properties": { "final_label": "Industrial", "frp": 5.69, "frp_deviation": 2.27, "alert_flag": "Normal", "evidence": "Inside OSM industrial zone; cluster active 98 days; FRP 5.7 MW (2.27x cluster avg); Normal", "acq_date": "2026-06-03", "distinct_days": 98 }, "geometry": { "type": "Point", "coordinates": [ 82.52986, 22.31407 ] } },
{ "type": "Feature", "properties": { "final_label": "Industrial", "frp": 4.48, "frp_deviation": 1.79, "alert_flag": "Normal", "evidence": "Inside OSM industrial zone; cluster active 98 days; FRP 4.5 MW (1.79x cluster avg); Normal", "acq_date": "2026-06-03", "distinct_days": 98 }, "geometry": { "type": "Point", "coordinates": [ 82.51678, 22.31638 ] } },
{ "type": "Feature", "properties": { "final_label": "Industrial", "frp": 6.3, "frp_deviation": 2.51, "alert_flag": "Abnormal spike", "evidence": "Inside OSM industrial zone; cluster active 98 days; FRP 6.3 MW (2.51x cluster avg); Abnormal spike", "acq_date": "2026-06-03", "distinct_days": 98 }, "geometry": { "type": "Point", "coordinates": [ 82.53494, 22.31685 ] } },
{ "type": "Feature", "properties": { "final_label": "Industrial", "frp": 8.61, "frp_deviation": 2.43, "alert_flag": "Normal", "evidence": "Inside OSM industrial zone; cluster active 96 days; FRP 8.6 MW (2.43x cluster avg); Normal", "acq_date": "2026-06-03", "distinct_days": 96 }, "geometry": { "type": "Point", "coordinates": [ 82.30222, 22.35774 ] } },
{ "type": "Feature", "properties": { "final_label": "Industrial", "frp": 4.2, "frp_deviation": 1.67, "alert_flag": "Normal", "evidence": "Within 1 km of OSM industrial zone; cluster active 98 days; FRP 4.2 MW (1.67x cluster avg); Normal", "acq_date": "2026-06-03", "distinct_days": 98 }, "geometry": { "type": "Point", "coordinates": [ 82.54003, 22.31963 ] } },
{ "type": "Feature", "properties": { "final_label": "Industrial", "frp": 5.31, "frp_deviation": 2.12, "alert_flag": "Normal", "evidence": "Inside OSM industrial zone; cluster active 98 days; FRP 5.3 MW (2.12x cluster avg); Normal", "acq_date": "2026-06-03", "distinct_days": 98 }, "geometry": { "type": "Point", "coordinates": [ 82.56695, 22.31856 ] } },
{ "type": "Feature", "properties": { "final_label": "Industrial", "frp": 2.35, "frp_deviation": 0.84, "alert_flag": "Normal", "evidence": "Inside OSM industrial zone; cluster active 71 days; FRP 2.4 MW (0.84x cluster avg); Normal", "acq_date": "2026-06-03", "distinct_days": 71 }, "geometry": { "type": "Point", "coordinates": [ 82.57276, 22.33118 ] } },
{ "type": "Feature", "properties": { "final_label": "Industrial", "frp": 3.7, "frp_deviation": 1.34, "alert_flag": "Normal", "evidence": "Within 1 km of OSM industrial zone; cluster active 73 days; FRP 3.7 MW (1.34x cluster avg); Normal", "acq_date": "2026-06-03", "distinct_days": 73 }, "geometry": { "type": "Point", "coordinates": [ 82.60478, 22.33276 ] } },
{ "type": "Feature", "properties": { "final_label": "Industrial", "frp": 2.35, "frp_deviation": 0.84, "alert_flag": "Normal", "evidence": "Inside OSM industrial zone; cluster active 71 days; FRP 2.4 MW (0.84x cluster avg); Normal", "acq_date": "2026-06-03", "distinct_days": 71 }, "geometry": { "type": "Point", "coordinates": [ 82.57349, 22.33473 ] } },
{ "type": "Feature", "properties": { "final_label": "Industrial", "frp": 6.8, "frp_deviation": 1.92, "alert_flag": "Normal", "evidence": "Inside OSM industrial zone; cluster active 96 days; FRP 6.8 MW (1.92x cluster avg); Normal", "acq_date": "2026-06-03", "distinct_days": 96 }, "geometry": { "type": "Point", "coordinates": [ 82.3014, 22.35591 ] } },
{ "type": "Feature", "properties": { "final_label": "Industrial", "frp": 3.94, "frp_deviation": 1.41, "alert_flag": "Normal", "evidence": "Inside OSM industrial zone; cluster active 71 days; FRP 3.9 MW (1.41x cluster avg); Normal", "acq_date": "2026-06-03", "distinct_days": 71 }, "geometry": { "type": "Point", "coordinates": [ 82.57362, 22.3318 ] } },
{ "type": "Feature", "properties": { "final_label": "Natural Fire", "frp": 2.71, "frp_deviation": null, "alert_flag": "Normal", "evidence": "isolated detection (no persistent cluster); FRP 2.7 MW; Normal", "acq_date": "2026-06-03", "distinct_days": 0 }, "geometry": { "type": "Point", "coordinates": [ 82.9481, 22.19894 ] } },
{ "type": "Feature", "properties": { "final_label": "Natural Fire", "frp": 14.83, "frp_deviation": null, "alert_flag": "Normal", "evidence": "isolated detection (no persistent cluster); FRP 14.8 MW; Normal", "acq_date": "2026-06-03", "distinct_days": 0 }, "geometry": { "type": "Point", "coordinates": [ 82.98404, 22.17416 ] } },
{ "type": "Feature", "properties": { "final_label": "Industrial", "frp": 0.87, "frp_deviation": 0.8, "alert_flag": "Normal", "evidence": "Inside OSM industrial zone; cluster active 5 days; FRP 0.9 MW (0.80x cluster avg); Normal", "acq_date": "2026-06-03", "distinct_days": 5 }, "geometry": { "type": "Point", "coordinates": [ 82.4979, 22.34103 ] } },
{ "type": "Feature", "properties": { "final_label": "Industrial", "frp": 7.91, "frp_deviation": 2.23, "alert_flag": "Normal", "evidence": "Inside OSM industrial zone; cluster active 96 days; FRP 7.9 MW (2.23x cluster avg); Normal", "acq_date": "2026-06-04", "distinct_days": 96 }, "geometry": { "type": "Point", "coordinates": [ 82.30351, 22.35699 ] } },
{ "type": "Feature", "properties": { "final_label": "Natural Fire", "frp": 12.06, "frp_deviation": 1.68, "alert_flag": "Normal", "evidence": "cluster active 1 days; FRP 12.1 MW (1.68x cluster avg); Normal", "acq_date": "2026-06-05", "distinct_days": 1 }, "geometry": { "type": "Point", "coordinates": [ 83.00816, 22.2376 ] } },
{ "type": "Feature", "properties": { "final_label": "Natural Fire", "frp": 2.83, "frp_deviation": null, "alert_flag": "Normal", "evidence": "isolated detection (no persistent cluster); FRP 2.8 MW; Normal", "acq_date": "2026-06-05", "distinct_days": 0 }, "geometry": { "type": "Point", "coordinates": [ 83.08594, 22.21453 ] } },
{ "type": "Feature", "properties": { "final_label": "Natural Fire", "frp": 2.28, "frp_deviation": 0.32, "alert_flag": "Normal", "evidence": "cluster active 1 days; FRP 2.3 MW (0.32x cluster avg); Normal", "acq_date": "2026-06-05", "distinct_days": 1 }, "geometry": { "type": "Point", "coordinates": [ 83.00727, 22.24165 ] } },
{ "type": "Feature", "properties": { "final_label": "Industrial", "frp": 3.49, "frp_deviation": 1.26, "alert_flag": "Normal", "evidence": "Inside OSM industrial zone; cluster active 73 days; FRP 3.5 MW (1.26x cluster avg); Normal", "acq_date": "2026-06-05", "distinct_days": 73 }, "geometry": { "type": "Point", "coordinates": [ 82.60754, 22.33173 ] } },
{ "type": "Feature", "properties": { "final_label": "Industrial", "frp": 2.73, "frp_deviation": 0.99, "alert_flag": "Normal", "evidence": "Within 1 km of OSM industrial zone; cluster active 73 days; FRP 2.7 MW (0.99x cluster avg); Normal", "acq_date": "2026-06-05", "distinct_days": 73 }, "geometry": { "type": "Point", "coordinates": [ 82.60762, 22.33048 ] } },
{ "type": "Feature", "properties": { "final_label": "Industrial", "frp": 2.27, "frp_deviation": 0.9, "alert_flag": "Normal", "evidence": "Within 1 km of OSM industrial zone; cluster active 98 days; FRP 2.3 MW (0.90x cluster avg); Normal", "acq_date": "2026-06-05", "distinct_days": 98 }, "geometry": { "type": "Point", "coordinates": [ 82.57177, 22.31865 ] } },
{ "type": "Feature", "properties": { "final_label": "Industrial", "frp": 3.68, "frp_deviation": 1.04, "alert_flag": "Normal", "evidence": "Inside OSM industrial zone; cluster active 96 days; FRP 3.7 MW (1.04x cluster avg); Normal", "acq_date": "2026-06-06", "distinct_days": 96 }, "geometry": { "type": "Point", "coordinates": [ 82.30417, 22.35923 ] } },
{ "type": "Feature", "properties": { "final_label": "Industrial", "frp": 8.91, "frp_deviation": 2.51, "alert_flag": "Abnormal spike", "evidence": "Inside OSM industrial zone; cluster active 96 days; FRP 8.9 MW (2.51x cluster avg); Abnormal spike", "acq_date": "2026-06-06", "distinct_days": 96 }, "geometry": { "type": "Point", "coordinates": [ 82.3024, 22.35804 ] } },
{ "type": "Feature", "properties": { "final_label": "Natural Fire", "frp": 5.14, "frp_deviation": 1.08, "alert_flag": "Normal", "evidence": "cluster active 1 days; FRP 5.1 MW (1.08x cluster avg); Normal", "acq_date": "2026-06-08", "distinct_days": 1 }, "geometry": { "type": "Point", "coordinates": [ 82.86837, 22.12203 ] } },
{ "type": "Feature", "properties": { "final_label": "Natural Fire", "frp": 2.22, "frp_deviation": null, "alert_flag": "Normal", "evidence": "isolated detection (no persistent cluster); FRP 2.2 MW; Normal", "acq_date": "2026-06-08", "distinct_days": 0 }, "geometry": { "type": "Point", "coordinates": [ 83.08565, 22.32906 ] } },
{ "type": "Feature", "properties": { "final_label": "Industrial", "frp": 18.51, "frp_deviation": 5.22, "alert_flag": "Abnormal spike", "evidence": "Inside OSM industrial zone; cluster active 96 days; FRP 18.5 MW (5.22x cluster avg); Abnormal spike", "acq_date": "2026-06-08", "distinct_days": 96 }, "geometry": { "type": "Point", "coordinates": [ 82.30447, 22.35625 ] } },
{ "type": "Feature", "properties": { "final_label": "Natural Fire", "frp": 2.56, "frp_deviation": null, "alert_flag": "Normal", "evidence": "isolated detection (no persistent cluster); FRP 2.6 MW; Normal", "acq_date": "2026-06-08", "distinct_days": 0 }, "geometry": { "type": "Point", "coordinates": [ 83.08921, 22.1891 ] } },
{ "type": "Feature", "properties": { "final_label": "Natural Fire", "frp": 4.35, "frp_deviation": 0.92, "alert_flag": "Normal", "evidence": "cluster active 1 days; FRP 4.3 MW (0.92x cluster avg); Normal", "acq_date": "2026-06-08", "distinct_days": 1 }, "geometry": { "type": "Point", "coordinates": [ 82.86797, 22.12381 ] } },
{ "type": "Feature", "properties": { "final_label": "Industrial", "frp": 0.82, "frp_deviation": 0.33, "alert_flag": "Normal", "evidence": "Inside OSM industrial zone; cluster active 98 days; FRP 0.8 MW (0.33x cluster avg); Normal", "acq_date": "2026-06-08", "distinct_days": 98 }, "geometry": { "type": "Point", "coordinates": [ 82.52914, 22.31394 ] } },
{ "type": "Feature", "properties": { "final_label": "Industrial", "frp": 0.82, "frp_deviation": 0.33, "alert_flag": "Normal", "evidence": "Inside OSM industrial zone; cluster active 98 days; FRP 0.8 MW (0.33x cluster avg); Normal", "acq_date": "2026-06-08", "distinct_days": 98 }, "geometry": { "type": "Point", "coordinates": [ 82.53516, 22.3168 ] } },
{ "type": "Feature", "properties": { "final_label": "Industrial", "frp": 4.64, "frp_deviation": 1.85, "alert_flag": "Normal", "evidence": "Inside OSM industrial zone; cluster active 98 days; FRP 4.6 MW (1.85x cluster avg); Normal", "acq_date": "2026-06-09", "distinct_days": 98 }, "geometry": { "type": "Point", "coordinates": [ 82.56558, 22.32323 ] } },
{ "type": "Feature", "properties": { "final_label": "Industrial", "frp": 4.0, "frp_deviation": 1.59, "alert_flag": "Normal", "evidence": "Inside OSM industrial zone; cluster active 98 days; FRP 4.0 MW (1.59x cluster avg); Normal", "acq_date": "2026-06-09", "distinct_days": 98 }, "geometry": { "type": "Point", "coordinates": [ 82.56867, 22.31935 ] } },
{ "type": "Feature", "properties": { "final_label": "Industrial", "frp": 0.56, "frp_deviation": 0.16, "alert_flag": "Normal", "evidence": "Inside OSM industrial zone; cluster active 96 days; FRP 0.6 MW (0.16x cluster avg); Normal", "acq_date": "2026-06-09", "distinct_days": 96 }, "geometry": { "type": "Point", "coordinates": [ 82.30196, 22.35805 ] } },
{ "type": "Feature", "properties": { "final_label": "Industrial", "frp": 4.74, "frp_deviation": 1.7, "alert_flag": "Normal", "evidence": "Inside OSM industrial zone; cluster active 71 days; FRP 4.7 MW (1.70x cluster avg); Normal", "acq_date": "2026-06-09", "distinct_days": 71 }, "geometry": { "type": "Point", "coordinates": [ 82.57108, 22.33251 ] } },
{ "type": "Feature", "properties": { "final_label": "Industrial", "frp": 3.38, "frp_deviation": 1.97, "alert_flag": "Normal", "evidence": "Within 1 km of OSM industrial zone; cluster active 23 days; FRP 3.4 MW (1.97x cluster avg); Normal", "acq_date": "2026-06-09", "distinct_days": 23 }, "geometry": { "type": "Point", "coordinates": [ 82.59206, 22.32241 ] } },
{ "type": "Feature", "properties": { "final_label": "Industrial", "frp": 4.82, "frp_deviation": 1.92, "alert_flag": "Normal", "evidence": "Inside OSM industrial zone; cluster active 98 days; FRP 4.8 MW (1.92x cluster avg); Normal", "acq_date": "2026-06-09", "distinct_days": 98 }, "geometry": { "type": "Point", "coordinates": [ 82.5465, 22.32287 ] } },
{ "type": "Feature", "properties": { "final_label": "Industrial", "frp": 3.93, "frp_deviation": 1.42, "alert_flag": "Normal", "evidence": "Within 1 km of OSM industrial zone; cluster active 73 days; FRP 3.9 MW (1.42x cluster avg); Normal", "acq_date": "2026-06-09", "distinct_days": 73 }, "geometry": { "type": "Point", "coordinates": [ 82.60494, 22.33052 ] } },
{ "type": "Feature", "properties": { "final_label": "Industrial", "frp": 10.22, "frp_deviation": 2.88, "alert_flag": "Abnormal spike", "evidence": "Inside OSM industrial zone; cluster active 96 days; FRP 10.2 MW (2.88x cluster avg); Abnormal spike", "acq_date": "2026-06-09", "distinct_days": 96 }, "geometry": { "type": "Point", "coordinates": [ 82.3026, 22.35605 ] } },
{ "type": "Feature", "properties": { "final_label": "Industrial", "frp": 3.76, "frp_deviation": 1.06, "alert_flag": "Normal", "evidence": "Inside OSM industrial zone; cluster active 96 days; FRP 3.8 MW (1.06x cluster avg); Normal", "acq_date": "2026-06-09", "distinct_days": 96 }, "geometry": { "type": "Point", "coordinates": [ 82.30144, 22.36263 ] } },
{ "type": "Feature", "properties": { "final_label": "Industrial", "frp": 6.89, "frp_deviation": 2.49, "alert_flag": "Normal", "evidence": "Inside OSM industrial zone; cluster active 73 days; FRP 6.9 MW (2.49x cluster avg); Normal", "acq_date": "2026-06-09", "distinct_days": 73 }, "geometry": { "type": "Point", "coordinates": [ 82.6074, 22.33097 ] } },
{ "type": "Feature", "properties": { "final_label": "Industrial", "frp": 3.76, "frp_deviation": 1.06, "alert_flag": "Normal", "evidence": "Inside OSM industrial zone; cluster active 96 days; FRP 3.8 MW (1.06x cluster avg); Normal", "acq_date": "2026-06-09", "distinct_days": 96 }, "geometry": { "type": "Point", "coordinates": [ 82.30202, 22.35934 ] } },
{ "type": "Feature", "properties": { "final_label": "Industrial", "frp": 6.03, "frp_deviation": 2.4, "alert_flag": "Normal", "evidence": "Within 1 km of OSM industrial zone; cluster active 98 days; FRP 6.0 MW (2.40x cluster avg); Normal", "acq_date": "2026-06-09", "distinct_days": 98 }, "geometry": { "type": "Point", "coordinates": [ 82.53363, 22.31474 ] } },
{ "type": "Feature", "properties": { "final_label": "Natural Fire", "frp": 6.02, "frp_deviation": null, "alert_flag": "Normal", "evidence": "isolated detection (no persistent cluster); FRP 6.0 MW; Normal", "acq_date": "2026-06-10", "distinct_days": 0 }, "geometry": { "type": "Point", "coordinates": [ 83.0004, 22.19126 ] } },
{ "type": "Feature", "properties": { "final_label": "Industrial", "frp": 5.74, "frp_deviation": 1.62, "alert_flag": "Normal", "evidence": "Inside OSM industrial zone; cluster active 96 days; FRP 5.7 MW (1.62x cluster avg); Normal", "acq_date": "2026-06-10", "distinct_days": 96 }, "geometry": { "type": "Point", "coordinates": [ 82.30322, 22.35621 ] } },
{ "type": "Feature", "properties": { "final_label": "Industrial", "frp": 5.74, "frp_deviation": 1.62, "alert_flag": "Normal", "evidence": "Inside OSM industrial zone; cluster active 96 days; FRP 5.7 MW (1.62x cluster avg); Normal", "acq_date": "2026-06-10", "distinct_days": 96 }, "geometry": { "type": "Point", "coordinates": [ 82.30242, 22.36006 ] } },
{ "type": "Feature", "properties": { "final_label": "Natural Fire", "frp": 3.45, "frp_deviation": null, "alert_flag": "Normal", "evidence": "isolated detection (no persistent cluster); FRP 3.5 MW; Normal", "acq_date": "2026-06-10", "distinct_days": 0 }, "geometry": { "type": "Point", "coordinates": [ 82.97013, 22.21668 ] } },
{ "type": "Feature", "properties": { "final_label": "Industrial", "frp": 1.84, "frp_deviation": 0.67, "alert_flag": "Normal", "evidence": "Within 1 km of OSM industrial zone; cluster active 73 days; FRP 1.8 MW (0.67x cluster avg); Normal", "acq_date": "2026-06-11", "distinct_days": 73 }, "geometry": { "type": "Point", "coordinates": [ 82.60811, 22.33006 ] } },
{ "type": "Feature", "properties": { "final_label": "Industrial", "frp": 5.91, "frp_deviation": 1.67, "alert_flag": "Normal", "evidence": "Inside OSM industrial zone; cluster active 96 days; FRP 5.9 MW (1.67x cluster avg); Normal", "acq_date": "2026-06-12", "distinct_days": 96 }, "geometry": { "type": "Point", "coordinates": [ 82.30269, 22.3546 ] } },
{ "type": "Feature", "properties": { "final_label": "Industrial", "frp": 4.13, "frp_deviation": 1.16, "alert_flag": "Normal", "evidence": "Inside OSM industrial zone; cluster active 96 days; FRP 4.1 MW (1.16x cluster avg); Normal", "acq_date": "2026-06-12", "distinct_days": 96 }, "geometry": { "type": "Point", "coordinates": [ 82.30701, 22.35497 ] } },
{ "type": "Feature", "properties": { "final_label": "Industrial", "frp": 6.51, "frp_deviation": 1.84, "alert_flag": "Normal", "evidence": "Inside OSM industrial zone; cluster active 96 days; FRP 6.5 MW (1.84x cluster avg); Normal", "acq_date": "2026-06-12", "distinct_days": 96 }, "geometry": { "type": "Point", "coordinates": [ 82.30205, 22.3604 ] } },
{ "type": "Feature", "properties": { "final_label": "Industrial", "frp": 3.84, "frp_deviation": 1.08, "alert_flag": "Normal", "evidence": "Inside OSM industrial zone; cluster active 96 days; FRP 3.8 MW (1.08x cluster avg); Normal", "acq_date": "2026-06-12", "distinct_days": 96 }, "geometry": { "type": "Point", "coordinates": [ 82.30659, 22.35482 ] } },
{ "type": "Feature", "properties": { "final_label": "Industrial", "frp": 4.09, "frp_deviation": 1.15, "alert_flag": "Normal", "evidence": "Inside OSM industrial zone; cluster active 96 days; FRP 4.1 MW (1.15x cluster avg); Normal", "acq_date": "2026-06-13", "distinct_days": 96 }, "geometry": { "type": "Point", "coordinates": [ 82.30603, 22.35781 ] } },
{ "type": "Feature", "properties": { "final_label": "Industrial", "frp": 2.54, "frp_deviation": 0.72, "alert_flag": "Normal", "evidence": "Inside OSM industrial zone; cluster active 96 days; FRP 2.5 MW (0.72x cluster avg); Normal", "acq_date": "2026-06-13", "distinct_days": 96 }, "geometry": { "type": "Point", "coordinates": [ 82.3028, 22.36279 ] } },
{ "type": "Feature", "properties": { "final_label": "Industrial", "frp": 6.69, "frp_deviation": 1.89, "alert_flag": "Normal", "evidence": "Inside OSM industrial zone; cluster active 96 days; FRP 6.7 MW (1.89x cluster avg); Normal", "acq_date": "2026-06-13", "distinct_days": 96 }, "geometry": { "type": "Point", "coordinates": [ 82.30376, 22.35885 ] } },
{ "type": "Feature", "properties": { "final_label": "Industrial", "frp": 2.6, "frp_deviation": 0.93, "alert_flag": "Normal", "evidence": "Inside OSM industrial zone; cluster active 71 days; FRP 2.6 MW (0.93x cluster avg); Normal", "acq_date": "2026-06-13", "distinct_days": 71 }, "geometry": { "type": "Point", "coordinates": [ 82.5747, 22.33035 ] } },
{ "type": "Feature", "properties": { "final_label": "Natural Fire", "frp": 3.48, "frp_deviation": null, "alert_flag": "Normal", "evidence": "isolated detection (no persistent cluster); FRP 3.5 MW; Normal", "acq_date": "2026-06-13", "distinct_days": 0 }, "geometry": { "type": "Point", "coordinates": [ 82.4446, 22.15586 ] } },
{ "type": "Feature", "properties": { "final_label": "Industrial", "frp": 10.53, "frp_deviation": 2.97, "alert_flag": "Abnormal spike", "evidence": "Inside OSM industrial zone; cluster active 96 days; FRP 10.5 MW (2.97x cluster avg); Abnormal spike", "acq_date": "2026-06-13", "distinct_days": 96 }, "geometry": { "type": "Point", "coordinates": [ 82.30442, 22.35892 ] } },
{ "type": "Feature", "properties": { "final_label": "Industrial", "frp": 5.81, "frp_deviation": 1.64, "alert_flag": "Normal", "evidence": "Inside OSM industrial zone; cluster active 96 days; FRP 5.8 MW (1.64x cluster avg); Normal", "acq_date": "2026-06-13", "distinct_days": 96 }, "geometry": { "type": "Point", "coordinates": [ 82.30189, 22.35862 ] } },
{ "type": "Feature", "properties": { "final_label": "Industrial", "frp": 1.56, "frp_deviation": 0.62, "alert_flag": "Normal", "evidence": "Inside OSM industrial zone; cluster active 98 days; FRP 1.6 MW (0.62x cluster avg); Normal", "acq_date": "2026-06-14", "distinct_days": 98 }, "geometry": { "type": "Point", "coordinates": [ 82.53037, 22.31386 ] } },
{ "type": "Feature", "properties": { "final_label": "Industrial", "frp": 3.37, "frp_deviation": 0.95, "alert_flag": "Normal", "evidence": "Inside OSM industrial zone; cluster active 96 days; FRP 3.4 MW (0.95x cluster avg); Normal", "acq_date": "2026-06-14", "distinct_days": 96 }, "geometry": { "type": "Point", "coordinates": [ 82.30412, 22.35525 ] } },
{ "type": "Feature", "properties": { "final_label": "Industrial", "frp": 1.36, "frp_deviation": 0.54, "alert_flag": "Normal", "evidence": "Inside OSM industrial zone; cluster active 98 days; FRP 1.4 MW (0.54x cluster avg); Normal", "acq_date": "2026-06-14", "distinct_days": 98 }, "geometry": { "type": "Point", "coordinates": [ 82.55877, 22.31602 ] } },
{ "type": "Feature", "properties": { "final_label": "Industrial", "frp": 3.37, "frp_deviation": 0.95, "alert_flag": "Normal", "evidence": "Inside OSM industrial zone; cluster active 96 days; FRP 3.4 MW (0.95x cluster avg); Normal", "acq_date": "2026-06-14", "distinct_days": 96 }, "geometry": { "type": "Point", "coordinates": [ 82.30476, 22.35859 ] } },
{ "type": "Feature", "properties": { "final_label": "Industrial", "frp": 2.36, "frp_deviation": 0.94, "alert_flag": "Normal", "evidence": "Inside OSM industrial zone; cluster active 98 days; FRP 2.4 MW (0.94x cluster avg); Normal", "acq_date": "2026-06-14", "distinct_days": 98 }, "geometry": { "type": "Point", "coordinates": [ 82.56396, 22.32209 ] } },
{ "type": "Feature", "properties": { "final_label": "Industrial", "frp": 1.69, "frp_deviation": 0.99, "alert_flag": "Normal", "evidence": "Inside OSM industrial zone; cluster active 23 days; FRP 1.7 MW (0.99x cluster avg); Normal", "acq_date": "2026-06-14", "distinct_days": 23 }, "geometry": { "type": "Point", "coordinates": [ 82.59245, 22.32424 ] } },
{ "type": "Feature", "properties": { "final_label": "Industrial", "frp": 1.88, "frp_deviation": 0.53, "alert_flag": "Normal", "evidence": "Inside OSM industrial zone; cluster active 96 days; FRP 1.9 MW (0.53x cluster avg); Normal", "acq_date": "2026-06-14", "distinct_days": 96 }, "geometry": { "type": "Point", "coordinates": [ 82.30157, 22.36256 ] } },
{ "type": "Feature", "properties": { "final_label": "Industrial", "frp": 1.99, "frp_deviation": 0.72, "alert_flag": "Normal", "evidence": "Inside OSM industrial zone; cluster active 73 days; FRP 2.0 MW (0.72x cluster avg); Normal", "acq_date": "2026-06-14", "distinct_days": 73 }, "geometry": { "type": "Point", "coordinates": [ 82.60543, 22.329 ] } },
{ "type": "Feature", "properties": { "final_label": "Industrial", "frp": 1.54, "frp_deviation": 0.96, "alert_flag": "Normal", "evidence": "Inside OSM industrial zone; cluster active 16 days; FRP 1.5 MW (0.96x cluster avg); Normal", "acq_date": "2026-06-14", "distinct_days": 16 }, "geometry": { "type": "Point", "coordinates": [ 82.6684, 22.32189 ] } },
{ "type": "Feature", "properties": { "final_label": "Industrial", "frp": 2.02, "frp_deviation": 0.73, "alert_flag": "Normal", "evidence": "Inside OSM industrial zone; cluster active 73 days; FRP 2.0 MW (0.73x cluster avg); Normal", "acq_date": "2026-06-14", "distinct_days": 73 }, "geometry": { "type": "Point", "coordinates": [ 82.60609, 22.33237 ] } },
{ "type": "Feature", "properties": { "final_label": "Industrial", "frp": 1.48, "frp_deviation": 0.59, "alert_flag": "Normal", "evidence": "Inside OSM industrial zone; cluster active 98 days; FRP 1.5 MW (0.59x cluster avg); Normal", "acq_date": "2026-06-14", "distinct_days": 98 }, "geometry": { "type": "Point", "coordinates": [ 82.53489, 22.31657 ] } },
{ "type": "Feature", "properties": { "final_label": "Industrial", "frp": 3.74, "frp_deviation": 1.05, "alert_flag": "Normal", "evidence": "Inside OSM industrial zone; cluster active 96 days; FRP 3.7 MW (1.05x cluster avg); Normal", "acq_date": "2026-06-14", "distinct_days": 96 }, "geometry": { "type": "Point", "coordinates": [ 82.30234, 22.35617 ] } },
{ "type": "Feature", "properties": { "final_label": "Industrial", "frp": 3.01, "frp_deviation": 1.08, "alert_flag": "Normal", "evidence": "Inside OSM industrial zone; cluster active 71 days; FRP 3.0 MW (1.08x cluster avg); Normal", "acq_date": "2026-06-14", "distinct_days": 71 }, "geometry": { "type": "Point", "coordinates": [ 82.57375, 22.33085 ] } },
{ "type": "Feature", "properties": { "final_label": "Industrial", "frp": 4.96, "frp_deviation": 1.98, "alert_flag": "Normal", "evidence": "Inside OSM industrial zone; cluster active 98 days; FRP 5.0 MW (1.98x cluster avg); Normal", "acq_date": "2026-06-15", "distinct_days": 98 }, "geometry": { "type": "Point", "coordinates": [ 82.5452, 22.32397 ] } },
{ "type": "Feature", "properties": { "final_label": "Industrial", "frp": 3.09, "frp_deviation": 1.12, "alert_flag": "Normal", "evidence": "Inside OSM industrial zone; cluster active 73 days; FRP 3.1 MW (1.12x cluster avg); Normal", "acq_date": "2026-06-16", "distinct_days": 73 }, "geometry": { "type": "Point", "coordinates": [ 82.60737, 22.33113 ] } },
{ "type": "Feature", "properties": { "final_label": "Industrial", "frp": 4.62, "frp_deviation": 1.84, "alert_flag": "Normal", "evidence": "Inside OSM industrial zone; cluster active 98 days; FRP 4.6 MW (1.84x cluster avg); Normal", "acq_date": "2026-06-16", "distinct_days": 98 }, "geometry": { "type": "Point", "coordinates": [ 82.54668, 22.32351 ] } },
{ "type": "Feature", "properties": { "final_label": "Industrial", "frp": 3.13, "frp_deviation": 1.25, "alert_flag": "Normal", "evidence": "Inside OSM industrial zone; cluster active 98 days; FRP 3.1 MW (1.25x cluster avg); Normal", "acq_date": "2026-06-16", "distinct_days": 98 }, "geometry": { "type": "Point", "coordinates": [ 82.56821, 22.32115 ] } },
{ "type": "Feature", "properties": { "final_label": "Industrial", "frp": 7.6, "frp_deviation": 2.14, "alert_flag": "Normal", "evidence": "Inside OSM industrial zone; cluster active 96 days; FRP 7.6 MW (2.14x cluster avg); Normal", "acq_date": "2026-06-18", "distinct_days": 96 }, "geometry": { "type": "Point", "coordinates": [ 82.30149, 22.35722 ] } },
{ "type": "Feature", "properties": { "final_label": "Industrial", "frp": 2.26, "frp_deviation": 0.9, "alert_flag": "Normal", "evidence": "Inside OSM industrial zone; cluster active 98 days; FRP 2.3 MW (0.90x cluster avg); Normal", "acq_date": "2026-06-20", "distinct_days": 98 }, "geometry": { "type": "Point", "coordinates": [ 82.547, 22.32431 ] } },
{ "type": "Feature", "properties": { "final_label": "Industrial", "frp": 1.14, "frp_deviation": 0.45, "alert_flag": "Normal", "evidence": "Inside OSM industrial zone; cluster active 98 days; FRP 1.1 MW (0.45x cluster avg); Normal", "acq_date": "2026-06-20", "distinct_days": 98 }, "geometry": { "type": "Point", "coordinates": [ 82.56236, 22.32202 ] } },
{ "type": "Feature", "properties": { "final_label": "Industrial", "frp": 0.81, "frp_deviation": 0.32, "alert_flag": "Normal", "evidence": "Inside OSM industrial zone; cluster active 98 days; FRP 0.8 MW (0.32x cluster avg); Normal", "acq_date": "2026-06-20", "distinct_days": 98 }, "geometry": { "type": "Point", "coordinates": [ 82.53373, 22.31598 ] } },
{ "type": "Feature", "properties": { "final_label": "Industrial", "frp": 0.64, "frp_deviation": 0.18, "alert_flag": "Normal", "evidence": "Inside OSM industrial zone; cluster active 96 days; FRP 0.6 MW (0.18x cluster avg); Normal", "acq_date": "2026-06-20", "distinct_days": 96 }, "geometry": { "type": "Point", "coordinates": [ 82.30273, 22.35717 ] } },
{ "type": "Feature", "properties": { "final_label": "Industrial", "frp": 1.84, "frp_deviation": 0.73, "alert_flag": "Normal", "evidence": "Inside OSM industrial zone; cluster active 98 days; FRP 1.8 MW (0.73x cluster avg); Normal", "acq_date": "2026-06-20", "distinct_days": 98 }, "geometry": { "type": "Point", "coordinates": [ 82.56619, 22.32144 ] } },
{ "type": "Feature", "properties": { "final_label": "Industrial", "frp": 0.64, "frp_deviation": 0.18, "alert_flag": "Normal", "evidence": "Inside OSM industrial zone; cluster active 96 days; FRP 0.6 MW (0.18x cluster avg); Normal", "acq_date": "2026-06-20", "distinct_days": 96 }, "geometry": { "type": "Point", "coordinates": [ 82.30331, 22.36054 ] } },
{ "type": "Feature", "properties": { "final_label": "Industrial", "frp": 0.96, "frp_deviation": 0.6, "alert_flag": "Normal", "evidence": "Within 1 km of OSM industrial zone; cluster active 16 days; FRP 1.0 MW (0.60x cluster avg); Normal", "acq_date": "2026-06-20", "distinct_days": 16 }, "geometry": { "type": "Point", "coordinates": [ 82.66797, 22.31991 ] } },
{ "type": "Feature", "properties": { "final_label": "Industrial", "frp": 0.68, "frp_deviation": 0.25, "alert_flag": "Normal", "evidence": "Within 1 km of OSM industrial zone; cluster active 73 days; FRP 0.7 MW (0.25x cluster avg); Normal", "acq_date": "2026-06-20", "distinct_days": 73 }, "geometry": { "type": "Point", "coordinates": [ 82.60681, 22.3291 ] } },
{ "type": "Feature", "properties": { "final_label": "Industrial", "frp": 0.46, "frp_deviation": 0.17, "alert_flag": "Normal", "evidence": "Within 1 km of OSM industrial zone; cluster active 73 days; FRP 0.5 MW (0.17x cluster avg); Normal", "acq_date": "2026-06-20", "distinct_days": 73 }, "geometry": { "type": "Point", "coordinates": [ 82.60297, 22.32967 ] } },
{ "type": "Feature", "properties": { "final_label": "Industrial", "frp": 0.86, "frp_deviation": 0.53, "alert_flag": "Normal", "evidence": "Inside OSM industrial zone; cluster active 16 days; FRP 0.9 MW (0.53x cluster avg); Normal", "acq_date": "2026-06-20", "distinct_days": 16 }, "geometry": { "type": "Point", "coordinates": [ 82.66854, 22.32325 ] } },
{ "type": "Feature", "properties": { "final_label": "Industrial", "frp": 0.28, "frp_deviation": 0.1, "alert_flag": "Normal", "evidence": "Inside OSM industrial zone; cluster active 73 days; FRP 0.3 MW (0.10x cluster avg); Normal", "acq_date": "2026-06-20", "distinct_days": 73 }, "geometry": { "type": "Point", "coordinates": [ 82.60739, 22.33245 ] } },
{ "type": "Feature", "properties": { "final_label": "Industrial", "frp": 0.68, "frp_deviation": 0.24, "alert_flag": "Normal", "evidence": "Inside OSM industrial zone; cluster active 71 days; FRP 0.7 MW (0.24x cluster avg); Normal", "acq_date": "2026-06-20", "distinct_days": 71 }, "geometry": { "type": "Point", "coordinates": [ 82.57172, 22.33093 ] } },
{ "type": "Feature", "properties": { "final_label": "Industrial", "frp": 5.39, "frp_deviation": 2.15, "alert_flag": "Normal", "evidence": "Inside OSM industrial zone; cluster active 98 days; FRP 5.4 MW (2.15x cluster avg); Normal", "acq_date": "2026-06-21", "distinct_days": 98 }, "geometry": { "type": "Point", "coordinates": [ 82.56668, 22.32053 ] } },
{ "type": "Feature", "properties": { "final_label": "Industrial", "frp": 3.34, "frp_deviation": 1.33, "alert_flag": "Normal", "evidence": "Within 1 km of OSM industrial zone; cluster active 98 days; FRP 3.3 MW (1.33x cluster avg); Normal", "acq_date": "2026-06-21", "distinct_days": 98 }, "geometry": { "type": "Point", "coordinates": [ 82.5493, 22.3215 ] } },
{ "type": "Feature", "properties": { "final_label": "Industrial", "frp": 3.64, "frp_deviation": 1.45, "alert_flag": "Normal", "evidence": "Inside OSM industrial zone; cluster active 98 days; FRP 3.6 MW (1.45x cluster avg); Normal", "acq_date": "2026-06-21", "distinct_days": 98 }, "geometry": { "type": "Point", "coordinates": [ 82.54839, 22.32565 ] } },
{ "type": "Feature", "properties": { "final_label": "Industrial", "frp": 6.67, "frp_deviation": 1.88, "alert_flag": "Normal", "evidence": "Inside OSM industrial zone; cluster active 96 days; FRP 6.7 MW (1.88x cluster avg); Normal", "acq_date": "2026-06-21", "distinct_days": 96 }, "geometry": { "type": "Point", "coordinates": [ 82.3061, 22.3575 ] } },
{ "type": "Feature", "properties": { "final_label": "Industrial", "frp": 2.1, "frp_deviation": 0.84, "alert_flag": "Normal", "evidence": "Within 1 km of OSM industrial zone; cluster active 98 days; FRP 2.1 MW (0.84x cluster avg); Normal", "acq_date": "2026-06-21", "distinct_days": 98 }, "geometry": { "type": "Point", "coordinates": [ 82.54724, 22.32288 ] } },
{ "type": "Feature", "properties": { "final_label": "Industrial", "frp": 2.13, "frp_deviation": 1.32, "alert_flag": "Normal", "evidence": "Inside OSM industrial zone; cluster active 16 days; FRP 2.1 MW (1.32x cluster avg); Normal", "acq_date": "2026-06-21", "distinct_days": 16 }, "geometry": { "type": "Point", "coordinates": [ 82.6672, 22.32149 ] } },
{ "type": "Feature", "properties": { "final_label": "Industrial", "frp": 2.61, "frp_deviation": 1.04, "alert_flag": "Normal", "evidence": "Inside OSM industrial zone; cluster active 98 days; FRP 2.6 MW (1.04x cluster avg); Normal", "acq_date": "2026-06-22", "distinct_days": 98 }, "geometry": { "type": "Point", "coordinates": [ 82.53181, 22.31617 ] } },
{ "type": "Feature", "properties": { "final_label": "Industrial", "frp": 7.34, "frp_deviation": 2.07, "alert_flag": "Normal", "evidence": "Inside OSM industrial zone; cluster active 96 days; FRP 7.3 MW (2.07x cluster avg); Normal", "acq_date": "2026-06-22", "distinct_days": 96 }, "geometry": { "type": "Point", "coordinates": [ 82.30114, 22.3625 ] } },
{ "type": "Feature", "properties": { "final_label": "Industrial", "frp": 5.68, "frp_deviation": 2.26, "alert_flag": "Normal", "evidence": "Inside OSM industrial zone; cluster active 98 days; FRP 5.7 MW (2.26x cluster avg); Normal", "acq_date": "2026-06-22", "distinct_days": 98 }, "geometry": { "type": "Point", "coordinates": [ 82.54887, 22.3267 ] } },
{ "type": "Feature", "properties": { "final_label": "Industrial", "frp": 4.03, "frp_deviation": 1.14, "alert_flag": "Normal", "evidence": "Inside OSM industrial zone; cluster active 96 days; FRP 4.0 MW (1.14x cluster avg); Normal", "acq_date": "2026-06-22", "distinct_days": 96 }, "geometry": { "type": "Point", "coordinates": [ 82.30466, 22.3587 ] } },
{ "type": "Feature", "properties": { "final_label": "Industrial", "frp": 3.16, "frp_deviation": 0.89, "alert_flag": "Normal", "evidence": "Inside OSM industrial zone; cluster active 96 days; FRP 3.2 MW (0.89x cluster avg); Normal", "acq_date": "2026-06-23", "distinct_days": 96 }, "geometry": { "type": "Point", "coordinates": [ 82.30254, 22.36078 ] } },
{ "type": "Feature", "properties": { "final_label": "Industrial", "frp": 4.07, "frp_deviation": 1.15, "alert_flag": "Normal", "evidence": "Inside OSM industrial zone; cluster active 96 days; FRP 4.1 MW (1.15x cluster avg); Normal", "acq_date": "2026-06-23", "distinct_days": 96 }, "geometry": { "type": "Point", "coordinates": [ 82.30316, 22.35552 ] } },
{ "type": "Feature", "properties": { "final_label": "Industrial", "frp": 7.83, "frp_deviation": 3.12, "alert_flag": "Abnormal spike", "evidence": "Inside OSM industrial zone; cluster active 98 days; FRP 7.8 MW (3.12x cluster avg); Abnormal spike", "acq_date": "2026-06-24", "distinct_days": 98 }, "geometry": { "type": "Point", "coordinates": [ 82.56347, 22.32185 ] } },
{ "type": "Feature", "properties": { "final_label": "Industrial", "frp": 2.15, "frp_deviation": 0.61, "alert_flag": "Normal", "evidence": "Inside OSM industrial zone; cluster active 96 days; FRP 2.1 MW (0.61x cluster avg); Normal", "acq_date": "2026-06-24", "distinct_days": 96 }, "geometry": { "type": "Point", "coordinates": [ 82.30156, 22.35582 ] } },
{ "type": "Feature", "properties": { "final_label": "Industrial", "frp": 8.58, "frp_deviation": 3.42, "alert_flag": "Abnormal spike", "evidence": "Within 1 km of OSM industrial zone; cluster active 98 days; FRP 8.6 MW (3.42x cluster avg); Abnormal spike", "acq_date": "2026-06-24", "distinct_days": 98 }, "geometry": { "type": "Point", "coordinates": [ 82.53471, 22.31529 ] } },
{ "type": "Feature", "properties": { "final_label": "Industrial", "frp": 7.97, "frp_deviation": 3.18, "alert_flag": "Abnormal spike", "evidence": "Inside OSM industrial zone; cluster active 98 days; FRP 8.0 MW (3.18x cluster avg); Abnormal spike", "acq_date": "2026-06-24", "distinct_days": 98 }, "geometry": { "type": "Point", "coordinates": [ 82.52947, 22.3163 ] } },
{ "type": "Feature", "properties": { "final_label": "Industrial", "frp": 12.44, "frp_deviation": 3.51, "alert_flag": "Abnormal spike", "evidence": "Inside OSM industrial zone; cluster active 96 days; FRP 12.4 MW (3.51x cluster avg); Abnormal spike", "acq_date": "2026-06-24", "distinct_days": 96 }, "geometry": { "type": "Point", "coordinates": [ 82.30236, 22.35963 ] } },
{ "type": "Feature", "properties": { "final_label": "Industrial", "frp": 4.07, "frp_deviation": 1.62, "alert_flag": "Normal", "evidence": "Inside OSM industrial zone; cluster active 98 days; FRP 4.1 MW (1.62x cluster avg); Normal", "acq_date": "2026-06-24", "distinct_days": 98 }, "geometry": { "type": "Point", "coordinates": [ 82.54162, 22.32201 ] } },
{ "type": "Feature", "properties": { "final_label": "Industrial", "frp": 4.07, "frp_deviation": 1.62, "alert_flag": "Normal", "evidence": "Inside OSM industrial zone; cluster active 98 days; FRP 4.1 MW (1.62x cluster avg); Normal", "acq_date": "2026-06-24", "distinct_days": 98 }, "geometry": { "type": "Point", "coordinates": [ 82.54245, 22.32586 ] } },
{ "type": "Feature", "properties": { "final_label": "Industrial", "frp": 8.11, "frp_deviation": 3.23, "alert_flag": "Abnormal spike", "evidence": "Inside OSM industrial zone; cluster active 98 days; FRP 8.1 MW (3.23x cluster avg); Abnormal spike", "acq_date": "2026-06-24", "distinct_days": 98 }, "geometry": { "type": "Point", "coordinates": [ 82.54769, 22.32486 ] } },
{ "type": "Feature", "properties": { "final_label": "Industrial", "frp": 6.72, "frp_deviation": 2.43, "alert_flag": "Normal", "evidence": "Within 1 km of OSM industrial zone; cluster active 73 days; FRP 6.7 MW (2.43x cluster avg); Normal", "acq_date": "2026-06-24", "distinct_days": 73 }, "geometry": { "type": "Point", "coordinates": [ 82.60387, 22.33026 ] } },
{ "type": "Feature", "properties": { "final_label": "Industrial", "frp": 4.23, "frp_deviation": 1.19, "alert_flag": "Normal", "evidence": "Inside OSM industrial zone; cluster active 96 days; FRP 4.2 MW (1.19x cluster avg); Normal", "acq_date": "2026-06-24", "distinct_days": 96 }, "geometry": { "type": "Point", "coordinates": [ 82.30461, 22.35659 ] } },
{ "type": "Feature", "properties": { "final_label": "Industrial", "frp": 7.88, "frp_deviation": 3.14, "alert_flag": "Abnormal spike", "evidence": "Inside OSM industrial zone; cluster active 98 days; FRP 7.9 MW (3.14x cluster avg); Abnormal spike", "acq_date": "2026-06-24", "distinct_days": 98 }, "geometry": { "type": "Point", "coordinates": [ 82.52866, 22.31244 ] } },
{ "type": "Feature", "properties": { "final_label": "Industrial", "frp": 9.65, "frp_deviation": 3.85, "alert_flag": "Abnormal spike", "evidence": "Inside OSM industrial zone; cluster active 98 days; FRP 9.7 MW (3.85x cluster avg); Abnormal spike", "acq_date": "2026-06-24", "distinct_days": 98 }, "geometry": { "type": "Point", "coordinates": [ 82.53232, 22.31462 ] } },
{ "type": "Feature", "properties": { "final_label": "Industrial", "frp": 7.02, "frp_deviation": 1.98, "alert_flag": "Normal", "evidence": "Inside OSM industrial zone; cluster active 96 days; FRP 7.0 MW (1.98x cluster avg); Normal", "acq_date": "2026-06-24", "distinct_days": 96 }, "geometry": { "type": "Point", "coordinates": [ 82.30541, 22.3564 ] } },
{ "type": "Feature", "properties": { "final_label": "Industrial", "frp": 7.02, "frp_deviation": 1.98, "alert_flag": "Normal", "evidence": "Inside OSM industrial zone; cluster active 96 days; FRP 7.0 MW (1.98x cluster avg); Normal", "acq_date": "2026-06-24", "distinct_days": 96 }, "geometry": { "type": "Point", "coordinates": [ 82.30484, 22.36028 ] } },
{ "type": "Feature", "properties": { "final_label": "Industrial", "frp": 11.71, "frp_deviation": 4.67, "alert_flag": "Abnormal spike", "evidence": "Within 1 km of OSM industrial zone; cluster active 98 days; FRP 11.7 MW (4.67x cluster avg); Abnormal spike", "acq_date": "2026-06-24", "distinct_days": 98 }, "geometry": { "type": "Point", "coordinates": [ 82.54557, 22.3217 ] } },
{ "type": "Feature", "properties": { "final_label": "Industrial", "frp": 7.42, "frp_deviation": 2.66, "alert_flag": "Abnormal spike", "evidence": "Inside OSM industrial zone; cluster active 71 days; FRP 7.4 MW (2.66x cluster avg); Abnormal spike", "acq_date": "2026-06-24", "distinct_days": 71 }, "geometry": { "type": "Point", "coordinates": [ 82.57143, 22.3324 ] } },
{ "type": "Feature", "properties": { "final_label": "Industrial", "frp": 1.56, "frp_deviation": 0.62, "alert_flag": "Normal", "evidence": "Within 1 km of OSM industrial zone; cluster active 98 days; FRP 1.6 MW (0.62x cluster avg); Normal", "acq_date": "2026-06-25", "distinct_days": 98 }, "geometry": { "type": "Point", "coordinates": [ 82.52931, 22.3118 ] } },
{ "type": "Feature", "properties": { "final_label": "Industrial", "frp": 1.21, "frp_deviation": 0.48, "alert_flag": "Normal", "evidence": "Within 1 km of OSM industrial zone; cluster active 98 days; FRP 1.2 MW (0.48x cluster avg); Normal", "acq_date": "2026-06-25", "distinct_days": 98 }, "geometry": { "type": "Point", "coordinates": [ 82.53361, 22.3145 ] } },
{ "type": "Feature", "properties": { "final_label": "Industrial", "frp": 1.21, "frp_deviation": 0.48, "alert_flag": "Normal", "evidence": "Inside OSM industrial zone; cluster active 98 days; FRP 1.2 MW (0.48x cluster avg); Normal", "acq_date": "2026-06-25", "distinct_days": 98 }, "geometry": { "type": "Point", "coordinates": [ 82.53421, 22.31779 ] } },
{ "type": "Feature", "properties": { "final_label": "Industrial", "frp": 2.11, "frp_deviation": 0.6, "alert_flag": "Normal", "evidence": "Inside OSM industrial zone; cluster active 96 days; FRP 2.1 MW (0.60x cluster avg); Normal", "acq_date": "2026-06-25", "distinct_days": 96 }, "geometry": { "type": "Point", "coordinates": [ 82.30581, 22.35728 ] } },
{ "type": "Feature", "properties": { "final_label": "Industrial", "frp": 5.38, "frp_deviation": 1.52, "alert_flag": "Normal", "evidence": "Inside OSM industrial zone; cluster active 96 days; FRP 5.4 MW (1.52x cluster avg); Normal", "acq_date": "2026-06-25", "distinct_days": 96 }, "geometry": { "type": "Point", "coordinates": [ 82.30212, 22.35786 ] } },
{ "type": "Feature", "properties": { "final_label": "Industrial", "frp": 0.67, "frp_deviation": 0.27, "alert_flag": "Normal", "evidence": "Inside OSM industrial zone; cluster active 98 days; FRP 0.7 MW (0.27x cluster avg); Normal", "acq_date": "2026-06-25", "distinct_days": 98 }, "geometry": { "type": "Point", "coordinates": [ 82.56866, 22.31908 ] } },
{ "type": "Feature", "properties": { "final_label": "Industrial", "frp": 1.89, "frp_deviation": 0.75, "alert_flag": "Normal", "evidence": "Within 1 km of OSM industrial zone; cluster active 98 days; FRP 1.9 MW (0.75x cluster avg); Normal", "acq_date": "2026-06-25", "distinct_days": 98 }, "geometry": { "type": "Point", "coordinates": [ 82.54649, 22.32261 ] } },
{ "type": "Feature", "properties": { "final_label": "Industrial", "frp": 1.44, "frp_deviation": 1.2, "alert_flag": "Normal", "evidence": "Inside OSM industrial zone; cluster active 16 days; FRP 1.4 MW (1.20x cluster avg); Normal", "acq_date": "2026-06-25", "distinct_days": 16 }, "geometry": { "type": "Point", "coordinates": [ 82.53293, 22.33153 ] } },
{ "type": "Feature", "properties": { "final_label": "Industrial", "frp": 1.18, "frp_deviation": 0.43, "alert_flag": "Normal", "evidence": "Within 1 km of OSM industrial zone; cluster active 73 days; FRP 1.2 MW (0.43x cluster avg); Normal", "acq_date": "2026-06-25", "distinct_days": 73 }, "geometry": { "type": "Point", "coordinates": [ 82.60371, 22.32365 ] } },
{ "type": "Feature", "properties": { "final_label": "Industrial", "frp": 0.55, "frp_deviation": 0.34, "alert_flag": "Normal", "evidence": "Within 1 km of OSM industrial zone; cluster active 16 days; FRP 0.6 MW (0.34x cluster avg); Normal", "acq_date": "2026-06-25", "distinct_days": 16 }, "geometry": { "type": "Point", "coordinates": [ 82.66776, 22.3202 ] } },
{ "type": "Feature", "properties": { "final_label": "Industrial", "frp": 2.52, "frp_deviation": 0.91, "alert_flag": "Normal", "evidence": "Within 1 km of OSM industrial zone; cluster active 73 days; FRP 2.5 MW (0.91x cluster avg); Normal", "acq_date": "2026-06-25", "distinct_days": 73 }, "geometry": { "type": "Point", "coordinates": [ 82.60492, 22.33023 ] } },
{ "type": "Feature", "properties": { "final_label": "Industrial", "frp": 0.67, "frp_deviation": 0.27, "alert_flag": "Normal", "evidence": "Inside OSM industrial zone; cluster active 98 days; FRP 0.7 MW (0.27x cluster avg); Normal", "acq_date": "2026-06-25", "distinct_days": 98 }, "geometry": { "type": "Point", "coordinates": [ 82.56496, 22.31967 ] } },
{ "type": "Feature", "properties": { "final_label": "Industrial", "frp": 3.35, "frp_deviation": 1.34, "alert_flag": "Normal", "evidence": "Inside OSM industrial zone; cluster active 98 days; FRP 3.4 MW (1.34x cluster avg); Normal", "acq_date": "2026-06-25", "distinct_days": 98 }, "geometry": { "type": "Point", "coordinates": [ 82.56318, 22.31962 ] } },
{ "type": "Feature", "properties": { "final_label": "Industrial", "frp": 3.32, "frp_deviation": 1.32, "alert_flag": "Normal", "evidence": "Inside OSM industrial zone; cluster active 98 days; FRP 3.3 MW (1.32x cluster avg); Normal", "acq_date": "2026-06-25", "distinct_days": 98 }, "geometry": { "type": "Point", "coordinates": [ 82.54722, 22.32397 ] } },
{ "type": "Feature", "properties": { "final_label": "Industrial", "frp": 5.38, "frp_deviation": 1.52, "alert_flag": "Normal", "evidence": "Inside OSM industrial zone; cluster active 96 days; FRP 5.4 MW (1.52x cluster avg); Normal", "acq_date": "2026-06-25", "distinct_days": 96 }, "geometry": { "type": "Point", "coordinates": [ 82.3027, 22.36115 ] } },
{ "type": "Feature", "properties": { "final_label": "Industrial", "frp": 2.01, "frp_deviation": 0.8, "alert_flag": "Normal", "evidence": "Inside OSM industrial zone; cluster active 98 days; FRP 2.0 MW (0.80x cluster avg); Normal", "acq_date": "2026-06-26", "distinct_days": 98 }, "geometry": { "type": "Point", "coordinates": [ 82.54687, 22.32517 ] } },
{ "type": "Feature", "properties": { "final_label": "Industrial", "frp": 2.86, "frp_deviation": 1.14, "alert_flag": "Normal", "evidence": "Within 1 km of OSM industrial zone; cluster active 98 days; FRP 2.9 MW (1.14x cluster avg); Normal", "acq_date": "2026-06-26", "distinct_days": 98 }, "geometry": { "type": "Point", "coordinates": [ 82.56116, 22.31549 ] } },
{ "type": "Feature", "properties": { "final_label": "Industrial", "frp": 1.38, "frp_deviation": 0.55, "alert_flag": "Normal", "evidence": "Within 1 km of OSM industrial zone; cluster active 98 days; FRP 1.4 MW (0.55x cluster avg); Normal", "acq_date": "2026-06-26", "distinct_days": 98 }, "geometry": { "type": "Point", "coordinates": [ 82.57203, 22.318 ] } },
{ "type": "Feature", "properties": { "final_label": "Industrial", "frp": 1.3, "frp_deviation": 0.52, "alert_flag": "Normal", "evidence": "Within 1 km of OSM industrial zone; cluster active 98 days; FRP 1.3 MW (0.52x cluster avg); Normal", "acq_date": "2026-06-26", "distinct_days": 98 }, "geometry": { "type": "Point", "coordinates": [ 82.53478, 22.31497 ] } },
{ "type": "Feature", "properties": { "final_label": "Industrial", "frp": 1.44, "frp_deviation": 0.57, "alert_flag": "Normal", "evidence": "Within 1 km of OSM industrial zone; cluster active 98 days; FRP 1.4 MW (0.57x cluster avg); Normal", "acq_date": "2026-06-26", "distinct_days": 98 }, "geometry": { "type": "Point", "coordinates": [ 82.56744, 22.32251 ] } },
{ "type": "Feature", "properties": { "final_label": "Industrial", "frp": 1.43, "frp_deviation": 1.19, "alert_flag": "Normal", "evidence": "Inside OSM industrial zone; cluster active 16 days; FRP 1.4 MW (1.19x cluster avg); Normal", "acq_date": "2026-06-26", "distinct_days": 16 }, "geometry": { "type": "Point", "coordinates": [ 82.53193, 22.33103 ] } },
{ "type": "Feature", "properties": { "final_label": "Industrial", "frp": 1.38, "frp_deviation": 0.55, "alert_flag": "Normal", "evidence": "Inside OSM industrial zone; cluster active 98 days; FRP 1.4 MW (0.55x cluster avg); Normal", "acq_date": "2026-06-26", "distinct_days": 98 }, "geometry": { "type": "Point", "coordinates": [ 82.56689, 22.31867 ] } },
{ "type": "Feature", "properties": { "final_label": "Industrial", "frp": 1.27, "frp_deviation": 0.46, "alert_flag": "Normal", "evidence": "Within 1 km of OSM industrial zone; cluster active 73 days; FRP 1.3 MW (0.46x cluster avg); Normal", "acq_date": "2026-06-26", "distinct_days": 73 }, "geometry": { "type": "Point", "coordinates": [ 82.60445, 22.32553 ] } },
{ "type": "Feature", "properties": { "final_label": "Industrial", "frp": 1.27, "frp_deviation": 0.46, "alert_flag": "Normal", "evidence": "Inside OSM industrial zone; cluster active 73 days; FRP 1.3 MW (0.46x cluster avg); Normal", "acq_date": "2026-06-26", "distinct_days": 73 }, "geometry": { "type": "Point", "coordinates": [ 82.60499, 22.32937 ] } },
{ "type": "Feature", "properties": { "final_label": "Industrial", "frp": 1.27, "frp_deviation": 0.46, "alert_flag": "Normal", "evidence": "Inside OSM industrial zone; cluster active 73 days; FRP 1.3 MW (0.46x cluster avg); Normal", "acq_date": "2026-06-26", "distinct_days": 73 }, "geometry": { "type": "Point", "coordinates": [ 82.60558, 22.3332 ] } },
{ "type": "Feature", "properties": { "final_label": "Industrial", "frp": 5.87, "frp_deviation": 2.12, "alert_flag": "Normal", "evidence": "Inside OSM industrial zone; cluster active 73 days; FRP 5.9 MW (2.12x cluster avg); Normal", "acq_date": "2026-06-26", "distinct_days": 73 }, "geometry": { "type": "Point", "coordinates": [ 82.60641, 22.33133 ] } },
{ "type": "Feature", "properties": { "final_label": "Industrial", "frp": 3.79, "frp_deviation": 1.51, "alert_flag": "Normal", "evidence": "Inside OSM industrial zone; cluster active 98 days; FRP 3.8 MW (1.51x cluster avg); Normal", "acq_date": "2026-06-26", "distinct_days": 98 }, "geometry": { "type": "Point", "coordinates": [ 82.56729, 22.32029 ] } },
{ "type": "Feature", "properties": { "final_label": "Industrial", "frp": 4.89, "frp_deviation": 1.38, "alert_flag": "Normal", "evidence": "Inside OSM industrial zone; cluster active 96 days; FRP 4.9 MW (1.38x cluster avg); Normal", "acq_date": "2026-06-26", "distinct_days": 96 }, "geometry": { "type": "Point", "coordinates": [ 82.30128, 22.36074 ] } },
{ "type": "Feature", "properties": { "final_label": "Industrial", "frp": 0.33, "frp_deviation": 0.13, "alert_flag": "Normal", "evidence": "Inside OSM industrial zone; cluster active 98 days; FRP 0.3 MW (0.13x cluster avg); Normal", "acq_date": "2026-06-27", "distinct_days": 98 }, "geometry": { "type": "Point", "coordinates": [ 82.55957, 22.31613 ] } },
{ "type": "Feature", "properties": { "final_label": "Industrial", "frp": 1.31, "frp_deviation": 0.52, "alert_flag": "Normal", "evidence": "Inside OSM industrial zone; cluster active 98 days; FRP 1.3 MW (0.52x cluster avg); Normal", "acq_date": "2026-06-27", "distinct_days": 98 }, "geometry": { "type": "Point", "coordinates": [ 82.56702, 22.32068 ] } },
{ "type": "Feature", "properties": { "final_label": "Industrial", "frp": 0.24, "frp_deviation": 0.1, "alert_flag": "Normal", "evidence": "Within 1 km of OSM industrial zone; cluster active 98 days; FRP 0.2 MW (0.10x cluster avg); Normal", "acq_date": "2026-06-27", "distinct_days": 98 }, "geometry": { "type": "Point", "coordinates": [ 82.56062, 22.315 ] } },
{ "type": "Feature", "properties": { "final_label": "Industrial", "frp": 2.42, "frp_deviation": 0.68, "alert_flag": "Normal", "evidence": "Inside OSM industrial zone; cluster active 96 days; FRP 2.4 MW (0.68x cluster avg); Normal", "acq_date": "2026-06-28", "distinct_days": 96 }, "geometry": { "type": "Point", "coordinates": [ 82.30263, 22.35841 ] } },
{ "type": "Feature", "properties": { "final_label": "Industrial", "frp": 2.75, "frp_deviation": 0.78, "alert_flag": "Normal", "evidence": "Inside OSM industrial zone; cluster active 96 days; FRP 2.8 MW (0.78x cluster avg); Normal", "acq_date": "2026-06-28", "distinct_days": 96 }, "geometry": { "type": "Point", "coordinates": [ 82.30318, 22.36148 ] } },
{ "type": "Feature", "properties": { "final_label": "Industrial", "frp": 0.72, "frp_deviation": 0.29, "alert_flag": "Normal", "evidence": "Within 1 km of OSM industrial zone; cluster active 98 days; FRP 0.7 MW (0.29x cluster avg); Normal", "acq_date": "2026-06-28", "distinct_days": 98 }, "geometry": { "type": "Point", "coordinates": [ 82.53085, 22.31244 ] } },
{ "type": "Feature", "properties": { "final_label": "Industrial", "frp": 8.05, "frp_deviation": 2.27, "alert_flag": "Normal", "evidence": "Inside OSM industrial zone; cluster active 96 days; FRP 8.1 MW (2.27x cluster avg); Normal", "acq_date": "2026-06-28", "distinct_days": 96 }, "geometry": { "type": "Point", "coordinates": [ 82.30353, 22.36214 ] } },
{ "type": "Feature", "properties": { "final_label": "Industrial", "frp": 1.0, "frp_deviation": 0.4, "alert_flag": "Normal", "evidence": "Inside OSM industrial zone; cluster active 98 days; FRP 1.0 MW (0.40x cluster avg); Normal", "acq_date": "2026-06-28", "distinct_days": 98 }, "geometry": { "type": "Point", "coordinates": [ 82.53078, 22.31404 ] } },
{ "type": "Feature", "properties": { "final_label": "Industrial", "frp": 5.09, "frp_deviation": 1.44, "alert_flag": "Normal", "evidence": "Inside OSM industrial zone; cluster active 96 days; FRP 5.1 MW (1.44x cluster avg); Normal", "acq_date": "2026-06-29", "distinct_days": 96 }, "geometry": { "type": "Point", "coordinates": [ 82.30172, 22.36109 ] } },
{ "type": "Feature", "properties": { "final_label": "Industrial", "frp": 8.82, "frp_deviation": 2.49, "alert_flag": "Normal", "evidence": "Inside OSM industrial zone; cluster active 96 days; FRP 8.8 MW (2.49x cluster avg); Normal", "acq_date": "2026-06-29", "distinct_days": 96 }, "geometry": { "type": "Point", "coordinates": [ 82.30165, 22.35941 ] } },
{ "type": "Feature", "properties": { "final_label": "Industrial", "frp": 6.0, "frp_deviation": 1.69, "alert_flag": "Normal", "evidence": "Inside OSM industrial zone; cluster active 96 days; FRP 6.0 MW (1.69x cluster avg); Normal", "acq_date": "2026-07-10", "distinct_days": 96 }, "geometry": { "type": "Point", "coordinates": [ 82.30133, 22.3562 ] } },
{ "type": "Feature", "properties": { "final_label": "Industrial", "frp": 6.0, "frp_deviation": 1.69, "alert_flag": "Normal", "evidence": "Inside OSM industrial zone; cluster active 96 days; FRP 6.0 MW (1.69x cluster avg); Normal", "acq_date": "2026-07-10", "distinct_days": 96 }, "geometry": { "type": "Point", "coordinates": [ 82.30076, 22.3601 ] } },
{ "type": "Feature", "properties": { "final_label": "Industrial", "frp": 0.67, "frp_deviation": 0.19, "alert_flag": "Normal", "evidence": "Inside OSM industrial zone; cluster active 96 days; FRP 0.7 MW (0.19x cluster avg); Normal", "acq_date": "2026-07-10", "distinct_days": 96 }, "geometry": { "type": "Point", "coordinates": [ 82.30374, 22.36113 ] } },
{ "type": "Feature", "properties": { "final_label": "Industrial", "frp": 0.67, "frp_deviation": 0.19, "alert_flag": "Normal", "evidence": "Inside OSM industrial zone; cluster active 96 days; FRP 0.7 MW (0.19x cluster avg); Normal", "acq_date": "2026-07-10", "distinct_days": 96 }, "geometry": { "type": "Point", "coordinates": [ 82.30294, 22.35732 ] } },
{ "type": "Feature", "properties": { "final_label": "Industrial", "frp": 2.39, "frp_deviation": 0.67, "alert_flag": "Normal", "evidence": "Inside OSM industrial zone; cluster active 96 days; FRP 2.4 MW (0.67x cluster avg); Normal", "acq_date": "2026-07-11", "distinct_days": 96 }, "geometry": { "type": "Point", "coordinates": [ 82.30122, 22.35645 ] } },
{ "type": "Feature", "properties": { "final_label": "Industrial", "frp": 1.45, "frp_deviation": 0.58, "alert_flag": "Normal", "evidence": "Within 1 km of OSM industrial zone; cluster active 98 days; FRP 1.4 MW (0.58x cluster avg); Normal", "acq_date": "2026-07-11", "distinct_days": 98 }, "geometry": { "type": "Point", "coordinates": [ 82.53261, 22.31304 ] } },
{ "type": "Feature", "properties": { "final_label": "Industrial", "frp": 1.2, "frp_deviation": 0.48, "alert_flag": "Normal", "evidence": "Inside OSM industrial zone; cluster active 98 days; FRP 1.2 MW (0.48x cluster avg); Normal", "acq_date": "2026-07-11", "distinct_days": 98 }, "geometry": { "type": "Point", "coordinates": [ 82.55966, 22.3155 ] } },
{ "type": "Feature", "properties": { "final_label": "Industrial", "frp": 2.39, "frp_deviation": 0.67, "alert_flag": "Normal", "evidence": "Inside OSM industrial zone; cluster active 96 days; FRP 2.4 MW (0.67x cluster avg); Normal", "acq_date": "2026-07-11", "distinct_days": 96 }, "geometry": { "type": "Point", "coordinates": [ 82.30492, 22.35587 ] } },
{ "type": "Feature", "properties": { "final_label": "Industrial", "frp": 2.49, "frp_deviation": 0.99, "alert_flag": "Normal", "evidence": "Within 1 km of OSM industrial zone; cluster active 98 days; FRP 2.5 MW (0.99x cluster avg); Normal", "acq_date": "2026-07-11", "distinct_days": 98 }, "geometry": { "type": "Point", "coordinates": [ 82.54549, 22.32114 ] } },
{ "type": "Feature", "properties": { "final_label": "Industrial", "frp": 1.32, "frp_deviation": 0.53, "alert_flag": "Normal", "evidence": "Inside OSM industrial zone; cluster active 98 days; FRP 1.3 MW (0.53x cluster avg); Normal", "acq_date": "2026-07-11", "distinct_days": 98 }, "geometry": { "type": "Point", "coordinates": [ 82.5332, 22.31633 ] } },
{ "type": "Feature", "properties": { "final_label": "Industrial", "frp": 2.24, "frp_deviation": 0.89, "alert_flag": "Normal", "evidence": "Inside OSM industrial zone; cluster active 98 days; FRP 2.2 MW (0.89x cluster avg); Normal", "acq_date": "2026-07-11", "distinct_days": 98 }, "geometry": { "type": "Point", "coordinates": [ 82.56456, 22.32148 ] } },
{ "type": "Feature", "properties": { "final_label": "Industrial", "frp": 0.79, "frp_deviation": 0.66, "alert_flag": "Normal", "evidence": "Inside OSM industrial zone; cluster active 16 days; FRP 0.8 MW (0.66x cluster avg); Normal", "acq_date": "2026-07-11", "distinct_days": 16 }, "geometry": { "type": "Point", "coordinates": [ 82.53193, 22.33006 ] } },
{ "type": "Feature", "properties": { "final_label": "Industrial", "frp": 1.21, "frp_deviation": 0.44, "alert_flag": "Normal", "evidence": "Within 1 km of OSM industrial zone; cluster active 73 days; FRP 1.2 MW (0.44x cluster avg); Normal", "acq_date": "2026-07-11", "distinct_days": 73 }, "geometry": { "type": "Point", "coordinates": [ 82.60455, 22.33203 ] } },
{ "type": "Feature", "properties": { "final_label": "Industrial", "frp": 1.24, "frp_deviation": 0.45, "alert_flag": "Normal", "evidence": "Inside OSM industrial zone; cluster active 73 days; FRP 1.2 MW (0.45x cluster avg); Normal", "acq_date": "2026-07-11", "distinct_days": 73 }, "geometry": { "type": "Point", "coordinates": [ 82.60394, 22.32874 ] } },
{ "type": "Feature", "properties": { "final_label": "Industrial", "frp": 4.67, "frp_deviation": 1.32, "alert_flag": "Normal", "evidence": "Inside OSM industrial zone; cluster active 96 days; FRP 4.7 MW (1.32x cluster avg); Normal", "acq_date": "2026-07-11", "distinct_days": 96 }, "geometry": { "type": "Point", "coordinates": [ 82.30182, 22.35974 ] } },
{ "type": "Feature", "properties": { "final_label": "Industrial", "frp": 2.09, "frp_deviation": 0.59, "alert_flag": "Normal", "evidence": "Inside OSM industrial zone; cluster active 96 days; FRP 2.1 MW (0.59x cluster avg); Normal", "acq_date": "2026-07-12", "distinct_days": 96 }, "geometry": { "type": "Point", "coordinates": [ 82.30424, 22.36093 ] } },
{ "type": "Feature", "properties": { "final_label": "Industrial", "frp": 2.09, "frp_deviation": 0.59, "alert_flag": "Normal", "evidence": "Inside OSM industrial zone; cluster active 96 days; FRP 2.1 MW (0.59x cluster avg); Normal", "acq_date": "2026-07-12", "distinct_days": 96 }, "geometry": { "type": "Point", "coordinates": [ 82.30363, 22.35704 ] } },
{ "type": "Feature", "properties": { "final_label": "Industrial", "frp": 0.82, "frp_deviation": 0.3, "alert_flag": "Normal", "evidence": "Inside OSM industrial zone; cluster active 73 days; FRP 0.8 MW (0.30x cluster avg); Normal", "acq_date": "2026-07-13", "distinct_days": 73 }, "geometry": { "type": "Point", "coordinates": [ 82.60658, 22.33218 ] } },
{ "type": "Feature", "properties": { "final_label": "Industrial", "frp": 1.32, "frp_deviation": 0.53, "alert_flag": "Normal", "evidence": "Inside OSM industrial zone; cluster active 98 days; FRP 1.3 MW (0.53x cluster avg); Normal", "acq_date": "2026-07-13", "distinct_days": 98 }, "geometry": { "type": "Point", "coordinates": [ 82.57055, 22.31849 ] } },
{ "type": "Feature", "properties": { "final_label": "Industrial", "frp": 1.29, "frp_deviation": 0.47, "alert_flag": "Normal", "evidence": "Inside OSM industrial zone; cluster active 73 days; FRP 1.3 MW (0.47x cluster avg); Normal", "acq_date": "2026-07-13", "distinct_days": 73 }, "geometry": { "type": "Point", "coordinates": [ 82.60566, 22.33063 ] } },
{ "type": "Feature", "properties": { "final_label": "Industrial", "frp": 4.41, "frp_deviation": 1.24, "alert_flag": "Normal", "evidence": "Inside OSM industrial zone; cluster active 96 days; FRP 4.4 MW (1.24x cluster avg); Normal", "acq_date": "2026-07-14", "distinct_days": 96 }, "geometry": { "type": "Point", "coordinates": [ 82.30383, 22.35853 ] } },
{ "type": "Feature", "properties": { "final_label": "Industrial", "frp": 1.72, "frp_deviation": 0.69, "alert_flag": "Normal", "evidence": "Inside OSM industrial zone; cluster active 98 days; FRP 1.7 MW (0.69x cluster avg); Normal", "acq_date": "2026-07-31", "distinct_days": 98 }, "geometry": { "type": "Point", "coordinates": [ 82.5692, 22.31901 ] } },
{ "type": "Feature", "properties": { "final_label": "Industrial", "frp": 4.39, "frp_deviation": 1.24, "alert_flag": "Normal", "evidence": "Inside OSM industrial zone; cluster active 96 days; FRP 4.4 MW (1.24x cluster avg); Normal", "acq_date": "2026-07-31", "distinct_days": 96 }, "geometry": { "type": "Point", "coordinates": [ 82.30376, 22.35865 ] } },
{ "type": "Feature", "properties": { "final_label": "Industrial", "frp": 1.35, "frp_deviation": 0.54, "alert_flag": "Normal", "evidence": "Within 1 km of OSM industrial zone; cluster active 98 days; FRP 1.4 MW (0.54x cluster avg); Normal", "acq_date": "2026-07-31", "distinct_days": 98 }, "geometry": { "type": "Point", "coordinates": [ 82.53134, 22.31321 ] } },
{ "type": "Feature", "properties": { "final_label": "Industrial", "frp": 0.47, "frp_deviation": 0.19, "alert_flag": "Normal", "evidence": "Inside OSM industrial zone; cluster active 98 days; FRP 0.5 MW (0.19x cluster avg); Normal", "acq_date": "2026-08-01", "distinct_days": 98 }, "geometry": { "type": "Point", "coordinates": [ 82.56682, 22.31848 ] } },
{ "type": "Feature", "properties": { "final_label": "Industrial", "frp": 1.97, "frp_deviation": 0.56, "alert_flag": "Normal", "evidence": "Inside OSM industrial zone; cluster active 96 days; FRP 2.0 MW (0.56x cluster avg); Normal", "acq_date": "2026-08-01", "distinct_days": 96 }, "geometry": { "type": "Point", "coordinates": [ 82.30221, 22.35636 ] } },
{ "type": "Feature", "properties": { "final_label": "Industrial", "frp": 1.97, "frp_deviation": 0.56, "alert_flag": "Normal", "evidence": "Inside OSM industrial zone; cluster active 96 days; FRP 2.0 MW (0.56x cluster avg); Normal", "acq_date": "2026-08-01", "distinct_days": 96 }, "geometry": { "type": "Point", "coordinates": [ 82.30285, 22.3597 ] } },
{ "type": "Feature", "properties": { "final_label": "Industrial", "frp": 0.25, "frp_deviation": 0.1, "alert_flag": "Normal", "evidence": "Inside OSM industrial zone; cluster active 98 days; FRP 0.2 MW (0.10x cluster avg); Normal", "acq_date": "2026-08-01", "distinct_days": 98 }, "geometry": { "type": "Point", "coordinates": [ 82.53432, 22.31705 ] } },
{ "type": "Feature", "properties": { "final_label": "Industrial", "frp": 0.57, "frp_deviation": 0.23, "alert_flag": "Normal", "evidence": "Inside OSM industrial zone; cluster active 98 days; FRP 0.6 MW (0.23x cluster avg); Normal", "acq_date": "2026-08-01", "distinct_days": 98 }, "geometry": { "type": "Point", "coordinates": [ 82.56291, 22.31914 ] } },
{ "type": "Feature", "properties": { "final_label": "Industrial", "frp": 0.87, "frp_deviation": 0.35, "alert_flag": "Normal", "evidence": "Inside OSM industrial zone; cluster active 98 days; FRP 0.9 MW (0.35x cluster avg); Normal", "acq_date": "2026-08-01", "distinct_days": 98 }, "geometry": { "type": "Point", "coordinates": [ 82.54797, 22.32516 ] } },
{ "type": "Feature", "properties": { "final_label": "Industrial", "frp": 0.57, "frp_deviation": 0.23, "alert_flag": "Normal", "evidence": "Inside OSM industrial zone; cluster active 98 days; FRP 0.6 MW (0.23x cluster avg); Normal", "acq_date": "2026-08-01", "distinct_days": 98 }, "geometry": { "type": "Point", "coordinates": [ 82.56358, 22.32251 ] } },
{ "type": "Feature", "properties": { "final_label": "Industrial", "frp": 0.4, "frp_deviation": 0.14, "alert_flag": "Normal", "evidence": "Inside OSM industrial zone; cluster active 73 days; FRP 0.4 MW (0.14x cluster avg); Normal", "acq_date": "2026-08-01", "distinct_days": 73 }, "geometry": { "type": "Point", "coordinates": [ 82.60599, 22.33272 ] } },
{ "type": "Feature", "properties": { "final_label": "Industrial", "frp": 8.32, "frp_deviation": 2.35, "alert_flag": "Normal", "evidence": "Inside OSM industrial zone; cluster active 96 days; FRP 8.3 MW (2.35x cluster avg); Normal", "acq_date": "2026-08-01", "distinct_days": 96 }, "geometry": { "type": "Point", "coordinates": [ 82.3028, 22.3573 ] } },
{ "type": "Feature", "properties": { "final_label": "Industrial", "frp": 0.47, "frp_deviation": 0.19, "alert_flag": "Normal", "evidence": "Within 1 km of OSM industrial zone; cluster active 98 days; FRP 0.5 MW (0.19x cluster avg); Normal", "acq_date": "2026-08-01", "distinct_days": 98 }, "geometry": { "type": "Point", "coordinates": [ 82.56748, 22.32185 ] } },
{ "type": "Feature", "properties": { "final_label": "Industrial", "frp": 4.59, "frp_deviation": 1.29, "alert_flag": "Normal", "evidence": "Inside OSM industrial zone; cluster active 96 days; FRP 4.6 MW (1.29x cluster avg); Normal", "acq_date": "2026-08-02", "distinct_days": 96 }, "geometry": { "type": "Point", "coordinates": [ 82.3048, 22.35583 ] } },
{ "type": "Feature", "properties": { "final_label": "Industrial", "frp": 5.03, "frp_deviation": 1.42, "alert_flag": "Normal", "evidence": "Inside OSM industrial zone; cluster active 96 days; FRP 5.0 MW (1.42x cluster avg); Normal", "acq_date": "2026-08-02", "distinct_days": 96 }, "geometry": { "type": "Point", "coordinates": [ 82.30412, 22.35936 ] } },
{ "type": "Feature", "properties": { "final_label": "Industrial", "frp": 6.84, "frp_deviation": 1.93, "alert_flag": "Normal", "evidence": "Inside OSM industrial zone; cluster active 96 days; FRP 6.8 MW (1.93x cluster avg); Normal", "acq_date": "2026-08-11", "distinct_days": 96 }, "geometry": { "type": "Point", "coordinates": [ 82.30417, 22.35736 ] } },
{ "type": "Feature", "properties": { "final_label": "Industrial", "frp": 6.54, "frp_deviation": 1.84, "alert_flag": "Normal", "evidence": "Inside OSM industrial zone; cluster active 96 days; FRP 6.5 MW (1.84x cluster avg); Normal", "acq_date": "2026-08-12", "distinct_days": 96 }, "geometry": { "type": "Point", "coordinates": [ 82.30504, 22.35893 ] } },
{ "type": "Feature", "properties": { "final_label": "Industrial", "frp": 1.44, "frp_deviation": 0.41, "alert_flag": "Normal", "evidence": "Inside OSM industrial zone; cluster active 96 days; FRP 1.4 MW (0.41x cluster avg); Normal", "acq_date": "2026-08-12", "distinct_days": 96 }, "geometry": { "type": "Point", "coordinates": [ 82.30314, 22.35889 ] } },
{ "type": "Feature", "properties": { "final_label": "Industrial", "frp": 1.44, "frp_deviation": 0.41, "alert_flag": "Normal", "evidence": "Inside OSM industrial zone; cluster active 96 days; FRP 1.4 MW (0.41x cluster avg); Normal", "acq_date": "2026-08-12", "distinct_days": 96 }, "geometry": { "type": "Point", "coordinates": [ 82.30254, 22.3556 ] } },
{ "type": "Feature", "properties": { "final_label": "Industrial", "frp": 0.68, "frp_deviation": 0.27, "alert_flag": "Normal", "evidence": "Inside OSM industrial zone; cluster active 98 days; FRP 0.7 MW (0.27x cluster avg); Normal", "acq_date": "2026-08-22", "distinct_days": 98 }, "geometry": { "type": "Point", "coordinates": [ 82.56306, 22.3208 ] } },
{ "type": "Feature", "properties": { "final_label": "Industrial", "frp": 0.68, "frp_deviation": 0.27, "alert_flag": "Normal", "evidence": "Inside OSM industrial zone; cluster active 98 days; FRP 0.7 MW (0.27x cluster avg); Normal", "acq_date": "2026-08-22", "distinct_days": 98 }, "geometry": { "type": "Point", "coordinates": [ 82.56749, 22.32 ] } },
{ "type": "Feature", "properties": { "final_label": "Industrial", "frp": 7.35, "frp_deviation": 2.07, "alert_flag": "Normal", "evidence": "Inside OSM industrial zone; cluster active 96 days; FRP 7.3 MW (2.07x cluster avg); Normal", "acq_date": "2026-08-26", "distinct_days": 96 }, "geometry": { "type": "Point", "coordinates": [ 82.30332, 22.35542 ] } },
{ "type": "Feature", "properties": { "final_label": "Industrial", "frp": 8.21, "frp_deviation": 2.32, "alert_flag": "Normal", "evidence": "Inside OSM industrial zone; cluster active 96 days; FRP 8.2 MW (2.32x cluster avg); Normal", "acq_date": "2026-08-26", "distinct_days": 96 }, "geometry": { "type": "Point", "coordinates": [ 82.30282, 22.35975 ] } }
]
}
